x,y,f
0.005208,0.005208,-3.962637
0.015625,0.005208,-3.833653
0.026042,0.005208,-3.704668
0.036458,0.005208,-3.575684
0.046875,0.005208,-3.446699
0.057292,0.005208,-3.317715
0.067708,0.005208,-3.188730
0.078125,0.005208,-3.059746
0.088542,0.005208,-2.930761
0.098958,0.005208,-2.801777
0.109375,0.005208,-2.672792
0.119792,0.005208,-2.543807
0.130208,0.005208,-2.302326
0.140625,0.005208,-1.948347
0.151042,0.005208,-1.594368
0.161458,0.005208,-1.240390
0.171875,0.005208,-0.886411
0.182292,0.005208,-0.532432
0.192708,0.005208,-0.178454
0.203125,0.005208,0.175525
0.213542,0.005208,0.529504
0.223958,0.005208,0.883482
0.234375,0.005208,1.237461
0.244792,0.005208,1.591440
0.255208,0.005208,1.740336
0.265625,0.005208,1.684150
0.276042,0.005208,1.627964
0.286458,0.005208,1.571779
0.296875,0.005208,1.515593
0.307292,0.005208,1.459407
0.317708,0.005208,1.403221
0.328125,0.005208,1.347035
0.338542,0.005208,1.290850
0.348958,0.005208,1.234664
0.359375,0.005208,1.178478
0.369792,0.005208,1.122292
0.380208,0.005208,1.066106
0.390625,0.005208,1.009920
0.401042,0.005208,0.953735
0.411458,0.005208,0.897549
0.421875,0.005208,0.841363
0.432292,0.005208,0.785177
0.442708,0.005208,0.728991
0.453125,0.005208,0.672806
0.463542,0.005208,0.616620
0.473958,0.005208,0.560434
0.484375,0.005208,0.504248
0.494792,0.005208,0.448062
0.505208,0.005208,0.390712
0.515625,0.005208,0.332196
0.526042,0.005208,0.273680
0.536458,0.005208,0.215164
0.546875,0.005208,0.156649
0.557292,0.005208,0.098133
0.567708,0.005208,0.039617
0.578125,0.005208,-0.018899
0.588542,0.005208,-0.077414
0.598958,0.005208,-0.135930
0.609375,0.005208,-0.194446
0.619792,0.005208,-0.252962
0.630208,0.005208,-0.311477
0.640625,0.005208,-0.369993
0.651042,0.005208,-0.428509
0.661458,0.005208,-0.487025
0.671875,0.005208,-0.545541
0.682292,0.005208,-0.604056
0.692708,0.005208,-0.662572
0.703125,0.005208,-0.721088
0.713542,0.005208,-0.779604
0.723958,0.005208,-0.838119
0.734375,0.005208,-0.896635
0.744792,0.005208,-0.955151
0.755208,0.005208,-1.013667
0.765625,0.005208,-1.072182
0.776042,0.005208,-1.130698
0.786458,0.005208,-1.189214
0.796875,0.005208,-1.247730
0.807292,0.005208,-1.306245
0.817708,0.005208,-1.364761
0.828125,0.005208,-1.423277
0.838542,0.005208,-1.481793
0.848958,0.005208,-1.540308
0.859375,0.005208,-1.598824
0.869792,0.005208,-1.657340
0.880208,0.005208,-1.715856
0.890625,0.005208,-1.774371
0.901042,0.005208,-1.832887
0.911458,0.005208,-1.891403
0.921875,0.005208,-1.949919
0.932292,0.005208,-2.008434
0.942708,0.005208,-2.066950
0.953125,0.005208,-2.125466
0.963542,0.005208,-2.183982
0.973958,0.005208,-2.242497
0.984375,0.005208,-2.301013
0.994792,0.005208,-2.359529
0.005208,0.015625,-3.969129
0.015625,0.015625,-3.834847
0.026042,0.015625,-3.700565
0.036458,0.015625,-3.566283
0.046875,0.015625,-3.432001
0.057292,0.015625,-3.297719
0.067708,0.015625,-3.163437
0.078125,0.015625,-3.029155
0.088542,0.015625,-2.894872
0.098958,0.015625,-2.760590
0.109375,0.015625,-2.626308
0.119792,0.015625,-2.492026
0.130208,0.015625,-2.261741
0.140625,0.015625,-1.935452
0.151042,0.015625,-1.609164
0.161458,0.015625,-1.282875
0.171875,0.015625,-0.956586
0.182292,0.015625,-0.630298
0.192708,0.015625,-0.304009
0.203125,0.015625,0.022280
0.213542,0.015625,0.348568
0.223958,0.015625,0.674857
0.234375,0.015625,1.001146
0.244792,0.015625,1.327434
0.255208,0.015625,1.469519
0.265625,0.015625,1.427400
0.276042,0.015625,1.385280
0.286458,0.015625,1.343161
0.296875,0.015625,1.301042
0.307292,0.015625,1.258922
0.317708,0.015625,1.216803
0.328125,0.015625,1.174684
0.338542,0.015625,1.132564
0.348958,0.015625,1.090445
0.359375,0.015625,1.048326
0.369792,0.015625,1.006206
0.380208,0.015625,0.964087
0.390625,0.015625,0.921968
0.401042,0.015625,0.879848
0.411458,0.015625,0.837729
0.421875,0.015625,0.795610
0.432292,0.015625,0.753490
0.442708,0.015625,0.711371
0.453125,0.015625,0.669252
0.463542,0.015625,0.627132
0.473958,0.015625,0.585013
0.484375,0.015625,0.542894
0.494792,0.015625,0.500774
0.505208,0.015625,0.451083
0.515625,0.015625,0.393818
0.526042,0.015625,0.336554
0.536458,0.015625,0.279290
0.546875,0.015625,0.222025
0.557292,0.015625,0.164761
0.567708,0.015625,0.107497
0.578125,0.015625,0.050233
0.588542,0.015625,-0.007032
0.598958,0.015625,-0.064296
0.609375,0.015625,-0.121560
0.619792,0.015625,-0.178824
0.630208,0.015625,-0.236089
0.640625,0.015625,-0.293353
0.651042,0.015625,-0.350617
0.661458,0.015625,-0.407881
0.671875,0.015625,-0.465146
0.682292,0.015625,-0.522410
0.692708,0.015625,-0.579674
0.703125,0.015625,-0.636938
0.713542,0.015625,-0.694203
0.723958,0.015625,-0.751467
0.734375,0.015625,-0.808731
0.744792,0.015625,-0.865995
0.755208,0.015625,-0.923260
0.765625,0.015625,-0.980524
0.776042,0.015625,-1.037788
0.786458,0.015625,-1.095052
0.796875,0.015625,-1.152317
0.807292,0.015625,-1.209581
0.817708,0.015625,-1.266845
0.828125,0.015625,-1.324109
0.838542,0.015625,-1.381374
0.848958,0.015625,-1.438638
0.859375,0.015625,-1.495902
0.869792,0.015625,-1.553166
0.880208,0.015625,-1.610431
0.890625,0.015625,-1.667695
0.901042,0.015625,-1.724959
0.911458,0.015625,-1.782223
0.921875,0.015625,-1.839488
0.932292,0.015625,-1.896752
0.942708,0.015625,-1.954016
0.953125,0.015625,-2.011280
0.963542,0.015625,-2.068545
0.973958,0.015625,-2.125809
0.984375,0.015625,-2.183073
0.994792,0.015625,-2.240337
0.005208,0.026042,-3.975620
0.015625,0.026042,-3.836041
0.026042,0.026042,-3.696461
0.036458,0.026042,-3.556881
0.046875,0.026042,-3.417302
0.057292,0.026042,-3.277722
0.067708,0.026042,-3.138143
0.078125,0.026042,-2.998563
0.088542,0.026042,-2.858984
0.098958,0.026042,-2.719404
0.109375,0.026042,-2.579825
0.119792,0.026042,-2.440245
0.130208,0.026042,-2.221156
0.140625,0.026042,-1.922558
0.151042,0.026042,-1.623959
0.161458,0.026042,-1.325360
0.171875,0.026042,-1.026762
0.182292,0.026042,-0.728163
0.192708,0.026042,-0.429564
0.203125,0.026042,-0.130966
0.213542,0.026042,0.167633
0.223958,0.026042,0.466231
0.234375,0.026042,0.764830
0.244792,0.026042,1.063429
0.255208,0.026042,1.198702
0.265625,0.026042,1.170649
0.276042,0.026042,1.142596
0.286458,0.026042,1.114543
0.296875,0.026042,1.086490
0.307292,0.026042,1.058437
0.317708,0.026042,1.030385
0.328125,0.026042,1.002332
0.338542,0.026042,0.974279
0.348958,0.026042,0.946226
0.359375,0.026042,0.918173
0.369792,0.026042,0.890120
0.380208,0.026042,0.862067
0.390625,0.026042,0.834015
0.401042,0.026042,0.805962
0.411458,0.026042,0.777909
0.421875,0.026042,0.749856
0.432292,0.026042,0.721803
0.442708,0.026042,0.693750
0.453125,0.026042,0.665698
0.463542,0.026042,0.637645
0.473958,0.026042,0.609592
0.484375,0.026042,0.581539
0.494792,0.026042,0.553486
0.505208,0.026042,0.511453
0.515625,0.026042,0.455441
0.526042,0.026042,0.399428
0.536458,0.026042,0.343415
0.546875,0.026042,0.287402
0.557292,0.026042,0.231390
0.567708,0.026042,0.175377
0.578125,0.026042,0.119364
0.588542,0.026042,0.063351
0.598958,0.026042,0.007339
0.609375,0.026042,-0.048674
0.619792,0.026042,-0.104687
0.630208,0.026042,-0.160700
0.640625,0.026042,-0.216712
0.651042,0.026042,-0.272725
0.661458,0.026042,-0.328738
0.671875,0.026042,-0.384751
0.682292,0.026042,-0.440763
0.692708,0.026042,-0.496776
0.703125,0.026042,-0.552789
0.713542,0.026042,-0.608802
0.723958,0.026042,-0.664814
0.734375,0.026042,-0.720827
0.744792,0.026042,-0.776840
0.755208,0.026042,-0.832853
0.765625,0.026042,-0.888865
0.776042,0.026042,-0.944878
0.786458,0.026042,-1.000891
0.796875,0.026042,-1.056903
0.807292,0.026042,-1.112916
0.817708,0.026042,-1.168929
0.828125,0.026042,-1.224942
0.838542,0.026042,-1.280954
0.848958,0.026042,-1.336967
0.859375,0.026042,-1.392980
0.869792,0.026042,-1.448993
0.880208,0.026042,-1.505005
0.890625,0.026042,-1.561018
0.901042,0.026042,-1.617031
0.911458,0.026042,-1.673044
0.921875,0.026042,-1.729056
0.932292,0.026042,-1.785069
0.942708,0.026042,-1.841082
0.953125,0.026042,-1.897095
0.963542,0.026042,-1.953107
0.973958,0.026042,-2.009120
0.984375,0.026042,-2.065133
0.994792,0.026042,-2.121146
0.005208,0.036458,-3.981181
0.015625,0.036458,-3.834445
0.026042,0.036458,-3.687708
0.036458,0.036458,-3.540971
0.046875,0.036458,-3.394234
0.057292,0.036458,-3.247497
0.067708,0.036458,-3.100761
0.078125,0.036458,-2.954024
0.088542,0.036458,-2.807287
0.098958,0.036458,-2.660550
0.109375,0.036458,-2.513813
0.119792,0.036458,-2.367077
0.130208,0.036458,-2.151444
0.140625,0.036458,-1.866915
0.151042,0.036458,-1.582386
0.161458,0.036458,-1.297857
0.171875,0.036458,-1.013328
0.182292,0.036458,-0.728799
0.192708,0.036458,-0.444271
0.203125,0.036458,-0.159742
0.213542,0.036458,0.124787
0.223958,0.036458,0.409316
0.234375,0.036458,0.693845
0.244792,0.036458,0.978374
0.255208,0.036458,1.109775
0.265625,0.036458,1.088049
0.276042,0.036458,1.066322
0.286458,0.036458,1.044596
0.296875,0.036458,1.022869
0.307292,0.036458,1.001143
0.317708,0.036458,0.979417
0.328125,0.036458,0.957690
0.338542,0.036458,0.935964
0.348958,0.036458,0.914237
0.359375,0.036458,0.892511
0.369792,0.036458,0.870785
0.380208,0.036458,0.849058
0.390625,0.036458,0.827332
0.401042,0.036458,0.805606
0.411458,0.036458,0.783879
0.421875,0.036458,0.762153
0.432292,0.036458,0.740426
0.442708,0.036458,0.718700
0.453125,0.036458,0.696974
0.463542,0.036458,0.675247
0.473958,0.036458,0.653521
0.484375,0.036458,0.631795
0.494792,0.036458,0.610068
0.505208,0.036458,0.571824
0.515625,0.036458,0.517063
0.526042,0.036458,0.462302
0.536458,0.036458,0.407541
0.546875,0.036458,0.352779
0.557292,0.036458,0.298018
0.567708,0.036458,0.243257
0.578125,0.036458,0.188496
0.588542,0.036458,0.133734
0.598958,0.036458,0.078973
0.609375,0.036458,0.024212
0.619792,0.036458,-0.030549
0.630208,0.036458,-0.085311
0.640625,0.036458,-0.140072
0.651042,0.036458,-0.194833
0.661458,0.036458,-0.249594
0.671875,0.036458,-0.304356
0.682292,0.036458,-0.359117
0.692708,0.036458,-0.413878
0.703125,0.036458,-0.468639
0.713542,0.036458,-0.523401
0.723958,0.036458,-0.578162
0.734375,0.036458,-0.632923
0.744792,0.036458,-0.687684
0.755208,0.036458,-0.742445
0.765625,0.036458,-0.797207
0.776042,0.036458,-0.851968
0.786458,0.036458,-0.906729
0.796875,0.036458,-0.961490
0.807292,0.036458,-1.016252
0.817708,0.036458,-1.071013
0.828125,0.036458,-1.125774
0.838542,0.036458,-1.180535
0.848958,0.036458,-1.235297
0.859375,0.036458,-1.290058
0.869792,0.036458,-1.344819
0.880208,0.036458,-1.399580
0.890625,0.036458,-1.454342
0.901042,0.036458,-1.509103
0.911458,0.036458,-1.563864
0.921875,0.036458,-1.618625
0.932292,0.036458,-1.673387
0.942708,0.036458,-1.728148
0.953125,0.036458,-1.782909
0.963542,0.036458,-1.837670
0.973958,0.036458,-1.892432
0.984375,0.036458,-1.947193
0.994792,0.036458,-2.001954
0.005208,0.046875,-3.985813
0.015625,0.046875,-3.830059
0.026042,0.046875,-3.674305
0.036458,0.046875,-3.518551
0.046875,0.046875,-3.362797
0.057292,0.046875,-3.207043
0.067708,0.046875,-3.051290
0.078125,0.046875,-2.895536
0.088542,0.046875,-2.739782
0.098958,0.046875,-2.584028
0.109375,0.046875,-2.428274
0.119792,0.046875,-2.272520
0.130208,0.046875,-2.052604
0.140625,0.046875,-1.768524
0.151042,0.046875,-1.484445
0.161458,0.046875,-1.200366
0.171875,0.046875,-0.916286
0.182292,0.046875,-0.632207
0.192708,0.046875,-0.348128
0.203125,0.046875,-0.064048
0.213542,0.046875,0.220031
0.223958,0.046875,0.504110
0.234375,0.046875,0.788190
0.244792,0.046875,1.072269
0.255208,0.046875,1.202739
0.265625,0.046875,1.179599
0.276042,0.046875,1.156459
0.286458,0.046875,1.133319
0.296875,0.046875,1.110179
0.307292,0.046875,1.087039
0.317708,0.046875,1.063899
0.328125,0.046875,1.040759
0.338542,0.046875,1.017619
0.348958,0.046875,0.994479
0.359375,0.046875,0.971339
0.369792,0.046875,0.948199
0.380208,0.046875,0.925060
0.390625,0.046875,0.901920
0.401042,0.046875,0.878780
0.411458,0.046875,0.855640
0.421875,0.046875,0.832500
0.432292,0.046875,0.809360
0.442708,0.046875,0.786220
0.453125,0.046875,0.763080
0.463542,0.046875,0.739940
0.473958,0.046875,0.716800
0.484375,0.046875,0.693660
0.494792,0.046875,0.670520
0.505208,0.046875,0.632195
0.515625,0.046875,0.578686
0.526042,0.046875,0.525176
0.536458,0.046875,0.471666
0.546875,0.046875,0.418156
0.557292,0.046875,0.364647
0.567708,0.046875,0.311137
0.578125,0.046875,0.257627
0.588542,0.046875,0.204117
0.598958,0.046875,0.150608
0.609375,0.046875,0.097098
0.619792,0.046875,0.043588
0.630208,0.046875,-0.009922
0.640625,0.046875,-0.063431
0.651042,0.046875,-0.116941
0.661458,0.046875,-0.170451
0.671875,0.046875,-0.223961
0.682292,0.046875,-0.277470
0.692708,0.046875,-0.330980
0.703125,0.046875,-0.384490
0.713542,0.046875,-0.437999
0.723958,0.046875,-0.491509
0.734375,0.046875,-0.545019
0.744792,0.046875,-0.598529
0.755208,0.046875,-0.652038
0.765625,0.046875,-0.705548
0.776042,0.046875,-0.759058
0.786458,0.046875,-0.812568
0.796875,0.046875,-0.866077
0.807292,0.046875,-0.919587
0.817708,0.046875,-0.973097
0.828125,0.046875,-1.026607
0.838542,0.046875,-1.080116
0.848958,0.046875,-1.133626
0.859375,0.046875,-1.187136
0.869792,0.046875,-1.240646
0.880208,0.046875,-1.294155
0.890625,0.046875,-1.347665
0.901042,0.046875,-1.401175
0.911458,0.046875,-1.454685
0.921875,0.046875,-1.508194
0.932292,0.046875,-1.561704
0.942708,0.046875,-1.615214
0.953125,0.046875,-1.668724
0.963542,0.046875,-1.722233
0.973958,0.046875,-1.775743
0.984375,0.046875,-1.829253
0.994792,0.046875,-1.882763
0.005208,0.057292,-3.990444
0.015625,0.057292,-3.825673
0.026042,0.057292,-3.660902
0.036458,0.057292,-3.496132
0.046875,0.057292,-3.331361
0.057292,0.057292,-3.166590
0.067708,0.057292,-3.001819
0.078125,0.057292,-2.837048
0.088542,0.057292,-2.672277
0.098958,0.057292,-2.507506
0.109375,0.057292,-2.342735
0.119792,0.057292,-2.177964
0.130208,0.057292,-1.953763
0.140625,0.057292,-1.670134
0.151042,0.057292,-1.386504
0.161458,0.057292,-1.102874
0.171875,0.057292,-0.819244
0.182292,0.057292,-0.535614
0.192708,0.057292,-0.251985
0.203125,0.057292,0.031645
0.213542,0.057292,0.315275
0.223958,0.057292,0.598905
0.234375,0.057292,0.882535
0.244792,0.057292,1.166165
0.255208,0.057292,1.295703
0.265625,0.057292,1.271149
0.276042,0.057292,1.246596
0.286458,0.057292,1.222042
0.296875,0.057292,1.197489
0.307292,0.057292,1.172935
0.317708,0.057292,1.148382
0.328125,0.057292,1.123828
0.338542,0.057292,1.099275
0.348958,0.057292,1.074721
0.359375,0.057292,1.050168
0.369792,0.057292,1.025614
0.380208,0.057292,1.001061
0.390625,0.057292,0.976507
0.401042,0.057292,0.951954
0.411458,0.057292,0.927400
0.421875,0.057292,0.902847
0.432292,0.057292,0.878293
0.442708,0.057292,0.853740
0.453125,0.057292,0.829186
0.463542,0.057292,0.804633
0.473958,0.057292,0.780079
0.484375,0.057292,0.755526
0.494792,0.057292,0.730972
0.505208,0.057292,0.692566
0.515625,0.057292,0.640308
0.526042,0.057292,0.588050
0.536458,0.057292,0.535792
0.546875,0.057292,0.483533
0.557292,0.057292,0.431275
0.567708,0.057292,0.379017
0.578125,0.057292,0.326759
0.588542,0.057292,0.274500
0.598958,0.057292,0.222242
0.609375,0.057292,0.169984
0.619792,0.057292,0.117726
0.630208,0.057292,0.065467
0.640625,0.057292,0.013209
0.651042,0.057292,-0.039049
0.661458,0.057292,-0.091307
0.671875,0.057292,-0.143566
0.682292,0.057292,-0.195824
0.692708,0.057292,-0.248082
0.703125,0.057292,-0.300340
0.713542,0.057292,-0.352598
0.723958,0.057292,-0.404857
0.734375,0.057292,-0.457115
0.744792,0.057292,-0.509373
0.755208,0.057292,-0.561631
0.765625,0.057292,-0.613890
0.776042,0.057292,-0.666148
0.786458,0.057292,-0.718406
0.796875,0.057292,-0.770664
0.807292,0.057292,-0.822923
0.817708,0.057292,-0.875181
0.828125,0.057292,-0.927439
0.838542,0.057292,-0.979697
0.848958,0.057292,-1.031956
0.859375,0.057292,-1.084214
0.869792,0.057292,-1.136472
0.880208,0.057292,-1.188730
0.890625,0.057292,-1.240989
0.901042,0.057292,-1.293247
0.911458,0.057292,-1.345505
0.921875,0.057292,-1.397763
0.932292,0.057292,-1.450021
0.942708,0.057292,-1.502280
0.953125,0.057292,-1.554538
0.963542,0.057292,-1.606796
0.973958,0.057292,-1.659054
0.984375,0.057292,-1.711313
0.994792,0.057292,-1.763571
0.005208,0.067708,-3.996468
0.015625,0.067708,-3.825465
0.026042,0.067708,-3.654461
0.036458,0.067708,-3.483457
0.046875,0.067708,-3.312454
0.057292,0.067708,-3.141450
0.067708,0.067708,-2.970447
0.078125,0.067708,-2.799443
0.088542,0.067708,-2.628439
0.098958,0.067708,-2.457436
0.109375,0.067708,-2.286432
0.119792,0.067708,-2.115429
0.130208,0.067708,-1.888412
0.140625,0.067708,-1.605384
0.151042,0.067708,-1.322355
0.161458,0.067708,-1.039326
0.171875,0.067708,-0.756297
0.182292,0.067708,-0.473268
0.192708,0.067708,-0.190239
0.203125,0.067708,0.092790
0.213542,0.067708,0.375819
0.223958,0.067708,0.658848
0.234375,0.067708,0.941876
0.244792,0.067708,1.224905
0.255208,0.067708,1.354170
0.265625,0.067708,1.329671
0.276042,0.067708,1.305172
0.286458,0.067708,1.280673
0.296875,0.067708,1.256174
0.307292,0.067708,1.231675
0.317708,0.067708,1.207175
0.328125,0.067708,1.182676
0.338542,0.067708,1.158177
0.348958,0.067708,1.133678
0.359375,0.067708,1.109179
0.369792,0.067708,1.084680
0.380208,0.067708,1.060181
0.390625,0.067708,1.035681
0.401042,0.067708,1.011182
0.411458,0.067708,0.986683
0.421875,0.067708,0.962184
0.432292,0.067708,0.937685
0.442708,0.067708,0.913186
0.453125,0.067708,0.888687
0.463542,0.067708,0.864188
0.473958,0.067708,0.839688
0.484375,0.067708,0.815189
0.494792,0.067708,0.790690
0.505208,0.067708,0.752937
0.515625,0.067708,0.701930
0.526042,0.067708,0.650924
0.536458,0.067708,0.599917
0.546875,0.067708,0.548910
0.557292,0.067708,0.497904
0.567708,0.067708,0.446897
0.578125,0.067708,0.395890
0.588542,0.067708,0.344883
0.598958,0.067708,0.293877
0.609375,0.067708,0.242870
0.619792,0.067708,0.191863
0.630208,0.067708,0.140856
0.640625,0.067708,0.089850
0.651042,0.067708,0.038843
0.661458,0.067708,-0.012164
0.671875,0.067708,-0.063171
0.682292,0.067708,-0.114177
0.692708,0.067708,-0.165184
0.703125,0.067708,-0.216191
0.713542,0.067708,-0.267197
0.723958,0.067708,-0.318204
0.734375,0.067708,-0.369211
0.744792,0.067708,-0.420218
0.755208,0.067708,-0.471224
0.765625,0.067708,-0.522231
0.776042,0.067708,-0.573238
0.786458,0.067708,-0.624245
0.796875,0.067708,-0.675251
0.807292,0.067708,-0.726258
0.817708,0.067708,-0.777265
0.828125,0.067708,-0.828272
0.838542,0.067708,-0.879278
0.848958,0.067708,-0.930285
0.859375,0.067708,-0.981292
0.869792,0.067708,-1.032299
0.880208,0.067708,-1.083305
0.890625,0.067708,-1.134312
0.901042,0.067708,-1.185319
0.911458,0.067708,-1.236325
0.921875,0.067708,-1.287332
0.932292,0.067708,-1.338339
0.942708,0.067708,-1.389346
0.953125,0.067708,-1.440352
0.963542,0.067708,-1.491359
0.973958,0.067708,-1.542366
0.984375,0.067708,-1.593373
0.994792,0.067708,-1.644379
0.005208,0.078125,-4.003884
0.015625,0.078125,-3.829432
0.026042,0.078125,-3.654981
0.036458,0.078125,-3.480529
0.046875,0.078125,-3.306077
0.057292,0.078125,-3.131625
0.067708,0.078125,-2.957174
0.078125,0.078125,-2.782722
0.088542,0.078125,-2.608270
0.098958,0.078125,-2.433818
0.109375,0.078125,-2.259367
0.119792,0.078125,-2.084915
0.130208,0.078125,-1.856551
0.140625,0.078125,-1.574274
0.151042,0.078125,-1.291998
0.161458,0.078125,-1.009721
0.171875,0.078125,-0.727444
0.182292,0.078125,-0.445168
0.192708,0.078125,-0.162891
0.203125,0.078125,0.119385
0.213542,0.078125,0.401662
0.223958,0.078125,0.683938
0.234375,0.078125,0.966215
0.244792,0.078125,1.248492
0.255208,0.078125,1.378141
0.265625,0.078125,1.355165
0.276042,0.078125,1.332188
0.286458,0.078125,1.309211
0.296875,0.078125,1.286234
0.307292,0.078125,1.263257
0.317708,0.078125,1.240280
0.328125,0.078125,1.217304
0.338542,0.078125,1.194327
0.348958,0.078125,1.171350
0.359375,0.078125,1.148373
0.369792,0.078125,1.125396
0.380208,0.078125,1.102419
0.390625,0.078125,1.079443
0.401042,0.078125,1.056466
0.411458,0.078125,1.033489
0.421875,0.078125,1.010512
0.432292,0.078125,0.987535
0.442708,0.078125,0.964558
0.453125,0.078125,0.941582
0.463542,0.078125,0.918605
0.473958,0.078125,0.895628
0.484375,0.078125,0.872651
0.494792,0.078125,0.849674
0.505208,0.078125,0.813308
0.515625,0.078125,0.763553
0.526042,0.078125,0.713798
0.536458,0.078125,0.664042
0.546875,0.078125,0.614287
0.557292,0.078125,0.564532
0.567708,0.078125,0.514777
0.578125,0.078125,0.465022
0.588542,0.078125,0.415266
0.598958,0.078125,0.365511
0.609375,0.078125,0.315756
0.619792,0.078125,0.266001
0.630208,0.078125,0.216245
0.640625,0.078125,0.166490
0.651042,0.078125,0.116735
0.661458,0.078125,0.066980
0.671875,0.078125,0.017224
0.682292,0.078125,-0.032531
0.692708,0.078125,-0.082286
0.703125,0.078125,-0.132041
0.713542,0.078125,-0.181796
0.723958,0.078125,-0.231552
0.734375,0.078125,-0.281307
0.744792,0.078125,-0.331062
0.755208,0.078125,-0.380817
0.765625,0.078125,-0.430573
0.776042,0.078125,-0.480328
0.786458,0.078125,-0.530083
0.796875,0.078125,-0.579838
0.807292,0.078125,-0.629594
0.817708,0.078125,-0.679349
0.828125,0.078125,-0.729104
0.838542,0.078125,-0.778859
0.848958,0.078125,-0.828614
0.859375,0.078125,-0.878370
0.869792,0.078125,-0.928125
0.880208,0.078125,-0.977880
0.890625,0.078125,-1.027635
0.901042,0.078125,-1.077391
0.911458,0.078125,-1.127146
0.921875,0.078125,-1.176901
0.932292,0.078125,-1.226656
0.942708,0.078125,-1.276412
0.953125,0.078125,-1.326167
0.963542,0.078125,-1.375922
0.973958,0.078125,-1.425677
0.984375,0.078125,-1.475433
0.994792,0.078125,-1.525188
0.005208,0.088542,-4.011300
0.015625,0.088542,-3.833400
0.026042,0.088542,-3.655500
0.036458,0.088542,-3.477600
0.046875,0.088542,-3.299700
0.057292,0.088542,-3.121801
0.067708,0.088542,-2.943901
0.078125,0.088542,-2.766001
0.088542,0.088542,-2.588101
0.098958,0.088542,-2.410201
0.109375,0.088542,-2.232301
0.119792,0.088542,-2.054401
0.130208,0.088542,-1.824689
0.140625,0.088542,-1.543165
0.151042,0.088542,-1.261641
0.161458,0.088542,-0.980116
0.171875,0.088542,-0.698592
0.182292,0.088542,-0.417068
0.192708,0.088542,-0.135543
0.203125,0.088542,0.145981
0.213542,0.088542,0.427505
0.223958,0.088542,0.709029
0.234375,0.088542,0.990554
0.244792,0.088542,1.272078
0.255208,0.088542,1.402113
0.265625,0.088542,1.380658
0.276042,0.088542,1.359204
0.286458,0.088542,1.337749
0.296875,0.088542,1.316295
0.307292,0.088542,1.294840
0.317708,0.088542,1.273385
0.328125,0.088542,1.251931
0.338542,0.088542,1.230476
0.348958,0.088542,1.209022
0.359375,0.088542,1.187567
0.369792,0.088542,1.166113
0.380208,0.088542,1.144658
0.390625,0.088542,1.123204
0.401042,0.088542,1.101749
0.411458,0.088542,1.080295
0.421875,0.088542,1.058840
0.432292,0.088542,1.037385
0.442708,0.088542,1.015931
0.453125,0.088542,0.994476
0.463542,0.088542,0.973022
0.473958,0.088542,0.951567
0.484375,0.088542,0.930113
0.494792,0.088542,0.908658
0.505208,0.088542,0.873679
0.515625,0.088542,0.825175
0.526042,0.088542,0.776672
0.536458,0.088542,0.728168
0.546875,0.088542,0.679664
0.557292,0.088542,0.631160
0.567708,0.088542,0.582657
0.578125,0.088542,0.534153
0.588542,0.088542,0.485649
0.598958,0.088542,0.437146
0.609375,0.088542,0.388642
0.619792,0.088542,0.340138
0.630208,0.088542,0.291634
0.640625,0.088542,0.243131
0.651042,0.088542,0.194627
0.661458,0.088542,0.146123
0.671875,0.088542,0.097619
0.682292,0.088542,0.049116
0.692708,0.088542,0.000612
0.703125,0.088542,-0.047892
0.713542,0.088542,-0.096395
0.723958,0.088542,-0.144899
0.734375,0.088542,-0.193403
0.744792,0.088542,-0.241907
0.755208,0.088542,-0.290410
0.765625,0.088542,-0.338914
0.776042,0.088542,-0.387418
0.786458,0.088542,-0.435922
0.796875,0.088542,-0.484425
0.807292,0.088542,-0.532929
0.817708,0.088542,-0.581433
0.828125,0.088542,-0.629936
0.838542,0.088542,-0.678440
0.848958,0.088542,-0.726944
0.859375,0.088542,-0.775448
0.869792,0.088542,-0.823951
0.880208,0.088542,-0.872455
0.890625,0.088542,-0.920959
0.901042,0.088542,-0.969463
0.911458,0.088542,-1.017966
0.921875,0.088542,-1.066470
0.932292,0.088542,-1.114974
0.942708,0.088542,-1.163478
0.953125,0.088542,-1.211981
0.963542,0.088542,-1.260485
0.973958,0.088542,-1.308989
0.984375,0.088542,-1.357492
0.994792,0.088542,-1.405996
0.005208,0.098958,-4.015817
0.015625,0.098958,-3.828670
0.026042,0.098958,-3.641523
0.036458,0.098958,-3.454377
0.046875,0.098958,-3.267230
0.057292,0.098958,-3.080083
0.067708,0.098958,-2.892937
0.078125,0.098958,-2.705790
0.088542,0.098958,-2.518643
0.098958,0.098958,-2.331497
0.109375,0.098958,-2.144350
0.119792,0.098958,-1.957203
0.130208,0.098958,-1.728176
0.140625,0.098958,-1.457269
0.151042,0.098958,-1.186362
0.161458,0.098958,-0.915455
0.171875,0.098958,-0.644548
0.182292,0.098958,-0.373641
0.192708,0.098958,-0.102734
0.203125,0.098958,0.168173
0.213542,0.098958,0.439080
0.223958,0.098958,0.709987
0.234375,0.098958,0.980894
0.244792,0.098958,1.251801
0.255208,0.098958,1.378305
0.265625,0.098958,1.360406
0.276042,0.098958,1.342507
0.286458,0.098958,1.324608
0.296875,0.098958,1.306709
0.307292,0.098958,1.288810
0.317708,0.098958,1.270911
0.328125,0.098958,1.253011
0.338542,0.098958,1.235112
0.348958,0.098958,1.217213
0.359375,0.098958,1.199314
0.369792,0.098958,1.181415
0.380208,0.098958,1.163516
0.390625,0.098958,1.145617
0.401042,0.098958,1.127718
0.411458,0.098958,1.109819
0.421875,0.098958,1.091919
0.432292,0.098958,1.074020
0.442708,0.098958,1.056121
0.453125,0.098958,1.038222
0.463542,0.098958,1.020323
0.473958,0.098958,1.002424
0.484375,0.098958,0.984525
0.494792,0.098958,0.966626
0.505208,0.098958,0.934050
0.515625,0.098958,0.886798
0.526042,0.098958,0.839546
0.536458,0.098958,0.792293
0.546875,0.098958,0.745041
0.557292,0.098958,0.697789
0.567708,0.098958,0.650537
0.578125,0.098958,0.603284
0.588542,0.098958,0.556032
0.598958,0.098958,0.508780
0.609375,0.098958,0.461528
0.619792,0.098958,0.414276
0.630208,0.098958,0.367023
0.640625,0.098958,0.319771
0.651042,0.098958,0.272519
0.661458,0.098958,0.225267
0.671875,0.098958,0.178014
0.682292,0.098958,0.130762
0.692708,0.098958,0.083510
0.703125,0.098958,0.036258
0.713542,0.098958,-0.010994
0.723958,0.098958,-0.058247
0.734375,0.098958,-0.105499
0.744792,0.098958,-0.152751
0.755208,0.098958,-0.200003
0.765625,0.098958,-0.247256
0.776042,0.098958,-0.294508
0.786458,0.098958,-0.341760
0.796875,0.098958,-0.389012
0.807292,0.098958,-0.436264
0.817708,0.098958,-0.483517
0.828125,0.098958,-0.530769
0.838542,0.098958,-0.578021
0.848958,0.098958,-0.625273
0.859375,0.098958,-0.672526
0.869792,0.098958,-0.719778
0.880208,0.098958,-0.767030
0.890625,0.098958,-0.814282
0.901042,0.098958,-0.861535
0.911458,0.098958,-0.908787
0.921875,0.098958,-0.956039
0.932292,0.098958,-1.003291
0.942708,0.098958,-1.050543
0.953125,0.098958,-1.097796
0.963542,0.098958,-1.145048
0.973958,0.098958,-1.192300
0.984375,0.098958,-1.239552
0.994792,0.098958,-1.286805
0.005208,0.109375,-4.017434
0.015625,0.109375,-3.815242
0.026042,0.109375,-3.613050
0.036458,0.109375,-3.410858
0.046875,0.109375,-3.208666
0.057292,0.109375,-3.006474
0.067708,0.109375,-2.804282
0.078125,0.109375,-2.602090
0.088542,0.109375,-2.399898
0.098958,0.109375,-2.197705
0.109375,0.109375,-1.995513
0.119792,0.109375,-1.793321
0.130208,0.109375,-1.567013
0.140625,0.109375,-1.316588
0.151042,0.109375,-1.066163
0.161458,0.109375,-0.815738
0.171875,0.109375,-0.565313
0.182292,0.109375,-0.314888
0.192708,0.109375,-0.064463
0.203125,0.109375,0.185962
0.213542,0.109375,0.436387
0.223958,0.109375,0.686812
0.234375,0.109375,0.937237
0.244792,0.109375,1.187662
0.255208,0.109375,1.306719
0.265625,0.109375,1.294408
0.276042,0.109375,1.282098
0.286458,0.109375,1.269787
0.296875,0.109375,1.257477
0.307292,0.109375,1.245166
0.317708,0.109375,1.232856
0.328125,0.109375,1.220545
0.338542,0.109375,1.208235
0.348958,0.109375,1.195924
0.359375,0.109375,1.183614
0.369792,0.109375,1.171303
0.380208,0.109375,1.158992
0.390625,0.109375,1.146682
0.401042,0.109375,1.134371
0.411458,0.109375,1.122061
0.421875,0.109375,1.109750
0.432292,0.109375,1.097440
0.442708,0.109375,1.085129
0.453125,0.109375,1.072819
0.463542,0.109375,1.060508
0.473958,0.109375,1.048198
0.484375,0.109375,1.035887
0.494792,0.109375,1.023577
0.505208,0.109375,0.994421
0.515625,0.109375,0.948420
0.526042,0.109375,0.902420
0.536458,0.109375,0.856419
0.546875,0.109375,0.810418
0.557292,0.109375,0.764417
0.567708,0.109375,0.718417
0.578125,0.109375,0.672416
0.588542,0.109375,0.626415
0.598958,0.109375,0.580414
0.609375,0.109375,0.534414
0.619792,0.109375,0.488413
0.630208,0.109375,0.442412
0.640625,0.109375,0.396412
0.651042,0.109375,0.350411
0.661458,0.109375,0.304410
0.671875,0.109375,0.258409
0.682292,0.109375,0.212409
0.692708,0.109375,0.166408
0.703125,0.109375,0.120407
0.713542,0.109375,0.074407
0.723958,0.109375,0.028406
0.734375,0.109375,-0.017595
0.744792,0.109375,-0.063596
0.755208,0.109375,-0.109596
0.765625,0.109375,-0.155597
0.776042,0.109375,-0.201598
0.786458,0.109375,-0.247599
0.796875,0.109375,-0.293599
0.807292,0.109375,-0.339600
0.817708,0.109375,-0.385601
0.828125,0.109375,-0.431601
0.838542,0.109375,-0.477602
0.848958,0.109375,-0.523603
0.859375,0.109375,-0.569604
0.869792,0.109375,-0.615604
0.880208,0.109375,-0.661605
0.890625,0.109375,-0.707606
0.901042,0.109375,-0.753606
0.911458,0.109375,-0.799607
0.921875,0.109375,-0.845608
0.932292,0.109375,-0.891609
0.942708,0.109375,-0.937609
0.953125,0.109375,-0.983610
0.963542,0.109375,-1.029611
0.973958,0.109375,-1.075612
0.984375,0.109375,-1.121612
0.994792,0.109375,-1.167613
0.005208,0.119792,-4.019051
0.015625,0.119792,-3.801814
0.026042,0.119792,-3.584576
0.036458,0.119792,-3.367339
0.046875,0.119792,-3.150102
0.057292,0.119792,-2.932864
0.067708,0.119792,-2.715627
0.078125,0.119792,-2.498389
0.088542,0.119792,-2.281152
0.098958,0.119792,-2.063914
0.109375,0.119792,-1.846677
0.119792,0.119792,-1.629439
0.130208,0.119792,-1.405849
0.140625,0.119792,-1.175906
0.151042,0.119792,-0.945964
0.161458,0.119792,-0.716021
0.171875,0.119792,-0.486078
0.182292,0.119792,-0.256135
0.192708,0.119792,-0.026192
0.203125,0.119792,0.203751
0.213542,0.119792,0.433694
0.223958,0.119792,0.663636
0.234375,0.119792,0.893579
0.244792,0.119792,1.123522
0.255208,0.119792,1.235133
0.265625,0.119792,1.228411
0.276042,0.119792,1.221689
0.286458,0.119792,1.214967
0.296875,0.119792,1.208245
0.307292,0.119792,1.201523
0.317708,0.119792,1.194801
0.328125,0.119792,1.188079
0.338542,0.119792,1.181357
0.348958,0.119792,1.174635
0.359375,0.119792,1.167913
0.369792,0.119792,1.161191
0.380208,0.119792,1.154469
0.390625,0.119792,1.147747
0.401042,0.119792,1.141025
0.411458,0.119792,1.134303
0.421875,0.119792,1.127581
0.432292,0.119792,1.120859
0.442708,0.119792,1.114137
0.453125,0.119792,1.107415
0.463542,0.119792,1.100693
0.473958,0.119792,1.093971
0.484375,0.119792,1.087249
0.494792,0.119792,1.080528
0.505208,0.119792,1.054792
0.515625,0.119792,1.010043
0.526042,0.119792,0.965293
0.536458,0.119792,0.920544
0.546875,0.119792,0.875795
0.557292,0.119792,0.831046
0.567708,0.119792,0.786297
0.578125,0.119792,0.741547
0.588542,0.119792,0.696798
0.598958,0.119792,0.652049
0.609375,0.119792,0.607300
0.619792,0.119792,0.562551
0.630208,0.119792,0.517801
0.640625,0.119792,0.473052
0.651042,0.119792,0.428303
0.661458,0.119792,0.383554
0.671875,0.119792,0.338804
0.682292,0.119792,0.294055
0.692708,0.119792,0.249306
0.703125,0.119792,0.204557
0.713542,0.119792,0.159808
0.723958,0.119792,0.115058
0.734375,0.119792,0.070309
0.744792,0.119792,0.025560
0.755208,0.119792,-0.019189
0.765625,0.119792,-0.063939
0.776042,0.119792,-0.108688
0.786458,0.119792,-0.153437
0.796875,0.119792,-0.198186
0.807292,0.119792,-0.242935
0.817708,0.119792,-0.287685
0.828125,0.119792,-0.332434
0.838542,0.119792,-0.377183
0.848958,0.119792,-0.421932
0.859375,0.119792,-0.466682
0.869792,0.119792,-0.511431
0.880208,0.119792,-0.556180
0.890625,0.119792,-0.600929
0.901042,0.119792,-0.645678
0.911458,0.119792,-0.690428
0.921875,0.119792,-0.735177
0.932292,0.119792,-0.779926
0.942708,0.119792,-0.824675
0.953125,0.119792,-0.869424
0.963542,0.119792,-0.914174
0.973958,0.119792,-0.958923
0.984375,0.119792,-1.003672
0.994792,0.119792,-1.048421
0.005208,0.130208,-4.071604
0.015625,0.130208,-3.843146
0.026042,0.130208,-3.614689
0.036458,0.130208,-3.386231
0.046875,0.130208,-3.157774
0.057292,0.130208,-2.929316
0.067708,0.130208,-2.700859
0.078125,0.130208,-2.472401
0.088542,0.130208,-2.243944
0.098958,0.130208,-2.015486
0.109375,0.130208,-1.787028
0.119792,0.130208,-1.558571
0.130208,0.130208,-1.332221
0.140625,0.130208,-1.107979
0.151042,0.130208,-0.883736
0.161458,0.130208,-0.659494
0.171875,0.130208,-0.435252
0.182292,0.130208,-0.211009
0.192708,0.130208,0.013233
0.203125,0.130208,0.237475
0.213542,0.130208,0.461717
0.223958,0.130208,0.685960
0.234375,0.130208,0.910202
0.244792,0.130208,1.134444
0.255208,0.130208,1.243545
0.265625,0.130208,1.237504
0.276042,0.130208,1.231462
0.286458,0.130208,1.225421
0.296875,0.130208,1.219380
0.307292,0.130208,1.213339
0.317708,0.130208,1.207297
0.328125,0.130208,1.201256
0.338542,0.130208,1.195215
0.348958,0.130208,1.189174
0.359375,0.130208,1.183132
0.369792,0.130208,1.177091
0.380208,0.130208,1.172105
0.390625,0.130208,1.168174
0.401042,0.130208,1.164244
0.411458,0.130208,1.160313
0.421875,0.130208,1.156382
0.432292,0.130208,1.152451
0.442708,0.130208,1.148520
0.453125,0.130208,1.144590
0.463542,0.130208,1.140659
0.473958,0.130208,1.136728
0.484375,0.130208,1.132797
0.494792,0.130208,1.128866
0.505208,0.130208,1.105256
0.515625,0.130208,1.061967
0.526042,0.130208,1.018678
0.536458,0.130208,0.975389
0.546875,0.130208,0.932100
0.557292,0.130208,0.888811
0.567708,0.130208,0.845521
0.578125,0.130208,0.802232
0.588542,0.130208,0.758943
0.598958,0.130208,0.715654
0.609375,0.130208,0.672365
0.619792,0.130208,0.629076
0.630208,0.130208,0.585786
0.640625,0.130208,0.542497
0.651042,0.130208,0.499208
0.661458,0.130208,0.455919
0.671875,0.130208,0.412630
0.682292,0.130208,0.369341
0.692708,0.130208,0.326052
0.703125,0.130208,0.282762
0.713542,0.130208,0.239473
0.723958,0.130208,0.196184
0.734375,0.130208,0.152895
0.744792,0.130208,0.109606
0.755208,0.130208,0.066317
0.765625,0.130208,0.023027
0.776042,0.130208,-0.020262
0.786458,0.130208,-0.063551
0.796875,0.130208,-0.106840
0.807292,0.130208,-0.150129
0.817708,0.130208,-0.193418
0.828125,0.130208,-0.236708
0.838542,0.130208,-0.279997
0.848958,0.130208,-0.323286
0.859375,0.130208,-0.366575
0.869792,0.130208,-0.409864
0.880208,0.130208,-0.453153
0.890625,0.130208,-0.496442
0.901042,0.130208,-0.539732
0.911458,0.130208,-0.583021
0.921875,0.130208,-0.626310
0.932292,0.130208,-0.669599
0.942708,0.130208,-0.712888
0.953125,0.130208,-0.756177
0.963542,0.130208,-0.799467
0.973958,0.130208,-0.842756
0.984375,0.130208,-0.886045
0.994792,0.130208,-0.929334
0.005208,0.140625,-4.175092
0.015625,0.140625,-3.939240
0.026042,0.140625,-3.703387
0.036458,0.140625,-3.467535
0.046875,0.140625,-3.231682
0.057292,0.140625,-2.995830
0.067708,0.140625,-2.759978
0.078125,0.140625,-2.524125
0.088542,0.140625,-2.288273
0.098958,0.140625,-2.052420
0.109375,0.140625,-1.816568
0.119792,0.140625,-1.580715
0.130208,0.140625,-1.346128
0.140625,0.140625,-1.112804
0.151042,0.140625,-0.879481
0.161458,0.140625,-0.646158
0.171875,0.140625,-0.412835
0.182292,0.140625,-0.179511
0.192708,0.140625,0.053812
0.203125,0.140625,0.287135
0.213542,0.140625,0.520458
0.223958,0.140625,0.753782
0.234375,0.140625,0.987105
0.244792,0.140625,1.220428
0.255208,0.140625,1.331956
0.265625,0.140625,1.321687
0.276042,0.140625,1.311419
0.286458,0.140625,1.301151
0.296875,0.140625,1.290882
0.307292,0.140625,1.280614
0.317708,0.140625,1.270346
0.328125,0.140625,1.260077
0.338542,0.140625,1.249809
0.348958,0.140625,1.239540
0.359375,0.140625,1.229272
0.369792,0.140625,1.219004
0.380208,0.140625,1.211901
0.390625,0.140625,1.207964
0.401042,0.140625,1.204027
0.411458,0.140625,1.200090
0.421875,0.140625,1.196153
0.432292,0.140625,1.192216
0.442708,0.140625,1.188278
0.453125,0.140625,1.184341
0.463542,0.140625,1.180404
0.473958,0.140625,1.176467
0.484375,0.140625,1.172530
0.494792,0.140625,1.168593
0.505208,0.140625,1.145814
0.515625,0.140625,1.104194
0.526042,0.140625,1.062573
0.536458,0.140625,1.020953
0.546875,0.140625,0.979332
0.557292,0.140625,0.937712
0.567708,0.140625,0.896091
0.578125,0.140625,0.854470
0.588542,0.140625,0.812850
0.598958,0.140625,0.771229
0.609375,0.140625,0.729609
0.619792,0.140625,0.687988
0.630208,0.140625,0.646368
0.640625,0.140625,0.604747
0.651042,0.140625,0.563127
0.661458,0.140625,0.521506
0.671875,0.140625,0.479886
0.682292,0.140625,0.438265
0.692708,0.140625,0.396645
0.703125,0.140625,0.355024
0.713542,0.140625,0.313403
0.723958,0.140625,0.271783
0.734375,0.140625,0.230162
0.744792,0.140625,0.188542
0.755208,0.140625,0.146921
0.765625,0.140625,0.105301
0.776042,0.140625,0.063680
0.786458,0.140625,0.022060
0.796875,0.140625,-0.019561
0.807292,0.140625,-0.061181
0.817708,0.140625,-0.102802
0.828125,0.140625,-0.144422
0.838542,0.140625,-0.186043
0.848958,0.140625,-0.227663
0.859375,0.140625,-0.269284
0.869792,0.140625,-0.310905
0.880208,0.140625,-0.352525
0.890625,0.140625,-0.394146
0.901042,0.140625,-0.435766
0.911458,0.140625,-0.477387
0.921875,0.140625,-0.519007
0.932292,0.140625,-0.560628
0.942708,0.140625,-0.602248
0.953125,0.140625,-0.643869
0.963542,0.140625,-0.685489
0.973958,0.140625,-0.727110
0.984375,0.140625,-0.768730
0.994792,0.140625,-0.810351
0.005208,0.151042,-4.278580
0.015625,0.151042,-4.035333
0.026042,0.151042,-3.792086
0.036458,0.151042,-3.548838
0.046875,0.151042,-3.305591
0.057292,0.151042,-3.062344
0.067708,0.151042,-2.819097
0.078125,0.151042,-2.575849
0.088542,0.151042,-2.332602
0.098958,0.151042,-2.089355
0.109375,0.151042,-1.846107
0.119792,0.151042,-1.602860
0.130208,0.151042,-1.360034
0.140625,0.151042,-1.117630
0.151042,0.151042,-0.875226
0.161458,0.151042,-0.632822
0.171875,0.151042,-0.390417
0.182292,0.151042,-0.148013
0.192708,0.151042,0.094391
0.203125,0.151042,0.336795
0.213542,0.151042,0.579200
0.223958,0.151042,0.821604
0.234375,0.151042,1.064008
0.244792,0.151042,1.306412
0.255208,0.151042,1.420367
0.265625,0.151042,1.405871
0.276042,0.151042,1.391376
0.286458,0.151042,1.376880
0.296875,0.151042,1.362385
0.307292,0.151042,1.347889
0.317708,0.151042,1.333394
0.328125,0.151042,1.318898
0.338542,0.151042,1.304403
0.348958,0.151042,1.289907
0.359375,0.151042,1.275412
0.369792,0.151042,1.260916
0.380208,0.151042,1.251697
0.390625,0.151042,1.247753
0.401042,0.151042,1.243810
0.411458,0.151042,1.239867
0.421875,0.151042,1.235923
0.432292,0.151042,1.231980
0.442708,0.151042,1.228037
0.453125,0.151042,1.224093
0.463542,0.151042,1.220150
0.473958,0.151042,1.216206
0.484375,0.151042,1.212263
0.494792,0.151042,1.208320
0.505208,0.151042,1.186372
0.515625,0.151042,1.146420
0.526042,0.151042,1.106468
0.536458,0.151042,1.066516
0.546875,0.151042,1.026564
0.557292,0.151042,0.986613
0.567708,0.151042,0.946661
0.578125,0.151042,0.906709
0.588542,0.151042,0.866757
0.598958,0.151042,0.826805
0.609375,0.151042,0.786853
0.619792,0.151042,0.746901
0.630208,0.151042,0.706949
0.640625,0.151042,0.666997
0.651042,0.151042,0.627045
0.661458,0.151042,0.587093
0.671875,0.151042,0.547141
0.682292,0.151042,0.507190
0.692708,0.151042,0.467238
0.703125,0.151042,0.427286
0.713542,0.151042,0.387334
0.723958,0.151042,0.347382
0.734375,0.151042,0.307430
0.744792,0.151042,0.267478
0.755208,0.151042,0.227526
0.765625,0.151042,0.187574
0.776042,0.151042,0.147622
0.786458,0.151042,0.107670
0.796875,0.151042,0.067718
0.807292,0.151042,0.027767
0.817708,0.151042,-0.012185
0.828125,0.151042,-0.052137
0.838542,0.151042,-0.092089
0.848958,0.151042,-0.132041
0.859375,0.151042,-0.171993
0.869792,0.151042,-0.211945
0.880208,0.151042,-0.251897
0.890625,0.151042,-0.291849
0.901042,0.151042,-0.331801
0.911458,0.151042,-0.371753
0.921875,0.151042,-0.411705
0.932292,0.151042,-0.451656
0.942708,0.151042,-0.491608
0.953125,0.151042,-0.531560
0.963542,0.151042,-0.571512
0.973958,0.151042,-0.611464
0.984375,0.151042,-0.651416
0.994792,0.151042,-0.691368
0.005208,0.161458,-4.252100
0.015625,0.161458,-4.009006
0.026042,0.161458,-3.765912
0.036458,0.161458,-3.522818
0.046875,0.161458,-3.279725
0.057292,0.161458,-3.036631
0.067708,0.161458,-2.793537
0.078125,0.161458,-2.550443
0.088542,0.161458,-2.307350
0.098958,0.161458,-2.064256
0.109375,0.161458,-1.821162
0.119792,0.161458,-1.578068
0.130208,0.161458,-1.334683
0.140625,0.161458,-1.091006
0.151042,0.161458,-0.847329
0.161458,0.161458,-0.603652
0.171875,0.161458,-0.359975
0.182292,0.161458,-0.116298
0.192708,0.161458,0.127379
0.203125,0.161458,0.371056
0.213542,0.161458,0.614733
0.223958,0.161458,0.858410
0.234375,0.161458,1.102087
0.244792,0.161458,1.345764
0.255208,0.161458,1.460346
0.265625,0.161458,1.445835
0.276042,0.161458,1.431323
0.286458,0.161458,1.416812
0.296875,0.161458,1.402300
0.307292,0.161458,1.387789
0.317708,0.161458,1.373277
0.328125,0.161458,1.358765
0.338542,0.161458,1.344254
0.348958,0.161458,1.329742
0.359375,0.161458,1.315231
0.369792,0.161458,1.300719
0.380208,0.161458,1.295888
0.390625,0.161458,1.300738
0.401042,0.161458,1.305588
0.411458,0.161458,1.310438
0.421875,0.161458,1.315288
0.432292,0.161458,1.320137
0.442708,0.161458,1.324987
0.453125,0.161458,1.329837
0.463542,0.161458,1.334687
0.473958,0.161458,1.339536
0.484375,0.161458,1.344386
0.494792,0.161458,1.349236
0.505208,0.161458,1.331419
0.515625,0.161458,1.290936
0.526042,0.161458,1.250453
0.536458,0.161458,1.209970
0.546875,0.161458,1.169487
0.557292,0.161458,1.129004
0.567708,0.161458,1.088521
0.578125,0.161458,1.048038
0.588542,0.161458,1.007555
0.598958,0.161458,0.967072
0.609375,0.161458,0.926589
0.619792,0.161458,0.886106
0.630208,0.161458,0.845623
0.640625,0.161458,0.805139
0.651042,0.161458,0.764656
0.661458,0.161458,0.724173
0.671875,0.161458,0.683690
0.682292,0.161458,0.643207
0.692708,0.161458,0.602724
0.703125,0.161458,0.562241
0.713542,0.161458,0.521758
0.723958,0.161458,0.481275
0.734375,0.161458,0.440792
0.744792,0.161458,0.400309
0.755208,0.161458,0.359826
0.765625,0.161458,0.319343
0.776042,0.161458,0.278859
0.786458,0.161458,0.238376
0.796875,0.161458,0.197893
0.807292,0.161458,0.157410
0.817708,0.161458,0.116927
0.828125,0.161458,0.076444
0.838542,0.161458,0.035961
0.848958,0.161458,-0.004522
0.859375,0.161458,-0.045005
0.869792,0.161458,-0.085488
0.880208,0.161458,-0.125971
0.890625,0.161458,-0.166454
0.901042,0.161458,-0.206937
0.911458,0.161458,-0.247420
0.921875,0.161458,-0.287904
0.932292,0.161458,-0.328387
0.942708,0.161458,-0.368870
0.953125,0.161458,-0.409353
0.963542,0.161458,-0.449836
0.973958,0.161458,-0.490319
0.984375,0.161458,-0.530802
0.994792,0.161458,-0.571285
0.005208,0.171875,-4.095650
0.015625,0.171875,-3.860258
0.026042,0.171875,-3.624867
0.036458,0.171875,-3.389475
0.046875,0.171875,-3.154083
0.057292,0.171875,-2.918691
0.067708,0.171875,-2.683299
0.078125,0.171875,-2.447907
0.088542,0.171875,-2.212516
0.098958,0.171875,-1.977124
0.109375,0.171875,-1.741732
0.119792,0.171875,-1.506340
0.130208,0.171875,-1.270073
0.140625,0.171875,-1.032932
0.151042,0.171875,-0.795790
0.161458,0.171875,-0.558649
0.171875,0.171875,-0.321508
0.182292,0.171875,-0.084366
0.192708,0.171875,0.152775
0.203125,0.171875,0.389917
0.213542,0.171875,0.627058
0.223958,0.171875,0.864199
0.234375,0.171875,1.101341
0.244792,0.171875,1.338482
0.255208,0.171875,1.451895
0.265625,0.171875,1.441578
0.276042,0.171875,1.431262
0.286458,0.171875,1.420945
0.296875,0.171875,1.410628
0.307292,0.171875,1.400312
0.317708,0.171875,1.389995
0.328125,0.171875,1.379679
0.338542,0.171875,1.369362
0.348958,0.171875,1.359046
0.359375,0.171875,1.348729
0.369792,0.171875,1.338413
0.380208,0.171875,1.344476
0.390625,0.171875,1.366918
0.401042,0.171875,1.389360
0.411458,0.171875,1.411803
0.421875,0.171875,1.434245
0.432292,0.171875,1.456688
0.442708,0.171875,1.479130
0.453125,0.171875,1.501572
0.463542,0.171875,1.524015
0.473958,0.171875,1.546457
0.484375,0.171875,1.568900
0.494792,0.171875,1.591342
0.505208,0.171875,1.580956
0.515625,0.171875,1.537742
0.526042,0.171875,1.494528
0.536458,0.171875,1.451314
0.546875,0.171875,1.408100
0.557292,0.171875,1.364886
0.567708,0.171875,1.321672
0.578125,0.171875,1.278458
0.588542,0.171875,1.235244
0.598958,0.171875,1.192030
0.609375,0.171875,1.148816
0.619792,0.171875,1.105602
0.630208,0.171875,1.062388
0.640625,0.171875,1.019174
0.651042,0.171875,0.975960
0.661458,0.171875,0.932746
0.671875,0.171875,0.889532
0.682292,0.171875,0.846318
0.692708,0.171875,0.803104
0.703125,0.171875,0.759890
0.713542,0.171875,0.716676
0.723958,0.171875,0.673462
0.734375,0.171875,0.630248
0.744792,0.171875,0.587034
0.755208,0.171875,0.543820
0.765625,0.171875,0.500606
0.776042,0.171875,0.457392
0.786458,0.171875,0.414178
0.796875,0.171875,0.370964
0.807292,0.171875,0.327750
0.817708,0.171875,0.284536
0.828125,0.171875,0.241322
0.838542,0.171875,0.198108
0.848958,0.171875,0.154894
0.859375,0.171875,0.111680
0.869792,0.171875,0.068466
0.880208,0.171875,0.025252
0.890625,0.171875,-0.017962
0.901042,0.171875,-0.061176
0.911458,0.171875,-0.104390
0.921875,0.171875,-0.147604
0.932292,0.171875,-0.190818
0.942708,0.171875,-0.234032
0.953125,0.171875,-0.277246
0.963542,0.171875,-0.320460
0.973958,0.171875,-0.363674
0.984375,0.171875,-0.406888
0.994792,0.171875,-0.450102
0.005208,0.182292,-3.939201
0.015625,0.182292,-3.711511
0.026042,0.182292,-3.483821
0.036458,0.182292,-3.256131
0.046875,0.182292,-3.028441
0.057292,0.182292,-2.800751
0.067708,0.182292,-2.573061
0.078125,0.182292,-2.345371
0.088542,0.182292,-2.117681
0.098958,0.182292,-1.889992
0.109375,0.182292,-1.662302
0.119792,0.182292,-1.434612
0.130208,0.182292,-1.205464
0.140625,0.182292,-0.974858
0.151042,0.182292,-0.744252
0.161458,0.182292,-0.513646
0.171875,0.182292,-0.283040
0.182292,0.182292,-0.052434
0.192708,0.182292,0.178171
0.203125,0.182292,0.408777
0.213542,0.182292,0.639383
0.223958,0.182292,0.869989
0.234375,0.182292,1.100595
0.244792,0.182292,1.331201
0.255208,0.182292,1.443443
0.265625,0.182292,1.437321
0.276042,0.182292,1.431200
0.286458,0.182292,1.425078
0.296875,0.182292,1.418957
0.307292,0.182292,1.412835
0.317708,0.182292,1.406714
0.328125,0.182292,1.400592
0.338542,0.182292,1.394471
0.348958,0.182292,1.388349
0.359375,0.182292,1.382228
0.369792,0.182292,1.376106
0.380208,0.182292,1.393063
0.390625,0.182292,1.433098
0.401042,0.182292,1.473133
0.411458,0.182292,1.513168
0.421875,0.182292,1.553203
0.432292,0.182292,1.593238
0.442708,0.182292,1.633273
0.453125,0.182292,1.673308
0.463542,0.182292,1.713343
0.473958,0.182292,1.753378
0.484375,0.182292,1.793413
0.494792,0.182292,1.833448
0.505208,0.182292,1.830493
0.515625,0.182292,1.784548
0.526042,0.182292,1.738603
0.536458,0.182292,1.692658
0.546875,0.182292,1.646713
0.557292,0.182292,1.600768
0.567708,0.182292,1.554823
0.578125,0.182292,1.508878
0.588542,0.182292,1.462933
0.598958,0.182292,1.416988
0.609375,0.182292,1.371044
0.619792,0.182292,1.325099
0.630208,0.182292,1.279154
0.640625,0.182292,1.233209
0.651042,0.182292,1.187264
0.661458,0.182292,1.141319
0.671875,0.182292,1.095374
0.682292,0.182292,1.049429
0.692708,0.182292,1.003484
0.703125,0.182292,0.957539
0.713542,0.182292,0.911594
0.723958,0.182292,0.865649
0.734375,0.182292,0.819704
0.744792,0.182292,0.773759
0.755208,0.182292,0.727814
0.765625,0.182292,0.681869
0.776042,0.182292,0.635924
0.786458,0.182292,0.589979
0.796875,0.182292,0.544035
0.807292,0.182292,0.498090
0.817708,0.182292,0.452145
0.828125,0.182292,0.406200
0.838542,0.182292,0.360255
0.848958,0.182292,0.314310
0.859375,0.182292,0.268365
0.869792,0.182292,0.222420
0.880208,0.182292,0.176475
0.890625,0.182292,0.130530
0.901042,0.182292,0.084585
0.911458,0.182292,0.038640
0.921875,0.182292,-0.007305
0.932292,0.182292,-0.053250
0.942708,0.182292,-0.099195
0.953125,0.182292,-0.145140
0.963542,0.182292,-0.191085
0.973958,0.182292,-0.237030
0.984375,0.182292,-0.282974
0.994792,0.182292,-0.328919
0.005208,0.192708,-3.847338
0.015625,0.192708,-3.622780
0.026042,0.192708,-3.398222
0.036458,0.192708,-3.173663
0.046875,0.192708,-2.949105
0.057292,0.192708,-2.724547
0.067708,0.192708,-2.499989
0.078125,0.192708,-2.275431
0.088542,0.192708,-2.050872
0.098958,0.192708,-1.826314
0.109375,0.192708,-1.601756
0.119792,0.192708,-1.377198
0.130208,0.192708,-1.151181
0.140625,0.192708,-0.923707
0.151042,0.192708,-0.696233
0.161458,0.192708,-0.468759
0.171875,0.192708,-0.241285
0.182292,0.192708,-0.013811
0.192708,0.192708,0.213663
0.203125,0.192708,0.441137
0.213542,0.192708,0.668612
0.223958,0.192708,0.896086
0.234375,0.192708,1.123560
0.244792,0.192708,1.351034
0.255208,0.192708,1.461814
0.265625,0.192708,1.455899
0.276042,0.192708,1.449984
0.286458,0.192708,1.444069
0.296875,0.192708,1.438155
0.307292,0.192708,1.432240
0.317708,0.192708,1.426325
0.328125,0.192708,1.420410
0.338542,0.192708,1.414496
0.348958,0.192708,1.408581
0.359375,0.192708,1.402666
0.369792,0.192708,1.396751
0.380208,0.192708,1.417082
0.390625,0.192708,1.463658
0.401042,0.192708,1.510234
0.411458,0.192708,1.556810
0.421875,0.192708,1.603386
0.432292,0.192708,1.649962
0.442708,0.192708,1.696538
0.453125,0.192708,1.743114
0.463542,0.192708,1.789690
0.473958,0.192708,1.836266
0.484375,0.192708,1.882842
0.494792,0.192708,1.929418
0.505208,0.192708,1.929948
0.515625,0.192708,1.884432
0.526042,0.192708,1.838915
0.536458,0.192708,1.793399
0.546875,0.192708,1.747883
0.557292,0.192708,1.702367
0.567708,0.192708,1.656850
0.578125,0.192708,1.611334
0.588542,0.192708,1.565818
0.598958,0.192708,1.520302
0.609375,0.192708,1.474785
0.619792,0.192708,1.429269
0.630208,0.192708,1.383753
0.640625,0.192708,1.338236
0.651042,0.192708,1.292720
0.661458,0.192708,1.247204
0.671875,0.192708,1.201688
0.682292,0.192708,1.156171
0.692708,0.192708,1.110655
0.703125,0.192708,1.065139
0.713542,0.192708,1.019623
0.723958,0.192708,0.974106
0.734375,0.192708,0.928590
0.744792,0.192708,0.883074
0.755208,0.192708,0.837558
0.765625,0.192708,0.792041
0.776042,0.192708,0.746525
0.786458,0.192708,0.701009
0.796875,0.192708,0.655493
0.807292,0.192708,0.609976
0.817708,0.192708,0.564460
0.828125,0.192708,0.518944
0.838542,0.192708,0.473427
0.848958,0.192708,0.427911
0.859375,0.192708,0.382395
0.869792,0.192708,0.336879
0.880208,0.192708,0.291362
0.890625,0.192708,0.245846
0.901042,0.192708,0.200330
0.911458,0.192708,0.154814
0.921875,0.192708,0.109297
0.932292,0.192708,0.063781
0.942708,0.192708,0.018265
0.953125,0.192708,-0.027251
0.963542,0.192708,-0.072768
0.973958,0.192708,-0.118284
0.984375,0.192708,-0.163800
0.994792,0.192708,-0.209316
0.005208,0.203125,-3.820062
0.015625,0.203125,-3.594065
0.026042,0.203125,-3.368068
0.036458,0.203125,-3.142071
0.046875,0.203125,-2.916075
0.057292,0.203125,-2.690078
0.067708,0.203125,-2.464081
0.078125,0.203125,-2.238085
0.088542,0.203125,-2.012088
0.098958,0.203125,-1.786091
0.109375,0.203125,-1.560095
0.119792,0.203125,-1.334098
0.130208,0.203125,-1.107227
0.140625,0.203125,-0.879480
0.151042,0.203125,-0.651734
0.161458,0.203125,-0.423988
0.171875,0.203125,-0.196242
0.182292,0.203125,0.031505
0.192708,0.203125,0.259251
0.203125,0.203125,0.486997
0.213542,0.203125,0.714743
0.223958,0.203125,0.942490
0.234375,0.203125,1.170236
0.244792,0.203125,1.397982
0.255208,0.203125,1.507007
0.265625,0.203125,1.497311
0.276042,0.203125,1.487614
0.286458,0.203125,1.477918
0.296875,0.203125,1.468222
0.307292,0.203125,1.458526
0.317708,0.203125,1.448829
0.328125,0.203125,1.439133
0.338542,0.203125,1.429437
0.348958,0.203125,1.419740
0.359375,0.203125,1.410044
0.369792,0.203125,1.400348
0.380208,0.203125,1.416532
0.390625,0.203125,1.458598
0.401042,0.203125,1.500663
0.411458,0.203125,1.542729
0.421875,0.203125,1.584794
0.432292,0.203125,1.626860
0.442708,0.203125,1.668925
0.453125,0.203125,1.710990
0.463542,0.203125,1.753056
0.473958,0.203125,1.795121
0.484375,0.203125,1.837187
0.494792,0.203125,1.879252
0.505208,0.203125,1.879321
0.515625,0.203125,1.837393
0.526042,0.203125,1.795465
0.536458,0.203125,1.753537
0.546875,0.203125,1.711609
0.557292,0.203125,1.669681
0.567708,0.203125,1.627753
0.578125,0.203125,1.585825
0.588542,0.203125,1.543897
0.598958,0.203125,1.501969
0.609375,0.203125,1.460041
0.619792,0.203125,1.418113
0.630208,0.203125,1.376185
0.640625,0.203125,1.334257
0.651042,0.203125,1.292329
0.661458,0.203125,1.250401
0.671875,0.203125,1.208474
0.682292,0.203125,1.166546
0.692708,0.203125,1.124618
0.703125,0.203125,1.082690
0.713542,0.203125,1.040762
0.723958,0.203125,0.998834
0.734375,0.203125,0.956906
0.744792,0.203125,0.914978
0.755208,0.203125,0.873050
0.765625,0.203125,0.831122
0.776042,0.203125,0.789194
0.786458,0.203125,0.747266
0.796875,0.203125,0.705338
0.807292,0.203125,0.663410
0.817708,0.203125,0.621482
0.828125,0.203125,0.579554
0.838542,0.203125,0.537626
0.848958,0.203125,0.495698
0.859375,0.203125,0.453770
0.869792,0.203125,0.411842
0.880208,0.203125,0.369914
0.890625,0.203125,0.327986
0.901042,0.203125,0.286058
0.911458,0.203125,0.244130
0.921875,0.203125,0.202202
0.932292,0.203125,0.160275
0.942708,0.203125,0.118347
0.953125,0.203125,0.076419
0.963542,0.203125,0.034491
0.973958,0.203125,-0.007437
0.984375,0.203125,-0.049365
0.994792,0.203125,-0.091293
0.005208,0.213542,-3.792785
0.015625,0.213542,-3.565350
0.026042,0.213542,-3.337915
0.036458,0.213542,-3.110479
0.046875,0.213542,-2.883044
0.057292,0.213542,-2.655609
0.067708,0.213542,-2.428174
0.078125,0.213542,-2.200739
0.088542,0.213542,-1.973304
0.098958,0.213542,-1.745869
0.109375,0.213542,-1.518433
0.119792,0.213542,-1.290998
0.130208,0.213542,-1.063272
0.140625,0.213542,-0.835253
0.151042,0.213542,-0.607235
0.161458,0.213542,-0.379217
0.171875,0.213542,-0.151198
0.182292,0.213542,0.076820
0.192708,0.213542,0.304838
0.203125,0.213542,0.532857
0.213542,0.213542,0.760875
0.223958,0.213542,0.988893
0.234375,0.213542,1.216912
0.244792,0.213542,1.444930
0.255208,0.213542,1.552200
0.265625,0.213542,1.538723
0.276042,0.213542,1.525245
0.286458,0.213542,1.511767
0.296875,0.213542,1.498289
0.307292,0.213542,1.484811
0.317708,0.213542,1.471333
0.328125,0.213542,1.457856
0.338542,0.213542,1.444378
0.348958,0.213542,1.430900
0.359375,0.213542,1.417422
0.369792,0.213542,1.403944
0.380208,0.213542,1.415983
0.390625,0.213542,1.453538
0.401042,0.213542,1.491093
0.411458,0.213542,1.528647
0.421875,0.213542,1.566202
0.432292,0.213542,1.603757
0.442708,0.213542,1.641312
0.453125,0.213542,1.678867
0.463542,0.213542,1.716422
0.473958,0.213542,1.753977
0.484375,0.213542,1.791531
0.494792,0.213542,1.829086
0.505208,0.213542,1.828694
0.515625,0.213542,1.790354
0.526042,0.213542,1.752015
0.536458,0.213542,1.713675
0.546875,0.213542,1.675335
0.557292,0.213542,1.636996
0.567708,0.213542,1.598656
0.578125,0.213542,1.560316
0.588542,0.213542,1.521977
0.598958,0.213542,1.483637
0.609375,0.213542,1.445297
0.619792,0.213542,1.406958
0.630208,0.213542,1.368618
0.640625,0.213542,1.330278
0.651042,0.213542,1.291939
0.661458,0.213542,1.253599
0.671875,0.213542,1.215259
0.682292,0.213542,1.176920
0.692708,0.213542,1.138580
0.703125,0.213542,1.100240
0.713542,0.213542,1.061901
0.723958,0.213542,1.023561
0.734375,0.213542,0.985221
0.744792,0.213542,0.946882
0.755208,0.213542,0.908542
0.765625,0.213542,0.870202
0.776042,0.213542,0.831863
0.786458,0.213542,0.793523
0.796875,0.213542,0.755183
0.807292,0.213542,0.716844
0.817708,0.213542,0.678504
0.828125,0.213542,0.640164
0.838542,0.213542,0.601825
0.848958,0.213542,0.563485
0.859375,0.213542,0.525146
0.869792,0.213542,0.486806
0.880208,0.213542,0.448466
0.890625,0.213542,0.410127
0.901042,0.213542,0.371787
0.911458,0.213542,0.333447
0.921875,0.213542,0.295108
0.932292,0.213542,0.256768
0.942708,0.213542,0.218428
0.953125,0.213542,0.180089
0.963542,0.213542,0.141749
0.973958,0.213542,0.103409
0.984375,0.213542,0.065070
0.994792,0.213542,0.026730
0.005208,0.223958,-3.608953
0.015625,0.223958,-3.390797
0.026042,0.223958,-3.172640
0.036458,0.223958,-2.954483
0.046875,0.223958,-2.736327
0.057292,0.223958,-2.518170
0.067708,0.223958,-2.300013
0.078125,0.223958,-2.081856
0.088542,0.223958,-1.863700
0.098958,0.223958,-1.645543
0.109375,0.223958,-1.427386
0.119792,0.223958,-1.209229
0.130208,0.223958,-0.991073
0.140625,0.223958,-0.772916
0.151042,0.223958,-0.554759
0.161458,0.223958,-0.336602
0.171875,0.223958,-0.118446
0.182292,0.223958,0.099711
0.192708,0.223958,0.317868
0.203125,0.223958,0.536025
0.213542,0.223958,0.754181
0.223958,0.223958,0.972338
0.234375,0.223958,1.190495
0.244792,0.223958,1.408651
0.255208,0.223958,1.515067
0.265625,0.223958,1.509741
0.276042,0.223958,1.504415
0.286458,0.223958,1.499090
0.296875,0.223958,1.493764
0.307292,0.223958,1.488438
0.317708,0.223958,1.483112
0.328125,0.223958,1.477786
0.338542,0.223958,1.472460
0.348958,0.223958,1.467135
0.359375,0.223958,1.461809
0.369792,0.223958,1.456483
0.380208,0.223958,1.469163
0.390625,0.223958,1.499848
0.401042,0.223958,1.530533
0.411458,0.223958,1.561218
0.421875,0.223958,1.591903
0.432292,0.223958,1.622588
0.442708,0.223958,1.653273
0.453125,0.223958,1.683958
0.463542,0.223958,1.714643
0.473958,0.223958,1.745329
0.484375,0.223958,1.776014
0.494792,0.223958,1.806699
0.505208,0.223958,1.804388
0.515625,0.223958,1.769083
0.526042,0.223958,1.733778
0.536458,0.223958,1.698472
0.546875,0.223958,1.663167
0.557292,0.223958,1.627861
0.567708,0.223958,1.592556
0.578125,0.223958,1.557250
0.588542,0.223958,1.521945
0.598958,0.223958,1.486639
0.609375,0.223958,1.451334
0.619792,0.223958,1.416028
0.630208,0.223958,1.380723
0.640625,0.223958,1.345417
0.651042,0.223958,1.310112
0.661458,0.223958,1.274806
0.671875,0.223958,1.239501
0.682292,0.223958,1.204195
0.692708,0.223958,1.168890
0.703125,0.223958,1.133584
0.713542,0.223958,1.098279
0.723958,0.223958,1.062973
0.734375,0.223958,1.027668
0.744792,0.223958,0.992362
0.755208,0.223958,0.957057
0.765625,0.223958,0.921751
0.776042,0.223958,0.886446
0.786458,0.223958,0.851140
0.796875,0.223958,0.815835
0.807292,0.223958,0.780529
0.817708,0.223958,0.745224
0.828125,0.223958,0.709918
0.838542,0.223958,0.674613
0.848958,0.223958,0.639307
0.859375,0.223958,0.604002
0.869792,0.223958,0.568696
0.880208,0.223958,0.533391
0.890625,0.223958,0.498085
0.901042,0.223958,0.462780
0.911458,0.223958,0.427474
0.921875,0.223958,0.392169
0.932292,0.223958,0.356863
0.942708,0.223958,0.321558
0.953125,0.223958,0.286252
0.963542,0.223958,0.250947
0.973958,0.223958,0.215641
0.984375,0.223958,0.180336
0.994792,0.223958,0.145030
0.005208,0.234375,-3.268567
0.015625,0.234375,-3.070406
0.026042,0.234375,-2.872244
0.036458,0.234375,-2.674083
0.046875,0.234375,-2.475921
0.057292,0.234375,-2.277760
0.067708,0.234375,-2.079598
0.078125,0.234375,-1.881437
0.088542,0.234375,-1.683276
0.098958,0.234375,-1.485114
0.109375,0.234375,-1.286953
0.119792,0.234375,-1.088791
0.130208,0.234375,-0.890630
0.140625,0.234375,-0.692468
0.151042,0.234375,-0.494307
0.161458,0.234375,-0.296145
0.171875,0.234375,-0.097984
0.182292,0.234375,0.100178
0.192708,0.234375,0.298339
0.203125,0.234375,0.496500
0.213542,0.234375,0.694662
0.223958,0.234375,0.892823
0.234375,0.234375,1.090985
0.244792,0.234375,1.289146
0.255208,0.234375,1.395607
0.265625,0.234375,1.410367
0.276042,0.234375,1.425126
0.286458,0.234375,1.439886
0.296875,0.234375,1.454646
0.307292,0.234375,1.469405
0.317708,0.234375,1.484165
0.328125,0.234375,1.498925
0.338542,0.234375,1.513685
0.348958,0.234375,1.528444
0.359375,0.234375,1.543204
0.369792,0.234375,1.557964
0.380208,0.234375,1.576072
0.390625,0.234375,1.597528
0.401042,0.234375,1.618984
0.411458,0.234375,1.640440
0.421875,0.234375,1.661896
0.432292,0.234375,1.683352
0.442708,0.234375,1.704809
0.453125,0.234375,1.726265
0.463542,0.234375,1.747721
0.473958,0.234375,1.769177
0.484375,0.234375,1.790633
0.494792,0.234375,1.812089
0.505208,0.234375,1.806405
0.515625,0.234375,1.773579
0.526042,0.234375,1.740754
0.536458,0.234375,1.707928
0.546875,0.234375,1.675103
0.557292,0.234375,1.642277
0.567708,0.234375,1.609452
0.578125,0.234375,1.576626
0.588542,0.234375,1.543801
0.598958,0.234375,1.510975
0.609375,0.234375,1.478150
0.619792,0.234375,1.445324
0.630208,0.234375,1.412499
0.640625,0.234375,1.379673
0.651042,0.234375,1.346848
0.661458,0.234375,1.314023
0.671875,0.234375,1.281197
0.682292,0.234375,1.248372
0.692708,0.234375,1.215546
0.703125,0.234375,1.182721
0.713542,0.234375,1.149895
0.723958,0.234375,1.117070
0.734375,0.234375,1.084244
0.744792,0.234375,1.051419
0.755208,0.234375,1.018593
0.765625,0.234375,0.985768
0.776042,0.234375,0.952942
0.786458,0.234375,0.920117
0.796875,0.234375,0.887291
0.807292,0.234375,0.854466
0.817708,0.234375,0.821641
0.828125,0.234375,0.788815
0.838542,0.234375,0.755990
0.848958,0.234375,0.723164
0.859375,0.234375,0.690339
0.869792,0.234375,0.657513
0.880208,0.234375,0.624688
0.890625,0.234375,0.591862
0.901042,0.234375,0.559037
0.911458,0.234375,0.526211
0.921875,0.234375,0.493386
0.932292,0.234375,0.460560
0.942708,0.234375,0.427735
0.953125,0.234375,0.394909
0.963542,0.234375,0.362084
0.973958,0.234375,0.329258
0.984375,0.234375,0.296433
0.994792,0.234375,0.263608
0.005208,0.244792,-3.556129
0.015625,0.244792,-3.338552
0.026042,0.244792,-3.120975
0.036458,0.244792,-2.903398
0.046875,0.244792,-2.685821
0.057292,0.244792,-2.468245
0.067708,0.244792,-2.250668
0.078125,0.244792,-2.033091
0.088542,0.244792,-1.815514
0.098958,0.244792,-1.597937
0.109375,0.244792,-1.380361
0.119792,0.244792,-1.162784
0.130208,0.244792,-0.945207
0.140625,0.244792,-0.727630
0.151042,0.244792,-0.510053
0.161458,0.244792,-0.292476
0.171875,0.244792,-0.074900
0.182292,0.244792,0.142677
0.192708,0.244792,0.360254
0.203125,0.244792,0.577831
0.213542,0.244792,0.795408
0.223958,0.244792,1.012984
0.234375,0.244792,1.230561
0.244792,0.244792,1.448138
0.255208,0.244792,1.561924
0.265625,0.244792,1.571919
0.276042,0.244792,1.581914
0.286458,0.244792,1.591909
0.296875,0.244792,1.601904
0.307292,0.244792,1.611899
0.317708,0.244792,1.621894
0.328125,0.244792,1.631889
0.338542,0.244792,1.641884
0.348958,0.244792,1.651880
0.359375,0.244792,1.661875
0.369792,0.244792,1.671870
0.380208,0.244792,1.682981
0.390625,0.244792,1.695208
0.401042,0.244792,1.707435
0.411458,0.244792,1.719662
0.421875,0.244792,1.731889
0.432292,0.244792,1.744117
0.442708,0.244792,1.756344
0.453125,0.244792,1.768571
0.463542,0.244792,1.780798
0.473958,0.244792,1.793025
0.484375,0.244792,1.805253
0.494792,0.244792,1.817480
0.505208,0.244792,1.808421
0.515625,0.244792,1.778075
0.526042,0.244792,1.747730
0.536458,0.244792,1.717384
0.546875,0.244792,1.687039
0.557292,0.244792,1.656693
0.567708,0.244792,1.626348
0.578125,0.244792,1.596003
0.588542,0.244792,1.565657
0.598958,0.244792,1.535312
0.609375,0.244792,1.504966
0.619792,0.244792,1.474621
0.630208,0.244792,1.444275
0.640625,0.244792,1.413930
0.651042,0.244792,1.383584
0.661458,0.244792,1.353239
0.671875,0.244792,1.322894
0.682292,0.244792,1.292548
0.692708,0.244792,1.262203
0.703125,0.244792,1.231857
0.713542,0.244792,1.201512
0.723958,0.244792,1.171166
0.734375,0.244792,1.140821
0.744792,0.244792,1.110475
0.755208,0.244792,1.080130
0.765625,0.244792,1.049785
0.776042,0.244792,1.019439
0.786458,0.244792,0.989094
0.796875,0.244792,0.958748
0.807292,0.244792,0.928403
0.817708,0.244792,0.898057
0.828125,0.244792,0.867712
0.838542,0.244792,0.837367
0.848958,0.244792,0.807021
0.859375,0.244792,0.776676
0.869792,0.244792,0.746330
0.880208,0.244792,0.715985
0.890625,0.244792,0.685639
0.901042,0.244792,0.655294
0.911458,0.244792,0.624948
0.921875,0.244792,0.594603
0.932292,0.244792,0.564258
0.942708,0.244792,0.533912
0.953125,0.244792,0.503567
0.963542,0.244792,0.473221
0.973958,0.244792,0.442876
0.984375,0.244792,0.412530
0.994792,0.244792,0.382185
0.005208,0.255208,-3.400599
0.015625,0.255208,-3.188347
0.026042,0.255208,-2.976094
0.036458,0.255208,-2.763842
0.046875,0.255208,-2.551590
0.057292,0.255208,-2.339337
0.067708,0.255208,-2.127085
0.078125,0.255208,-1.914833
0.088542,0.255208,-1.702580
0.098958,0.255208,-1.490328
0.109375,0.255208,-1.278076
0.119792,0.255208,-1.065823
0.130208,0.255208,-0.853571
0.140625,0.255208,-0.641319
0.151042,0.255208,-0.429066
0.161458,0.255208,-0.216814
0.171875,0.255208,-0.004562
0.182292,0.255208,0.207691
0.192708,0.255208,0.419943
0.203125,0.255208,0.632195
0.213542,0.255208,0.844447
0.223958,0.255208,1.056700
0.234375,0.255208,1.268952
0.244792,0.255208,1.481204
0.255208,0.255208,1.594211
0.265625,0.255208,1.607971
0.276042,0.255208,1.621731
0.286458,0.255208,1.635491
0.296875,0.255208,1.649251
0.307292,0.255208,1.663011
0.317708,0.255208,1.676772
0.328125,0.255208,1.690532
0.338542,0.255208,1.704292
0.348958,0.255208,1.718052
0.359375,0.255208,1.731812
0.369792,0.255208,1.745572
0.380208,0.255208,1.755961
0.390625,0.255208,1.762980
0.401042,0.255208,1.769998
0.411458,0.255208,1.777016
0.421875,0.255208,1.784034
0.432292,0.255208,1.791052
0.442708,0.255208,1.798071
0.453125,0.255208,1.805089
0.463542,0.255208,1.812107
0.473958,0.255208,1.819125
0.484375,0.255208,1.826143
0.494792,0.255208,1.833161
0.505208,0.255208,1.822610
0.515625,0.255208,1.794488
0.526042,0.255208,1.766366
0.536458,0.255208,1.738245
0.546875,0.255208,1.710123
0.557292,0.255208,1.682001
0.567708,0.255208,1.653880
0.578125,0.255208,1.625758
0.588542,0.255208,1.597636
0.598958,0.255208,1.569514
0.609375,0.255208,1.541393
0.619792,0.255208,1.513271
0.630208,0.255208,1.485149
0.640625,0.255208,1.457028
0.651042,0.255208,1.428906
0.661458,0.255208,1.400784
0.671875,0.255208,1.372663
0.682292,0.255208,1.344541
0.692708,0.255208,1.316419
0.703125,0.255208,1.288298
0.713542,0.255208,1.260176
0.723958,0.255208,1.232054
0.734375,0.255208,1.203933
0.744792,0.255208,1.175811
0.755208,0.255208,1.147689
0.765625,0.255208,1.119567
0.776042,0.255208,1.091446
0.786458,0.255208,1.063324
0.796875,0.255208,1.035202
0.807292,0.255208,1.007081
0.817708,0.255208,0.978959
0.828125,0.255208,0.950837
0.838542,0.255208,0.922716
0.848958,0.255208,0.894594
0.859375,0.255208,0.866472
0.869792,0.255208,0.838351
0.880208,0.255208,0.810229
0.890625,0.255208,0.782107
0.901042,0.255208,0.753986
0.911458,0.255208,0.725864
0.921875,0.255208,0.697742
0.932292,0.255208,0.669620
0.942708,0.255208,0.641499
0.953125,0.255208,0.613377
0.963542,0.255208,0.585255
0.973958,0.255208,0.557134
0.984375,0.255208,0.529012
0.994792,0.255208,0.500890
0.005208,0.265625,-2.801978
0.015625,0.265625,-2.619790
0.026042,0.265625,-2.437602
0.036458,0.265625,-2.255414
0.046875,0.265625,-2.073226
0.057292,0.265625,-1.891038
0.067708,0.265625,-1.708850
0.078125,0.265625,-1.526662
0.088542,0.265625,-1.344474
0.098958,0.265625,-1.162286
0.109375,0.265625,-0.980098
0.119792,0.265625,-0.797910
0.130208,0.265625,-0.615722
0.140625,0.265625,-0.433534
0.151042,0.265625,-0.251346
0.161458,0.265625,-0.069158
0.171875,0.265625,0.113030
0.182292,0.265625,0.295217
0.192708,0.265625,0.477405
0.203125,0.265625,0.659593
0.213542,0.265625,0.841781
0.223958,0.265625,1.023969
0.234375,0.265625,1.206157
0.244792,0.265625,1.388345
0.255208,0.265625,1.492467
0.265625,0.265625,1.518522
0.276042,0.265625,1.544577
0.286458,0.265625,1.570632
0.296875,0.265625,1.596687
0.307292,0.265625,1.622742
0.317708,0.265625,1.648797
0.328125,0.265625,1.674852
0.338542,0.265625,1.700907
0.348958,0.265625,1.726962
0.359375,0.265625,1.753017
0.369792,0.265625,1.779072
0.380208,0.265625,1.795014
0.390625,0.265625,1.800843
0.401042,0.265625,1.806672
0.411458,0.265625,1.812501
0.421875,0.265625,1.818330
0.432292,0.265625,1.824159
0.442708,0.265625,1.829989
0.453125,0.265625,1.835818
0.463542,0.265625,1.841647
0.473958,0.265625,1.847476
0.484375,0.265625,1.853305
0.494792,0.265625,1.859134
0.505208,0.265625,1.848971
0.515625,0.265625,1.822817
0.526042,0.265625,1.796663
0.536458,0.265625,1.770509
0.546875,0.265625,1.744355
0.557292,0.265625,1.718200
0.567708,0.265625,1.692046
0.578125,0.265625,1.665892
0.588542,0.265625,1.639738
0.598958,0.265625,1.613584
0.609375,0.265625,1.587429
0.619792,0.265625,1.561275
0.630208,0.265625,1.535121
0.640625,0.265625,1.508967
0.651042,0.265625,1.482813
0.661458,0.265625,1.456658
0.671875,0.265625,1.430504
0.682292,0.265625,1.404350
0.692708,0.265625,1.378196
0.703125,0.265625,1.352042
0.713542,0.265625,1.325887
0.723958,0.265625,1.299733
0.734375,0.265625,1.273579
0.744792,0.265625,1.247425
0.755208,0.265625,1.221271
0.765625,0.265625,1.195116
0.776042,0.265625,1.168962
0.786458,0.265625,1.142808
0.796875,0.265625,1.116654
0.807292,0.265625,1.090500
0.817708,0.265625,1.064345
0.828125,0.265625,1.038191
0.838542,0.265625,1.012037
0.848958,0.265625,0.985883
0.859375,0.265625,0.959729
0.869792,0.265625,0.933574
0.880208,0.265625,0.907420
0.890625,0.265625,0.881266
0.901042,0.265625,0.855112
0.911458,0.265625,0.828958
0.921875,0.265625,0.802803
0.932292,0.265625,0.776649
0.942708,0.265625,0.750495
0.953125,0.265625,0.724341
0.963542,0.265625,0.698187
0.973958,0.265625,0.672032
0.984375,0.265625,0.645878
0.994792,0.265625,0.619724
0.005208,0.276042,-0.347146
0.015625,0.276042,-0.379994
0.026042,0.276042,-0.412841
0.036458,0.276042,-0.445688
0.046875,0.276042,-0.478535
0.057292,0.276042,-0.511382
0.067708,0.276042,-0.544229
0.078125,0.276042,-0.577077
0.088542,0.276042,-0.609924
0.098958,0.276042,-0.642771
0.109375,0.276042,-0.675618
0.119792,0.276042,-0.708465
0.130208,0.276042,-0.634546
0.140625,0.276042,-0.453861
0.151042,0.276042,-0.273176
0.161458,0.276042,-0.092490
0.171875,0.276042,0.088195
0.182292,0.276042,0.268881
0.192708,0.276042,0.449566
0.203125,0.276042,0.630251
0.213542,0.276042,0.810937
0.223958,0.276042,0.991622
0.234375,0.276042,1.172307
0.244792,0.276042,1.352993
0.255208,0.276042,1.453937
0.265625,0.276042,1.475141
0.276042,0.276042,1.496345
0.286458,0.276042,1.517549
0.296875,0.276042,1.538752
0.307292,0.276042,1.559956
0.317708,0.276042,1.592324
0.328125,0.276042,1.635855
0.338542,0.276042,1.679387
0.348958,0.276042,1.722918
0.359375,0.276042,1.766449
0.369792,0.276042,1.809981
0.380208,0.276042,1.834067
0.390625,0.276042,1.838707
0.401042,0.276042,1.843347
0.411458,0.276042,1.847987
0.421875,0.276042,1.852627
0.432292,0.276042,1.857267
0.442708,0.276042,1.861907
0.453125,0.276042,1.866547
0.463542,0.276042,1.871187
0.473958,0.276042,1.875827
0.484375,0.276042,1.880467
0.494792,0.276042,1.885107
0.505208,0.276042,1.875333
0.515625,0.276042,1.851147
0.526042,0.276042,1.826960
0.536458,0.276042,1.802773
0.546875,0.276042,1.778586
0.557292,0.276042,1.754400
0.567708,0.276042,1.730213
0.578125,0.276042,1.706026
0.588542,0.276042,1.681840
0.598958,0.276042,1.657653
0.609375,0.276042,1.633466
0.619792,0.276042,1.609279
0.630208,0.276042,1.585093
0.640625,0.276042,1.560906
0.651042,0.276042,1.536719
0.661458,0.276042,1.512533
0.671875,0.276042,1.488346
0.682292,0.276042,1.464159
0.692708,0.276042,1.439972
0.703125,0.276042,1.415786
0.713542,0.276042,1.391599
0.723958,0.276042,1.367412
0.734375,0.276042,1.343225
0.744792,0.276042,1.319039
0.755208,0.276042,1.294852
0.765625,0.276042,1.270665
0.776042,0.276042,1.246479
0.786458,0.276042,1.222292
0.796875,0.276042,1.198105
0.807292,0.276042,1.173918
0.817708,0.276042,1.149732
0.828125,0.276042,1.125545
0.838542,0.276042,1.101358
0.848958,0.276042,1.077172
0.859375,0.276042,1.052985
0.869792,0.276042,1.028798
0.880208,0.276042,1.004611
0.890625,0.276042,0.980425
0.901042,0.276042,0.956238
0.911458,0.276042,0.932051
0.921875,0.276042,0.907865
0.932292,0.276042,0.883678
0.942708,0.276042,0.859491
0.953125,0.276042,0.835304
0.963542,0.276042,0.811118
0.973958,0.276042,0.786931
0.984375,0.276042,0.762744
0.994792,0.276042,0.738558
0.005208,0.286458,-0.423581
0.015625,0.286458,-0.453463
0.026042,0.286458,-0.483345
0.036458,0.286458,-0.513228
0.046875,0.286458,-0.543110
0.057292,0.286458,-0.572993
0.067708,0.286458,-0.602875
0.078125,0.286458,-0.632758
0.088542,0.286458,-0.662640
0.098958,0.286458,-0.692523
0.109375,0.286458,-0.722405
0.119792,0.286458,-0.752288
0.130208,0.286458,-0.675404
0.140625,0.286458,-0.491754
0.151042,0.286458,-0.308104
0.161458,0.286458,-0.124454
0.171875,0.286458,0.059197
0.182292,0.286458,0.242847
0.192708,0.286458,0.426497
0.203125,0.286458,0.610147
0.213542,0.286458,0.793797
0.223958,0.286458,0.977447
0.234375,0.286458,1.161097
0.244792,0.286458,1.344747
0.255208,0.286458,1.446547
0.265625,0.286458,1.466496
0.276042,0.286458,1.486445
0.286458,0.286458,1.506395
0.296875,0.286458,1.526344
0.307292,0.286458,1.546293
0.317708,0.286458,1.577406
0.328125,0.286458,1.619683
0.338542,0.286458,1.661960
0.348958,0.286458,1.704237
0.359375,0.286458,1.746514
0.369792,0.286458,1.788791
0.380208,0.286458,1.814994
0.390625,0.286458,1.825121
0.401042,0.286458,1.835249
0.411458,0.286458,1.845376
0.421875,0.286458,1.855504
0.432292,0.286458,1.865631
0.442708,0.286458,1.875759
0.453125,0.286458,1.885886
0.463542,0.286458,1.896014
0.473958,0.286458,1.906141
0.484375,0.286458,1.916269
0.494792,0.286458,1.926396
0.505208,0.286458,1.921508
0.515625,0.286458,1.901604
0.526042,0.286458,1.881699
0.536458,0.286458,1.861795
0.546875,0.286458,1.841890
0.557292,0.286458,1.821986
0.567708,0.286458,1.802081
0.578125,0.286458,1.782177
0.588542,0.286458,1.762272
0.598958,0.286458,1.742368
0.609375,0.286458,1.722463
0.619792,0.286458,1.702559
0.630208,0.286458,1.682654
0.640625,0.286458,1.662750
0.651042,0.286458,1.642846
0.661458,0.286458,1.622941
0.671875,0.286458,1.603037
0.682292,0.286458,1.583132
0.692708,0.286458,1.563228
0.703125,0.286458,1.543323
0.713542,0.286458,1.523419
0.723958,0.286458,1.503514
0.734375,0.286458,1.483610
0.744792,0.286458,1.463705
0.755208,0.286458,1.441097
0.765625,0.286458,1.415786
0.776042,0.286458,1.390475
0.786458,0.286458,1.365164
0.796875,0.286458,1.339852
0.807292,0.286458,1.314541
0.817708,0.286458,1.289230
0.828125,0.286458,1.263918
0.838542,0.286458,1.238607
0.848958,0.286458,1.213296
0.859375,0.286458,1.187984
0.869792,0.286458,1.162673
0.880208,0.286458,1.137362
0.890625,0.286458,1.112050
0.901042,0.286458,1.086739
0.911458,0.286458,1.061428
0.921875,0.286458,1.036116
0.932292,0.286458,1.010805
0.942708,0.286458,0.985494
0.953125,0.286458,0.960182
0.963542,0.286458,0.934871
0.973958,0.286458,0.909560
0.984375,0.286458,0.884249
0.994792,0.286458,0.858937
0.005208,0.296875,-3.031280
0.015625,0.296875,-2.840198
0.026042,0.296875,-2.649116
0.036458,0.296875,-2.458034
0.046875,0.296875,-2.266952
0.057292,0.296875,-2.075870
0.067708,0.296875,-1.884788
0.078125,0.296875,-1.693706
0.088542,0.296875,-1.502623
0.098958,0.296875,-1.311541
0.109375,0.296875,-1.120459
0.119792,0.296875,-0.929377
0.130208,0.296875,-0.738295
0.140625,0.296875,-0.547213
0.151042,0.296875,-0.356131
0.161458,0.296875,-0.165049
0.171875,0.296875,0.026033
0.182292,0.296875,0.217116
0.192708,0.296875,0.408198
0.203125,0.296875,0.599280
0.213542,0.296875,0.790362
0.223958,0.296875,0.981444
0.234375,0.296875,1.172526
0.244792,0.296875,1.363608
0.255208,0.296875,1.470295
0.265625,0.296875,1.492587
0.276042,0.296875,1.514879
0.286458,0.296875,1.537170
0.296875,0.296875,1.559462
0.307292,0.296875,1.581754
0.317708,0.296875,1.604045
0.328125,0.296875,1.626337
0.338542,0.296875,1.648629
0.348958,0.296875,1.670920
0.359375,0.296875,1.693212
0.369792,0.296875,1.715504
0.380208,0.296875,1.737795
0.390625,0.296875,1.760087
0.401042,0.296875,1.782379
0.411458,0.296875,1.804670
0.421875,0.296875,1.826962
0.432292,0.296875,1.849254
0.442708,0.296875,1.871545
0.453125,0.296875,1.893837
0.463542,0.296875,1.916129
0.473958,0.296875,1.938420
0.484375,0.296875,1.960712
0.494792,0.296875,1.983004
0.505208,0.296875,1.987496
0.515625,0.296875,1.974188
0.526042,0.296875,1.960881
0.536458,0.296875,1.947573
0.546875,0.296875,1.934266
0.557292,0.296875,1.920958
0.567708,0.296875,1.907651
0.578125,0.296875,1.894344
0.588542,0.296875,1.881036
0.598958,0.296875,1.867729
0.609375,0.296875,1.854421
0.619792,0.296875,1.841114
0.630208,0.296875,1.827806
0.640625,0.296875,1.814499
0.651042,0.296875,1.801192
0.661458,0.296875,1.787884
0.671875,0.296875,1.774577
0.682292,0.296875,1.761269
0.692708,0.296875,1.747962
0.703125,0.296875,1.734654
0.713542,0.296875,1.721347
0.723958,0.296875,1.708040
0.734375,0.296875,1.694732
0.744792,0.296875,1.681425
0.755208,0.296875,1.660007
0.765625,0.296875,1.630479
0.776042,0.296875,1.600951
0.786458,0.296875,1.571423
0.796875,0.296875,1.541895
0.807292,0.296875,1.512367
0.817708,0.296875,1.482839
0.828125,0.296875,1.453311
0.838542,0.296875,1.423783
0.848958,0.296875,1.394255
0.859375,0.296875,1.364727
0.869792,0.296875,1.335199
0.880208,0.296875,1.305671
0.890625,0.296875,1.276143
0.901042,0.296875,1.246615
0.911458,0.296875,1.217087
0.921875,0.296875,1.187559
0.932292,0.296875,1.158031
0.942708,0.296875,1.128503
0.953125,0.296875,1.098975
0.963542,0.296875,1.069447
0.973958,0.296875,1.039919
0.984375,0.296875,1.010391
0.994792,0.296875,0.980863
0.005208,0.307292,-3.031734
0.015625,0.307292,-2.838597
0.026042,0.307292,-2.645459
0.036458,0.307292,-2.452321
0.046875,0.307292,-2.259184
0.057292,0.307292,-2.066046
0.067708,0.307292,-1.872908
0.078125,0.307292,-1.679771
0.088542,0.307292,-1.486633
0.098958,0.307292,-1.293495
0.109375,0.307292,-1.100357
0.119792,0.307292,-0.907220
0.130208,0.307292,-0.714082
0.140625,0.307292,-0.520944
0.151042,0.307292,-0.327807
0.161458,0.307292,-0.134669
0.171875,0.307292,0.058469
0.182292,0.307292,0.251606
0.192708,0.307292,0.444744
0.203125,0.307292,0.637882
0.213542,0.307292,0.831019
0.223958,0.307292,1.024157
0.234375,0.307292,1.217295
0.244792,0.307292,1.410432
0.255208,0.307292,1.523199
0.265625,0.307292,1.555594
0.276042,0.307292,1.587989
0.286458,0.307292,1.620384
0.296875,0.307292,1.652779
0.307292,0.307292,1.685174
0.317708,0.307292,1.717569
0.328125,0.307292,1.749964
0.338542,0.307292,1.782359
0.348958,0.307292,1.814754
0.359375,0.307292,1.847149
0.369792,0.307292,1.879544
0.380208,0.307292,1.902454
0.390625,0.307292,1.915878
0.401042,0.307292,1.929303
0.411458,0.307292,1.942728
0.421875,0.307292,1.956153
0.432292,0.307292,1.969577
0.442708,0.307292,1.983002
0.453125,0.307292,1.996427
0.463542,0.307292,2.009852
0.473958,0.307292,2.023277
0.484375,0.307292,2.036701
0.494792,0.307292,2.050126
0.505208,0.307292,2.048076
0.515625,0.307292,2.030552
0.526042,0.307292,2.013028
0.536458,0.307292,1.995504
0.546875,0.307292,1.977980
0.557292,0.307292,1.960456
0.567708,0.307292,1.942932
0.578125,0.307292,1.925408
0.588542,0.307292,1.907883
0.598958,0.307292,1.890359
0.609375,0.307292,1.872835
0.619792,0.307292,1.855311
0.630208,0.307292,1.837787
0.640625,0.307292,1.820263
0.651042,0.307292,1.802739
0.661458,0.307292,1.785215
0.671875,0.307292,1.767691
0.682292,0.307292,1.750166
0.692708,0.307292,1.732642
0.703125,0.307292,1.715118
0.713542,0.307292,1.697594
0.723958,0.307292,1.680070
0.734375,0.307292,1.662546
0.744792,0.307292,1.645022
0.755208,0.307292,1.624794
0.765625,0.307292,1.601863
0.776042,0.307292,1.578932
0.786458,0.307292,1.556001
0.796875,0.307292,1.533070
0.807292,0.307292,1.510139
0.817708,0.307292,1.487208
0.828125,0.307292,1.464277
0.838542,0.307292,1.441346
0.848958,0.307292,1.418415
0.859375,0.307292,1.395484
0.869792,0.307292,1.372553
0.880208,0.307292,1.349622
0.890625,0.307292,1.326691
0.901042,0.307292,1.303760
0.911458,0.307292,1.280830
0.921875,0.307292,1.257899
0.932292,0.307292,1.234968
0.942708,0.307292,1.212037
0.953125,0.307292,1.189106
0.963542,0.307292,1.166175
0.973958,0.307292,1.143244
0.984375,0.307292,1.120313
0.994792,0.307292,1.097382
0.005208,0.317708,-2.629409
0.015625,0.317708,-2.455092
0.026042,0.317708,-2.280775
0.036458,0.317708,-2.106458
0.046875,0.317708,-1.932141
0.057292,0.317708,-1.757824
0.067708,0.317708,-1.583507
0.078125,0.317708,-1.409191
0.088542,0.317708,-1.234874
0.098958,0.317708,-1.060557
0.109375,0.317708,-0.886240
0.119792,0.317708,-0.711923
0.130208,0.317708,-0.537606
0.140625,0.317708,-0.363289
0.151042,0.317708,-0.188972
0.161458,0.317708,-0.014655
0.171875,0.317708,0.159662
0.182292,0.317708,0.333979
0.192708,0.317708,0.508296
0.203125,0.317708,0.682612
0.213542,0.317708,0.856929
0.223958,0.317708,1.031246
0.234375,0.317708,1.205563
0.244792,0.317708,1.379880
0.255208,0.317708,1.488373
0.265625,0.317708,1.531042
0.276042,0.317708,1.573711
0.286458,0.317708,1.616380
0.296875,0.317708,1.659049
0.307292,0.317708,1.701718
0.317708,0.317708,1.744387
0.328125,0.317708,1.787056
0.338542,0.317708,1.829725
0.348958,0.317708,1.872394
0.359375,0.317708,1.915063
0.369792,0.317708,1.957732
0.380208,0.317708,1.984236
0.390625,0.317708,1.994575
0.401042,0.317708,2.004914
0.411458,0.317708,2.015253
0.421875,0.317708,2.025591
0.432292,0.317708,2.035930
0.442708,0.317708,2.046269
0.453125,0.317708,2.056608
0.463542,0.317708,2.066947
0.473958,0.317708,2.077285
0.484375,0.317708,2.087624
0.494792,0.317708,2.097963
0.505208,0.317708,2.093889
0.515625,0.317708,2.075401
0.526042,0.317708,2.056913
0.536458,0.317708,2.038425
0.546875,0.317708,2.019937
0.557292,0.317708,2.001449
0.567708,0.317708,1.982961
0.578125,0.317708,1.964473
0.588542,0.317708,1.945985
0.598958,0.317708,1.927497
0.609375,0.317708,1.909009
0.619792,0.317708,1.890521
0.630208,0.317708,1.871894
0.640625,0.317708,1.853129
0.651042,0.317708,1.834364
0.661458,0.317708,1.815599
0.671875,0.317708,1.796834
0.682292,0.317708,1.778069
0.692708,0.317708,1.759304
0.703125,0.317708,1.740539
0.713542,0.317708,1.721774
0.723958,0.317708,1.703009
0.734375,0.317708,1.684243
0.744792,0.317708,1.665478
0.755208,0.317708,1.646713
0.765625,0.317708,1.627948
0.776042,0.317708,1.609183
0.786458,0.317708,1.590418
0.796875,0.317708,1.571653
0.807292,0.317708,1.552888
0.817708,0.317708,1.534123
0.828125,0.317708,1.515358
0.838542,0.317708,1.496593
0.848958,0.317708,1.477827
0.859375,0.317708,1.459062
0.869792,0.317708,1.440297
0.880208,0.317708,1.421532
0.890625,0.317708,1.402767
0.901042,0.317708,1.384002
0.911458,0.317708,1.365237
0.921875,0.317708,1.346472
0.932292,0.317708,1.327707
0.942708,0.317708,1.308942
0.953125,0.317708,1.290176
0.963542,0.317708,1.271411
0.973958,0.317708,1.252646
0.984375,0.317708,1.233881
0.994792,0.317708,1.215116
0.005208,0.328125,-1.824305
0.015625,0.328125,-1.689685
0.026042,0.328125,-1.555065
0.036458,0.328125,-1.420445
0.046875,0.328125,-1.285825
0.057292,0.328125,-1.151205
0.067708,0.328125,-1.016586
0.078125,0.328125,-0.881966
0.088542,0.328125,-0.747346
0.098958,0.328125,-0.612726
0.109375,0.328125,-0.478106
0.119792,0.328125,-0.343486
0.130208,0.328125,-0.208866
0.140625,0.328125,-0.074247
0.151042,0.328125,0.060373
0.161458,0.328125,0.194993
0.171875,0.328125,0.329613
0.182292,0.328125,0.464233
0.192708,0.328125,0.598853
0.203125,0.328125,0.733472
0.213542,0.328125,0.868092
0.223958,0.328125,1.002712
0.234375,0.328125,1.137332
0.244792,0.328125,1.271952
0.255208,0.328125,1.365819
0.265625,0.328125,1.418932
0.276042,0.328125,1.472046
0.286458,0.328125,1.525160
0.296875,0.328125,1.578273
0.307292,0.328125,1.631387
0.317708,0.328125,1.684501
0.328125,0.328125,1.737614
0.338542,0.328125,1.790728
0.348958,0.328125,1.843842
0.359375,0.328125,1.896956
0.369792,0.328125,1.950069
0.380208,0.328125,1.983143
0.390625,0.328125,1.996177
0.401042,0.328125,2.009211
0.411458,0.328125,2.022244
0.421875,0.328125,2.035278
0.432292,0.328125,2.048312
0.442708,0.328125,2.061346
0.453125,0.328125,2.074379
0.463542,0.328125,2.087413
0.473958,0.328125,2.100447
0.484375,0.328125,2.113481
0.494792,0.328125,2.126514
0.505208,0.328125,2.124932
0.515625,0.328125,2.108733
0.526042,0.328125,2.092534
0.536458,0.328125,2.076335
0.546875,0.328125,2.060136
0.557292,0.328125,2.043937
0.567708,0.328125,2.027738
0.578125,0.328125,2.011539
0.588542,0.328125,1.995340
0.598958,0.328125,1.979141
0.609375,0.328125,1.962942
0.619792,0.328125,1.946743
0.630208,0.328125,1.930129
0.640625,0.328125,1.913098
0.651042,0.328125,1.896068
0.661458,0.328125,1.879037
0.671875,0.328125,1.862007
0.682292,0.328125,1.844977
0.692708,0.328125,1.827946
0.703125,0.328125,1.810916
0.713542,0.328125,1.793886
0.723958,0.328125,1.776855
0.734375,0.328125,1.759825
0.744792,0.328125,1.742795
0.755208,0.328125,1.725764
0.765625,0.328125,1.708734
0.776042,0.328125,1.691704
0.786458,0.328125,1.674673
0.796875,0.328125,1.657643
0.807292,0.328125,1.640612
0.817708,0.328125,1.623582
0.828125,0.328125,1.606552
0.838542,0.328125,1.589521
0.848958,0.328125,1.572491
0.859375,0.328125,1.555461
0.869792,0.328125,1.538430
0.880208,0.328125,1.521400
0.890625,0.328125,1.504370
0.901042,0.328125,1.487339
0.911458,0.328125,1.470309
0.921875,0.328125,1.453279
0.932292,0.328125,1.436248
0.942708,0.328125,1.419218
0.953125,0.328125,1.402188
0.963542,0.328125,1.385157
0.973958,0.328125,1.368127
0.984375,0.328125,1.351096
0.994792,0.328125,1.334066
0.005208,0.338542,-2.441766
0.015625,0.338542,-2.274809
0.026042,0.338542,-2.107852
0.036458,0.338542,-1.940895
0.046875,0.338542,-1.773938
0.057292,0.338542,-1.606981
0.067708,0.338542,-1.440024
0.078125,0.338542,-1.273067
0.088542,0.338542,-1.106111
0.098958,0.338542,-0.939154
0.109375,0.338542,-0.772197
0.119792,0.338542,-0.605240
0.130208,0.338542,-0.438283
0.140625,0.338542,-0.271326
0.151042,0.338542,-0.104369
0.161458,0.338542,0.062587
0.171875,0.338542,0.229544
0.182292,0.338542,0.396501
0.192708,0.338542,0.563458
0.203125,0.338542,0.730415
0.213542,0.338542,0.897372
0.223958,0.338542,1.064329
0.234375,0.338542,1.231286
0.244792,0.338542,1.398242
0.255208,0.338542,1.502240
0.265625,0.338542,1.543279
0.276042,0.338542,1.584318
0.286458,0.338542,1.625356
0.296875,0.338542,1.666395
0.307292,0.338542,1.707434
0.317708,0.338542,1.748473
0.328125,0.338542,1.789511
0.338542,0.338542,1.830550
0.348958,0.338542,1.871589
0.359375,0.338542,1.912627
0.369792,0.338542,1.953666
0.380208,0.338542,1.982050
0.390625,0.338542,1.997779
0.401042,0.338542,2.013507
0.411458,0.338542,2.029236
0.421875,0.338542,2.044965
0.432292,0.338542,2.060693
0.442708,0.338542,2.076422
0.453125,0.338542,2.092151
0.463542,0.338542,2.107880
0.473958,0.338542,2.123608
0.484375,0.338542,2.139337
0.494792,0.338542,2.155066
0.505208,0.338542,2.155975
0.515625,0.338542,2.142065
0.526042,0.338542,2.128155
0.536458,0.338542,2.114245
0.546875,0.338542,2.100335
0.557292,0.338542,2.086425
0.567708,0.338542,2.072515
0.578125,0.338542,2.058605
0.588542,0.338542,2.044695
0.598958,0.338542,2.030785
0.609375,0.338542,2.016875
0.619792,0.338542,2.002966
0.630208,0.338542,1.988363
0.640625,0.338542,1.973067
0.651042,0.338542,1.957771
0.661458,0.338542,1.942476
0.671875,0.338542,1.927180
0.682292,0.338542,1.911885
0.692708,0.338542,1.896589
0.703125,0.338542,1.881293
0.713542,0.338542,1.865998
0.723958,0.338542,1.850702
0.734375,0.338542,1.835407
0.744792,0.338542,1.820111
0.755208,0.338542,1.804815
0.765625,0.338542,1.789520
0.776042,0.338542,1.774224
0.786458,0.338542,1.758928
0.796875,0.338542,1.743633
0.807292,0.338542,1.728337
0.817708,0.338542,1.713042
0.828125,0.338542,1.697746
0.838542,0.338542,1.682450
0.848958,0.338542,1.667155
0.859375,0.338542,1.651859
0.869792,0.338542,1.636563
0.880208,0.338542,1.621268
0.890625,0.338542,1.605972
0.901042,0.338542,1.590677
0.911458,0.338542,1.575381
0.921875,0.338542,1.560085
0.932292,0.338542,1.544790
0.942708,0.338542,1.529494
0.953125,0.338542,1.514199
0.963542,0.338542,1.498903
0.973958,0.338542,1.483607
0.984375,0.338542,1.468312
0.994792,0.338542,1.453016
0.005208,0.348958,-2.703899
0.015625,0.348958,-2.523240
0.026042,0.348958,-2.342581
0.036458,0.348958,-2.161923
0.046875,0.348958,-1.981264
0.057292,0.348958,-1.800605
0.067708,0.348958,-1.619947
0.078125,0.348958,-1.439288
0.088542,0.348958,-1.258629
0.098958,0.348958,-1.077971
0.109375,0.348958,-0.897312
0.119792,0.348958,-0.716653
0.130208,0.348958,-0.535995
0.140625,0.348958,-0.355336
0.151042,0.348958,-0.174677
0.161458,0.348958,0.005982
0.171875,0.348958,0.186640
0.182292,0.348958,0.367299
0.192708,0.348958,0.547958
0.203125,0.348958,0.728616
0.213542,0.348958,0.909275
0.223958,0.348958,1.089934
0.234375,0.348958,1.270592
0.244792,0.348958,1.451251
0.255208,0.348958,1.559324
0.265625,0.348958,1.594811
0.276042,0.348958,1.630298
0.286458,0.348958,1.665785
0.296875,0.348958,1.701272
0.307292,0.348958,1.736759
0.317708,0.348958,1.772246
0.328125,0.348958,1.807733
0.338542,0.348958,1.843221
0.348958,0.348958,1.878708
0.359375,0.348958,1.914195
0.369792,0.348958,1.949682
0.380208,0.348958,1.979194
0.390625,0.348958,2.002731
0.401042,0.348958,2.026268
0.411458,0.348958,2.049805
0.421875,0.348958,2.073342
0.432292,0.348958,2.096879
0.442708,0.348958,2.120416
0.453125,0.348958,2.143953
0.463542,0.348958,2.167491
0.473958,0.348958,2.191028
0.484375,0.348958,2.214565
0.494792,0.348958,2.238102
0.505208,0.348958,2.241683
0.515625,0.348958,2.225309
0.526042,0.348958,2.208934
0.536458,0.348958,2.192560
0.546875,0.348958,2.176185
0.557292,0.348958,2.159811
0.567708,0.348958,2.143437
0.578125,0.348958,2.127062
0.588542,0.348958,2.110688
0.598958,0.348958,2.094313
0.609375,0.348958,2.077939
0.619792,0.348958,2.061565
0.630208,0.348958,2.046597
0.640625,0.348958,2.033036
0.651042,0.348958,2.019475
0.661458,0.348958,2.005914
0.671875,0.348958,1.992353
0.682292,0.348958,1.978792
0.692708,0.348958,1.965232
0.703125,0.348958,1.951671
0.713542,0.348958,1.938110
0.723958,0.348958,1.924549
0.734375,0.348958,1.910988
0.744792,0.348958,1.897427
0.755208,0.348958,1.883866
0.765625,0.348958,1.870305
0.776042,0.348958,1.856745
0.786458,0.348958,1.843184
0.796875,0.348958,1.829623
0.807292,0.348958,1.816062
0.817708,0.348958,1.802501
0.828125,0.348958,1.788940
0.838542,0.348958,1.775379
0.848958,0.348958,1.761818
0.859375,0.348958,1.748257
0.869792,0.348958,1.734697
0.880208,0.348958,1.721136
0.890625,0.348958,1.707575
0.901042,0.348958,1.694014
0.911458,0.348958,1.680453
0.921875,0.348958,1.666892
0.932292,0.348958,1.653331
0.942708,0.348958,1.639770
0.953125,0.348958,1.626210
0.963542,0.348958,1.612649
0.973958,0.348958,1.599088
0.984375,0.348958,1.585527
0.994792,0.348958,1.571966
0.005208,0.359375,-2.610704
0.015625,0.359375,-2.434978
0.026042,0.359375,-2.259253
0.036458,0.359375,-2.083528
0.046875,0.359375,-1.907803
0.057292,0.359375,-1.732077
0.067708,0.359375,-1.556352
0.078125,0.359375,-1.380627
0.088542,0.359375,-1.204902
0.098958,0.359375,-1.029176
0.109375,0.359375,-0.853451
0.119792,0.359375,-0.677726
0.130208,0.359375,-0.502001
0.140625,0.359375,-0.326275
0.151042,0.359375,-0.150550
0.161458,0.359375,0.025175
0.171875,0.359375,0.200900
0.182292,0.359375,0.376626
0.192708,0.359375,0.552351
0.203125,0.359375,0.728076
0.213542,0.359375,0.903802
0.223958,0.359375,1.079527
0.234375,0.359375,1.255252
0.244792,0.359375,1.430977
0.255208,0.359375,1.537069
0.265625,0.359375,1.573528
0.276042,0.359375,1.609987
0.286458,0.359375,1.646446
0.296875,0.359375,1.682905
0.307292,0.359375,1.719363
0.317708,0.359375,1.755822
0.328125,0.359375,1.792281
0.338542,0.359375,1.828740
0.348958,0.359375,1.865199
0.359375,0.359375,1.901658
0.369792,0.359375,1.938116
0.380208,0.359375,1.974575
0.390625,0.359375,2.011034
0.401042,0.359375,2.047493
0.411458,0.359375,2.083952
0.421875,0.359375,2.120411
0.432292,0.359375,2.156869
0.442708,0.359375,2.193328
0.453125,0.359375,2.229787
0.463542,0.359375,2.266246
0.473958,0.359375,2.302705
0.484375,0.359375,2.339164
0.494792,0.359375,2.375622
0.505208,0.359375,2.382056
0.515625,0.359375,2.358463
0.526042,0.359375,2.334871
0.536458,0.359375,2.311279
0.546875,0.359375,2.287686
0.557292,0.359375,2.264094
0.567708,0.359375,2.240502
0.578125,0.359375,2.216910
0.588542,0.359375,2.193317
0.598958,0.359375,2.169725
0.609375,0.359375,2.146133
0.619792,0.359375,2.122540
0.630208,0.359375,2.104831
0.640625,0.359375,2.093005
0.651042,0.359375,2.081179
0.661458,0.359375,2.069353
0.671875,0.359375,2.057526
0.682292,0.359375,2.045700
0.692708,0.359375,2.033874
0.703125,0.359375,2.022048
0.713542,0.359375,2.010222
0.723958,0.359375,1.998396
0.734375,0.359375,1.986570
0.744792,0.359375,1.974743
0.755208,0.359375,1.962917
0.765625,0.359375,1.951091
0.776042,0.359375,1.939265
0.786458,0.359375,1.927439
0.796875,0.359375,1.915613
0.807292,0.359375,1.903787
0.817708,0.359375,1.891960
0.828125,0.359375,1.880134
0.838542,0.359375,1.868308
0.848958,0.359375,1.856482
0.859375,0.359375,1.844656
0.869792,0.359375,1.832830
0.880208,0.359375,1.821004
0.890625,0.359375,1.809177
0.901042,0.359375,1.797351
0.911458,0.359375,1.785525
0.921875,0.359375,1.773699
0.932292,0.359375,1.761873
0.942708,0.359375,1.750047
0.953125,0.359375,1.738221
0.963542,0.359375,1.726394
0.973958,0.359375,1.714568
0.984375,0.359375,1.702742
0.994792,0.359375,1.690916
0.005208,0.369792,-5.028323
0.015625,0.369792,-4.852315
0.026042,0.369792,-4.676308
0.036458,0.369792,-4.500300
0.046875,0.369792,-4.324293
0.057292,0.369792,-4.148285
0.067708,0.369792,-3.765491
0.078125,0.369792,-3.175910
0.088542,0.369792,-2.586329
0.098958,0.369792,-1.996748
0.109375,0.369792,-1.407167
0.119792,0.369792,-0.817586
0.130208,0.369792,-0.436124
0.140625,0.369792,-0.262782
0.151042,0.369792,-0.089439
0.161458,0.369792,0.083903
0.171875,0.369792,0.257246
0.182292,0.369792,0.430588
0.192708,0.369792,0.603930
0.203125,0.369792,0.777273
0.213542,0.369792,0.950615
0.223958,0.369792,1.123958
0.234375,0.369792,1.297300
0.244792,0.369792,1.470643
0.255208,0.369792,1.573542
0.265625,0.369792,1.605999
0.276042,0.369792,1.638455
0.286458,0.369792,1.670912
0.296875,0.369792,1.703369
0.307292,0.369792,1.735825
0.317708,0.369792,1.768282
0.328125,0.369792,1.800738
0.338542,0.369792,1.833195
0.348958,0.369792,1.865652
0.359375,0.369792,1.898108
0.369792,0.369792,1.930565
0.380208,0.369792,1.963021
0.390625,0.369792,1.995478
0.401042,0.369792,2.027935
0.411458,0.369792,2.060391
0.421875,0.369792,2.092848
0.432292,0.369792,2.125305
0.442708,0.369792,2.157761
0.453125,0.369792,2.190218
0.463542,0.369792,2.222674
0.473958,0.369792,2.255131
0.484375,0.369792,2.287588
0.494792,0.369792,2.320044
0.505208,0.369792,2.329266
0.515625,0.369792,2.315252
0.526042,0.369792,2.301239
0.536458,0.369792,2.287225
0.546875,0.369792,2.273212
0.557292,0.369792,2.259198
0.567708,0.369792,2.245185
0.578125,0.369792,2.231172
0.588542,0.369792,2.217158
0.598958,0.369792,2.203145
0.609375,0.369792,2.189131
0.619792,0.369792,2.175118
0.630208,0.369792,2.163065
0.640625,0.369792,2.152974
0.651042,0.369792,2.142882
0.661458,0.369792,2.132791
0.671875,0.369792,2.122700
0.682292,0.369792,2.112608
0.692708,0.369792,2.102517
0.703125,0.369792,2.092425
0.713542,0.369792,2.082334
0.723958,0.369792,2.072243
0.734375,0.369792,2.062151
0.744792,0.369792,2.052060
0.755208,0.369792,2.041968
0.765625,0.369792,2.031877
0.776042,0.369792,2.021786
0.786458,0.369792,2.011694
0.796875,0.369792,2.001603
0.807292,0.369792,1.991511
0.817708,0.369792,1.981420
0.828125,0.369792,1.971329
0.838542,0.369792,1.961237
0.848958,0.369792,1.951146
0.859375,0.369792,1.941054
0.869792,0.369792,1.930963
0.880208,0.369792,1.920871
0.890625,0.369792,1.910780
0.901042,0.369792,1.900689
0.911458,0.369792,1.890597
0.921875,0.369792,1.880506
0.932292,0.369792,1.870414
0.942708,0.369792,1.860323
0.953125,0.369792,1.850232
0.963542,0.369792,1.840140
0.973958,0.369792,1.830049
0.984375,0.369792,1.819957
0.994792,0.369792,1.809866
0.005208,0.380208,-2.112825
0.015625,0.380208,-1.962611
0.026042,0.380208,-1.812398
0.036458,0.380208,-1.662184
0.046875,0.380208,-1.511970
0.057292,0.380208,-1.361756
0.067708,0.380208,-1.211543
0.078125,0.380208,-1.061329
0.088542,0.380208,-0.911115
0.098958,0.380208,-0.760901
0.109375,0.380208,-0.610687
0.119792,0.380208,-0.460474
0.130208,0.380208,-0.310260
0.140625,0.380208,-0.160046
0.151042,0.380208,-0.009832
0.161458,0.380208,0.140381
0.171875,0.380208,0.290595
0.182292,0.380208,0.440809
0.192708,0.380208,0.591023
0.203125,0.380208,0.741237
0.213542,0.380208,0.891450
0.223958,0.380208,1.041664
0.234375,0.380208,1.191878
0.244792,0.380208,1.342092
0.255208,0.380208,1.452624
0.265625,0.380208,1.523474
0.276042,0.380208,1.594325
0.286458,0.380208,1.665175
0.296875,0.380208,1.736025
0.307292,0.380208,1.806876
0.317708,0.380208,1.877726
0.328125,0.380208,1.948576
0.338542,0.380208,2.019427
0.348958,0.380208,2.090277
0.359375,0.380208,2.161128
0.369792,0.380208,2.231978
0.380208,0.380208,2.302828
0.390625,0.380208,2.373679
0.401042,0.380208,2.444529
0.411458,0.380208,2.515380
0.421875,0.380208,2.586230
0.432292,0.380208,2.657080
0.442708,0.380208,2.727931
0.453125,0.380208,2.798781
0.463542,0.380208,2.869631
0.473958,0.380208,2.940482
0.484375,0.380208,3.011332
0.494792,0.380208,3.082183
0.505208,0.380208,3.046962
0.515625,0.380208,2.905671
0.526042,0.380208,2.764380
0.536458,0.380208,2.623089
0.546875,0.380208,2.481798
0.557292,0.380208,2.340507
0.567708,0.380208,2.266051
0.578125,0.380208,2.258431
0.588542,0.380208,2.250811
0.598958,0.380208,2.243191
0.609375,0.380208,2.235570
0.619792,0.380208,2.227950
0.630208,0.380208,2.219825
0.640625,0.380208,2.211193
0.651042,0.380208,2.202562
0.661458,0.380208,2.193931
0.671875,0.380208,2.185300
0.682292,0.380208,2.176668
0.692708,0.380208,2.168037
0.703125,0.380208,2.159406
0.713542,0.380208,2.150775
0.723958,0.380208,2.142143
0.734375,0.380208,2.133512
0.744792,0.380208,2.124881
0.755208,0.380208,2.116484
0.765625,0.380208,2.108321
0.776042,0.380208,2.100159
0.786458,0.380208,2.091996
0.796875,0.380208,2.083833
0.807292,0.380208,2.075671
0.817708,0.380208,2.067508
0.828125,0.380208,2.059345
0.838542,0.380208,2.051183
0.848958,0.380208,2.043020
0.859375,0.380208,2.034857
0.869792,0.380208,2.026695
0.880208,0.380208,2.018531
0.890625,0.380208,2.010366
0.901042,0.380208,2.002202
0.911458,0.380208,1.994037
0.921875,0.380208,1.985872
0.932292,0.380208,1.977708
0.942708,0.380208,1.969543
0.953125,0.380208,1.961378
0.963542,0.380208,1.953214
0.973958,0.380208,1.945049
0.984375,0.380208,1.936885
0.994792,0.380208,1.928720
0.005208,0.390625,-3.743266
0.015625,0.390625,-3.509214
0.026042,0.390625,-3.275162
0.036458,0.390625,-3.041110
0.046875,0.390625,-2.807057
0.057292,0.390625,-2.573005
0.067708,0.390625,-2.338953
0.078125,0.390625,-2.104901
0.088542,0.390625,-1.870849
0.098958,0.390625,-1.636797
0.109375,0.390625,-1.402745
0.119792,0.390625,-1.168693
0.130208,0.390625,-0.934641
0.140625,0.390625,-0.700588
0.151042,0.390625,-0.466536
0.161458,0.390625,-0.232484
0.171875,0.390625,0.001568
0.182292,0.390625,0.235620
0.192708,0.390625,0.469672
0.203125,0.390625,0.703724
0.213542,0.390625,0.937776
0.223958,0.390625,1.171828
0.234375,0.390625,1.405880
0.244792,0.390625,1.639933
0.255208,0.390625,1.749492
0.265625,0.390625,1.734560
0.276042,0.390625,1.719627
0.286458,0.390625,1.704694
0.296875,0.390625,1.689762
0.307292,0.390625,1.674829
0.317708,0.390625,1.659897
0.328125,0.390625,1.644964
0.338542,0.390625,1.630031
0.348958,0.390625,1.615099
0.359375,0.390625,1.600166
0.369792,0.390625,1.585233
0.380208,0.390625,1.570301
0.390625,0.390625,1.555368
0.401042,0.390625,1.540436
0.411458,0.390625,1.525503
0.421875,0.390625,1.510570
0.432292,0.390625,1.495638
0.442708,0.390625,1.480705
0.453125,0.390625,1.465773
0.463542,0.390625,1.450840
0.473958,0.390625,1.435907
0.484375,0.390625,1.420975
0.494792,0.390625,1.406042
0.505208,0.390625,1.517419
0.515625,0.390625,1.755107
0.526042,0.390625,1.992795
0.536458,0.390625,2.143916
0.546875,0.390625,2.208472
0.557292,0.390625,2.273028
0.567708,0.390625,2.303100
0.578125,0.390625,2.298688
0.588542,0.390625,2.294275
0.598958,0.390625,2.289863
0.609375,0.390625,2.285451
0.619792,0.390625,2.281038
0.630208,0.390625,2.275109
0.640625,0.390625,2.267664
0.651042,0.390625,2.260218
0.661458,0.390625,2.252772
0.671875,0.390625,2.245327
0.682292,0.390625,2.237881
0.692708,0.390625,2.230435
0.703125,0.390625,2.222990
0.713542,0.390625,2.215544
0.723958,0.390625,2.208098
0.734375,0.390625,2.200653
0.744792,0.390625,2.193207
0.755208,0.390625,2.186464
0.765625,0.390625,2.180424
0.776042,0.390625,2.174384
0.786458,0.390625,2.168344
0.796875,0.390625,2.162304
0.807292,0.390625,2.156265
0.817708,0.390625,2.150225
0.828125,0.390625,2.144185
0.838542,0.390625,2.138145
0.848958,0.390625,2.132105
0.859375,0.390625,2.126065
0.869792,0.390625,2.120025
0.880208,0.390625,2.113982
0.890625,0.390625,2.107936
0.901042,0.390625,2.101890
0.911458,0.390625,2.095844
0.921875,0.390625,2.089799
0.932292,0.390625,2.083753
0.942708,0.390625,2.077707
0.953125,0.390625,2.071661
0.963542,0.390625,2.065615
0.973958,0.390625,2.059570
0.984375,0.390625,2.053524
0.994792,0.390625,2.047478
0.005208,0.401042,-0.264892
0.015625,0.401042,-0.254160
0.026042,0.401042,-0.243427
0.036458,0.401042,-0.232695
0.046875,0.401042,-0.221963
0.057292,0.401042,-0.211231
0.067708,0.401042,-0.200498
0.078125,0.401042,-0.189766
0.088542,0.401042,-0.179034
0.098958,0.401042,-0.168302
0.109375,0.401042,-0.157569
0.119792,0.401042,-0.146837
0.130208,0.401042,-0.068957
0.140625,0.401042,0.076070
0.151042,0.401042,0.221098
0.161458,0.401042,0.366125
0.171875,0.401042,0.511153
0.182292,0.401042,0.656180
0.192708,0.401042,0.801208
0.203125,0.401042,0.946235
0.213542,0.401042,1.091263
0.223958,0.401042,1.236290
0.234375,0.401042,1.381318
0.244792,0.401042,1.526345
0.255208,0.401042,1.637799
0.265625,0.401042,1.715679
0.276042,0.401042,1.793559
0.286458,0.401042,1.871439
0.296875,0.401042,1.949319
0.307292,0.401042,2.027199
0.317708,0.401042,2.105078
0.328125,0.401042,2.182958
0.338542,0.401042,2.260838
0.348958,0.401042,2.338718
0.359375,0.401042,2.416598
0.369792,0.401042,2.494478
0.380208,0.401042,2.572358
0.390625,0.401042,2.650238
0.401042,0.401042,2.728118
0.411458,0.401042,2.805997
0.421875,0.401042,2.883877
0.432292,0.401042,2.961757
0.442708,0.401042,3.039637
0.453125,0.401042,3.117517
0.463542,0.401042,3.195397
0.473958,0.401042,3.273277
0.484375,0.401042,3.351157
0.494792,0.401042,3.429036
0.505208,0.401042,3.374041
0.515625,0.401042,3.186170
0.526042,0.401042,2.998299
0.536458,0.401042,2.810429
0.546875,0.401042,2.622558
0.557292,0.401042,2.434687
0.567708,0.401042,2.340149
0.578125,0.401042,2.338945
0.588542,0.401042,2.337740
0.598958,0.401042,2.336535
0.609375,0.401042,2.335331
0.619792,0.401042,2.334126
0.630208,0.401042,2.330394
0.640625,0.401042,2.324134
0.651042,0.401042,2.317874
0.661458,0.401042,2.311614
0.671875,0.401042,2.305354
0.682292,0.401042,2.299094
0.692708,0.401042,2.292834
0.703125,0.401042,2.286574
0.713542,0.401042,2.280313
0.723958,0.401042,2.274053
0.734375,0.401042,2.267793
0.744792,0.401042,2.261533
0.755208,0.401042,2.256445
0.765625,0.401042,2.252527
0.776042,0.401042,2.248610
0.786458,0.401042,2.244693
0.796875,0.401042,2.240776
0.807292,0.401042,2.236858
0.817708,0.401042,2.232941
0.828125,0.401042,2.229024
0.838542,0.401042,2.225107
0.848958,0.401042,2.221189
0.859375,0.401042,2.217272
0.869792,0.401042,2.213355
0.880208,0.401042,2.209433
0.890625,0.401042,2.205506
0.901042,0.401042,2.201579
0.911458,0.401042,2.197652
0.921875,0.401042,2.193725
0.932292,0.401042,2.189798
0.942708,0.401042,2.185871
0.953125,0.401042,2.181944
0.963542,0.401042,2.178017
0.973958,0.401042,2.174090
0.984375,0.401042,2.170163
0.994792,0.401042,2.166236
0.005208,0.411458,0.509793
0.015625,0.411458,0.483218
0.026042,0.411458,0.456644
0.036458,0.411458,0.430069
0.046875,0.411458,0.403495
0.057292,0.411458,0.376920
0.067708,0.411458,0.350346
0.078125,0.411458,0.323771
0.088542,0.411458,0.297197
0.098958,0.411458,0.270622
0.109375,0.411458,0.244048
0.119792,0.411458,0.217474
0.130208,0.411458,0.258047
0.140625,0.411458,0.365768
0.151042,0.411458,0.473488
0.161458,0.411458,0.581209
0.171875,0.411458,0.688930
0.182292,0.411458,0.796651
0.192708,0.411458,0.904372
0.203125,0.411458,1.012092
0.213542,0.411458,1.119813
0.223958,0.411458,1.227534
0.234375,0.411458,1.335255
0.244792,0.411458,1.442976
0.255208,0.411458,1.517123
0.265625,0.411458,1.557696
0.276042,0.411458,1.598269
0.286458,0.411458,1.638842
0.296875,0.411458,1.679415
0.307292,0.411458,1.719989
0.317708,0.411458,1.760562
0.328125,0.411458,1.801135
0.338542,0.411458,1.841708
0.348958,0.411458,1.882281
0.359375,0.411458,1.922854
0.369792,0.411458,1.963428
0.380208,0.411458,2.004001
0.390625,0.411458,2.044574
0.401042,0.411458,2.085147
0.411458,0.411458,2.125720
0.421875,0.411458,2.166293
0.432292,0.411458,2.206867
0.442708,0.411458,2.247440
0.453125,0.411458,2.288013
0.463542,0.411458,2.328586
0.473958,0.411458,2.369159
0.484375,0.411458,2.409733
0.494792,0.411458,2.450306
0.505208,0.411458,2.462726
0.515625,0.411458,2.446993
0.526042,0.411458,2.431261
0.536458,0.411458,2.415528
0.546875,0.411458,2.399796
0.557292,0.411458,2.384063
0.567708,0.411458,2.377199
0.578125,0.411458,2.379202
0.588542,0.411458,2.381205
0.598958,0.411458,2.383208
0.609375,0.411458,2.385211
0.619792,0.411458,2.387214
0.630208,0.411458,2.385679
0.640625,0.411458,2.380604
0.651042,0.411458,2.375530
0.661458,0.411458,2.370455
0.671875,0.411458,2.365381
0.682292,0.411458,2.360306
0.692708,0.411458,2.355232
0.703125,0.411458,2.350157
0.713542,0.411458,2.345083
0.723958,0.411458,2.340008
0.734375,0.411458,2.334934
0.744792,0.411458,2.329859
0.755208,0.411458,2.326425
0.765625,0.411458,2.324630
0.776042,0.411458,2.322836
0.786458,0.411458,2.321041
0.796875,0.411458,2.319247
0.807292,0.411458,2.317452
0.817708,0.411458,2.315658
0.828125,0.411458,2.313863
0.838542,0.411458,2.312069
0.848958,0.411458,2.310274
0.859375,0.411458,2.308480
0.869792,0.411458,2.306685
0.880208,0.411458,2.304884
0.890625,0.411458,2.303076
0.901042,0.411458,2.301267
0.911458,0.411458,2.299459
0.921875,0.411458,2.297651
0.932292,0.411458,2.295843
0.942708,0.411458,2.294035
0.953125,0.411458,2.292226
0.963542,0.411458,2.290418
0.973958,0.411458,2.288610
0.984375,0.411458,2.286802
0.994792,0.411458,2.284994
0.005208,0.421875,-3.911562
0.015625,0.421875,-6.390521
0.026042,0.421875,-8.869479
0.036458,0.421875,-8.693661
0.046875,0.421875,-5.863066
0.057292,0.421875,-3.032471
0.067708,0.421875,-1.529264
0.078125,0.421875,-1.353446
0.088542,0.421875,-1.177627
0.098958,0.421875,-1.001809
0.109375,0.421875,-0.825991
0.119792,0.421875,-0.650172
0.130208,0.421875,-0.474354
0.140625,0.421875,-0.298536
0.151042,0.421875,-0.122717
0.161458,0.421875,0.053101
0.171875,0.421875,0.228919
0.182292,0.421875,0.404738
0.192708,0.421875,0.580556
0.203125,0.421875,0.756374
0.213542,0.421875,0.932193
0.223958,0.421875,1.108011
0.234375,0.421875,1.283829
0.244792,0.421875,1.459648
0.255208,0.421875,1.566973
0.265625,0.421875,1.605806
0.276042,0.421875,1.644640
0.286458,0.421875,1.683473
0.296875,0.421875,1.722306
0.307292,0.421875,1.761139
0.317708,0.421875,1.799972
0.328125,0.421875,1.838806
0.338542,0.421875,1.877639
0.348958,0.421875,1.916472
0.359375,0.421875,1.955305
0.369792,0.421875,1.994138
0.380208,0.421875,2.032972
0.390625,0.421875,2.071805
0.401042,0.421875,2.110638
0.411458,0.421875,2.149471
0.421875,0.421875,2.188304
0.432292,0.421875,2.227137
0.442708,0.421875,2.265971
0.453125,0.421875,2.304804
0.463542,0.421875,2.343637
0.473958,0.421875,2.382470
0.484375,0.421875,2.421303
0.494792,0.421875,2.460137
0.505208,0.421875,2.473894
0.515625,0.421875,2.462575
0.526042,0.421875,2.451257
0.536458,0.421875,2.439938
0.546875,0.421875,2.428620
0.557292,0.421875,2.417301
0.567708,0.421875,2.414248
0.578125,0.421875,2.419459
0.588542,0.421875,2.424669
0.598958,0.421875,2.429880
0.609375,0.421875,2.435091
0.619792,0.421875,2.440302
0.630208,0.421875,2.440963
0.640625,0.421875,2.437074
0.651042,0.421875,2.433185
0.661458,0.421875,2.429297
0.671875,0.421875,2.425408
0.682292,0.421875,2.421519
0.692708,0.421875,2.417630
0.703125,0.421875,2.413741
0.713542,0.421875,2.409852
0.723958,0.421875,2.405963
0.734375,0.421875,2.402074
0.744792,0.421875,2.398186
0.755208,0.421875,2.396405
0.765625,0.421875,2.396733
0.776042,0.421875,2.397062
0.786458,0.421875,2.397390
0.796875,0.421875,2.397718
0.807292,0.421875,2.398046
0.817708,0.421875,2.398374
0.828125,0.421875,2.398703
0.838542,0.421875,2.399031
0.848958,0.421875,2.399359
0.859375,0.421875,2.399687
0.869792,0.421875,2.400015
0.880208,0.421875,2.400335
0.890625,0.421875,2.400645
0.901042,0.421875,2.400956
0.911458,0.421875,2.401267
0.921875,0.421875,2.401577
0.932292,0.421875,2.401888
0.942708,0.421875,2.402199
0.953125,0.421875,2.402509
0.963542,0.421875,2.402820
0.973958,0.421875,2.403130
0.984375,0.421875,2.403441
0.994792,0.421875,2.403752
0.005208,0.432292,-3.328431
0.015625,0.432292,-5.159851
0.026042,0.432292,-6.991271
0.036458,0.432292,-6.994995
0.046875,0.432292,-5.171025
0.057292,0.432292,-3.347054
0.067708,0.432292,-2.250484
0.078125,0.432292,-1.881315
0.088542,0.432292,-1.512146
0.098958,0.432292,-1.142977
0.109375,0.432292,-0.773809
0.119792,0.432292,-0.404640
0.130208,0.432292,-0.148194
0.140625,0.432292,-0.004472
0.151042,0.432292,0.139251
0.161458,0.432292,0.282973
0.171875,0.432292,0.426695
0.182292,0.432292,0.570418
0.192708,0.432292,0.714140
0.203125,0.432292,0.857862
0.213542,0.432292,1.001585
0.223958,0.432292,1.145307
0.234375,0.432292,1.289029
0.244792,0.432292,1.432752
0.255208,0.432292,1.536067
0.265625,0.432292,1.598975
0.276042,0.432292,1.661882
0.286458,0.432292,1.724790
0.296875,0.432292,1.787698
0.307292,0.432292,1.850605
0.317708,0.432292,1.913513
0.328125,0.432292,1.976421
0.338542,0.432292,2.039329
0.348958,0.432292,2.102236
0.359375,0.432292,2.165144
0.369792,0.432292,2.228052
0.380208,0.432292,2.262003
0.390625,0.432292,2.266998
0.401042,0.432292,2.271993
0.411458,0.432292,2.276988
0.421875,0.432292,2.281983
0.432292,0.432292,2.286978
0.442708,0.432292,2.316561
0.453125,0.432292,2.370732
0.463542,0.432292,2.424903
0.473958,0.432292,2.479074
0.484375,0.432292,2.533245
0.494792,0.432292,2.587416
0.505208,0.432292,2.600551
0.515625,0.432292,2.572648
0.526042,0.432292,2.544746
0.536458,0.432292,2.516843
0.546875,0.432292,2.488941
0.557292,0.432292,2.461039
0.567708,0.432292,2.451297
0.578125,0.432292,2.459715
0.588542,0.432292,2.468134
0.598958,0.432292,2.476553
0.609375,0.432292,2.484971
0.619792,0.432292,2.493390
0.630208,0.432292,2.496248
0.640625,0.432292,2.493545
0.651042,0.432292,2.490841
0.661458,0.432292,2.488138
0.671875,0.432292,2.485435
0.682292,0.432292,2.482731
0.692708,0.432292,2.480028
0.703125,0.432292,2.477325
0.713542,0.432292,2.474622
0.723958,0.432292,2.471918
0.734375,0.432292,2.469215
0.744792,0.432292,2.466512
0.755208,0.432292,2.466386
0.765625,0.432292,2.468836
0.776042,0.432292,2.471287
0.786458,0.432292,2.473738
0.796875,0.432292,2.476189
0.807292,0.432292,2.478640
0.817708,0.432292,2.481091
0.828125,0.432292,2.483542
0.838542,0.432292,2.485993
0.848958,0.432292,2.488444
0.859375,0.432292,2.490895
0.869792,0.432292,2.493346
0.880208,0.432292,2.495786
0.890625,0.432292,2.498215
0.901042,0.432292,2.500645
0.911458,0.432292,2.503074
0.921875,0.432292,2.505504
0.932292,0.432292,2.507933
0.942708,0.432292,2.510362
0.953125,0.432292,2.512792
0.963542,0.432292,2.515221
0.973958,0.432292,2.517651
0.984375,0.432292,2.520080
0.994792,0.432292,2.522510
0.005208,0.442708,-6.601125
0.015625,0.442708,-6.171263
0.026042,0.442708,-5.741401
0.036458,0.442708,-5.057008
0.046875,0.442708,-4.118082
0.057292,0.442708,-3.179156
0.067708,0.442708,-2.514083
0.078125,0.442708,-2.122860
0.088542,0.442708,-1.731638
0.098958,0.442708,-1.337993
0.109375,0.442708,-0.941925
0.119792,0.442708,-0.545856
0.130208,0.442708,-0.270433
0.140625,0.442708,-0.115655
0.151042,0.442708,0.039123
0.161458,0.442708,0.193901
0.171875,0.442708,0.348679
0.182292,0.442708,0.503457
0.192708,0.442708,0.658235
0.203125,0.442708,0.813013
0.213542,0.442708,0.967791
0.223958,0.442708,1.122569
0.234375,0.442708,1.277347
0.244792,0.442708,1.432125
0.255208,0.442708,1.544513
0.265625,0.442708,1.614511
0.276042,0.442708,1.684509
0.286458,0.442708,1.754507
0.296875,0.442708,1.824506
0.307292,0.442708,1.894504
0.317708,0.442708,1.964502
0.328125,0.442708,2.034500
0.338542,0.442708,2.104498
0.348958,0.442708,2.174496
0.359375,0.442708,2.244494
0.369792,0.442708,2.314492
0.380208,0.442708,2.349343
0.390625,0.442708,2.349047
0.401042,0.442708,2.348751
0.411458,0.442708,2.348455
0.421875,0.442708,2.348159
0.432292,0.442708,2.347863
0.442708,0.442708,2.360591
0.453125,0.442708,2.386345
0.463542,0.442708,2.412098
0.473958,0.442708,2.437851
0.484375,0.442708,2.463605
0.494792,0.442708,2.489358
0.505208,0.442708,2.503481
0.515625,0.442708,2.505974
0.526042,0.442708,2.508467
0.536458,0.442708,2.510960
0.546875,0.442708,2.513452
0.557292,0.442708,2.515945
0.567708,0.442708,2.516908
0.578125,0.442708,2.516339
0.588542,0.442708,2.515771
0.598958,0.442708,2.521621
0.609375,0.442708,2.533889
0.619792,0.442708,2.546157
0.630208,0.442708,2.551532
0.640625,0.442708,2.550015
0.651042,0.442708,2.548497
0.661458,0.442708,2.546979
0.671875,0.442708,2.545462
0.682292,0.442708,2.543944
0.692708,0.442708,2.542426
0.703125,0.442708,2.540909
0.713542,0.442708,2.539391
0.723958,0.442708,2.537873
0.734375,0.442708,2.536356
0.744792,0.442708,2.534838
0.755208,0.442708,2.534679
0.765625,0.442708,2.535880
0.776042,0.442708,2.537081
0.786458,0.442708,2.538282
0.796875,0.442708,2.539482
0.807292,0.442708,2.540683
0.817708,0.442708,2.541884
0.828125,0.442708,2.543085
0.838542,0.442708,2.544285
0.848958,0.442708,2.545486
0.859375,0.442708,2.546687
0.869792,0.442708,2.547887
0.880208,0.442708,2.552448
0.890625,0.442708,2.560370
0.901042,0.442708,2.568291
0.911458,0.442708,2.576212
0.921875,0.442708,2.584133
0.932292,0.442708,2.592054
0.942708,0.442708,2.599975
0.953125,0.442708,2.607896
0.963542,0.442708,2.615818
0.973958,0.442708,2.623739
0.984375,0.442708,2.631660
0.994792,0.442708,2.639581
0.005208,0.453125,-5.595550
0.015625,0.453125,-12.513410
0.026042,0.453125,-7.010658
0.036458,0.453125,-4.132300
0.046875,0.453125,-3.878334
0.057292,0.453125,-2.920144
0.067708,0.453125,-2.261560
0.078125,0.453125,-1.902582
0.088542,0.453125,-1.543604
0.098958,0.453125,-1.184625
0.109375,0.453125,-0.825647
0.119792,0.453125,-0.466669
0.130208,0.453125,-0.210120
0.140625,0.453125,-0.056000
0.151042,0.453125,0.098120
0.161458,0.453125,0.252240
0.171875,0.453125,0.406360
0.182292,0.453125,0.560480
0.192708,0.453125,0.714600
0.203125,0.453125,0.868720
0.213542,0.453125,1.022840
0.223958,0.453125,1.176960
0.234375,0.453125,1.331080
0.244792,0.453125,1.485200
0.255208,0.453125,1.592312
0.265625,0.453125,1.652417
0.276042,0.453125,1.712521
0.286458,0.453125,1.772625
0.296875,0.453125,1.832730
0.307292,0.453125,1.892834
0.317708,0.453125,1.952938
0.328125,0.453125,2.013043
0.338542,0.453125,2.073147
0.348958,0.453125,2.133251
0.359375,0.453125,2.193356
0.369792,0.453125,2.253460
0.380208,0.453125,2.358410
0.390625,0.453125,2.508204
0.401042,0.453125,2.657999
0.411458,0.453125,2.807794
0.421875,0.453125,2.957588
0.432292,0.453125,3.107383
0.442708,0.453125,3.095653
0.453125,0.453125,2.922398
0.463542,0.453125,2.749143
0.473958,0.453125,2.575888
0.484375,0.453125,2.402633
0.494792,0.453125,2.229378
0.505208,0.453125,2.182684
0.515625,0.453125,2.262552
0.526042,0.453125,2.342419
0.536458,0.453125,2.422287
0.546875,0.453125,2.502154
0.557292,0.453125,2.582022
0.567708,0.453125,2.611080
0.578125,0.453125,2.589331
0.588542,0.453125,2.567581
0.598958,0.453125,2.565085
0.609375,0.453125,2.581844
0.619792,0.453125,2.598604
0.630208,0.453125,2.606817
0.640625,0.453125,2.606485
0.651042,0.453125,2.606153
0.661458,0.453125,2.605821
0.671875,0.453125,2.605489
0.682292,0.453125,2.605157
0.692708,0.453125,2.604825
0.703125,0.453125,2.604492
0.713542,0.453125,2.604160
0.723958,0.453125,2.603828
0.734375,0.453125,2.603496
0.744792,0.453125,2.603164
0.755208,0.453125,2.601287
0.765625,0.453125,2.597865
0.776042,0.453125,2.594442
0.786458,0.453125,2.591020
0.796875,0.453125,2.587597
0.807292,0.453125,2.584175
0.817708,0.453125,2.580753
0.828125,0.453125,2.577330
0.838542,0.453125,2.573908
0.848958,0.453125,2.570486
0.859375,0.453125,2.567063
0.869792,0.453125,2.563641
0.880208,0.453125,2.570323
0.890625,0.453125,2.587108
0.901042,0.453125,2.603894
0.911458,0.453125,2.620680
0.921875,0.453125,2.637466
0.932292,0.453125,2.654252
0.942708,0.453125,2.671037
0.953125,0.453125,2.687823
0.963542,0.453125,2.704609
0.973958,0.453125,2.721395
0.984375,0.453125,2.738180
0.994792,0.453125,2.754966
0.005208,0.463542,-3.861417
0.015625,0.463542,-6.768498
0.026042,0.463542,-5.535374
0.036458,0.463542,-4.456482
0.046875,0.463542,-3.531820
0.057292,0.463542,-2.372417
0.067708,0.463542,-1.673166
0.078125,0.463542,-1.434067
0.088542,0.463542,-1.194968
0.098958,0.463542,-0.955869
0.109375,0.463542,-0.716770
0.119792,0.463542,-0.477671
0.130208,0.463542,-0.272715
0.140625,0.463542,-0.101902
0.151042,0.463542,0.068911
0.161458,0.463542,0.239724
0.171875,0.463542,0.410537
0.182292,0.463542,0.581350
0.192708,0.463542,0.752163
0.203125,0.463542,0.922976
0.213542,0.463542,1.093789
0.223958,0.463542,1.264602
0.234375,0.463542,1.435415
0.244792,0.463542,1.606228
0.255208,0.463542,1.699529
0.265625,0.463542,1.715320
0.276042,0.463542,1.731110
0.286458,0.463542,1.746901
0.296875,0.463542,1.762691
0.307292,0.463542,1.778482
0.317708,0.463542,1.794272
0.328125,0.463542,1.810063
0.338542,0.463542,1.825853
0.348958,0.463542,1.841643
0.359375,0.463542,1.857434
0.369792,0.463542,1.873224
0.380208,0.463542,1.903963
0.390625,0.463542,1.949650
0.401042,0.463542,1.995338
0.411458,0.463542,2.041025
0.421875,0.463542,2.086712
0.432292,0.463542,2.132399
0.442708,0.463542,2.124245
0.453125,0.463542,2.062249
0.463542,0.463542,2.000253
0.473958,0.463542,2.038283
0.484375,0.463542,2.176339
0.494792,0.463542,2.314395
0.505208,0.463542,2.350465
0.515625,0.463542,2.284549
0.526042,0.463542,2.218633
0.536458,0.463542,2.252743
0.546875,0.463542,2.386878
0.557292,0.463542,2.521014
0.567708,0.463542,2.589723
0.578125,0.463542,2.593003
0.588542,0.463542,2.596284
0.598958,0.463542,2.608550
0.609375,0.463542,2.629800
0.619792,0.463542,2.651050
0.630208,0.463542,2.662102
0.640625,0.463542,2.662955
0.651042,0.463542,2.663809
0.661458,0.463542,2.664662
0.671875,0.463542,2.665516
0.682292,0.463542,2.666369
0.692708,0.463542,2.667223
0.703125,0.463542,2.668076
0.713542,0.463542,2.668930
0.723958,0.463542,2.669783
0.734375,0.463542,2.670637
0.744792,0.463542,2.671490
0.755208,0.463542,2.667894
0.765625,0.463542,2.659849
0.776042,0.463542,2.651803
0.786458,0.463542,2.643758
0.796875,0.463542,2.635713
0.807292,0.463542,2.627667
0.817708,0.463542,2.619622
0.828125,0.463542,2.611576
0.838542,0.463542,2.603531
0.848958,0.463542,2.595485
0.859375,0.463542,2.587440
0.869792,0.463542,2.579395
0.880208,0.463542,2.588197
0.890625,0.463542,2.613847
0.901042,0.463542,2.639498
0.911458,0.463542,2.665148
0.921875,0.463542,2.690799
0.932292,0.463542,2.716449
0.942708,0.463542,2.742099
0.953125,0.463542,2.767750
0.963542,0.463542,2.793400
0.973958,0.463542,2.819050
0.984375,0.463542,2.844701
0.994792,0.463542,2.870351
0.005208,0.473958,-3.740994
0.015625,0.473958,-4.223043
0.026042,0.473958,-4.780657
0.036458,0.473958,-4.473333
0.046875,0.473958,-3.922200
0.057292,0.473958,-2.142870
0.067708,0.473958,-1.493266
0.078125,0.473958,-1.316482
0.088542,0.473958,-1.048136
0.098958,0.473958,-0.831512
0.109375,0.473958,-0.628427
0.119792,0.473958,-0.457380
0.130208,0.473958,-0.263118
0.140625,0.473958,-0.076024
0.151042,0.473958,0.111069
0.161458,0.473958,0.298162
0.171875,0.473958,0.485255
0.182292,0.473958,0.672349
0.192708,0.473958,0.840813
0.203125,0.473958,0.990648
0.213542,0.473958,1.140484
0.223958,0.473958,1.290319
0.234375,0.473958,1.440155
0.244792,0.473958,1.589990
0.255208,0.473958,1.677149
0.265625,0.473958,1.701631
0.276042,0.473958,1.726114
0.286458,0.473958,1.746657
0.296875,0.473958,1.763260
0.307292,0.473958,1.779864
0.317708,0.473958,1.787505
0.328125,0.473958,1.786184
0.338542,0.473958,1.784864
0.348958,0.473958,1.783543
0.359375,0.473958,1.782223
0.369792,0.473958,1.780902
0.380208,0.473958,1.784399
0.390625,0.473958,1.792714
0.401042,0.473958,1.801028
0.411458,0.473958,1.809343
0.421875,0.473958,1.817657
0.432292,0.473958,1.825972
0.442708,0.473958,1.852657
0.453125,0.473958,1.897713
0.463542,0.473958,1.942769
0.473958,0.473958,1.987825
0.484375,0.473958,2.032882
0.494792,0.473958,2.077938
0.505208,0.473958,2.134830
0.515625,0.473958,2.203559
0.526042,0.473958,2.272288
0.536458,0.473958,2.341016
0.546875,0.473958,2.409745
0.557292,0.473958,2.478474
0.567708,0.473958,2.533889
0.578125,0.473958,2.575991
0.588542,0.473958,2.618092
0.598958,0.473958,2.652014
0.609375,0.473958,2.677755
0.619792,0.473958,2.703496
0.630208,0.473958,2.717386
0.640625,0.473958,2.719425
0.651042,0.473958,2.721464
0.661458,0.473958,2.723504
0.671875,0.473958,2.725543
0.682292,0.473958,2.727582
0.692708,0.473958,2.729621
0.703125,0.473958,2.731660
0.713542,0.473958,2.733699
0.723958,0.473958,2.735738
0.734375,0.473958,2.737777
0.744792,0.473958,2.739816
0.755208,0.473958,2.734502
0.765625,0.473958,2.721833
0.776042,0.473958,2.709165
0.786458,0.473958,2.696496
0.796875,0.473958,2.683828
0.807292,0.473958,2.671159
0.817708,0.473958,2.658491
0.828125,0.473958,2.645822
0.838542,0.473958,2.633154
0.848958,0.473958,2.620485
0.859375,0.473958,2.607817
0.869792,0.473958,2.595148
0.880208,0.473958,2.606071
0.890625,0.473958,2.640586
0.901042,0.473958,2.675101
0.911458,0.473958,2.709616
0.921875,0.473958,2.744131
0.932292,0.473958,2.778646
0.942708,0.473958,2.813161
0.953125,0.473958,2.847676
0.963542,0.473958,2.882191
0.973958,0.473958,2.916706
0.984375,0.473958,2.951221
0.994792,0.473958,2.985736
0.005208,0.484375,-5.234279
0.015625,0.484375,-4.877047
0.026042,0.484375,-4.746508
0.036458,0.484375,-4.182854
0.046875,0.484375,-5.049473
0.057292,0.484375,-2.231504
0.067708,0.484375,-1.721858
0.078125,0.484375,-1.549827
0.088542,0.484375,-1.103108
0.098958,0.484375,-0.811554
0.109375,0.484375,-0.560620
0.119792,0.484375,-0.405798
0.130208,0.484375,-0.181328
0.140625,0.484375,0.021633
0.151042,0.484375,0.224593
0.161458,0.484375,0.427554
0.171875,0.484375,0.630515
0.182292,0.484375,0.833476
0.192708,0.484375,0.980550
0.203125,0.484375,1.071738
0.213542,0.484375,1.162925
0.223958,0.484375,1.254113
0.234375,0.484375,1.345300
0.244792,0.484375,1.436487
0.255208,0.484375,1.525171
0.265625,0.484375,1.611351
0.276042,0.484375,1.697531
0.286458,0.484375,1.771893
0.296875,0.484375,1.834436
0.307292,0.484375,1.896980
0.317708,0.484375,1.932637
0.328125,0.484375,1.941408
0.338542,0.484375,1.950179
0.348958,0.484375,1.958951
0.359375,0.484375,1.967722
0.369792,0.484375,1.976493
0.380208,0.484375,1.999717
0.390625,0.484375,2.037394
0.401042,0.484375,2.075071
0.411458,0.484375,2.112747
0.421875,0.484375,2.150424
0.432292,0.484375,2.188101
0.442708,0.484375,2.280890
0.453125,0.484375,2.428791
0.463542,0.484375,2.576693
0.473958,0.484375,2.724594
0.484375,0.484375,2.872495
0.494792,0.484375,3.020397
0.505208,0.484375,3.036170
0.515625,0.484375,2.919816
0.526042,0.484375,2.803462
0.536458,0.484375,2.687108
0.546875,0.484375,2.570754
0.557292,0.484375,2.454400
0.567708,0.484375,2.443579
0.578125,0.484375,2.538292
0.588542,0.484375,2.633006
0.598958,0.484375,2.695478
0.609375,0.484375,2.725710
0.619792,0.484375,2.755942
0.630208,0.484375,2.772671
0.640625,0.484375,2.775896
0.651042,0.484375,2.779120
0.661458,0.484375,2.782345
0.671875,0.484375,2.785570
0.682292,0.484375,2.788794
0.692708,0.484375,2.792019
0.703125,0.484375,2.795244
0.713542,0.484375,2.798468
0.723958,0.484375,2.801693
0.734375,0.484375,2.804918
0.744792,0.484375,2.808143
0.755208,0.484375,2.801109
0.765625,0.484375,2.783818
0.776042,0.484375,2.766526
0.786458,0.484375,2.749234
0.796875,0.484375,2.731943
0.807292,0.484375,2.714651
0.817708,0.484375,2.697360
0.828125,0.484375,2.680068
0.838542,0.484375,2.662776
0.848958,0.484375,2.645485
0.859375,0.484375,2.628193
0.869792,0.484375,2.610902
0.880208,0.484375,2.623946
0.890625,0.484375,2.667325
0.901042,0.484375,2.710705
0.911458,0.484375,2.754085
0.921875,0.484375,2.797464
0.932292,0.484375,2.840844
0.942708,0.484375,2.884223
0.953125,0.484375,2.927603
0.963542,0.484375,2.970982
0.973958,0.484375,3.014362
0.984375,0.484375,3.057742
0.994792,0.484375,3.101121
0.005208,0.494792,-6.727565
0.015625,0.494792,-5.531051
0.026042,0.494792,-4.712359
0.036458,0.494792,-3.892375
0.046875,0.494792,-3.696581
0.057292,0.494792,-2.320138
0.067708,0.494792,-1.950451
0.078125,0.494792,-1.783172
0.088542,0.494792,-1.158080
0.098958,0.494792,-0.791596
0.109375,0.494792,-0.492812
0.119792,0.494792,-0.354215
0.130208,0.494792,-0.117568
0.140625,0.494792,0.065201
0.151042,0.494792,0.247970
0.161458,0.494792,0.430740
0.171875,0.494792,0.613509
0.182292,0.494792,0.796279
0.192708,0.494792,0.941763
0.203125,0.494792,1.049963
0.213542,0.494792,1.158162
0.223958,0.494792,1.266361
0.234375,0.494792,1.374561
0.244792,0.494792,1.482760
0.255208,0.494792,1.562420
0.265625,0.494792,1.613541
0.276042,0.494792,1.699772
0.286458,0.494792,1.797129
0.296875,0.494792,1.905612
0.307292,0.494792,2.014096
0.317708,0.494792,2.077769
0.328125,0.494792,2.096632
0.338542,0.494792,2.115495
0.348958,0.494792,2.134358
0.359375,0.494792,2.153221
0.369792,0.494792,2.172084
0.380208,0.494792,2.215035
0.390625,0.494792,2.282074
0.401042,0.494792,2.349113
0.411458,0.494792,2.416152
0.421875,0.494792,2.483191
0.432292,0.494792,2.550230
0.442708,0.494792,2.512763
0.453125,0.494792,2.370790
0.463542,0.494792,2.228817
0.473958,0.494792,2.277800
0.484375,0.494792,2.517740
0.494792,0.494792,2.393158
0.505208,0.494792,2.319912
0.515625,0.494792,2.242222
0.526042,0.494792,2.352731
0.536458,0.494792,2.437276
0.546875,0.494792,2.495857
0.557292,0.494792,2.554438
0.567708,0.494792,2.606704
0.578125,0.494792,2.652655
0.588542,0.494792,2.698605
0.598958,0.494792,2.738942
0.609375,0.494792,2.773666
0.619792,0.494792,2.808389
0.630208,0.494792,2.827956
0.640625,0.494792,2.832366
0.651042,0.494792,2.836776
0.661458,0.494792,2.841186
0.671875,0.494792,2.845597
0.682292,0.494792,2.850007
0.692708,0.494792,2.854417
0.703125,0.494792,2.858828
0.713542,0.494792,2.863238
0.723958,0.494792,2.867648
0.734375,0.494792,2.872058
0.744792,0.494792,2.876469
0.755208,0.494792,2.867717
0.765625,0.494792,2.845802
0.776042,0.494792,2.823887
0.786458,0.494792,2.801973
0.796875,0.494792,2.780058
0.807292,0.494792,2.758143
0.817708,0.494792,2.736229
0.828125,0.494792,2.714314
0.838542,0.494792,2.692399
0.848958,0.494792,2.670485
0.859375,0.494792,2.648570
0.869792,0.494792,2.626655
0.880208,0.494792,2.641820
0.890625,0.494792,2.694064
0.901042,0.494792,2.746309
0.911458,0.494792,2.798553
0.921875,0.494792,2.850797
0.932292,0.494792,2.903041
0.942708,0.494792,2.955285
0.953125,0.494792,3.007530
0.963542,0.494792,3.059774
0.973958,0.494792,3.112018
0.984375,0.494792,3.164262
0.994792,0.494792,3.216506
0.005208,0.505208,-7.176717
0.015625,0.505208,-5.680254
0.026042,0.505208,-4.568436
0.036458,0.505208,-3.654388
0.046875,0.505208,-2.951351
0.057292,0.505208,-2.311152
0.067708,0.505208,-2.009213
0.078125,0.505208,-1.830095
0.088542,0.505208,-1.158127
0.098958,0.505208,-0.759241
0.109375,0.505208,-0.445047
0.119792,0.505208,-0.317798
0.130208,0.505208,-0.084128
0.140625,0.505208,0.093484
0.151042,0.505208,0.271095
0.161458,0.505208,0.448707
0.171875,0.505208,0.626318
0.182292,0.505208,0.803930
0.192708,0.505208,0.836214
0.203125,0.505208,0.723170
0.213542,0.505208,0.610126
0.223958,0.505208,0.739918
0.234375,0.505208,1.112545
0.244792,0.505208,1.415259
0.255208,0.505208,1.560308
0.265625,0.505208,1.547694
0.276042,0.505208,1.653093
0.286458,0.505208,1.760975
0.296875,0.505208,1.871339
0.307292,0.505208,1.981703
0.317708,0.505208,2.057996
0.328125,0.505208,2.100218
0.338542,0.505208,2.142440
0.348958,0.505208,2.184663
0.359375,0.505208,2.226885
0.369792,0.505208,2.269107
0.380208,0.505208,2.328045
0.390625,0.505208,2.403699
0.401042,0.505208,2.479353
0.411458,0.505208,2.555006
0.421875,0.505208,2.630660
0.432292,0.505208,2.706314
0.442708,0.505208,2.652321
0.453125,0.505208,2.468682
0.463542,0.505208,2.285043
0.473958,0.505208,2.483317
0.484375,0.505208,3.063502
0.494792,0.505208,2.914645
0.505208,0.505208,2.765204
0.515625,0.505208,2.503620
0.526042,0.505208,2.618433
0.536458,0.505208,2.681878
0.546875,0.505208,2.693956
0.557292,0.505208,2.706034
0.567708,0.505208,2.720335
0.578125,0.505208,2.736860
0.588542,0.505208,2.753384
0.598958,0.505208,2.779781
0.609375,0.505208,2.816050
0.619792,0.505208,2.852319
0.630208,0.505208,2.872781
0.640625,0.505208,2.877436
0.651042,0.505208,2.882092
0.661458,0.505208,2.886747
0.671875,0.505208,2.891402
0.682292,0.505208,2.896058
0.692708,0.505208,2.901495
0.703125,0.505208,2.907715
0.713542,0.505208,2.913935
0.723958,0.505208,2.920154
0.734375,0.505208,2.926374
0.744792,0.505208,2.932594
0.755208,0.505208,2.925411
0.765625,0.505208,2.904827
0.776042,0.505208,2.884243
0.786458,0.505208,2.862502
0.796875,0.505208,2.839605
0.807292,0.505208,2.816708
0.817708,0.505208,2.794235
0.828125,0.505208,2.772187
0.838542,0.505208,2.750139
0.848958,0.505208,2.727633
0.859375,0.505208,2.704669
0.869792,0.505208,2.681705
0.880208,0.505208,2.698650
0.890625,0.505208,2.755503
0.901042,0.505208,2.812355
0.911458,0.505208,2.869208
0.921875,0.505208,2.926061
0.932292,0.505208,2.982913
0.942708,0.505208,3.038121
0.953125,0.505208,3.091682
0.963542,0.505208,3.145244
0.973958,0.505208,3.198806
0.984375,0.505208,3.252368
0.994792,0.505208,3.305930
0.005208,0.515625,-6.581736
0.015625,0.515625,-5.324657
0.026042,0.515625,-4.314740
0.036458,0.515625,-3.468891
0.046875,0.515625,-2.813784
0.057292,0.515625,-2.204546
0.067708,0.515625,-1.898144
0.078125,0.515625,-1.690597
0.088542,0.515625,-1.103250
0.098958,0.515625,-0.714489
0.109375,0.515625,-0.417323
0.119792,0.515625,-0.296549
0.130208,0.515625,-0.081007
0.140625,0.515625,0.106480
0.151042,0.515625,0.293968
0.161458,0.515625,0.481455
0.171875,0.515625,0.668942
0.182292,0.515625,0.856429
0.192708,0.515625,0.996327
0.203125,0.515625,1.088636
0.213542,0.515625,1.180945
0.223958,0.515625,1.273255
0.234375,0.515625,1.365564
0.244792,0.515625,1.457873
0.255208,0.515625,1.524912
0.265625,0.515625,1.566683
0.276042,0.515625,1.608453
0.286458,0.515625,1.663431
0.296875,0.515625,1.731616
0.307292,0.515625,1.799801
0.317708,0.515625,1.873317
0.328125,0.515625,1.952166
0.338542,0.515625,2.031015
0.348958,0.515625,2.109864
0.359375,0.515625,2.188712
0.369792,0.515625,2.267561
0.380208,0.515625,2.338746
0.390625,0.515625,2.402267
0.401042,0.515625,2.465789
0.411458,0.515625,2.529310
0.421875,0.515625,2.592831
0.432292,0.515625,2.656352
0.442708,0.515625,2.683354
0.453125,0.515625,2.673835
0.463542,0.515625,2.664316
0.473958,0.515625,2.654798
0.484375,0.515625,2.645279
0.494792,0.515625,2.635760
0.505208,0.515625,2.642681
0.515625,0.515625,2.666043
0.526042,0.515625,2.689404
0.536458,0.515625,2.714447
0.546875,0.515625,2.741171
0.557292,0.515625,2.767895
0.567708,0.515625,2.784474
0.578125,0.515625,2.790907
0.588542,0.515625,2.797341
0.598958,0.515625,2.817993
0.609375,0.515625,2.852862
0.619792,0.515625,2.887732
0.630208,0.515625,2.907146
0.640625,0.515625,2.911107
0.651042,0.515625,2.915067
0.661458,0.515625,2.919027
0.671875,0.515625,2.922987
0.682292,0.515625,2.926947
0.692708,0.515625,2.933253
0.703125,0.515625,2.941906
0.713542,0.515625,2.950559
0.723958,0.515625,2.959212
0.734375,0.515625,2.967864
0.744792,0.515625,2.976517
0.755208,0.515625,2.974193
0.765625,0.515625,2.960893
0.776042,0.515625,2.947593
0.786458,0.515625,2.930823
0.796875,0.515625,2.910584
0.807292,0.515625,2.890345
0.817708,0.515625,2.871379
0.828125,0.515625,2.853687
0.838542,0.515625,2.835995
0.848958,0.515625,2.816929
0.859375,0.515625,2.796491
0.869792,0.515625,2.776052
0.880208,0.515625,2.794435
0.890625,0.515625,2.851640
0.901042,0.515625,2.908845
0.911458,0.515625,2.966050
0.921875,0.515625,3.023255
0.932292,0.515625,3.080460
0.942708,0.515625,3.132729
0.953125,0.515625,3.180062
0.963542,0.515625,3.227394
0.973958,0.515625,3.274727
0.984375,0.515625,3.322059
0.994792,0.515625,3.369391
0.005208,0.526042,-5.986755
0.015625,0.526042,-4.969061
0.026042,0.526042,-4.061044
0.036458,0.526042,-3.283395
0.046875,0.526042,-2.676216
0.057292,0.526042,-2.097941
0.067708,0.526042,-1.787074
0.078125,0.526042,-1.551099
0.088542,0.526042,-1.048372
0.098958,0.526042,-0.669737
0.109375,0.526042,-0.389600
0.119792,0.526042,-0.275299
0.130208,0.526042,-0.077885
0.140625,0.526042,0.119477
0.151042,0.526042,0.316840
0.161458,0.526042,0.514203
0.171875,0.526042,0.711566
0.182292,0.526042,0.908929
0.192708,0.526042,1.048749
0.203125,0.526042,1.131028
0.213542,0.526042,1.213307
0.223958,0.526042,1.295585
0.234375,0.526042,1.377864
0.244792,0.526042,1.460143
0.255208,0.526042,1.509882
0.265625,0.526042,1.527083
0.276042,0.526042,1.544284
0.286458,0.526042,1.565887
0.296875,0.526042,1.591893
0.307292,0.526042,1.617898
0.317708,0.526042,1.688639
0.328125,0.526042,1.804114
0.338542,0.526042,1.919589
0.348958,0.526042,2.035065
0.359375,0.526042,2.150540
0.369792,0.526042,2.266015
0.380208,0.526042,2.349447
0.390625,0.526042,2.400836
0.401042,0.526042,2.452225
0.411458,0.526042,2.503613
0.421875,0.526042,2.555002
0.432292,0.526042,2.606391
0.442708,0.526042,2.629877
0.453125,0.526042,2.625460
0.463542,0.526042,2.621043
0.473958,0.526042,2.616626
0.484375,0.526042,2.612209
0.494792,0.526042,2.607792
0.505208,0.526042,2.625708
0.515625,0.526042,2.665957
0.526042,0.526042,2.706206
0.536458,0.526042,2.747016
0.546875,0.526042,2.788385
0.557292,0.526042,2.829755
0.567708,0.526042,2.848612
0.578125,0.526042,2.844955
0.588542,0.526042,2.841298
0.598958,0.526042,2.856204
0.609375,0.526042,2.889675
0.619792,0.526042,2.923145
0.630208,0.526042,2.941512
0.640625,0.526042,2.944777
0.651042,0.526042,2.948042
0.661458,0.526042,2.951306
0.671875,0.526042,2.954571
0.682292,0.526042,2.957836
0.692708,0.526042,2.965011
0.703125,0.526042,2.976097
0.713542,0.526042,2.987183
0.723958,0.526042,2.998269
0.734375,0.526042,3.009355
0.744792,0.526042,3.020441
0.755208,0.526042,3.022976
0.765625,0.526042,3.016959
0.776042,0.526042,3.010943
0.786458,0.526042,2.999144
0.796875,0.526042,2.981563
0.807292,0.526042,2.963982
0.817708,0.526042,2.948523
0.828125,0.526042,2.935187
0.838542,0.526042,2.921851
0.848958,0.526042,2.906226
0.859375,0.526042,2.888312
0.869792,0.526042,2.870399
0.880208,0.526042,2.890221
0.890625,0.526042,2.947778
0.901042,0.526042,3.005335
0.911458,0.526042,3.062893
0.921875,0.526042,3.120450
0.932292,0.526042,3.178008
0.942708,0.526042,3.227338
0.953125,0.526042,3.268441
0.963542,0.526042,3.309544
0.973958,0.526042,3.350647
0.984375,0.526042,3.391750
0.994792,0.526042,3.432853
0.005208,0.536458,-5.391774
0.015625,0.536458,-4.613464
0.026042,0.536458,-3.807348
0.036458,0.536458,-3.097899
0.046875,0.536458,-2.538649
0.057292,0.536458,-1.991335
0.067708,0.536458,-1.676005
0.078125,0.536458,-1.411601
0.088542,0.536458,-0.993495
0.098958,0.536458,-0.637033
0.109375,0.536458,-0.361877
0.119792,0.536458,-0.243948
0.130208,0.536458,-0.048805
0.140625,0.536458,0.149744
0.151042,0.536458,0.348292
0.161458,0.536458,0.546841
0.171875,0.536458,0.745389
0.182292,0.536458,0.943938
0.192708,0.536458,1.080877
0.203125,0.536458,1.156208
0.213542,0.536458,1.231538
0.223958,0.536458,1.306868
0.234375,0.536458,1.382198
0.244792,0.536458,1.457528
0.255208,0.536458,1.505476
0.265625,0.536458,1.526040
0.276042,0.536458,1.546604
0.286458,0.536458,1.567169
0.296875,0.536458,1.587733
0.307292,0.536458,1.608298
0.317708,0.536458,1.678742
0.328125,0.536458,1.799065
0.338542,0.536458,1.919388
0.348958,0.536458,2.039712
0.359375,0.536458,2.160035
0.369792,0.536458,2.280359
0.380208,0.536458,2.360148
0.390625,0.536458,2.399405
0.401042,0.536458,2.438661
0.411458,0.536458,2.477917
0.421875,0.536458,2.517173
0.432292,0.536458,2.556429
0.442708,0.536458,2.577092
0.453125,0.536458,2.579162
0.463542,0.536458,2.581231
0.473958,0.536458,2.583301
0.484375,0.536458,2.585370
0.494792,0.536458,2.587440
0.505208,0.536458,2.616071
0.515625,0.536458,2.671262
0.526042,0.536458,2.726453
0.536458,0.536458,2.781645
0.546875,0.536458,2.836836
0.557292,0.536458,2.892028
0.567708,0.536458,2.912750
0.578125,0.536458,2.899002
0.588542,0.536458,2.885255
0.598958,0.536458,2.894416
0.609375,0.536458,2.926487
0.619792,0.536458,2.958558
0.630208,0.536458,2.975878
0.640625,0.536458,2.978447
0.651042,0.536458,2.981017
0.661458,0.536458,2.983586
0.671875,0.536458,2.986156
0.682292,0.536458,2.988725
0.692708,0.536458,2.996769
0.703125,0.536458,3.010288
0.713542,0.536458,3.023807
0.723958,0.536458,3.037326
0.734375,0.536458,3.050845
0.744792,0.536458,3.064364
0.755208,0.536458,3.071758
0.765625,0.536458,3.073025
0.776042,0.536458,3.074293
0.786458,0.536458,3.067465
0.796875,0.536458,3.052542
0.807292,0.536458,3.037619
0.817708,0.536458,3.025667
0.828125,0.536458,3.016687
0.838542,0.536458,3.007707
0.848958,0.536458,2.995522
0.859375,0.536458,2.980134
0.869792,0.536458,2.964745
0.880208,0.536458,2.986006
0.890625,0.536458,3.043916
0.901042,0.536458,3.101825
0.911458,0.536458,3.159735
0.921875,0.536458,3.217645
0.932292,0.536458,3.275555
0.942708,0.536458,3.321946
0.953125,0.536458,3.356820
0.963542,0.536458,3.391694
0.973958,0.536458,3.426567
0.984375,0.536458,3.461441
0.994792,0.536458,3.496315
0.005208,0.546875,-4.796793
0.015625,0.546875,-4.257868
0.026042,0.546875,-3.553652
0.036458,0.546875,-2.912403
0.046875,0.546875,-2.401082
0.057292,0.546875,-1.884730
0.067708,0.546875,-1.564935
0.078125,0.546875,-1.272102
0.088542,0.546875,-0.938617
0.098958,0.546875,-0.616378
0.109375,0.546875,-0.334153
0.119792,0.546875,-0.202495
0.130208,0.546875,0.006235
0.140625,0.546875,0.197279
0.151042,0.546875,0.388324
0.161458,0.546875,0.579368
0.171875,0.546875,0.770413
0.182292,0.546875,0.961458
0.192708,0.546875,1.092712
0.203125,0.546875,1.164175
0.213542,0.546875,1.235639
0.223958,0.546875,1.307103
0.234375,0.546875,1.378566
0.244792,0.546875,1.450030
0.255208,0.546875,1.511692
0.265625,0.546875,1.563554
0.276042,0.546875,1.615415
0.286458,0.546875,1.667276
0.296875,0.546875,1.719137
0.307292,0.546875,1.770999
0.317708,0.546875,1.843626
0.328125,0.546875,1.937019
0.338542,0.546875,2.030412
0.348958,0.546875,2.123805
0.359375,0.546875,2.217198
0.369792,0.546875,2.310591
0.380208,0.546875,2.370849
0.390625,0.546875,2.397973
0.401042,0.546875,2.425097
0.411458,0.546875,2.452221
0.421875,0.546875,2.479344
0.432292,0.546875,2.506468
0.442708,0.546875,2.525000
0.453125,0.546875,2.534941
0.463542,0.546875,2.544881
0.473958,0.546875,2.554822
0.484375,0.546875,2.564763
0.494792,0.546875,2.574703
0.505208,0.546875,2.613768
0.515625,0.546875,2.681957
0.526042,0.546875,2.750146
0.536458,0.546875,2.818335
0.546875,0.546875,2.886524
0.557292,0.546875,2.954713
0.567708,0.546875,2.976888
0.578125,0.546875,2.953050
0.588542,0.546875,2.929212
0.598958,0.546875,2.932628
0.609375,0.546875,2.963300
0.619792,0.546875,2.993971
0.630208,0.546875,3.010244
0.640625,0.546875,3.012118
0.651042,0.546875,3.013992
0.661458,0.546875,3.015866
0.671875,0.546875,3.017740
0.682292,0.546875,3.019614
0.692708,0.546875,3.028527
0.703125,0.546875,3.044479
0.713542,0.546875,3.060432
0.723958,0.546875,3.076384
0.734375,0.546875,3.092336
0.744792,0.546875,3.108288
0.755208,0.546875,3.120540
0.765625,0.546875,3.129091
0.776042,0.546875,3.137643
0.786458,0.546875,3.135786
0.796875,0.546875,3.123521
0.807292,0.546875,3.111256
0.817708,0.546875,3.102811
0.828125,0.546875,3.098187
0.838542,0.546875,3.093563
0.848958,0.546875,3.084819
0.859375,0.546875,3.071955
0.869792,0.546875,3.059092
0.880208,0.546875,3.081791
0.890625,0.546875,3.140053
0.901042,0.546875,3.198315
0.911458,0.546875,3.256577
0.921875,0.546875,3.314840
0.932292,0.546875,3.373102
0.942708,0.546875,3.416555
0.953125,0.546875,3.445199
0.963542,0.546875,3.473844
0.973958,0.546875,3.502488
0.984375,0.546875,3.531132
0.994792,0.546875,3.559777
0.005208,0.557292,-4.201812
0.015625,0.557292,-3.902271
0.026042,0.557292,-3.299956
0.036458,0.557292,-2.726907
0.046875,0.557292,-2.263514
0.057292,0.557292,-1.778124
0.067708,0.557292,-1.453866
0.078125,0.557292,-1.132604
0.088542,0.557292,-0.883740
0.098958,0.557292,-0.595723
0.109375,0.557292,-0.306430
0.119792,0.557292,-0.161043
0.130208,0.557292,0.061274
0.140625,0.557292,0.244815
0.151042,0.557292,0.428356
0.161458,0.557292,0.611896
0.171875,0.557292,0.795437
0.182292,0.557292,0.978977
0.192708,0.557292,1.104546
0.203125,0.557292,1.172143
0.213542,0.557292,1.239740
0.223958,0.557292,1.307337
0.234375,0.557292,1.374935
0.244792,0.557292,1.442532
0.255208,0.557292,1.517909
0.265625,0.557292,1.601067
0.276042,0.557292,1.684225
0.286458,0.557292,1.767383
0.296875,0.557292,1.850541
0.307292,0.557292,1.933699
0.317708,0.557292,2.008510
0.328125,0.557292,2.074973
0.338542,0.557292,2.141435
0.348958,0.557292,2.207898
0.359375,0.557292,2.274361
0.369792,0.557292,2.340823
0.380208,0.557292,2.381550
0.390625,0.557292,2.396542
0.401042,0.557292,2.411533
0.411458,0.557292,2.426524
0.421875,0.557292,2.441515
0.432292,0.557292,2.456506
0.442708,0.557292,2.472908
0.453125,0.557292,2.490720
0.463542,0.557292,2.508531
0.473958,0.557292,2.526343
0.484375,0.557292,2.544155
0.494792,0.557292,2.561967
0.505208,0.557292,2.611466
0.515625,0.557292,2.692652
0.526042,0.557292,2.773838
0.536458,0.557292,2.855025
0.546875,0.557292,2.936211
0.557292,0.557292,3.017397
0.567708,0.557292,3.041026
0.578125,0.557292,3.007097
0.588542,0.557292,2.973169
0.598958,0.557292,2.970840
0.609375,0.557292,3.000112
0.619792,0.557292,3.029384
0.630208,0.557292,3.044609
0.640625,0.557292,3.045788
0.651042,0.557292,3.046967
0.661458,0.557292,3.048146
0.671875,0.557292,3.049324
0.682292,0.557292,3.050503
0.692708,0.557292,3.060285
0.703125,0.557292,3.078670
0.713542,0.557292,3.097056
0.723958,0.557292,3.115441
0.734375,0.557292,3.133826
0.744792,0.557292,3.152212
0.755208,0.557292,3.169322
0.765625,0.557292,3.185157
0.776042,0.557292,3.200993
0.786458,0.557292,3.204107
0.796875,0.557292,3.194500
0.807292,0.557292,3.184893
0.817708,0.557292,3.179955
0.828125,0.557292,3.179687
0.838542,0.557292,3.179419
0.848958,0.557292,3.174115
0.859375,0.557292,3.163777
0.869792,0.557292,3.153438
0.880208,0.557292,3.177576
0.890625,0.557292,3.236191
0.901042,0.557292,3.294805
0.911458,0.557292,3.353420
0.921875,0.557292,3.412034
0.932292,0.557292,3.470649
0.942708,0.557292,3.511163
0.953125,0.557292,3.533578
0.963542,0.557292,3.555993
0.973958,0.557292,3.578408
0.984375,0.557292,3.600823
0.994792,0.557292,3.623238
0.005208,0.567708,-3.606831
0.015625,0.567708,-3.546674
0.026042,0.567708,-3.046260
0.036458,0.567708,-2.541411
0.046875,0.567708,-2.125947
0.057292,0.567708,-1.671519
0.067708,0.567708,-1.353732
0.078125,0.567708,-1.025913
0.088542,0.567708,-0.817454
0.098958,0.567708,-0.557636
0.109375,0.567708,-0.278707
0.119792,0.567708,-0.125309
0.130208,0.567708,0.097228
0.140625,0.567708,0.269403
0.151042,0.567708,0.441578
0.161458,0.567708,0.613752
0.171875,0.567708,0.785927
0.182292,0.567708,0.958102
0.192708,0.567708,1.082382
0.203125,0.567708,1.158769
0.213542,0.567708,1.235155
0.223958,0.567708,1.311541
0.234375,0.567708,1.387928
0.244792,0.567708,1.464314
0.255208,0.567708,1.548823
0.265625,0.567708,1.641454
0.276042,0.567708,1.734084
0.286458,0.567708,1.826715
0.296875,0.567708,1.919346
0.307292,0.567708,2.011977
0.317708,0.567708,2.086003
0.328125,0.567708,2.141425
0.338542,0.567708,2.196847
0.348958,0.567708,2.252268
0.359375,0.567708,2.307690
0.369792,0.567708,2.363111
0.380208,0.567708,2.397726
0.390625,0.567708,2.411535
0.401042,0.567708,2.425343
0.411458,0.567708,2.439151
0.421875,0.567708,2.452959
0.432292,0.567708,2.466767
0.442708,0.567708,2.482595
0.453125,0.567708,2.500442
0.463542,0.567708,2.518289
0.473958,0.567708,2.536136
0.484375,0.567708,2.553983
0.494792,0.567708,2.571829
0.505208,0.567708,2.621183
0.515625,0.567708,2.702043
0.526042,0.567708,2.782904
0.536458,0.567708,2.863764
0.546875,0.567708,2.944625
0.557292,0.567708,3.025485
0.567708,0.567708,3.054115
0.578125,0.567708,3.030516
0.588542,0.567708,3.006916
0.598958,0.567708,3.009052
0.609375,0.567708,3.036925
0.619792,0.567708,3.064797
0.630208,0.567708,3.081145
0.640625,0.567708,3.085968
0.651042,0.567708,3.090792
0.661458,0.567708,3.095615
0.671875,0.567708,3.100439
0.682292,0.567708,3.105262
0.692708,0.567708,3.116432
0.703125,0.567708,3.133949
0.713542,0.567708,3.151466
0.723958,0.567708,3.168983
0.734375,0.567708,3.186500
0.744792,0.567708,3.204017
0.755208,0.567708,3.223297
0.765625,0.567708,3.244339
0.776042,0.567708,3.265381
0.786458,0.567708,3.272428
0.796875,0.567708,3.265479
0.807292,0.567708,3.258530
0.817708,0.567708,3.257100
0.828125,0.567708,3.261187
0.838542,0.567708,3.265275
0.848958,0.567708,3.264327
0.859375,0.567708,3.258345
0.869792,0.567708,3.252362
0.880208,0.567708,3.275758
0.890625,0.567708,3.328531
0.901042,0.567708,3.381304
0.911458,0.567708,3.434078
0.921875,0.567708,3.486851
0.932292,0.567708,3.539624
0.942708,0.567708,3.576742
0.953125,0.567708,3.598206
0.963542,0.567708,3.619670
0.973958,0.567708,3.641134
0.984375,0.567708,3.662597
0.994792,0.567708,3.684061
0.005208,0.578125,-3.011849
0.015625,0.578125,-3.191078
0.026042,0.578125,-2.792564
0.036458,0.578125,-2.355915
0.046875,0.578125,-1.988379
0.057292,0.578125,-1.564913
0.067708,0.578125,-1.264534
0.078125,0.578125,-0.952028
0.088542,0.578125,-0.739761
0.098958,0.578125,-0.502117
0.109375,0.578125,-0.250983
0.119792,0.578125,-0.095293
0.130208,0.578125,0.114097
0.140625,0.578125,0.271043
0.151042,0.578125,0.427990
0.161458,0.578125,0.584937
0.171875,0.578125,0.741884
0.182292,0.578125,0.898831
0.192708,0.578125,1.026220
0.203125,0.578125,1.124051
0.213542,0.578125,1.221883
0.223958,0.578125,1.319714
0.234375,0.578125,1.417546
0.244792,0.578125,1.515377
0.255208,0.578125,1.604433
0.265625,0.578125,1.684713
0.276042,0.578125,1.764992
0.286458,0.578125,1.845272
0.296875,0.578125,1.925552
0.307292,0.578125,2.005831
0.317708,0.578125,2.076106
0.328125,0.578125,2.136376
0.338542,0.578125,2.196646
0.348958,0.578125,2.256915
0.359375,0.578125,2.317185
0.369792,0.578125,2.377455
0.380208,0.578125,2.419377
0.390625,0.578125,2.442952
0.401042,0.578125,2.466527
0.411458,0.578125,2.490101
0.421875,0.578125,2.513676
0.432292,0.578125,2.537251
0.442708,0.578125,2.554061
0.453125,0.578125,2.564107
0.463542,0.578125,2.574154
0.473958,0.578125,2.584200
0.484375,0.578125,2.594246
0.494792,0.578125,2.604292
0.505208,0.578125,2.642920
0.515625,0.578125,2.710131
0.526042,0.578125,2.777342
0.536458,0.578125,2.844553
0.546875,0.578125,2.911764
0.557292,0.578125,2.978975
0.567708,0.578125,3.016155
0.578125,0.578125,3.023304
0.588542,0.578125,3.030453
0.598958,0.578125,3.047264
0.609375,0.578125,3.073737
0.619792,0.578125,3.100210
0.630208,0.578125,3.119851
0.640625,0.578125,3.132659
0.651042,0.578125,3.145467
0.661458,0.578125,3.158275
0.671875,0.578125,3.171083
0.682292,0.578125,3.183891
0.692708,0.578125,3.196969
0.703125,0.578125,3.210316
0.713542,0.578125,3.223663
0.723958,0.578125,3.237010
0.734375,0.578125,3.250358
0.744792,0.578125,3.263705
0.755208,0.578125,3.282464
0.765625,0.578125,3.306636
0.776042,0.578125,3.330808
0.786458,0.578125,3.340749
0.796875,0.578125,3.336458
0.807292,0.578125,3.332167
0.817708,0.578125,3.334244
0.828125,0.578125,3.342687
0.838542,0.578125,3.351131
0.848958,0.578125,3.355455
0.859375,0.578125,3.355659
0.869792,0.578125,3.355864
0.880208,0.578125,3.376335
0.890625,0.578125,3.417074
0.901042,0.578125,3.457812
0.911458,0.578125,3.498550
0.921875,0.578125,3.539289
0.932292,0.578125,3.580027
0.942708,0.578125,3.613292
0.953125,0.578125,3.639082
0.963542,0.578125,3.664873
0.973958,0.578125,3.690664
0.984375,0.578125,3.716454
0.994792,0.578125,3.742245
0.005208,0.588542,-2.416868
0.015625,0.588542,-2.835481
0.026042,0.588542,-2.538868
0.036458,0.588542,-2.170418
0.046875,0.588542,-1.850812
0.057292,0.588542,-1.458308
0.067708,0.588542,-1.175336
0.078125,0.588542,-0.878144
0.088542,0.588542,-0.662068
0.098958,0.588542,-0.446598
0.109375,0.588542,-0.223260
0.119792,0.588542,-0.065277
0.130208,0.588542,0.130965
0.140625,0.588542,0.272684
0.151042,0.588542,0.414403
0.161458,0.588542,0.556122
0.171875,0.588542,0.697841
0.182292,0.588542,0.839560
0.192708,0.588542,0.970057
0.203125,0.588542,1.089334
0.213542,0.588542,1.208611
0.223958,0.588542,1.327887
0.234375,0.588542,1.447164
0.244792,0.588542,1.566441
0.255208,0.588542,1.660043
0.265625,0.588542,1.727972
0.276042,0.588542,1.795900
0.286458,0.588542,1.863829
0.296875,0.588542,1.931757
0.307292,0.588542,1.999686
0.317708,0.588542,2.066209
0.328125,0.588542,2.131327
0.338542,0.588542,2.196445
0.348958,0.588542,2.261562
0.359375,0.588542,2.326680
0.369792,0.588542,2.391798
0.380208,0.588542,2.441028
0.390625,0.588542,2.474369
0.401042,0.588542,2.507710
0.411458,0.588542,2.541052
0.421875,0.588542,2.574393
0.432292,0.588542,2.607734
0.442708,0.588542,2.625528
0.453125,0.588542,2.627773
0.463542,0.588542,2.630018
0.473958,0.588542,2.632263
0.484375,0.588542,2.634509
0.494792,0.588542,2.636754
0.505208,0.588542,2.664657
0.515625,0.588542,2.718219
0.526042,0.588542,2.771781
0.536458,0.588542,2.825342
0.546875,0.588542,2.878904
0.557292,0.588542,2.932466
0.567708,0.588542,2.978195
0.578125,0.588542,3.016093
0.588542,0.588542,3.053991
0.598958,0.588542,3.085476
0.609375,0.588542,3.110550
0.619792,0.588542,3.135623
0.630208,0.588542,3.158556
0.640625,0.588542,3.179349
0.651042,0.588542,3.200142
0.661458,0.588542,3.220934
0.671875,0.588542,3.241727
0.682292,0.588542,3.262520
0.692708,0.588542,3.277505
0.703125,0.588542,3.286682
0.713542,0.588542,3.295860
0.723958,0.588542,3.305037
0.734375,0.588542,3.314215
0.744792,0.588542,3.323392
0.755208,0.588542,3.341632
0.765625,0.588542,3.368934
0.776042,0.588542,3.396235
0.786458,0.588542,3.409070
0.796875,0.588542,3.407437
0.807292,0.588542,3.405804
0.817708,0.588542,3.411388
0.828125,0.588542,3.424187
0.838542,0.588542,3.436987
0.848958,0.588542,3.446582
0.859375,0.588542,3.452974
0.869792,0.588542,3.459365
0.880208,0.588542,3.476912
0.890625,0.588542,3.505616
0.901042,0.588542,3.534320
0.911458,0.588542,3.563023
0.921875,0.588542,3.591727
0.932292,0.588542,3.620431
0.942708,0.588542,3.649841
0.953125,0.588542,3.679959
0.963542,0.588542,3.710076
0.973958,0.588542,3.740193
0.984375,0.588542,3.770311
0.994792,0.588542,3.800428
0.005208,0.598958,-1.821887
0.015625,0.598958,-2.479884
0.026042,0.598958,-2.285172
0.036458,0.598958,-1.984922
0.046875,0.598958,-1.713245
0.057292,0.598958,-1.351702
0.067708,0.598958,-1.086137
0.078125,0.598958,-0.804259
0.088542,0.598958,-0.588407
0.098958,0.598958,-0.395110
0.109375,0.598958,-0.195537
0.119792,0.598958,-0.035261
0.130208,0.598958,0.147833
0.140625,0.598958,0.274324
0.151042,0.598958,0.400815
0.161458,0.598958,0.527307
0.171875,0.598958,0.653798
0.182292,0.598958,0.780289
0.192708,0.598958,0.913895
0.203125,0.598958,1.054617
0.213542,0.598958,1.195339
0.223958,0.598958,1.336060
0.234375,0.598958,1.476782
0.244792,0.598958,1.617504
0.255208,0.598958,1.715654
0.265625,0.598958,1.771231
0.276042,0.598958,1.826808
0.286458,0.598958,1.882386
0.296875,0.598958,1.937963
0.307292,0.598958,1.993540
0.317708,0.598958,2.056312
0.328125,0.598958,2.126278
0.338542,0.598958,2.196244
0.348958,0.598958,2.266209
0.359375,0.598958,2.336175
0.369792,0.598958,2.406141
0.380208,0.598958,2.462678
0.390625,0.598958,2.505786
0.401042,0.598958,2.548894
0.411458,0.598958,2.592002
0.421875,0.598958,2.635110
0.432292,0.598958,2.678218
0.442708,0.598958,2.704709
0.453125,0.598958,2.714584
0.463542,0.598958,2.724459
0.473958,0.598958,2.734334
0.484375,0.598958,2.744208
0.494792,0.598958,2.754083
0.505208,0.598958,2.771261
0.515625,0.598958,2.795743
0.526042,0.598958,2.820225
0.536458,0.598958,2.844707
0.546875,0.598958,2.869189
0.557292,0.598958,2.893671
0.567708,0.598958,2.940235
0.578125,0.598958,3.008882
0.588542,0.598958,3.077528
0.598958,0.598958,3.123688
0.609375,0.598958,3.147362
0.619792,0.598958,3.171036
0.630208,0.598958,3.197262
0.640625,0.598958,3.226039
0.651042,0.598958,3.254817
0.661458,0.598958,3.283594
0.671875,0.598958,3.312371
0.682292,0.598958,3.341149
0.692708,0.598958,3.358041
0.703125,0.598958,3.363049
0.713542,0.598958,3.368057
0.723958,0.598958,3.373065
0.734375,0.598958,3.378072
0.744792,0.598958,3.383080
0.755208,0.598958,3.400800
0.765625,0.598958,3.431231
0.776042,0.598958,3.461662
0.786458,0.598958,3.477391
0.796875,0.598958,3.478416
0.807292,0.598958,3.479441
0.817708,0.598958,3.488532
0.828125,0.598958,3.505687
0.838542,0.598958,3.522843
0.848958,0.598958,3.537710
0.859375,0.598958,3.550288
0.869792,0.598958,3.562866
0.880208,0.598958,3.577490
0.890625,0.598958,3.594159
0.901042,0.598958,3.610827
0.911458,0.598958,3.627496
0.921875,0.598958,3.644165
0.932292,0.598958,3.660834
0.942708,0.598958,3.686391
0.953125,0.598958,3.720835
0.963542,0.598958,3.755279
0.973958,0.598958,3.789723
0.984375,0.598958,3.824168
0.994792,0.598958,3.858612
0.005208,0.609375,-1.226906
0.015625,0.609375,-2.124288
0.026042,0.609375,-2.031476
0.036458,0.609375,-1.799426
0.046875,0.609375,-1.575677
0.057292,0.609375,-1.245097
0.067708,0.609375,-0.996939
0.078125,0.609375,-0.730375
0.088542,0.609375,-0.518777
0.098958,0.609375,-0.347654
0.109375,0.609375,-0.167813
0.119792,0.609375,-0.005245
0.130208,0.609375,0.164702
0.140625,0.609375,0.275965
0.151042,0.609375,0.387228
0.161458,0.609375,0.498491
0.171875,0.609375,0.609754
0.182292,0.609375,0.721018
0.192708,0.609375,0.857733
0.203125,0.609375,1.019900
0.213542,0.609375,1.182067
0.223958,0.609375,1.344234
0.234375,0.609375,1.506400
0.244792,0.609375,1.668567
0.255208,0.609375,1.771264
0.265625,0.609375,1.814490
0.276042,0.609375,1.857716
0.286458,0.609375,1.900942
0.296875,0.609375,1.944168
0.307292,0.609375,1.987395
0.317708,0.609375,2.046415
0.328125,0.609375,2.121229
0.338542,0.609375,2.196043
0.348958,0.609375,2.270857
0.359375,0.609375,2.345671
0.369792,0.609375,2.420484
0.380208,0.609375,2.484329
0.390625,0.609375,2.537203
0.401042,0.609375,2.590078
0.411458,0.609375,2.642952
0.421875,0.609375,2.695827
0.432292,0.609375,2.748701
0.442708,0.609375,2.791606
0.453125,0.609375,2.824541
0.463542,0.609375,2.857475
0.473958,0.609375,2.890410
0.484375,0.609375,2.923344
0.494792,0.609375,2.956279
0.505208,0.609375,2.962732
0.515625,0.609375,2.942704
0.526042,0.609375,2.922676
0.536458,0.609375,2.902648
0.546875,0.609375,2.882620
0.557292,0.609375,2.862592
0.567708,0.609375,2.902275
0.578125,0.609375,3.001670
0.588542,0.609375,3.101065
0.598958,0.609375,3.161900
0.609375,0.609375,3.184175
0.619792,0.609375,3.206450
0.630208,0.609375,3.235968
0.640625,0.609375,3.272730
0.651042,0.609375,3.309492
0.661458,0.609375,3.346254
0.671875,0.609375,3.383016
0.682292,0.609375,3.419777
0.692708,0.609375,3.438577
0.703125,0.609375,3.439415
0.713542,0.609375,3.440254
0.723958,0.609375,3.441092
0.734375,0.609375,3.441930
0.744792,0.609375,3.442768
0.755208,0.609375,3.459967
0.765625,0.609375,3.493528
0.776042,0.609375,3.527089
0.786458,0.609375,3.545711
0.796875,0.609375,3.549395
0.807292,0.609375,3.553078
0.817708,0.609375,3.565676
0.828125,0.609375,3.587187
0.838542,0.609375,3.608699
0.848958,0.609375,3.628837
0.859375,0.609375,3.647602
0.869792,0.609375,3.666367
0.880208,0.609375,3.678067
0.890625,0.609375,3.682701
0.901042,0.609375,3.687335
0.911458,0.609375,3.691969
0.921875,0.609375,3.696603
0.932292,0.609375,3.701238
0.942708,0.609375,3.722940
0.953125,0.609375,3.761711
0.963542,0.609375,3.800482
0.973958,0.609375,3.839253
0.984375,0.609375,3.878024
0.994792,0.609375,3.916795
0.005208,0.619792,-0.631925
0.015625,0.619792,-1.768691
0.026042,0.619792,-1.777780
0.036458,0.619792,-1.613930
0.046875,0.619792,-1.438110
0.057292,0.619792,-1.138491
0.067708,0.619792,-0.907741
0.078125,0.619792,-0.656490
0.088542,0.619792,-0.449147
0.098958,0.619792,-0.300198
0.109375,0.619792,-0.140090
0.119792,0.619792,0.024771
0.130208,0.619792,0.181570
0.140625,0.619792,0.277605
0.151042,0.619792,0.373641
0.161458,0.619792,0.469676
0.171875,0.619792,0.565711
0.182292,0.619792,0.661747
0.192708,0.619792,0.801570
0.203125,0.619792,0.985182
0.213542,0.619792,1.168794
0.223958,0.619792,1.352407
0.234375,0.619792,1.536019
0.244792,0.619792,1.719631
0.255208,0.619792,1.826874
0.265625,0.619792,1.857749
0.276042,0.619792,1.888624
0.286458,0.619792,1.919499
0.296875,0.619792,1.950374
0.307292,0.619792,1.981249
0.317708,0.619792,2.036517
0.328125,0.619792,2.116179
0.338542,0.619792,2.195842
0.348958,0.619792,2.275504
0.359375,0.619792,2.355166
0.369792,0.619792,2.434828
0.380208,0.619792,2.505979
0.390625,0.619792,2.568620
0.401042,0.619792,2.631262
0.411458,0.619792,2.693903
0.421875,0.619792,2.756544
0.432292,0.619792,2.819185
0.442708,0.619792,2.878503
0.453125,0.619792,2.934497
0.463542,0.619792,2.990492
0.473958,0.619792,3.046486
0.484375,0.619792,3.102481
0.494792,0.619792,3.158475
0.505208,0.619792,3.154203
0.515625,0.619792,3.089665
0.526042,0.619792,3.025127
0.536458,0.619792,2.960589
0.546875,0.619792,2.896051
0.557292,0.619792,2.831513
0.567708,0.619792,2.864315
0.578125,0.619792,2.994459
0.588542,0.619792,3.124603
0.598958,0.619792,3.200112
0.609375,0.619792,3.220987
0.619792,0.619792,3.241863
0.630208,0.619792,3.274674
0.640625,0.619792,3.319420
0.651042,0.619792,3.364167
0.661458,0.619792,3.408913
0.671875,0.619792,3.453660
0.682292,0.619792,3.498406
0.692708,0.619792,3.519114
0.703125,0.619792,3.515782
0.713542,0.619792,3.512450
0.723958,0.619792,3.509119
0.734375,0.619792,3.505787
0.744792,0.619792,3.502455
0.755208,0.619792,3.519135
0.765625,0.619792,3.555826
0.776042,0.619792,3.592516
0.786458,0.619792,3.614032
0.796875,0.619792,3.620374
0.807292,0.619792,3.626715
0.817708,0.619792,3.642820
0.828125,0.619792,3.668687
0.838542,0.619792,3.694555
0.848958,0.619792,3.719965
0.859375,0.619792,3.744917
0.869792,0.619792,3.769869
0.880208,0.619792,3.778644
0.890625,0.619792,3.771244
0.901042,0.619792,3.763843
0.911458,0.619792,3.756442
0.921875,0.619792,3.749042
0.932292,0.619792,3.741641
0.942708,0.619792,3.759490
0.953125,0.619792,3.802587
0.963542,0.619792,3.845685
0.973958,0.619792,3.888783
0.984375,0.619792,3.931881
0.994792,0.619792,3.974979
0.005208,0.630208,-0.036944
0.015625,0.630208,-1.413094
0.026042,0.630208,-1.524084
0.036458,0.630208,-1.428434
0.046875,0.630208,-1.300543
0.057292,0.630208,-1.031886
0.067708,0.630208,-0.821098
0.078125,0.630208,-0.590272
0.088542,0.630208,-0.391681
0.098958,0.630208,-0.255423
0.109375,0.630208,-0.112367
0.119792,0.630208,0.055121
0.130208,0.630208,0.204163
0.140625,0.630208,0.294417
0.151042,0.630208,0.384672
0.161458,0.630208,0.474926
0.171875,0.630208,0.565181
0.182292,0.630208,0.655435
0.192708,0.630208,0.796439
0.203125,0.630208,0.988194
0.213542,0.630208,1.179949
0.223958,0.630208,1.371703
0.234375,0.630208,1.563458
0.244792,0.630208,1.755212
0.255208,0.630208,1.862196
0.265625,0.630208,1.884408
0.276042,0.630208,1.906621
0.286458,0.630208,1.928834
0.296875,0.630208,1.951046
0.307292,0.630208,1.973259
0.317708,0.630208,2.026620
0.328125,0.630208,2.111130
0.338542,0.630208,2.195641
0.348958,0.630208,2.280151
0.359375,0.630208,2.364661
0.369792,0.630208,2.449171
0.380208,0.630208,2.527008
0.390625,0.630208,2.598171
0.401042,0.630208,2.669334
0.411458,0.630208,2.740498
0.421875,0.630208,2.811661
0.432292,0.630208,2.882825
0.442708,0.630208,2.945515
0.453125,0.630208,2.999733
0.463542,0.630208,3.053950
0.473958,0.630208,3.108168
0.484375,0.630208,3.162386
0.494792,0.630208,3.216603
0.505208,0.630208,3.208862
0.515625,0.630208,3.139161
0.526042,0.630208,3.069461
0.536458,0.630208,2.999760
0.546875,0.630208,2.930060
0.557292,0.630208,2.860360
0.567708,0.630208,2.890118
0.578125,0.630208,3.019336
0.588542,0.630208,3.148553
0.598958,0.630208,3.224888
0.609375,0.630208,3.248341
0.619792,0.630208,3.271793
0.630208,0.630208,3.305767
0.640625,0.630208,3.350262
0.651042,0.630208,3.394758
0.661458,0.630208,3.439253
0.671875,0.630208,3.483748
0.682292,0.630208,3.528243
0.692708,0.630208,3.550935
0.703125,0.630208,3.551823
0.713542,0.630208,3.552711
0.723958,0.630208,3.553599
0.734375,0.630208,3.554486
0.744792,0.630208,3.555374
0.755208,0.630208,3.574250
0.765625,0.630208,3.611114
0.776042,0.630208,3.647978
0.786458,0.630208,3.670633
0.796875,0.630208,3.679079
0.807292,0.630208,3.688886
0.817708,0.630208,3.707843
0.828125,0.630208,3.735951
0.838542,0.630208,3.763654
0.848958,0.630208,3.789651
0.859375,0.630208,3.813942
0.869792,0.630208,3.838234
0.880208,0.630208,3.846662
0.890625,0.630208,3.839227
0.901042,0.630208,3.831792
0.911458,0.630208,3.824357
0.921875,0.630208,3.816922
0.932292,0.630208,3.809487
0.942708,0.630208,3.826695
0.953125,0.630208,3.868546
0.963542,0.630208,3.910397
0.973958,0.630208,3.952248
0.984375,0.630208,3.994099
0.994792,0.630208,4.035950
0.005208,0.640625,0.558037
0.015625,0.640625,-1.057498
0.026042,0.640625,-1.270388
0.036458,0.640625,-1.242938
0.046875,0.640625,-1.162975
0.057292,0.640625,-0.925280
0.067708,0.640625,-0.737010
0.078125,0.640625,-0.531719
0.088542,0.640625,-0.346378
0.098958,0.640625,-0.213327
0.109375,0.640625,-0.084643
0.119792,0.640625,0.085805
0.130208,0.640625,0.232481
0.140625,0.640625,0.326401
0.151042,0.640625,0.420322
0.161458,0.640625,0.514242
0.171875,0.640625,0.608162
0.182292,0.640625,0.702083
0.192708,0.640625,0.842340
0.203125,0.640625,1.028934
0.213542,0.640625,1.215529
0.223958,0.640625,1.402123
0.234375,0.640625,1.588718
0.244792,0.640625,1.775312
0.255208,0.640625,1.877229
0.265625,0.640625,1.894468
0.276042,0.640625,1.911707
0.286458,0.640625,1.928946
0.296875,0.640625,1.946185
0.307292,0.640625,1.963424
0.317708,0.640625,2.016723
0.328125,0.640625,2.106081
0.338542,0.640625,2.195440
0.348958,0.640625,2.284798
0.359375,0.640625,2.374156
0.369792,0.640625,2.463514
0.380208,0.640625,2.547414
0.390625,0.640625,2.625855
0.401042,0.640625,2.704297
0.411458,0.640625,2.782738
0.421875,0.640625,2.861179
0.432292,0.640625,2.939620
0.442708,0.640625,2.992643
0.453125,0.640625,3.020247
0.463542,0.640625,3.047851
0.473958,0.640625,3.075456
0.484375,0.640625,3.103060
0.494792,0.640625,3.130664
0.505208,0.640625,3.126708
0.515625,0.640625,3.091193
0.526042,0.640625,3.055678
0.536458,0.640625,3.020163
0.546875,0.640625,2.984648
0.557292,0.640625,2.949133
0.567708,0.640625,2.979684
0.578125,0.640625,3.076301
0.588542,0.640625,3.172918
0.598958,0.640625,3.236229
0.609375,0.640625,3.266236
0.619792,0.640625,3.296242
0.630208,0.640625,3.329249
0.640625,0.640625,3.365257
0.651042,0.640625,3.401265
0.661458,0.640625,3.437273
0.671875,0.640625,3.473281
0.682292,0.640625,3.509289
0.692708,0.640625,3.534041
0.703125,0.640625,3.547538
0.713542,0.640625,3.561034
0.723958,0.640625,3.574531
0.734375,0.640625,3.588028
0.744792,0.640625,3.601525
0.755208,0.640625,3.625313
0.765625,0.640625,3.659393
0.776042,0.640625,3.693474
0.786458,0.640625,3.715513
0.796875,0.640625,3.725511
0.807292,0.640625,3.739590
0.817708,0.640625,3.760746
0.828125,0.640625,3.788978
0.838542,0.640625,3.815997
0.848958,0.640625,3.837897
0.859375,0.640625,3.854680
0.869792,0.640625,3.871462
0.880208,0.640625,3.882119
0.890625,0.640625,3.886650
0.901042,0.640625,3.891181
0.911458,0.640625,3.895712
0.921875,0.640625,3.900243
0.932292,0.640625,3.904774
0.942708,0.640625,3.924555
0.953125,0.640625,3.959586
0.963542,0.640625,3.994616
0.973958,0.640625,4.029646
0.984375,0.640625,4.064677
0.994792,0.640625,4.099707
0.005208,0.651042,1.153019
0.015625,0.651042,-0.701901
0.026042,0.651042,-1.016692
0.036458,0.651042,-1.057442
0.046875,0.651042,-1.025408
0.057292,0.651042,-0.818675
0.067708,0.651042,-0.652923
0.078125,0.651042,-0.473166
0.088542,0.651042,-0.301075
0.098958,0.651042,-0.171232
0.109375,0.651042,-0.056920
0.119792,0.651042,0.116488
0.130208,0.651042,0.260799
0.140625,0.651042,0.358385
0.151042,0.651042,0.455971
0.161458,0.651042,0.553558
0.171875,0.651042,0.651144
0.182292,0.651042,0.748730
0.192708,0.651042,0.888241
0.203125,0.651042,1.069675
0.213542,0.651042,1.251109
0.223958,0.651042,1.432543
0.234375,0.651042,1.613978
0.244792,0.651042,1.795412
0.255208,0.651042,1.892262
0.265625,0.651042,1.904528
0.276042,0.651042,1.916793
0.286458,0.651042,1.929059
0.296875,0.651042,1.941324
0.307292,0.651042,1.953590
0.317708,0.651042,2.006826
0.328125,0.651042,2.101032
0.338542,0.651042,2.195239
0.348958,0.651042,2.289445
0.359375,0.651042,2.383651
0.369792,0.651042,2.477858
0.380208,0.651042,2.567820
0.390625,0.651042,2.653540
0.401042,0.651042,2.739259
0.411458,0.651042,2.824978
0.421875,0.651042,2.910697
0.432292,0.651042,2.996416
0.442708,0.651042,3.039771
0.453125,0.651042,3.040762
0.463542,0.651042,3.041753
0.473958,0.651042,3.042743
0.484375,0.651042,3.043734
0.494792,0.651042,3.044724
0.505208,0.651042,3.044555
0.515625,0.651042,3.043225
0.526042,0.651042,3.041895
0.536458,0.651042,3.040565
0.546875,0.651042,3.039236
0.557292,0.651042,3.037906
0.567708,0.651042,3.069249
0.578125,0.651042,3.133265
0.588542,0.651042,3.197282
0.598958,0.651042,3.247570
0.609375,0.651042,3.284130
0.619792,0.651042,3.320690
0.630208,0.651042,3.352731
0.640625,0.651042,3.380251
0.651042,0.651042,3.407772
0.661458,0.651042,3.435293
0.671875,0.651042,3.462813
0.682292,0.651042,3.490334
0.692708,0.651042,3.517147
0.703125,0.651042,3.543253
0.713542,0.651042,3.569358
0.723958,0.651042,3.595464
0.734375,0.651042,3.621569
0.744792,0.651042,3.647675
0.755208,0.651042,3.676376
0.765625,0.651042,3.707673
0.776042,0.651042,3.738969
0.786458,0.651042,3.760393
0.796875,0.651042,3.771943
0.807292,0.651042,3.790295
0.817708,0.651042,3.813649
0.828125,0.651042,3.842006
0.838542,0.651042,3.868340
0.848958,0.651042,3.886143
0.859375,0.651042,3.895417
0.869792,0.651042,3.904691
0.880208,0.651042,3.917576
0.890625,0.651042,3.934073
0.901042,0.651042,3.950571
0.911458,0.651042,3.967068
0.921875,0.651042,3.983565
0.932292,0.651042,4.000062
0.942708,0.651042,4.022416
0.953125,0.651042,4.050626
0.963542,0.651042,4.078835
0.973958,0.651042,4.107045
0.984375,0.651042,4.135255
0.994792,0.651042,4.163464
0.005208,0.661458,1.748000
0.015625,0.661458,-0.346305
0.026042,0.661458,-0.762996
0.036458,0.661458,-0.871945
0.046875,0.661458,-0.887840
0.057292,0.661458,-0.712069
0.067708,0.661458,-0.568835
0.078125,0.661458,-0.414613
0.088542,0.661458,-0.255772
0.098958,0.661458,-0.129136
0.109375,0.661458,-0.029197
0.119792,0.661458,0.147172
0.130208,0.661458,0.289117
0.140625,0.661458,0.390369
0.151042,0.661458,0.491621
0.161458,0.661458,0.592873
0.171875,0.661458,0.694126
0.182292,0.661458,0.795378
0.192708,0.661458,0.934141
0.203125,0.661458,1.110415
0.213542,0.661458,1.286689
0.223958,0.661458,1.462964
0.234375,0.661458,1.639238
0.244792,0.661458,1.815512
0.255208,0.661458,1.907295
0.265625,0.661458,1.914587
0.276042,0.661458,1.921879
0.286458,0.661458,1.929171
0.296875,0.661458,1.936463
0.307292,0.661458,1.943755
0.317708,0.661458,1.996929
0.328125,0.661458,2.095983
0.338542,0.661458,2.195038
0.348958,0.661458,2.294092
0.359375,0.661458,2.393146
0.369792,0.661458,2.492201
0.380208,0.661458,2.588227
0.390625,0.661458,2.681224
0.401042,0.661458,2.774221
0.411458,0.661458,2.867218
0.421875,0.661458,2.960215
0.432292,0.661458,3.053212
0.442708,0.661458,3.086899
0.453125,0.661458,3.061276
0.463542,0.661458,3.035654
0.473958,0.661458,3.010031
0.484375,0.661458,2.984408
0.494792,0.661458,2.958785
0.505208,0.661458,2.962401
0.515625,0.661458,2.995257
0.526042,0.661458,3.028112
0.536458,0.661458,3.060968
0.546875,0.661458,3.093823
0.557292,0.661458,3.126679
0.567708,0.661458,3.158814
0.578125,0.661458,3.190230
0.588542,0.661458,3.221646
0.598958,0.661458,3.258911
0.609375,0.661458,3.302025
0.619792,0.661458,3.345139
0.630208,0.661458,3.376212
0.640625,0.661458,3.395246
0.651042,0.661458,3.414279
0.661458,0.661458,3.433312
0.671875,0.661458,3.452346
0.682292,0.661458,3.471379
0.692708,0.661458,3.500253
0.703125,0.661458,3.538967
0.713542,0.661458,3.577682
0.723958,0.661458,3.616396
0.734375,0.661458,3.655111
0.744792,0.661458,3.693825
0.755208,0.661458,3.727439
0.765625,0.661458,3.755952
0.776042,0.661458,3.784465
0.786458,0.661458,3.805273
0.796875,0.661458,3.818375
0.807292,0.661458,3.840999
0.817708,0.661458,3.866552
0.828125,0.661458,3.895033
0.838542,0.661458,3.920682
0.848958,0.661458,3.934389
0.859375,0.661458,3.936154
0.869792,0.661458,3.937919
0.880208,0.661458,3.953033
0.890625,0.661458,3.981497
0.901042,0.661458,4.009960
0.911458,0.661458,4.038423
0.921875,0.661458,4.066887
0.932292,0.661458,4.095350
0.942708,0.661458,4.120276
0.953125,0.661458,4.141666
0.963542,0.661458,4.163055
0.973958,0.661458,4.184444
0.984375,0.661458,4.205833
0.994792,0.661458,4.227222
0.005208,0.671875,2.342981
0.015625,0.671875,0.009292
0.026042,0.671875,-0.509300
0.036458,0.671875,-0.686449
0.046875,0.671875,-0.750273
0.057292,0.671875,-0.605464
0.067708,0.671875,-0.484747
0.078125,0.671875,-0.356061
0.088542,0.671875,-0.210469
0.098958,0.671875,-0.087040
0.109375,0.671875,-0.001473
0.119792,0.671875,0.177856
0.130208,0.671875,0.317435
0.140625,0.671875,0.422353
0.151042,0.671875,0.527271
0.161458,0.671875,0.632189
0.171875,0.671875,0.737107
0.182292,0.671875,0.842026
0.192708,0.671875,0.980042
0.203125,0.671875,1.151156
0.213542,0.671875,1.322270
0.223958,0.671875,1.493384
0.234375,0.671875,1.664498
0.244792,0.671875,1.835612
0.255208,0.671875,1.922328
0.265625,0.671875,1.924647
0.276042,0.671875,1.926965
0.286458,0.671875,1.929284
0.296875,0.671875,1.931602
0.307292,0.671875,1.933921
0.317708,0.671875,1.987031
0.328125,0.671875,2.090934
0.338542,0.671875,2.194837
0.348958,0.671875,2.298739
0.359375,0.671875,2.402642
0.369792,0.671875,2.506544
0.380208,0.671875,2.608633
0.390625,0.671875,2.708908
0.401042,0.671875,2.809183
0.411458,0.671875,2.909458
0.421875,0.671875,3.009733
0.432292,0.671875,3.110008
0.442708,0.671875,3.134027
0.453125,0.671875,3.081791
0.463542,0.671875,3.029555
0.473958,0.671875,2.977318
0.484375,0.671875,2.925082
0.494792,0.671875,2.872846
0.505208,0.671875,2.880248
0.515625,0.671875,2.947289
0.526042,0.671875,3.014330
0.536458,0.671875,3.081370
0.546875,0.671875,3.148411
0.557292,0.671875,3.215452
0.567708,0.671875,3.248380
0.578125,0.671875,3.247195
0.588542,0.671875,3.246010
0.598958,0.671875,3.270252
0.609375,0.671875,3.319919
0.619792,0.671875,3.369587
0.630208,0.671875,3.399694
0.640625,0.671875,3.410240
0.651042,0.671875,3.420786
0.661458,0.671875,3.431332
0.671875,0.671875,3.441878
0.682292,0.671875,3.452424
0.692708,0.671875,3.483359
0.703125,0.671875,3.534682
0.713542,0.671875,3.586006
0.723958,0.671875,3.637329
0.734375,0.671875,3.688652
0.744792,0.671875,3.739975
0.755208,0.671875,3.778502
0.765625,0.671875,3.804231
0.776042,0.671875,3.829961
0.786458,0.671875,3.850153
0.796875,0.671875,3.864807
0.807292,0.671875,3.891703
0.817708,0.671875,3.919454
0.828125,0.671875,3.948060
0.838542,0.671875,3.973025
0.848958,0.671875,3.982635
0.859375,0.671875,3.976891
0.869792,0.671875,3.971148
0.880208,0.671875,3.988490
0.890625,0.671875,4.028920
0.901042,0.671875,4.069349
0.911458,0.671875,4.109779
0.921875,0.671875,4.150209
0.932292,0.671875,4.190638
0.942708,0.671875,4.218137
0.953125,0.671875,4.232706
0.963542,0.671875,4.247274
0.973958,0.671875,4.261842
0.984375,0.671875,4.276411
0.994792,0.671875,4.290979
0.005208,0.682292,2.937962
0.015625,0.682292,0.364889
0.026042,0.682292,-0.255604
0.036458,0.682292,-0.500953
0.046875,0.682292,-0.612706
0.057292,0.682292,-0.498858
0.067708,0.682292,-0.400660
0.078125,0.682292,-0.297508
0.088542,0.682292,-0.165166
0.098958,0.682292,-0.044945
0.109375,0.682292,0.026250
0.119792,0.682292,0.208539
0.130208,0.682292,0.345752
0.140625,0.682292,0.454337
0.151042,0.682292,0.562921
0.161458,0.682292,0.671505
0.171875,0.682292,0.780089
0.182292,0.682292,0.888673
0.192708,0.682292,1.025942
0.203125,0.682292,1.191896
0.213542,0.682292,1.357850
0.223958,0.682292,1.523804
0.234375,0.682292,1.689758
0.244792,0.682292,1.855712
0.255208,0.682292,1.937361
0.265625,0.682292,1.934706
0.276042,0.682292,1.932051
0.286458,0.682292,1.929396
0.296875,0.682292,1.926741
0.307292,0.682292,1.924086
0.317708,0.682292,1.977134
0.328125,0.682292,2.085885
0.338542,0.682292,2.194636
0.348958,0.682292,2.303386
0.359375,0.682292,2.412137
0.369792,0.682292,2.520887
0.380208,0.682292,2.629039
0.390625,0.682292,2.736592
0.401042,0.682292,2.844145
0.411458,0.682292,2.951698
0.421875,0.682292,3.059251
0.432292,0.682292,3.166804
0.442708,0.682292,3.181155
0.453125,0.682292,3.102306
0.463542,0.682292,3.023456
0.473958,0.682292,2.944606
0.484375,0.682292,2.865756
0.494792,0.682292,2.786906
0.505208,0.682292,2.798094
0.515625,0.682292,2.899321
0.526042,0.682292,3.000547
0.536458,0.682292,3.101773
0.546875,0.682292,3.202999
0.557292,0.682292,3.304225
0.567708,0.682292,3.337945
0.578125,0.682292,3.304160
0.588542,0.682292,3.270374
0.598958,0.682292,3.281592
0.609375,0.682292,3.337814
0.619792,0.682292,3.394036
0.630208,0.682292,3.423176
0.640625,0.682292,3.425235
0.651042,0.682292,3.427293
0.661458,0.682292,3.429352
0.671875,0.682292,3.431411
0.682292,0.682292,3.433470
0.692708,0.682292,3.466465
0.703125,0.682292,3.530397
0.713542,0.682292,3.594329
0.723958,0.682292,3.658261
0.734375,0.682292,3.722194
0.744792,0.682292,3.786126
0.755208,0.682292,3.829565
0.765625,0.682292,3.852511
0.776042,0.682292,3.875457
0.786458,0.682292,3.895033
0.796875,0.682292,3.911239
0.807292,0.682292,3.942408
0.817708,0.682292,3.972357
0.828125,0.682292,4.001088
0.838542,0.682292,4.025368
0.848958,0.682292,4.030881
0.859375,0.682292,4.017629
0.869792,0.682292,4.004376
0.880208,0.682292,4.023948
0.890625,0.682292,4.076343
0.901042,0.682292,4.128739
0.911458,0.682292,4.181135
0.921875,0.682292,4.233530
0.932292,0.682292,4.285926
0.942708,0.682292,4.315998
0.953125,0.682292,4.323746
0.963542,0.682292,4.331493
0.973958,0.682292,4.339241
0.984375,0.682292,4.346989
0.994792,0.682292,4.354736
0.005208,0.692708,3.532943
0.015625,0.692708,0.720485
0.026042,0.692708,-0.001908
0.036458,0.692708,-0.315457
0.046875,0.692708,-0.475138
0.057292,0.692708,-0.392253
0.067708,0.692708,-0.316572
0.078125,0.692708,-0.238955
0.088542,0.692708,-0.119863
0.098958,0.692708,-0.002849
0.109375,0.692708,0.053973
0.119792,0.692708,0.239223
0.130208,0.692708,0.374070
0.140625,0.692708,0.486321
0.151042,0.692708,0.598571
0.161458,0.692708,0.710821
0.171875,0.692708,0.823071
0.182292,0.692708,0.935321
0.192708,0.692708,1.071843
0.203125,0.692708,1.232637
0.213542,0.692708,1.393430
0.223958,0.692708,1.554224
0.234375,0.692708,1.715018
0.244792,0.692708,1.875811
0.255208,0.692708,1.952394
0.265625,0.692708,1.944766
0.276042,0.692708,1.937137
0.286458,0.692708,1.929509
0.296875,0.692708,1.921880
0.307292,0.692708,1.914252
0.317708,0.692708,1.967237
0.328125,0.692708,2.080836
0.338542,0.692708,2.194435
0.348958,0.692708,2.308033
0.359375,0.692708,2.421632
0.369792,0.692708,2.535231
0.380208,0.692708,2.640622
0.390625,0.692708,2.737807
0.401042,0.692708,2.834992
0.411458,0.692708,2.932176
0.421875,0.692708,3.029361
0.432292,0.692708,3.126545
0.442708,0.692708,3.130529
0.453125,0.692708,3.041310
0.463542,0.692708,2.952092
0.473958,0.692708,2.862874
0.484375,0.692708,2.773656
0.494792,0.692708,2.684438
0.505208,0.692708,2.701696
0.515625,0.692708,2.825432
0.526042,0.692708,2.949169
0.536458,0.692708,3.072905
0.546875,0.692708,3.196641
0.557292,0.692708,3.320377
0.567708,0.692708,3.362128
0.578125,0.692708,3.321895
0.588542,0.692708,3.281662
0.598958,0.692708,3.294098
0.609375,0.692708,3.359203
0.619792,0.692708,3.424308
0.630208,0.692708,3.457191
0.640625,0.692708,3.457854
0.651042,0.692708,3.458517
0.661458,0.692708,3.459180
0.671875,0.692708,3.459843
0.682292,0.692708,3.460506
0.692708,0.692708,3.494980
0.703125,0.692708,3.563265
0.713542,0.692708,3.631550
0.723958,0.692708,3.699834
0.734375,0.692708,3.768119
0.744792,0.692708,3.836404
0.755208,0.692708,3.880628
0.765625,0.692708,3.900790
0.776042,0.692708,3.920953
0.786458,0.692708,3.939913
0.796875,0.692708,3.957671
0.807292,0.692708,3.993112
0.817708,0.692708,4.025260
0.828125,0.692708,4.054115
0.838542,0.692708,4.077710
0.848958,0.692708,4.082817
0.859375,0.692708,4.069434
0.869792,0.692708,4.056051
0.880208,0.692708,4.078181
0.890625,0.692708,4.135824
0.901042,0.692708,4.193467
0.911458,0.692708,4.251110
0.921875,0.692708,4.308753
0.932292,0.692708,4.366397
0.942708,0.692708,4.397197
0.953125,0.692708,4.401153
0.963542,0.692708,4.405110
0.973958,0.692708,4.409066
0.984375,0.692708,4.413023
0.994792,0.692708,4.416979
0.005208,0.703125,4.127924
0.015625,0.703125,1.076082
0.026042,0.703125,0.251788
0.036458,0.703125,-0.129961
0.046875,0.703125,-0.337571
0.057292,0.703125,-0.285648
0.067708,0.703125,-0.232484
0.078125,0.703125,-0.180402
0.088542,0.703125,-0.074560
0.098958,0.703125,0.039246
0.109375,0.703125,0.081697
0.119792,0.703125,0.269906
0.130208,0.703125,0.402388
0.140625,0.703125,0.518304
0.151042,0.703125,0.634220
0.161458,0.703125,0.750137
0.171875,0.703125,0.866053
0.182292,0.703125,0.981969
0.192708,0.703125,1.117744
0.203125,0.703125,1.273377
0.213542,0.703125,1.429011
0.223958,0.703125,1.584644
0.234375,0.703125,1.740278
0.244792,0.703125,1.895911
0.255208,0.703125,1.967427
0.265625,0.703125,1.954825
0.276042,0.703125,1.942223
0.286458,0.703125,1.929621
0.296875,0.703125,1.917019
0.307292,0.703125,1.904418
0.317708,0.703125,1.957340
0.328125,0.703125,2.075787
0.338542,0.703125,2.194234
0.348958,0.703125,2.312680
0.359375,0.703125,2.431127
0.369792,0.703125,2.549574
0.380208,0.703125,2.643382
0.390625,0.703125,2.712552
0.401042,0.703125,2.781722
0.411458,0.703125,2.850892
0.421875,0.703125,2.920062
0.432292,0.703125,2.989232
0.442708,0.703125,2.982147
0.453125,0.703125,2.898805
0.463542,0.703125,2.815464
0.473958,0.703125,2.732122
0.484375,0.703125,2.648781
0.494792,0.703125,2.565440
0.505208,0.703125,2.591054
0.515625,0.703125,2.725625
0.526042,0.703125,2.860195
0.536458,0.703125,2.994766
0.546875,0.703125,3.129336
0.557292,0.703125,3.263907
0.567708,0.703125,3.320928
0.578125,0.703125,3.300401
0.588542,0.703125,3.279873
0.598958,0.703125,3.307768
0.609375,0.703125,3.384085
0.619792,0.703125,3.460403
0.630208,0.703125,3.501741
0.640625,0.703125,3.508099
0.651042,0.703125,3.514458
0.661458,0.703125,3.520817
0.671875,0.703125,3.527175
0.682292,0.703125,3.533534
0.692708,0.703125,3.568904
0.703125,0.703125,3.633285
0.713542,0.703125,3.697667
0.723958,0.703125,3.762048
0.734375,0.703125,3.826429
0.744792,0.703125,3.890810
0.755208,0.703125,3.931691
0.765625,0.703125,3.949070
0.776042,0.703125,3.966449
0.786458,0.703125,3.984793
0.796875,0.703125,4.004102
0.807292,0.703125,4.043816
0.817708,0.703125,4.078163
0.828125,0.703125,4.107142
0.838542,0.703125,4.130053
0.848958,0.703125,4.138441
0.859375,0.703125,4.132306
0.869792,0.703125,4.126172
0.880208,0.703125,4.151190
0.890625,0.703125,4.207362
0.901042,0.703125,4.263534
0.911458,0.703125,4.319706
0.921875,0.703125,4.375878
0.932292,0.703125,4.432050
0.942708,0.703125,4.461733
0.953125,0.703125,4.464928
0.963542,0.703125,4.468123
0.973958,0.703125,4.471318
0.984375,0.703125,4.474512
0.994792,0.703125,4.477707
0.005208,0.713542,4.722905
0.015625,0.713542,1.431679
0.026042,0.713542,0.505484
0.036458,0.713542,0.055535
0.046875,0.713542,-0.200004
0.057292,0.713542,-0.179042
0.067708,0.713542,-0.148397
0.078125,0.713542,-0.121850
0.088542,0.713542,-0.029257
0.098958,0.713542,0.081342
0.109375,0.713542,0.109420
0.119792,0.713542,0.300590
0.130208,0.713542,0.430706
0.140625,0.713542,0.550288
0.151042,0.713542,0.669870
0.161458,0.713542,0.789452
0.171875,0.713542,0.909034
0.182292,0.713542,1.028616
0.192708,0.713542,1.163644
0.203125,0.713542,1.314118
0.213542,0.713542,1.464591
0.223958,0.713542,1.615064
0.234375,0.713542,1.765538
0.244792,0.713542,1.916011
0.255208,0.713542,1.982460
0.265625,0.713542,1.964885
0.276042,0.713542,1.947309
0.286458,0.713542,1.929734
0.296875,0.713542,1.912158
0.307292,0.713542,1.894583
0.317708,0.713542,1.947443
0.328125,0.713542,2.070738
0.338542,0.713542,2.194033
0.348958,0.713542,2.317327
0.359375,0.713542,2.440622
0.369792,0.713542,2.563917
0.380208,0.713542,2.646142
0.390625,0.713542,2.687298
0.401042,0.713542,2.728453
0.411458,0.713542,2.769608
0.421875,0.713542,2.810764
0.432292,0.713542,2.851919
0.442708,0.713542,2.833765
0.453125,0.713542,2.756300
0.463542,0.713542,2.678835
0.473958,0.713542,2.601371
0.484375,0.713542,2.523906
0.494792,0.713542,2.446441
0.505208,0.713542,2.480412
0.515625,0.713542,2.625817
0.526042,0.713542,2.771222
0.536458,0.713542,2.916627
0.546875,0.713542,3.062032
0.557292,0.713542,3.207436
0.567708,0.713542,3.279728
0.578125,0.713542,3.278906
0.588542,0.713542,3.278084
0.598958,0.713542,3.321438
0.609375,0.713542,3.408968
0.619792,0.713542,3.496498
0.630208,0.713542,3.546290
0.640625,0.713542,3.558344
0.651042,0.713542,3.570399
0.661458,0.713542,3.582453
0.671875,0.713542,3.594508
0.682292,0.713542,3.606562
0.692708,0.713542,3.642828
0.703125,0.713542,3.703306
0.713542,0.713542,3.763784
0.723958,0.713542,3.824261
0.734375,0.713542,3.884739
0.744792,0.713542,3.945217
0.755208,0.713542,3.982754
0.765625,0.713542,3.997349
0.776042,0.713542,4.011944
0.786458,0.713542,4.029673
0.796875,0.713542,4.050534
0.807292,0.713542,4.094520
0.817708,0.713542,4.131065
0.828125,0.713542,4.160169
0.838542,0.713542,4.182396
0.848958,0.713542,4.194066
0.859375,0.713542,4.195179
0.869792,0.713542,4.196292
0.880208,0.713542,4.224200
0.890625,0.713542,4.278900
0.901042,0.713542,4.333601
0.911458,0.713542,4.388302
0.921875,0.713542,4.443003
0.932292,0.713542,4.497703
0.942708,0.713542,4.526270
0.953125,0.713542,4.528703
0.963542,0.713542,4.531136
0.973958,0.713542,4.533569
0.984375,0.713542,4.536002
0.994792,0.713542,4.538435
0.005208,0.723958,5.317887
0.015625,0.723958,1.787275
0.026042,0.723958,0.759180
0.036458,0.723958,0.241032
0.046875,0.723958,-0.062436
0.057292,0.723958,-0.072437
0.067708,0.723958,-0.064309
0.078125,0.723958,-0.063297
0.088542,0.723958,0.016045
0.098958,0.723958,0.123437
0.109375,0.723958,0.137143
0.119792,0.723958,0.331273
0.130208,0.723958,0.459024
0.140625,0.723958,0.582272
0.151042,0.723958,0.705520
0.161458,0.723958,0.828768
0.171875,0.723958,0.952016
0.182292,0.723958,1.075264
0.192708,0.723958,1.209545
0.203125,0.723958,1.354858
0.213542,0.723958,1.500171
0.223958,0.723958,1.645485
0.234375,0.723958,1.790798
0.244792,0.723958,1.936111
0.255208,0.723958,1.997493
0.265625,0.723958,1.974944
0.276042,0.723958,1.952395
0.286458,0.723958,1.929846
0.296875,0.723958,1.907297
0.307292,0.723958,1.884749
0.317708,0.723958,1.937546
0.328125,0.723958,2.065689
0.338542,0.723958,2.193832
0.348958,0.723958,2.321975
0.359375,0.723958,2.450118
0.369792,0.723958,2.578261
0.380208,0.723958,2.648902
0.390625,0.723958,2.662043
0.401042,0.723958,2.675184
0.411458,0.723958,2.688325
0.421875,0.723958,2.701465
0.432292,0.723958,2.714606
0.442708,0.723958,2.685382
0.453125,0.723958,2.613795
0.463542,0.723958,2.542207
0.473958,0.723958,2.470619
0.484375,0.723958,2.399031
0.494792,0.723958,2.327443
0.505208,0.723958,2.369769
0.515625,0.723958,2.526009
0.526042,0.723958,2.682248
0.536458,0.723958,2.838488
0.546875,0.723958,2.994727
0.557292,0.723958,3.150966
0.567708,0.723958,3.238528
0.578125,0.723958,3.257412
0.588542,0.723958,3.276295
0.598958,0.723958,3.335108
0.609375,0.723958,3.433851
0.619792,0.723958,3.532593
0.630208,0.723958,3.590839
0.640625,0.723958,3.608589
0.651042,0.723958,3.626340
0.661458,0.723958,3.644090
0.671875,0.723958,3.661840
0.682292,0.723958,3.679590
0.692708,0.723958,3.716752
0.703125,0.723958,3.773326
0.713542,0.723958,3.829901
0.723958,0.723958,3.886475
0.734375,0.723958,3.943049
0.744792,0.723958,3.999623
0.755208,0.723958,4.033816
0.765625,0.723958,4.045628
0.776042,0.723958,4.057440
0.786458,0.723958,4.074553
0.796875,0.723958,4.096966
0.807292,0.723958,4.145225
0.817708,0.723958,4.183968
0.828125,0.723958,4.213197
0.838542,0.723958,4.234739
0.848958,0.723958,4.249690
0.859375,0.723958,4.258052
0.869792,0.723958,4.266413
0.880208,0.723958,4.297209
0.890625,0.723958,4.350439
0.901042,0.723958,4.403668
0.911458,0.723958,4.456898
0.921875,0.723958,4.510127
0.932292,0.723958,4.563357
0.942708,0.723958,4.590807
0.953125,0.723958,4.592478
0.963542,0.723958,4.594149
0.973958,0.723958,4.595821
0.984375,0.723958,4.597492
0.994792,0.723958,4.599163
0.005208,0.734375,5.912868
0.015625,0.734375,2.142872
0.026042,0.734375,1.012876
0.036458,0.734375,0.426528
0.046875,0.734375,0.075131
0.057292,0.734375,0.034169
0.067708,0.734375,0.019778
0.078125,0.734375,-0.004744
0.088542,0.734375,0.061348
0.098958,0.734375,0.165533
0.109375,0.734375,0.164867
0.119792,0.734375,0.361957
0.130208,0.734375,0.487342
0.140625,0.734375,0.614256
0.151042,0.734375,0.741170
0.161458,0.734375,0.868084
0.171875,0.734375,0.994998
0.182292,0.734375,1.121912
0.192708,0.734375,1.255445
0.203125,0.734375,1.395598
0.213542,0.734375,1.535752
0.223958,0.734375,1.675905
0.234375,0.734375,1.816058
0.244792,0.734375,1.956211
0.255208,0.734375,2.012526
0.265625,0.734375,1.985004
0.276042,0.734375,1.957481
0.286458,0.734375,1.929959
0.296875,0.734375,1.902437
0.307292,0.734375,1.874914
0.317708,0.734375,1.927648
0.328125,0.734375,2.060639
0.338542,0.734375,2.193631
0.348958,0.734375,2.326622
0.359375,0.734375,2.459613
0.369792,0.734375,2.592604
0.380208,0.734375,2.651662
0.390625,0.734375,2.636788
0.401042,0.734375,2.621915
0.411458,0.734375,2.607041
0.421875,0.734375,2.592167
0.432292,0.734375,2.577293
0.442708,0.734375,2.537000
0.453125,0.734375,2.471289
0.463542,0.734375,2.405578
0.473958,0.734375,2.339867
0.484375,0.734375,2.274156
0.494792,0.734375,2.208445
0.505208,0.734375,2.259127
0.515625,0.734375,2.426201
0.526042,0.734375,2.593275
0.536458,0.734375,2.760349
0.546875,0.734375,2.927422
0.557292,0.734375,3.094496
0.567708,0.734375,3.197328
0.578125,0.734375,3.235917
0.588542,0.734375,3.274506
0.598958,0.734375,3.348778
0.609375,0.734375,3.458733
0.619792,0.734375,3.568688
0.630208,0.734375,3.635389
0.640625,0.734375,3.658834
0.651042,0.734375,3.682280
0.661458,0.734375,3.705726
0.671875,0.734375,3.729172
0.682292,0.734375,3.752618
0.692708,0.734375,3.790676
0.703125,0.734375,3.843347
0.713542,0.734375,3.896018
0.723958,0.734375,3.948688
0.734375,0.734375,4.001359
0.744792,0.734375,4.054030
0.755208,0.734375,4.084879
0.765625,0.734375,4.093908
0.776042,0.734375,4.102936
0.786458,0.734375,4.119433
0.796875,0.734375,4.143398
0.807292,0.734375,4.195929
0.817708,0.734375,4.236871
0.828125,0.734375,4.266224
0.838542,0.734375,4.287081
0.848958,0.734375,4.305315
0.859375,0.734375,4.320925
0.869792,0.734375,4.336534
0.880208,0.734375,4.370218
0.890625,0.734375,4.421977
0.901042,0.734375,4.473735
0.911458,0.734375,4.525493
0.921875,0.734375,4.577252
0.932292,0.734375,4.629010
0.942708,0.734375,4.655344
0.953125,0.734375,4.656253
0.963542,0.734375,4.657163
0.973958,0.734375,4.658072
0.984375,0.734375,4.658981
0.994792,0.734375,4.659891
0.005208,0.744792,6.507849
0.015625,0.744792,2.498469
0.026042,0.744792,1.266572
0.036458,0.744792,0.612024
0.046875,0.744792,0.212699
0.057292,0.744792,0.140774
0.067708,0.744792,0.103866
0.078125,0.744792,0.053809
0.088542,0.744792,0.106651
0.098958,0.744792,0.207628
0.109375,0.744792,0.192590
0.119792,0.744792,0.392640
0.130208,0.744792,0.515660
0.140625,0.744792,0.646240
0.151042,0.744792,0.776820
0.161458,0.744792,0.907400
0.171875,0.744792,1.037980
0.182292,0.744792,1.168559
0.192708,0.744792,1.301346
0.203125,0.744792,1.436339
0.213542,0.744792,1.571332
0.223958,0.744792,1.706325
0.234375,0.744792,1.841318
0.244792,0.744792,1.976311
0.255208,0.744792,2.027559
0.265625,0.744792,1.995063
0.276042,0.744792,1.962567
0.286458,0.744792,1.930071
0.296875,0.744792,1.897576
0.307292,0.744792,1.865080
0.317708,0.744792,1.917751
0.328125,0.744792,2.055590
0.338542,0.744792,2.193430
0.348958,0.744792,2.331269
0.359375,0.744792,2.469108
0.369792,0.744792,2.606947
0.380208,0.744792,2.654422
0.390625,0.744792,2.611534
0.401042,0.744792,2.568645
0.411458,0.744792,2.525757
0.421875,0.744792,2.482868
0.432292,0.744792,2.439980
0.442708,0.744792,2.388618
0.453125,0.744792,2.328784
0.463542,0.744792,2.268950
0.473958,0.744792,2.209116
0.484375,0.744792,2.149282
0.494792,0.744792,2.089447
0.505208,0.744792,2.148484
0.515625,0.744792,2.326393
0.526042,0.744792,2.504301
0.536458,0.744792,2.682210
0.546875,0.744792,2.860118
0.557292,0.744792,3.038026
0.567708,0.744792,3.156128
0.578125,0.744792,3.214423
0.588542,0.744792,3.272718
0.598958,0.744792,3.362449
0.609375,0.744792,3.483616
0.619792,0.744792,3.604783
0.630208,0.744792,3.679938
0.640625,0.744792,3.709079
0.651042,0.744792,3.738221
0.661458,0.744792,3.767363
0.671875,0.744792,3.796504
0.682292,0.744792,3.825646
0.692708,0.744792,3.864600
0.703125,0.744792,3.913367
0.713542,0.744792,3.962135
0.723958,0.744792,4.010902
0.734375,0.744792,4.059669
0.744792,0.744792,4.108436
0.755208,0.744792,4.135942
0.765625,0.744792,4.142187
0.776042,0.744792,4.148432
0.786458,0.744792,4.164313
0.796875,0.744792,4.189830
0.807292,0.744792,4.246633
0.817708,0.744792,4.289774
0.828125,0.744792,4.319251
0.838542,0.744792,4.339424
0.848958,0.744792,4.360939
0.859375,0.744792,4.383797
0.869792,0.744792,4.406655
0.880208,0.744792,4.443228
0.890625,0.744792,4.493515
0.901042,0.744792,4.543802
0.911458,0.744792,4.594089
0.921875,0.744792,4.644376
0.932292,0.744792,4.694663
0.942708,0.744792,4.719881
0.953125,0.744792,4.720028
0.963542,0.744792,4.720176
0.973958,0.744792,4.720324
0.984375,0.744792,4.720471
0.994792,0.744792,4.720619
0.005208,0.755208,7.102830
0.015625,0.755208,2.854065
0.026042,0.755208,1.520268
0.036458,0.755208,0.797520
0.046875,0.755208,0.350266
0.057292,0.755208,0.243010
0.067708,0.755208,0.179315
0.078125,0.755208,0.112665
0.088542,0.755208,0.152785
0.098958,0.755208,0.249724
0.109375,0.755208,0.220313
0.119792,0.755208,0.423324
0.130208,0.755208,0.545327
0.140625,0.755208,0.682273
0.151042,0.755208,0.819218
0.161458,0.755208,0.956164
0.171875,0.755208,1.093109
0.182292,0.755208,1.230055
0.192708,0.755208,1.367000
0.203125,0.755208,1.503945
0.213542,0.755208,1.640891
0.223958,0.755208,1.777836
0.234375,0.755208,1.914782
0.244792,0.755208,2.051727
0.255208,0.755208,2.096559
0.265625,0.755208,2.049277
0.276042,0.755208,2.001996
0.286458,0.755208,1.954714
0.296875,0.755208,1.907433
0.307292,0.755208,1.860151
0.317708,0.755208,1.907854
0.328125,0.755208,2.050541
0.338542,0.755208,2.193229
0.348958,0.755208,2.335916
0.359375,0.755208,2.478603
0.369792,0.755208,2.621290
0.380208,0.755208,2.679299
0.390625,0.755208,2.652630
0.401042,0.755208,2.625961
0.411458,0.755208,2.599291
0.421875,0.755208,2.572622
0.432292,0.755208,2.545953
0.442708,0.755208,2.519283
0.453125,0.755208,2.492614
0.463542,0.755208,2.465944
0.473958,0.755208,2.439275
0.484375,0.755208,2.412606
0.494792,0.755208,2.385936
0.505208,0.755208,2.435979
0.515625,0.755208,2.562734
0.526042,0.755208,2.689489
0.536458,0.755208,2.816244
0.546875,0.755208,2.942998
0.557292,0.755208,3.069753
0.567708,0.755208,3.168925
0.578125,0.755208,3.240514
0.588542,0.755208,3.312103
0.598958,0.755208,3.402250
0.609375,0.755208,3.510954
0.619792,0.755208,3.619658
0.630208,0.755208,3.689409
0.640625,0.755208,3.720205
0.651042,0.755208,3.751002
0.661458,0.755208,3.781798
0.671875,0.755208,3.812595
0.682292,0.755208,3.843391
0.692708,0.755208,3.885197
0.703125,0.755208,3.938013
0.713542,0.755208,3.990829
0.723958,0.755208,4.043645
0.734375,0.755208,4.096461
0.744792,0.755208,4.149277
0.755208,0.755208,4.179135
0.765625,0.755208,4.186035
0.776042,0.755208,4.192936
0.786458,0.755208,4.208306
0.796875,0.755208,4.232146
0.807292,0.755208,4.288776
0.817708,0.755208,4.333536
0.828125,0.755208,4.366424
0.838542,0.755208,4.388478
0.848958,0.755208,4.413224
0.859375,0.755208,4.440661
0.869792,0.755208,4.468098
0.880208,0.755208,4.506426
0.890625,0.755208,4.555646
0.901042,0.755208,4.604865
0.911458,0.755208,4.654084
0.921875,0.755208,4.703303
0.932292,0.755208,4.752523
0.942708,0.755208,4.777929
0.953125,0.755208,4.779523
0.963542,0.755208,4.781117
0.973958,0.755208,4.782711
0.984375,0.755208,4.784304
0.994792,0.755208,4.785898
0.005208,0.765625,7.697811
0.015625,0.765625,3.209662
0.026042,0.765625,1.773964
0.036458,0.765625,0.983016
0.046875,0.765625,0.487833
0.057292,0.765625,0.340876
0.067708,0.765625,0.246126
0.078125,0.765625,0.171825
0.088542,0.765625,0.199751
0.098958,0.765625,0.291819
0.109375,0.765625,0.248037
0.119792,0.765625,0.454008
0.130208,0.765625,0.576345
0.140625,0.765625,0.722355
0.151042,0.765625,0.868366
0.161458,0.765625,1.014376
0.171875,0.765625,1.160387
0.182292,0.765625,1.306397
0.192708,0.765625,1.452408
0.203125,0.765625,1.598418
0.213542,0.765625,1.744429
0.223958,0.765625,1.890439
0.234375,0.765625,2.036449
0.244792,0.765625,2.182460
0.255208,0.765625,2.219525
0.265625,0.765625,2.147646
0.276042,0.765625,2.075767
0.286458,0.765625,2.003887
0.296875,0.765625,1.932008
0.307292,0.765625,1.860129
0.317708,0.765625,1.897957
0.328125,0.765625,2.045492
0.338542,0.765625,2.193028
0.348958,0.765625,2.340563
0.359375,0.765625,2.488098
0.369792,0.765625,2.635634
0.380208,0.765625,2.726293
0.390625,0.765625,2.760077
0.401042,0.765625,2.793860
0.411458,0.765625,2.827644
0.421875,0.765625,2.861427
0.432292,0.765625,2.895211
0.442708,0.765625,2.928995
0.453125,0.765625,2.962778
0.463542,0.765625,2.996562
0.473958,0.765625,3.030345
0.484375,0.765625,3.064129
0.494792,0.765625,3.097913
0.505208,0.765625,3.121611
0.515625,0.765625,3.135224
0.526042,0.765625,3.148838
0.536458,0.765625,3.162451
0.546875,0.765625,3.176064
0.557292,0.765625,3.189677
0.567708,0.765625,3.235720
0.578125,0.765625,3.314192
0.588542,0.765625,3.392664
0.598958,0.765625,3.468182
0.609375,0.765625,3.540748
0.619792,0.765625,3.613313
0.630208,0.765625,3.663801
0.640625,0.765625,3.692212
0.651042,0.765625,3.720622
0.661458,0.765625,3.749033
0.671875,0.765625,3.777443
0.682292,0.765625,3.805854
0.692708,0.765625,3.852467
0.703125,0.765625,3.917284
0.713542,0.765625,3.982101
0.723958,0.765625,4.046918
0.734375,0.765625,4.111735
0.744792,0.765625,4.176552
0.755208,0.765625,4.214458
0.765625,0.765625,4.225453
0.776042,0.765625,4.236448
0.786458,0.765625,4.251412
0.796875,0.765625,4.270346
0.807292,0.765625,4.322358
0.817708,0.765625,4.368157
0.828125,0.765625,4.407741
0.838542,0.765625,4.434244
0.848958,0.765625,4.462169
0.859375,0.765625,4.491516
0.869792,0.765625,4.520863
0.880208,0.765625,4.559814
0.890625,0.765625,4.608369
0.901042,0.765625,4.656924
0.911458,0.765625,4.705478
0.921875,0.765625,4.754033
0.932292,0.765625,4.802588
0.942708,0.765625,4.829489
0.953125,0.765625,4.834737
0.963542,0.765625,4.839985
0.973958,0.765625,4.845233
0.984375,0.765625,4.850481
0.994792,0.765625,4.855729
0.005208,0.776042,8.292792
0.015625,0.776042,3.565258
0.026042,0.776042,2.027660
0.036458,0.776042,1.168512
0.046875,0.776042,0.625401
0.057292,0.776042,0.438742
0.067708,0.776042,0.312937
0.078125,0.776042,0.230984
0.088542,0.776042,0.246716
0.098958,0.776042,0.333915
0.109375,0.776042,0.275760
0.119792,0.776042,0.484691
0.130208,0.776042,0.607362
0.140625,0.776042,0.762438
0.151042,0.776042,0.917513
0.161458,0.776042,1.072589
0.171875,0.776042,1.227664
0.182292,0.776042,1.382740
0.192708,0.776042,1.537815
0.203125,0.776042,1.692891
0.213542,0.776042,1.847966
0.223958,0.776042,2.003042
0.234375,0.776042,2.158117
0.244792,0.776042,2.313193
0.255208,0.776042,2.342492
0.265625,0.776042,2.246015
0.276042,0.776042,2.149538
0.286458,0.776042,2.053061
0.296875,0.776042,1.956584
0.307292,0.776042,1.860106
0.317708,0.776042,1.888060
0.328125,0.776042,2.040443
0.338542,0.776042,2.192827
0.348958,0.776042,2.345210
0.359375,0.776042,2.497593
0.369792,0.776042,2.649977
0.380208,0.776042,2.773287
0.390625,0.776042,2.867523
0.401042,0.776042,2.961760
0.411458,0.776042,3.055997
0.421875,0.776042,3.150233
0.432292,0.776042,3.244470
0.442708,0.776042,3.338706
0.453125,0.776042,3.432943
0.463542,0.776042,3.527179
0.473958,0.776042,3.621416
0.484375,0.776042,3.715652
0.494792,0.776042,3.809889
0.505208,0.776042,3.807243
0.515625,0.776042,3.707715
0.526042,0.776042,3.608186
0.536458,0.776042,3.508658
0.546875,0.776042,3.409130
0.557292,0.776042,3.309601
0.567708,0.776042,3.302515
0.578125,0.776042,3.387869
0.588542,0.776042,3.473224
0.598958,0.776042,3.534115
0.609375,0.776042,3.570541
0.619792,0.776042,3.606968
0.630208,0.776042,3.638193
0.640625,0.776042,3.664218
0.651042,0.776042,3.690242
0.661458,0.776042,3.716267
0.671875,0.776042,3.742292
0.682292,0.776042,3.768316
0.692708,0.776042,3.819737
0.703125,0.776042,3.896555
0.713542,0.776042,3.973373
0.723958,0.776042,4.050191
0.734375,0.776042,4.127009
0.744792,0.776042,4.203827
0.755208,0.776042,4.249781
0.765625,0.776042,4.264870
0.776042,0.776042,4.279959
0.786458,0.776042,4.294518
0.796875,0.776042,4.308546
0.807292,0.776042,4.355940
0.817708,0.776042,4.402778
0.828125,0.776042,4.449059
0.838542,0.776042,4.480010
0.848958,0.776042,4.511114
0.859375,0.776042,4.542371
0.869792,0.776042,4.573628
0.880208,0.776042,4.613202
0.890625,0.776042,4.661092
0.901042,0.776042,4.708982
0.911458,0.776042,4.756873
0.921875,0.776042,4.804763
0.932292,0.776042,4.852653
0.942708,0.776042,4.881049
0.953125,0.776042,4.889951
0.963542,0.776042,4.898854
0.973958,0.776042,4.907756
0.984375,0.776042,4.916658
0.994792,0.776042,4.925561
0.005208,0.786458,8.887773
0.015625,0.786458,3.920855
0.026042,0.786458,2.281356
0.036458,0.786458,1.354008
0.046875,0.786458,0.762968
0.057292,0.786458,0.536608
0.067708,0.786458,0.379747
0.078125,0.786458,0.290144
0.088542,0.786458,0.293682
0.098958,0.786458,0.376011
0.109375,0.786458,0.303483
0.119792,0.786458,0.515375
0.130208,0.786458,0.638380
0.140625,0.786458,0.802520
0.151042,0.786458,0.966661
0.161458,0.786458,1.130801
0.171875,0.786458,1.294942
0.182292,0.786458,1.459082
0.192708,0.786458,1.623223
0.203125,0.786458,1.787363
0.213542,0.786458,1.951504
0.223958,0.786458,2.115644
0.234375,0.786458,2.279785
0.244792,0.786458,2.443925
0.255208,0.786458,2.465458
0.265625,0.786458,2.344383
0.276042,0.786458,2.223309
0.286458,0.786458,2.102234
0.296875,0.786458,1.981159
0.307292,0.786458,1.860084
0.317708,0.786458,1.878162
0.328125,0.786458,2.035394
0.338542,0.786458,2.192626
0.348958,0.786458,2.349857
0.359375,0.786458,2.507089
0.369792,0.786458,2.664320
0.380208,0.786458,2.820281
0.390625,0.786458,2.974970
0.401042,0.786458,3.129660
0.411458,0.786458,3.284349
0.421875,0.786458,3.439039
0.432292,0.786458,3.593728
0.442708,0.786458,3.748418
0.453125,0.786458,3.903107
0.463542,0.786458,4.057797
0.473958,0.786458,4.212486
0.484375,0.786458,4.367176
0.494792,0.786458,4.521865
0.505208,0.786458,4.492875
0.515625,0.786458,4.280205
0.526042,0.786458,4.067535
0.536458,0.786458,3.854865
0.546875,0.786458,3.642195
0.557292,0.786458,3.429526
0.567708,0.786458,3.369309
0.578125,0.786458,3.461547
0.588542,0.786458,3.553785
0.598958,0.786458,3.600047
0.609375,0.786458,3.600335
0.619792,0.786458,3.600623
0.630208,0.786458,3.612586
0.640625,0.786458,3.636224
0.651042,0.786458,3.659863
0.661458,0.786458,3.683502
0.671875,0.786458,3.707140
0.682292,0.786458,3.730779
0.692708,0.786458,3.787007
0.703125,0.786458,3.875826
0.713542,0.786458,3.964645
0.723958,0.786458,4.053464
0.734375,0.786458,4.142283
0.744792,0.786458,4.231102
0.755208,0.786458,4.285103
0.765625,0.786458,4.304287
0.776042,0.786458,4.323471
0.786458,0.786458,4.337624
0.796875,0.786458,4.346746
0.807292,0.786458,4.389522
0.817708,0.786458,4.437399
0.828125,0.786458,4.490377
0.838542,0.786458,4.525776
0.848958,0.786458,4.560059
0.859375,0.786458,4.593226
0.869792,0.786458,4.626394
0.880208,0.786458,4.666590
0.890625,0.786458,4.713816
0.901042,0.786458,4.761041
0.911458,0.786458,4.808267
0.921875,0.786458,4.855492
0.932292,0.786458,4.902718
0.942708,0.786458,4.932609
0.953125,0.786458,4.945166
0.963542,0.786458,4.957722
0.973958,0.786458,4.970279
0.984375,0.786458,4.982835
0.994792,0.786458,4.995392
0.005208,0.796875,9.482755
0.015625,0.796875,4.276452
0.026042,0.796875,2.535052
0.036458,0.796875,1.539505
0.046875,0.796875,0.900536
0.057292,0.796875,0.634473
0.067708,0.796875,0.446558
0.078125,0.796875,0.349304
0.088542,0.796875,0.340647
0.098958,0.796875,0.418106
0.109375,0.796875,0.331207
0.119792,0.796875,0.546058
0.130208,0.796875,0.669397
0.140625,0.796875,0.842603
0.151042,0.796875,1.015808
0.161458,0.796875,1.189014
0.171875,0.796875,1.362219
0.182292,0.796875,1.535425
0.192708,0.796875,1.708630
0.203125,0.796875,1.881836
0.213542,0.796875,2.055042
0.223958,0.796875,2.228247
0.234375,0.796875,2.401453
0.244792,0.796875,2.574658
0.255208,0.796875,2.588425
0.265625,0.796875,2.442752
0.276042,0.796875,2.297080
0.286458,0.796875,2.151407
0.296875,0.796875,2.005734
0.307292,0.796875,1.860062
0.317708,0.796875,1.868265
0.328125,0.796875,2.030345
0.338542,0.796875,2.192425
0.348958,0.796875,2.354504
0.359375,0.796875,2.516584
0.369792,0.796875,2.678663
0.380208,0.796875,2.867274
0.390625,0.796875,3.082417
0.401042,0.796875,3.297559
0.411458,0.796875,3.512702
0.421875,0.796875,3.727844
0.432292,0.796875,3.942987
0.442708,0.796875,4.158129
0.453125,0.796875,4.373272
0.463542,0.796875,4.588414
0.473958,0.796875,4.803557
0.484375,0.796875,5.018699
0.494792,0.796875,5.233841
0.505208,0.796875,5.178507
0.515625,0.796875,4.852695
0.526042,0.796875,4.526884
0.536458,0.796875,4.201073
0.546875,0.796875,3.875261
0.557292,0.796875,3.549450
0.567708,0.796875,3.436104
0.578125,0.796875,3.535225
0.588542,0.796875,3.634345
0.598958,0.796875,3.665980
0.609375,0.796875,3.630129
0.619792,0.796875,3.594277
0.630208,0.796875,3.586978
0.640625,0.796875,3.608231
0.651042,0.796875,3.629483
0.661458,0.796875,3.650736
0.671875,0.796875,3.671989
0.682292,0.796875,3.693241
0.692708,0.796875,3.754277
0.703125,0.796875,3.855097
0.713542,0.796875,3.955917
0.723958,0.796875,4.056737
0.734375,0.796875,4.157557
0.744792,0.796875,4.258377
0.755208,0.796875,4.320426
0.765625,0.796875,4.343705
0.776042,0.796875,4.366983
0.786458,0.796875,4.380730
0.796875,0.796875,4.384946
0.807292,0.796875,4.423104
0.817708,0.796875,4.472020
0.828125,0.796875,4.531694
0.838542,0.796875,4.571542
0.848958,0.796875,4.609004
0.859375,0.796875,4.644081
0.869792,0.796875,4.679159
0.880208,0.796875,4.719978
0.890625,0.796875,4.766539
0.901042,0.796875,4.813100
0.911458,0.796875,4.859661
0.921875,0.796875,4.906222
0.932292,0.796875,4.952783
0.942708,0.796875,4.984169
0.953125,0.796875,5.000380
0.963542,0.796875,5.016591
0.973958,0.796875,5.032801
0.984375,0.796875,5.049012
0.994792,0.796875,5.065223
0.005208,0.807292,10.077736
0.015625,0.807292,4.632048
0.026042,0.807292,2.788748
0.036458,0.807292,1.725001
0.046875,0.807292,1.038103
0.057292,0.807292,0.732339
0.067708,0.807292,0.513369
0.078125,0.807292,0.408464
0.088542,0.807292,0.387613
0.098958,0.807292,0.460202
0.109375,0.807292,0.358930
0.119792,0.807292,0.576742
0.130208,0.807292,0.700415
0.140625,0.807292,0.882685
0.151042,0.807292,1.064956
0.161458,0.807292,1.247226
0.171875,0.807292,1.429497
0.182292,0.807292,1.611767
0.192708,0.807292,1.794038
0.203125,0.807292,1.976309
0.213542,0.807292,2.158579
0.223958,0.807292,2.340850
0.234375,0.807292,2.523120
0.244792,0.807292,2.705391
0.255208,0.807292,2.711391
0.265625,0.807292,2.541121
0.276042,0.807292,2.370850
0.286458,0.807292,2.200580
0.296875,0.807292,2.030310
0.307292,0.807292,1.860039
0.317708,0.807292,1.858368
0.328125,0.807292,2.025296
0.338542,0.807292,2.192224
0.348958,0.807292,2.359151
0.359375,0.807292,2.526079
0.369792,0.807292,2.693007
0.380208,0.807292,2.914268
0.390625,0.807292,3.189864
0.401042,0.807292,3.465459
0.411458,0.807292,3.741054
0.421875,0.807292,4.016650
0.432292,0.807292,4.292245
0.442708,0.807292,4.567841
0.453125,0.807292,4.843436
0.463542,0.807292,5.119031
0.473958,0.807292,5.394627
0.484375,0.807292,5.670222
0.494792,0.807292,5.945818
0.505208,0.807292,5.864139
0.515625,0.807292,5.425186
0.526042,0.807292,4.986233
0.536458,0.807292,4.547280
0.546875,0.807292,4.108327
0.557292,0.807292,3.669374
0.567708,0.807292,3.502899
0.578125,0.807292,3.608902
0.588542,0.807292,3.714906
0.598958,0.807292,3.731912
0.609375,0.807292,3.659922
0.619792,0.807292,3.587932
0.630208,0.807292,3.561371
0.640625,0.807292,3.580237
0.651042,0.807292,3.599104
0.661458,0.807292,3.617971
0.671875,0.807292,3.636837
0.682292,0.807292,3.655704
0.692708,0.807292,3.721548
0.703125,0.807292,3.834368
0.713542,0.807292,3.947189
0.723958,0.807292,4.060010
0.734375,0.807292,4.172831
0.744792,0.807292,4.285652
0.755208,0.807292,4.355749
0.765625,0.807292,4.383122
0.776042,0.807292,4.410495
0.786458,0.807292,4.423836
0.796875,0.807292,4.423146
0.807292,0.807292,4.456685
0.817708,0.807292,4.506641
0.828125,0.807292,4.573012
0.838542,0.807292,4.617308
0.848958,0.807292,4.657949
0.859375,0.807292,4.694936
0.869792,0.807292,4.731924
0.880208,0.807292,4.773366
0.890625,0.807292,4.819262
0.901042,0.807292,4.865159
0.911458,0.807292,4.911055
0.921875,0.807292,4.956952
0.932292,0.807292,5.002848
0.942708,0.807292,5.035729
0.953125,0.807292,5.055594
0.963542,0.807292,5.075459
0.973958,0.807292,5.095324
0.984375,0.807292,5.115189
0.994792,0.807292,5.135054
0.005208,0.817708,10.672717
0.015625,0.817708,4.987645
0.026042,0.817708,3.042444
0.036458,0.817708,1.910497
0.046875,0.817708,1.175670
0.057292,0.817708,0.830205
0.067708,0.817708,0.580179
0.078125,0.817708,0.467624
0.088542,0.817708,0.434578
0.098958,0.817708,0.502297
0.109375,0.817708,0.386653
0.119792,0.817708,0.607425
0.130208,0.817708,0.731432
0.140625,0.817708,0.922768
0.151042,0.817708,1.114103
0.161458,0.817708,1.305439
0.171875,0.817708,1.496774
0.182292,0.817708,1.688110
0.192708,0.817708,1.879446
0.203125,0.817708,2.070781
0.213542,0.817708,2.262117
0.223958,0.817708,2.453453
0.234375,0.817708,2.644788
0.244792,0.817708,2.836124
0.255208,0.817708,2.834358
0.265625,0.817708,2.639489
0.276042,0.817708,2.444621
0.286458,0.817708,2.249753
0.296875,0.817708,2.054885
0.307292,0.817708,1.860017
0.317708,0.817708,1.848471
0.328125,0.817708,2.020247
0.338542,0.817708,2.192023
0.348958,0.817708,2.363798
0.359375,0.817708,2.535574
0.369792,0.817708,2.707350
0.380208,0.817708,2.961262
0.390625,0.817708,3.297310
0.401042,0.817708,3.633359
0.411458,0.817708,3.969407
0.421875,0.817708,4.305455
0.432292,0.817708,4.641504
0.442708,0.817708,4.977552
0.453125,0.817708,5.313601
0.463542,0.817708,5.649649
0.473958,0.817708,5.985697
0.484375,0.817708,6.321746
0.494792,0.817708,6.657794
0.505208,0.817708,6.549771
0.515625,0.817708,5.997676
0.526042,0.817708,5.445582
0.536458,0.817708,4.893487
0.546875,0.817708,4.341392
0.557292,0.817708,3.789298
0.567708,0.817708,3.569694
0.578125,0.817708,3.682580
0.588542,0.817708,3.795466
0.598958,0.817708,3.807699
0.609375,0.817708,3.719280
0.619792,0.817708,3.630860
0.630208,0.817708,3.596329
0.640625,0.817708,3.615686
0.651042,0.817708,3.635044
0.661458,0.817708,3.654401
0.671875,0.817708,3.673758
0.682292,0.817708,3.693115
0.692708,0.817708,3.758839
0.703125,0.817708,3.870930
0.713542,0.817708,3.983021
0.723958,0.817708,4.095111
0.734375,0.817708,4.207202
0.744792,0.817708,4.319293
0.755208,0.817708,4.391072
0.765625,0.817708,4.422539
0.776042,0.817708,4.454007
0.786458,0.817708,4.466942
0.796875,0.817708,4.461346
0.807292,0.817708,4.490267
0.817708,0.817708,4.541262
0.828125,0.817708,4.614330
0.838542,0.817708,4.663073
0.848958,0.817708,4.705631
0.859375,0.817708,4.742003
0.869792,0.817708,4.778375
0.880208,0.817708,4.821237
0.890625,0.817708,4.870590
0.901042,0.817708,4.919943
0.911458,0.817708,4.969296
0.921875,0.817708,5.018649
0.932292,0.817708,5.068002
0.942708,0.817708,5.103009
0.953125,0.817708,5.123670
0.963542,0.817708,5.144331
0.973958,0.817708,5.164992
0.984375,0.817708,5.185653
0.994792,0.817708,5.206314
0.005208,0.828125,11.267698
0.015625,0.828125,5.343242
0.026042,0.828125,3.296140
0.036458,0.828125,2.095993
0.046875,0.828125,1.313238
0.057292,0.828125,0.928071
0.067708,0.828125,0.646990
0.078125,0.828125,0.526783
0.088542,0.828125,0.481544
0.098958,0.828125,0.544393
0.109375,0.828125,0.414377
0.119792,0.828125,0.638109
0.130208,0.828125,0.762449
0.140625,0.828125,0.962850
0.151042,0.828125,1.163251
0.161458,0.828125,1.363651
0.171875,0.828125,1.564052
0.182292,0.828125,1.764453
0.192708,0.828125,1.964853
0.203125,0.828125,2.165254
0.213542,0.828125,2.365655
0.223958,0.828125,2.566055
0.234375,0.828125,2.766456
0.244792,0.828125,2.966857
0.255208,0.828125,2.957324
0.265625,0.828125,2.737858
0.276042,0.828125,2.518392
0.286458,0.828125,2.298926
0.296875,0.828125,2.079461
0.307292,0.828125,1.859995
0.317708,0.828125,1.838574
0.328125,0.828125,2.015198
0.338542,0.828125,2.191822
0.348958,0.828125,2.368445
0.359375,0.828125,2.545069
0.369792,0.828125,2.721693
0.380208,0.828125,3.008256
0.390625,0.828125,3.404757
0.401042,0.828125,3.801258
0.411458,0.828125,4.197760
0.421875,0.828125,4.594261
0.432292,0.828125,4.990762
0.442708,0.828125,5.387264
0.453125,0.828125,5.783765
0.463542,0.828125,6.180266
0.473958,0.828125,6.576768
0.484375,0.828125,6.973269
0.494792,0.828125,7.369770
0.505208,0.828125,7.235403
0.515625,0.828125,6.570167
0.526042,0.828125,5.904930
0.536458,0.828125,5.239694
0.546875,0.828125,4.574458
0.557292,0.828125,3.909222
0.567708,0.828125,3.636488
0.578125,0.828125,3.756257
0.588542,0.828125,3.876027
0.598958,0.828125,3.893341
0.609375,0.828125,3.808202
0.619792,0.828125,3.723062
0.630208,0.828125,3.691854
0.640625,0.828125,3.714579
0.651042,0.828125,3.737303
0.661458,0.828125,3.760027
0.671875,0.828125,3.782751
0.682292,0.828125,3.805476
0.692708,0.828125,3.866152
0.703125,0.828125,3.964782
0.713542,0.828125,4.063411
0.723958,0.828125,4.162040
0.734375,0.828125,4.260670
0.744792,0.828125,4.359299
0.755208,0.828125,4.426395
0.765625,0.828125,4.461957
0.776042,0.828125,4.497519
0.786458,0.828125,4.510048
0.796875,0.828125,4.499545
0.807292,0.828125,4.523849
0.817708,0.828125,4.575883
0.828125,0.828125,4.655648
0.838542,0.828125,4.708839
0.848958,0.828125,4.752050
0.859375,0.828125,4.785281
0.869792,0.828125,4.818511
0.880208,0.828125,4.863592
0.890625,0.828125,4.920523
0.901042,0.828125,4.977454
0.911458,0.828125,5.034384
0.921875,0.828125,5.091315
0.932292,0.828125,5.148246
0.942708,0.828125,5.186010
0.953125,0.828125,5.204609
0.963542,0.828125,5.223208
0.973958,0.828125,5.241806
0.984375,0.828125,5.260405
0.994792,0.828125,5.279004
0.005208,0.838542,11.862679
0.015625,0.838542,5.698838
0.026042,0.838542,3.549836
0.036458,0.838542,2.281489
0.046875,0.838542,1.450805
0.057292,0.838542,1.025937
0.067708,0.838542,0.713801
0.078125,0.838542,0.585943
0.088542,0.838542,0.528509
0.098958,0.838542,0.586488
0.109375,0.838542,0.442100
0.119792,0.838542,0.668793
0.130208,0.838542,0.793467
0.140625,0.838542,1.002933
0.151042,0.838542,1.212398
0.161458,0.838542,1.421864
0.171875,0.838542,1.631330
0.182292,0.838542,1.840795
0.192708,0.838542,2.050261
0.203125,0.838542,2.259727
0.213542,0.838542,2.469192
0.223958,0.838542,2.678658
0.234375,0.838542,2.888124
0.244792,0.838542,3.097589
0.255208,0.838542,3.080290
0.265625,0.838542,2.836227
0.276042,0.838542,2.592163
0.286458,0.838542,2.348100
0.296875,0.838542,2.104036
0.307292,0.838542,1.859972
0.317708,0.838542,1.828677
0.328125,0.838542,2.010149
0.338542,0.838542,2.191621
0.348958,0.838542,2.373093
0.359375,0.838542,2.554565
0.369792,0.838542,2.736037
0.380208,0.838542,3.055250
0.390625,0.838542,3.512204
0.401042,0.838542,3.969158
0.411458,0.838542,4.426112
0.421875,0.838542,4.883067
0.432292,0.838542,5.340021
0.442708,0.838542,5.796975
0.453125,0.838542,6.253929
0.463542,0.838542,6.710884
0.473958,0.838542,7.167838
0.484375,0.838542,7.624792
0.494792,0.838542,8.081746
0.505208,0.838542,7.921035
0.515625,0.838542,7.142657
0.526042,0.838542,6.364279
0.536458,0.838542,5.585901
0.546875,0.838542,4.807524
0.557292,0.838542,4.029146
0.567708,0.838542,3.703283
0.578125,0.838542,3.829935
0.588542,0.838542,3.956587
0.598958,0.838542,3.978983
0.609375,0.838542,3.897123
0.619792,0.838542,3.815263
0.630208,0.838542,3.787379
0.640625,0.838542,3.813471
0.651042,0.838542,3.839562
0.661458,0.838542,3.865653
0.671875,0.838542,3.891745
0.682292,0.838542,3.917836
0.692708,0.838542,3.973466
0.703125,0.838542,4.058634
0.713542,0.838542,4.143801
0.723958,0.838542,4.228969
0.734375,0.838542,4.314137
0.744792,0.838542,4.399305
0.755208,0.838542,4.461717
0.765625,0.838542,4.501374
0.776042,0.838542,4.541031
0.786458,0.838542,4.553155
0.796875,0.838542,4.537745
0.807292,0.838542,4.557431
0.817708,0.838542,4.610504
0.828125,0.838542,4.696965
0.838542,0.838542,4.754605
0.848958,0.838542,4.798470
0.859375,0.838542,4.828559
0.869792,0.838542,4.858648
0.880208,0.838542,4.905947
0.890625,0.838542,4.970455
0.901042,0.838542,5.034964
0.911458,0.838542,5.099472
0.921875,0.838542,5.163981
0.932292,0.838542,5.228489
0.942708,0.838542,5.269011
0.953125,0.838542,5.285548
0.963542,0.838542,5.302084
0.973958,0.838542,5.318620
0.984375,0.838542,5.335157
0.994792,0.838542,5.351693
0.005208,0.848958,12.457660
0.015625,0.848958,6.054435
0.026042,0.848958,3.803532
0.036458,0.848958,2.466985
0.046875,0.848958,1.588372
0.057292,0.848958,1.123802
0.067708,0.848958,0.780611
0.078125,0.848958,0.645103
0.088542,0.848958,0.575475
0.098958,0.848958,0.628584
0.109375,0.848958,0.469823
0.119792,0.848958,0.699476
0.130208,0.848958,0.824484
0.140625,0.848958,1.043015
0.151042,0.848958,1.261546
0.161458,0.848958,1.480076
0.171875,0.848958,1.698607
0.182292,0.848958,1.917138
0.192708,0.848958,2.135669
0.203125,0.848958,2.354199
0.213542,0.848958,2.572730
0.223958,0.848958,2.791261
0.234375,0.848958,3.009791
0.244792,0.848958,3.228322
0.255208,0.848958,3.203257
0.265625,0.848958,2.934595
0.276042,0.848958,2.665934
0.286458,0.848958,2.397273
0.296875,0.848958,2.128611
0.307292,0.848958,1.859950
0.317708,0.848958,1.818779
0.328125,0.848958,2.005099
0.338542,0.848958,2.191420
0.348958,0.848958,2.377740
0.359375,0.848958,2.564060
0.369792,0.848958,2.750380
0.380208,0.848958,3.102243
0.390625,0.848958,3.619651
0.401042,0.848958,4.137058
0.411458,0.848958,4.654465
0.421875,0.848958,5.171872
0.432292,0.848958,5.689279
0.442708,0.848958,6.206687
0.453125,0.848958,6.724094
0.463542,0.848958,7.241501
0.473958,0.848958,7.758908
0.484375,0.848958,8.276315
0.494792,0.848958,8.793723
0.505208,0.848958,8.606667
0.515625,0.848958,7.715147
0.526042,0.848958,6.823628
0.536458,0.848958,5.932109
0.546875,0.848958,5.040589
0.557292,0.848958,4.149070
0.567708,0.848958,3.770078
0.578125,0.848958,3.903613
0.588542,0.848958,4.037147
0.598958,0.848958,4.064625
0.609375,0.848958,3.986045
0.619792,0.848958,3.907465
0.630208,0.848958,3.882904
0.640625,0.848958,3.912363
0.651042,0.848958,3.941821
0.661458,0.848958,3.971280
0.671875,0.848958,4.000738
0.682292,0.848958,4.030196
0.692708,0.848958,4.080779
0.703125,0.848958,4.152485
0.713542,0.848958,4.224192
0.723958,0.848958,4.295898
0.734375,0.848958,4.367605
0.744792,0.848958,4.439311
0.755208,0.848958,4.497040
0.765625,0.848958,4.540791
0.776042,0.848958,4.584543
0.786458,0.848958,4.596261
0.796875,0.848958,4.575945
0.807292,0.848958,4.591013
0.817708,0.848958,4.645125
0.828125,0.848958,4.738283
0.838542,0.848958,4.800371
0.848958,0.848958,4.844889
0.859375,0.848958,4.871837
0.869792,0.848958,4.898785
0.880208,0.848958,4.948302
0.890625,0.848958,5.020388
0.901042,0.848958,5.092474
0.911458,0.848958,5.164560
0.921875,0.848958,5.236646
0.932292,0.848958,5.308732
0.942708,0.848958,5.352012
0.953125,0.848958,5.366486
0.963542,0.848958,5.380960
0.973958,0.848958,5.395434
0.984375,0.848958,5.409908
0.994792,0.848958,5.424382
0.005208,0.859375,13.052642
0.015625,0.859375,6.410032
0.026042,0.859375,4.057228
0.036458,0.859375,2.652481
0.046875,0.859375,1.725940
0.057292,0.859375,1.221668
0.067708,0.859375,0.847422
0.078125,0.859375,0.704263
0.088542,0.859375,0.622440
0.098958,0.859375,0.670679
0.109375,0.859375,0.497547
0.119792,0.859375,0.730160
0.130208,0.859375,0.855502
0.140625,0.859375,1.083097
0.151042,0.859375,1.310693
0.161458,0.859375,1.538289
0.171875,0.859375,1.765885
0.182292,0.859375,1.993480
0.192708,0.859375,2.221076
0.203125,0.859375,2.448672
0.213542,0.859375,2.676268
0.223958,0.859375,2.903863
0.234375,0.859375,3.131459
0.244792,0.859375,3.359055
0.255208,0.859375,3.326223
0.265625,0.859375,3.032964
0.276042,0.859375,2.739705
0.286458,0.859375,2.446446
0.296875,0.859375,2.153187
0.307292,0.859375,1.859928
0.317708,0.859375,1.808882
0.328125,0.859375,2.000050
0.338542,0.859375,2.191219
0.348958,0.859375,2.382387
0.359375,0.859375,2.573555
0.369792,0.859375,2.764723
0.380208,0.859375,3.149237
0.390625,0.859375,3.727097
0.401042,0.859375,4.304958
0.411458,0.859375,4.882818
0.421875,0.859375,5.460678
0.432292,0.859375,6.038538
0.442708,0.859375,6.616398
0.453125,0.859375,7.194258
0.463542,0.859375,7.772118
0.473958,0.859375,8.349979
0.484375,0.859375,8.927839
0.494792,0.859375,9.505699
0.505208,0.859375,9.292299
0.515625,0.859375,8.287638
0.526042,0.859375,7.282977
0.536458,0.859375,6.278316
0.546875,0.859375,5.273655
0.557292,0.859375,4.268994
0.567708,0.859375,3.836873
0.578125,0.859375,3.977290
0.588542,0.859375,4.117708
0.598958,0.859375,4.150267
0.609375,0.859375,4.074966
0.619792,0.859375,3.999666
0.630208,0.859375,3.978429
0.640625,0.859375,4.011255
0.651042,0.859375,4.044080
0.661458,0.859375,4.076906
0.671875,0.859375,4.109731
0.682292,0.859375,4.142557
0.692708,0.859375,4.188092
0.703125,0.859375,4.246337
0.713542,0.859375,4.304582
0.723958,0.859375,4.362827
0.734375,0.859375,4.421072
0.744792,0.859375,4.479317
0.755208,0.859375,4.532363
0.765625,0.859375,4.580209
0.776042,0.859375,4.628055
0.786458,0.859375,4.639367
0.796875,0.859375,4.614145
0.807292,0.859375,4.624594
0.817708,0.859375,4.679746
0.828125,0.859375,4.779601
0.838542,0.859375,4.846137
0.848958,0.859375,4.891308
0.859375,0.859375,4.915115
0.869792,0.859375,4.938922
0.880208,0.859375,4.990657
0.890625,0.859375,5.070321
0.901042,0.859375,5.149984
0.911458,0.859375,5.229648
0.921875,0.859375,5.309312
0.932292,0.859375,5.388975
0.942708,0.859375,5.435013
0.953125,0.859375,5.447425
0.963542,0.859375,5.459837
0.973958,0.859375,5.472248
0.984375,0.859375,5.484660
0.994792,0.859375,5.497072
0.005208,0.869792,13.647623
0.015625,0.869792,6.765628
0.026042,0.869792,4.310924
0.036458,0.869792,2.837978
0.046875,0.869792,1.863507
0.057292,0.869792,1.319534
0.067708,0.869792,0.914233
0.078125,0.869792,0.763423
0.088542,0.869792,0.669406
0.098958,0.869792,0.712775
0.109375,0.869792,0.525270
0.119792,0.869792,0.760843
0.130208,0.869792,0.886519
0.140625,0.869792,1.123180
0.151042,0.869792,1.359841
0.161458,0.869792,1.596501
0.171875,0.869792,1.833162
0.182292,0.869792,2.069823
0.192708,0.869792,2.306484
0.203125,0.869792,2.543145
0.213542,0.869792,2.779805
0.223958,0.869792,3.016466
0.234375,0.869792,3.253127
0.244792,0.869792,3.489788
0.255208,0.869792,3.449190
0.265625,0.869792,3.131333
0.276042,0.869792,2.813476
0.286458,0.869792,2.495619
0.296875,0.869792,2.177762
0.307292,0.869792,1.859905
0.317708,0.869792,1.798985
0.328125,0.869792,1.995001
0.338542,0.869792,2.191018
0.348958,0.869792,2.387034
0.359375,0.869792,2.583050
0.369792,0.869792,2.779066
0.380208,0.869792,3.196231
0.390625,0.869792,3.834544
0.401042,0.869792,4.472857
0.411458,0.869792,5.111170
0.421875,0.869792,5.749483
0.432292,0.869792,6.387797
0.442708,0.869792,7.026110
0.453125,0.869792,7.664423
0.463542,0.869792,8.302736
0.473958,0.869792,8.941049
0.484375,0.869792,9.579362
0.494792,0.869792,10.217675
0.505208,0.869792,9.977930
0.515625,0.869792,8.860128
0.526042,0.869792,7.742326
0.536458,0.869792,6.624523
0.546875,0.869792,5.506721
0.557292,0.869792,4.388918
0.567708,0.869792,3.903667
0.578125,0.869792,4.050968
0.588542,0.869792,4.198268
0.598958,0.869792,4.235908
0.609375,0.869792,4.163888
0.619792,0.869792,4.091868
0.630208,0.869792,4.073954
0.640625,0.869792,4.110147
0.651042,0.869792,4.146339
0.661458,0.869792,4.182532
0.671875,0.869792,4.218725
0.682292,0.869792,4.254917
0.692708,0.869792,4.295405
0.703125,0.869792,4.340189
0.713542,0.869792,4.384973
0.723958,0.869792,4.429756
0.734375,0.869792,4.474540
0.744792,0.869792,4.519324
0.755208,0.869792,4.567686
0.765625,0.869792,4.619626
0.776042,0.869792,4.671566
0.786458,0.869792,4.682473
0.796875,0.869792,4.652345
0.807292,0.869792,4.658176
0.817708,0.869792,4.714367
0.828125,0.869792,4.820918
0.838542,0.869792,4.891903
0.848958,0.869792,4.937728
0.859375,0.869792,4.958393
0.869792,0.869792,4.979059
0.880208,0.869792,5.033012
0.890625,0.869792,5.120253
0.901042,0.869792,5.207495
0.911458,0.869792,5.294736
0.921875,0.869792,5.381977
0.932292,0.869792,5.469219
0.942708,0.869792,5.518014
0.953125,0.869792,5.528363
0.963542,0.869792,5.538713
0.973958,0.869792,5.549062
0.984375,0.869792,5.559412
0.994792,0.869792,5.569761
0.005208,0.880208,14.242604
0.015625,0.880208,7.121225
0.026042,0.880208,4.564620
0.036458,0.880208,3.023474
0.046875,0.880208,2.001075
0.057292,0.880208,1.417400
0.067708,0.880208,0.981043
0.078125,0.880208,0.822582
0.088542,0.880208,0.716371
0.098958,0.880208,0.754870
0.109375,0.880208,0.552993
0.119792,0.880208,0.791527
0.130208,0.880208,0.917537
0.140625,0.880208,1.163262
0.151042,0.880208,1.408988
0.161458,0.880208,1.654714
0.171875,0.880208,1.900440
0.182292,0.880208,2.146166
0.192708,0.880208,2.391891
0.203125,0.880208,2.637617
0.213542,0.880208,2.883343
0.223958,0.880208,3.129069
0.234375,0.880208,3.374795
0.244792,0.880208,3.620520
0.255208,0.880208,3.572156
0.265625,0.880208,3.229701
0.276042,0.880208,2.887247
0.286458,0.880208,2.544792
0.296875,0.880208,2.202338
0.307292,0.880208,1.859883
0.317708,0.880208,1.789088
0.328125,0.880208,1.989952
0.338542,0.880208,2.190817
0.348958,0.880208,2.391681
0.359375,0.880208,2.592545
0.369792,0.880208,2.793410
0.380208,0.880208,3.243225
0.390625,0.880208,3.941991
0.401042,0.880208,4.640757
0.411458,0.880208,5.339523
0.421875,0.880208,6.038289
0.432292,0.880208,6.737055
0.442708,0.880208,7.435821
0.453125,0.880208,8.134587
0.463542,0.880208,8.833353
0.473958,0.880208,9.532119
0.484375,0.880208,10.230885
0.494792,0.880208,10.929651
0.505208,0.880208,10.666721
0.515625,0.880208,9.442095
0.526042,0.880208,8.217469
0.536458,0.880208,6.992843
0.546875,0.880208,5.768217
0.557292,0.880208,4.543591
0.567708,0.880208,3.999993
0.578125,0.880208,4.137424
0.588542,0.880208,4.274854
0.598958,0.880208,4.306331
0.609375,0.880208,4.231852
0.619792,0.880208,4.157374
0.630208,0.880208,4.138430
0.640625,0.880208,4.175020
0.651042,0.880208,4.211611
0.661458,0.880208,4.248201
0.671875,0.880208,4.284791
0.682292,0.880208,4.321382
0.692708,0.880208,4.357972
0.703125,0.880208,4.394562
0.713542,0.880208,4.431152
0.723958,0.880208,4.467743
0.734375,0.880208,4.504333
0.744792,0.880208,4.540923
0.755208,0.880208,4.586729
0.765625,0.880208,4.641751
0.776042,0.880208,4.696774
0.786458,0.880208,4.713038
0.796875,0.880208,4.690545
0.807292,0.880208,4.691758
0.817708,0.880208,4.748988
0.828125,0.880208,4.862236
0.838542,0.880208,4.937669
0.848958,0.880208,4.984518
0.859375,0.880208,5.002784
0.869792,0.880208,5.021050
0.880208,0.880208,5.073964
0.890625,0.880208,5.161525
0.901042,0.880208,5.249086
0.911458,0.880208,5.336647
0.921875,0.880208,5.424208
0.932292,0.880208,5.511769
0.942708,0.880208,5.564147
0.953125,0.880208,5.581342
0.963542,0.880208,5.598537
0.973958,0.880208,5.615732
0.984375,0.880208,5.632927
0.994792,0.880208,5.650121
0.005208,0.890625,14.837585
0.015625,0.890625,7.476821
0.026042,0.890625,4.818316
0.036458,0.890625,3.208970
0.046875,0.890625,2.138642
0.057292,0.890625,1.515266
0.067708,0.890625,1.047854
0.078125,0.890625,0.881742
0.088542,0.890625,0.763336
0.098958,0.890625,0.796966
0.109375,0.890625,0.580717
0.119792,0.890625,0.822210
0.130208,0.890625,0.948554
0.140625,0.890625,1.203345
0.151042,0.890625,1.458136
0.161458,0.890625,1.712926
0.171875,0.890625,1.967717
0.182292,0.890625,2.222508
0.192708,0.890625,2.477299
0.203125,0.890625,2.732090
0.213542,0.890625,2.986881
0.223958,0.890625,3.241672
0.234375,0.890625,3.496462
0.244792,0.890625,3.751253
0.255208,0.890625,3.695122
0.265625,0.890625,3.328070
0.276042,0.890625,2.961018
0.286458,0.890625,2.593965
0.296875,0.890625,2.226913
0.307292,0.890625,1.859861
0.317708,0.890625,1.779191
0.328125,0.890625,1.984903
0.338542,0.890625,2.190616
0.348958,0.890625,2.396328
0.359375,0.890625,2.602040
0.369792,0.890625,2.807753
0.380208,0.890625,3.290219
0.390625,0.890625,4.049438
0.401042,0.890625,4.808657
0.411458,0.890625,5.567876
0.421875,0.890625,6.327095
0.432292,0.890625,7.086314
0.442708,0.890625,7.845533
0.453125,0.890625,8.604752
0.463542,0.890625,9.363971
0.473958,0.890625,10.123190
0.484375,0.890625,10.882409
0.494792,0.890625,11.641628
0.505208,0.890625,11.358671
0.515625,0.890625,10.033539
0.526042,0.890625,8.708407
0.536458,0.890625,7.383275
0.546875,0.890625,6.058143
0.557292,0.890625,4.733012
0.567708,0.890625,4.125850
0.578125,0.890625,4.236658
0.588542,0.890625,4.347466
0.598958,0.890625,4.361533
0.609375,0.890625,4.278859
0.619792,0.890625,4.196185
0.630208,0.890625,4.171769
0.640625,0.890625,4.205611
0.651042,0.890625,4.239453
0.661458,0.890625,4.273294
0.671875,0.890625,4.307136
0.682292,0.890625,4.340978
0.692708,0.890625,4.374819
0.703125,0.890625,4.408661
0.713542,0.890625,4.442502
0.723958,0.890625,4.476344
0.734375,0.890625,4.510186
0.744792,0.890625,4.544027
0.755208,0.890625,4.589494
0.765625,0.890625,4.646585
0.776042,0.890625,4.703676
0.786458,0.890625,4.731063
0.796875,0.890625,4.728745
0.807292,0.890625,4.725340
0.817708,0.890625,4.783609
0.828125,0.890625,4.903554
0.838542,0.890625,4.983435
0.848958,0.890625,5.031679
0.859375,0.890625,5.048288
0.869792,0.890625,5.064897
0.880208,0.890625,5.113513
0.890625,0.890625,5.194136
0.901042,0.890625,5.274759
0.911458,0.890625,5.355382
0.921875,0.890625,5.436005
0.932292,0.890625,5.516628
0.942708,0.890625,5.573413
0.953125,0.890625,5.606361
0.963542,0.890625,5.639309
0.973958,0.890625,5.672257
0.984375,0.890625,5.705204
0.994792,0.890625,5.738152
0.005208,0.901042,15.432566
0.015625,0.901042,7.832418
0.026042,0.901042,5.072012
0.036458,0.901042,3.394466
0.046875,0.901042,2.276209
0.057292,0.901042,1.613132
0.067708,0.901042,1.114665
0.078125,0.901042,0.940902
0.088542,0.901042,0.810302
0.098958,0.901042,0.839062
0.109375,0.901042,0.608440
0.119792,0.901042,0.852894
0.130208,0.901042,0.979571
0.140625,0.901042,1.243427
0.151042,0.901042,1.507283
0.161458,0.901042,1.771139
0.171875,0.901042,2.034995
0.182292,0.901042,2.298851
0.192708,0.901042,2.562707
0.203125,0.901042,2.826563
0.213542,0.901042,3.090418
0.223958,0.901042,3.354274
0.234375,0.901042,3.618130
0.244792,0.901042,3.881986
0.255208,0.901042,3.818089
0.265625,0.901042,3.426439
0.276042,0.901042,3.034789
0.286458,0.901042,2.643139
0.296875,0.901042,2.251488
0.307292,0.901042,1.859838
0.317708,0.901042,1.769293
0.328125,0.901042,1.979854
0.338542,0.901042,2.190415
0.348958,0.901042,2.400975
0.359375,0.901042,2.611536
0.369792,0.901042,2.822096
0.380208,0.901042,3.337212
0.390625,0.901042,4.156884
0.401042,0.901042,4.976556
0.411458,0.901042,5.796228
0.421875,0.901042,6.615900
0.432292,0.901042,7.435572
0.442708,0.901042,8.255244
0.453125,0.901042,9.074916
0.463542,0.901042,9.894588
0.473958,0.901042,10.714260
0.484375,0.901042,11.533932
0.494792,0.901042,12.353604
0.505208,0.901042,12.050621
0.515625,0.901042,10.624983
0.526042,0.901042,9.199346
0.536458,0.901042,7.773708
0.546875,0.901042,6.348070
0.557292,0.901042,4.922432
0.567708,0.901042,4.251706
0.578125,0.901042,4.335892
0.588542,0.901042,4.420078
0.598958,0.901042,4.416736
0.609375,0.901042,4.325866
0.619792,0.901042,4.234997
0.630208,0.901042,4.205108
0.640625,0.901042,4.236201
0.651042,0.901042,4.267294
0.661458,0.901042,4.298387
0.671875,0.901042,4.329480
0.682292,0.901042,4.360574
0.692708,0.901042,4.391667
0.703125,0.901042,4.422760
0.713542,0.901042,4.453853
0.723958,0.901042,4.484946
0.734375,0.901042,4.516039
0.744792,0.901042,4.547132
0.755208,0.901042,4.592258
0.765625,0.901042,4.651418
0.776042,0.901042,4.710578
0.786458,0.901042,4.749087
0.796875,0.901042,4.766945
0.807292,0.901042,4.758922
0.817708,0.901042,4.818230
0.828125,0.901042,4.944871
0.838542,0.901042,5.029200
0.848958,0.901042,5.078841
0.859375,0.901042,5.093792
0.869792,0.901042,5.108743
0.880208,0.901042,5.153061
0.890625,0.901042,5.226746
0.901042,0.901042,5.300431
0.911458,0.901042,5.374116
0.921875,0.901042,5.447801
0.932292,0.901042,5.521486
0.942708,0.901042,5.582679
0.953125,0.901042,5.631380
0.963542,0.901042,5.680081
0.973958,0.901042,5.728782
0.984375,0.901042,5.777482
0.994792,0.901042,5.826183
0.005208,0.911458,16.027547
0.015625,0.911458,8.188015
0.026042,0.911458,5.325708
0.036458,0.911458,3.579962
0.046875,0.911458,2.413777
0.057292,0.911458,1.710997
0.067708,0.911458,1.181475
0.078125,0.911458,1.000062
0.088542,0.911458,0.857267
0.098958,0.911458,0.881157
0.109375,0.911458,0.636163
0.119792,0.911458,0.883578
0.130208,0.911458,1.010589
0.140625,0.911458,1.283510
0.151042,0.911458,1.556431
0.161458,0.911458,1.829352
0.171875,0.911458,2.102272
0.182292,0.911458,2.375193
0.192708,0.911458,2.648114
0.203125,0.911458,2.921035
0.213542,0.911458,3.193956
0.223958,0.911458,3.466877
0.234375,0.911458,3.739798
0.244792,0.911458,4.012719
0.255208,0.911458,3.941055
0.265625,0.911458,3.524807
0.276042,0.911458,3.108560
0.286458,0.911458,2.692312
0.296875,0.911458,2.276064
0.307292,0.911458,1.859816
0.317708,0.911458,1.759396
0.328125,0.911458,1.974805
0.338542,0.911458,2.190214
0.348958,0.911458,2.405622
0.359375,0.911458,2.621031
0.369792,0.911458,2.836439
0.380208,0.911458,3.384206
0.390625,0.911458,4.264331
0.401042,0.911458,5.144456
0.411458,0.911458,6.024581
0.421875,0.911458,6.904706
0.432292,0.911458,7.784831
0.442708,0.911458,8.664956
0.453125,0.911458,9.545081
0.463542,0.911458,10.425205
0.473958,0.911458,11.305330
0.484375,0.911458,12.185455
0.494792,0.911458,13.065580
0.505208,0.911458,12.742571
0.515625,0.911458,11.216427
0.526042,0.911458,9.690284
0.536458,0.911458,8.164140
0.546875,0.911458,6.637997
0.557292,0.911458,5.111853
0.567708,0.911458,4.377563
0.578125,0.911458,4.435126
0.588542,0.911458,4.492689
0.598958,0.911458,4.471938
0.609375,0.911458,4.372873
0.619792,0.911458,4.273808
0.630208,0.911458,4.238447
0.640625,0.911458,4.266792
0.651042,0.911458,4.295136
0.661458,0.911458,4.323481
0.671875,0.911458,4.351825
0.682292,0.911458,4.380170
0.692708,0.911458,4.408514
0.703125,0.911458,4.436858
0.713542,0.911458,4.465203
0.723958,0.911458,4.493547
0.734375,0.911458,4.521892
0.744792,0.911458,4.550236
0.755208,0.911458,4.595023
0.765625,0.911458,4.656252
0.776042,0.911458,4.717480
0.786458,0.911458,4.767112
0.796875,0.911458,4.805145
0.807292,0.911458,4.792504
0.817708,0.911458,4.852851
0.828125,0.911458,4.986189
0.838542,0.911458,5.074966
0.848958,0.911458,5.126002
0.859375,0.911458,5.139296
0.869792,0.911458,5.152590
0.880208,0.911458,5.192610
0.890625,0.911458,5.259357
0.901042,0.911458,5.326104
0.911458,0.911458,5.392851
0.921875,0.911458,5.459598
0.932292,0.911458,5.526345
0.942708,0.911458,5.591945
0.953125,0.911458,5.656399
0.963542,0.911458,5.720853
0.973958,0.911458,5.785306
0.984375,0.911458,5.849760
0.994792,0.911458,5.914214
0.005208,0.921875,16.622528
0.015625,0.921875,8.543611
0.026042,0.921875,5.579404
0.036458,0.921875,3.765458
0.046875,0.921875,2.551344
0.057292,0.921875,1.808863
0.067708,0.921875,1.248286
0.078125,0.921875,1.059221
0.088542,0.921875,0.904233
0.098958,0.921875,0.923253
0.109375,0.921875,0.663887
0.119792,0.921875,0.914261
0.130208,0.921875,1.041606
0.140625,0.921875,1.323592
0.151042,0.921875,1.605578
0.161458,0.921875,1.887564
0.171875,0.921875,2.169550
0.182292,0.921875,2.451536
0.192708,0.921875,2.733522
0.203125,0.921875,3.015508
0.213542,0.921875,3.297494
0.223958,0.921875,3.579480
0.234375,0.921875,3.861466
0.244792,0.921875,4.143452
0.255208,0.921875,4.064022
0.265625,0.921875,3.623176
0.276042,0.921875,3.182330
0.286458,0.921875,2.741485
0.296875,0.921875,2.300639
0.307292,0.921875,1.859794
0.317708,0.921875,1.749499
0.328125,0.921875,1.969756
0.338542,0.921875,2.190013
0.348958,0.921875,2.410269
0.359375,0.921875,2.630526
0.369792,0.921875,2.850783
0.380208,0.921875,3.431200
0.390625,0.921875,4.371778
0.401042,0.921875,5.312356
0.411458,0.921875,6.252934
0.421875,0.921875,7.193511
0.432292,0.921875,8.134089
0.442708,0.921875,9.074667
0.453125,0.921875,10.015245
0.463542,0.921875,10.955823
0.473958,0.921875,11.896401
0.484375,0.921875,12.836979
0.494792,0.921875,13.777556
0.505208,0.921875,13.434521
0.515625,0.921875,11.807871
0.526042,0.921875,10.181222
0.536458,0.921875,8.554573
0.546875,0.921875,6.927923
0.557292,0.921875,5.301274
0.567708,0.921875,4.503420
0.578125,0.921875,4.534360
0.588542,0.921875,4.565301
0.598958,0.921875,4.527141
0.609375,0.921875,4.419880
0.619792,0.921875,4.312619
0.630208,0.921875,4.271786
0.640625,0.921875,4.297382
0.651042,0.921875,4.322978
0.661458,0.921875,4.348574
0.671875,0.921875,4.374170
0.682292,0.921875,4.399766
0.692708,0.921875,4.425361
0.703125,0.921875,4.450957
0.713542,0.921875,4.476553
0.723958,0.921875,4.502149
0.734375,0.921875,4.527745
0.744792,0.921875,4.553340
0.755208,0.921875,4.597787
0.765625,0.921875,4.661085
0.776042,0.921875,4.724383
0.786458,0.921875,4.785136
0.796875,0.921875,4.843345
0.807292,0.921875,4.826085
0.817708,0.921875,4.887473
0.828125,0.921875,5.027507
0.838542,0.921875,5.120732
0.848958,0.921875,5.173163
0.859375,0.921875,5.184800
0.869792,0.921875,5.196436
0.880208,0.921875,5.232159
0.890625,0.921875,5.291968
0.901042,0.921875,5.351777
0.911458,0.921875,5.411586
0.921875,0.921875,5.471394
0.932292,0.921875,5.531203
0.942708,0.921875,5.601211
0.953125,0.921875,5.681418
0.963542,0.921875,5.761625
0.973958,0.921875,5.841831
0.984375,0.921875,5.922038
0.994792,0.921875,6.002245
0.005208,0.932292,17.217510
0.015625,0.932292,8.899208
0.026042,0.932292,5.833100
0.036458,0.932292,3.950955
0.046875,0.932292,2.688912
0.057292,0.932292,1.906729
0.067708,0.932292,1.315097
0.078125,0.932292,1.118381
0.088542,0.932292,0.951198
0.098958,0.932292,0.965348
0.109375,0.932292,0.691610
0.119792,0.932292,0.944945
0.130208,0.932292,1.072624
0.140625,0.932292,1.363675
0.151042,0.932292,1.654726
0.161458,0.932292,1.945777
0.171875,0.932292,2.236828
0.182292,0.932292,2.527879
0.192708,0.932292,2.818929
0.203125,0.932292,3.109980
0.213542,0.932292,3.401031
0.223958,0.932292,3.692082
0.234375,0.932292,3.983133
0.244792,0.932292,4.274184
0.255208,0.932292,4.186988
0.265625,0.932292,3.721545
0.276042,0.932292,3.256101
0.286458,0.932292,2.790658
0.296875,0.932292,2.325215
0.307292,0.932292,1.859771
0.317708,0.932292,1.739602
0.328125,0.932292,1.964707
0.338542,0.932292,2.189812
0.348958,0.932292,2.414916
0.359375,0.932292,2.640021
0.369792,0.932292,2.865126
0.380208,0.932292,3.478194
0.390625,0.932292,4.479225
0.401042,0.932292,5.480255
0.411458,0.932292,6.481286
0.421875,0.932292,7.482317
0.432292,0.932292,8.483348
0.442708,0.932292,9.484379
0.453125,0.932292,10.485409
0.463542,0.932292,11.486440
0.473958,0.932292,12.487471
0.484375,0.932292,13.488502
0.494792,0.932292,14.489533
0.505208,0.932292,14.126470
0.515625,0.932292,12.399315
0.526042,0.932292,10.672160
0.536458,0.932292,8.945005
0.546875,0.932292,7.217850
0.557292,0.932292,5.490695
0.567708,0.932292,4.629276
0.578125,0.932292,4.633594
0.588542,0.932292,4.637912
0.598958,0.932292,4.582343
0.609375,0.932292,4.466887
0.619792,0.932292,4.351430
0.630208,0.932292,4.305126
0.640625,0.932292,4.327973
0.651042,0.932292,4.350820
0.661458,0.932292,4.373667
0.671875,0.932292,4.396514
0.682292,0.932292,4.419362
0.692708,0.932292,4.442209
0.703125,0.932292,4.465056
0.713542,0.932292,4.487903
0.723958,0.932292,4.510750
0.734375,0.932292,4.533598
0.744792,0.932292,4.556445
0.755208,0.932292,4.600552
0.765625,0.932292,4.665918
0.776042,0.932292,4.731285
0.786458,0.932292,4.803161
0.796875,0.932292,4.881545
0.807292,0.932292,4.859667
0.817708,0.932292,4.922094
0.828125,0.932292,5.068824
0.838542,0.932292,5.166498
0.848958,0.932292,5.220325
0.859375,0.932292,5.230304
0.869792,0.932292,5.240283
0.880208,0.932292,5.271708
0.890625,0.932292,5.324579
0.901042,0.932292,5.377449
0.911458,0.932292,5.430320
0.921875,0.932292,5.483191
0.932292,0.932292,5.536062
0.942708,0.932292,5.610477
0.953125,0.932292,5.706437
0.963542,0.932292,5.802396
0.973958,0.932292,5.898356
0.984375,0.932292,5.994316
0.994792,0.932292,6.090276
0.005208,0.942708,17.812491
0.015625,0.942708,9.254805
0.026042,0.942708,6.086796
0.036458,0.942708,4.136451
0.046875,0.942708,2.826479
0.057292,0.942708,2.004595
0.067708,0.942708,1.381907
0.078125,0.942708,1.177541
0.088542,0.942708,0.998164
0.098958,0.942708,1.007444
0.109375,0.942708,0.719333
0.119792,0.942708,0.975628
0.130208,0.942708,1.103641
0.140625,0.942708,1.403757
0.151042,0.942708,1.703873
0.161458,0.942708,2.003989
0.171875,0.942708,2.304105
0.182292,0.942708,2.604221
0.192708,0.942708,2.904337
0.203125,0.942708,3.204453
0.213542,0.942708,3.504569
0.223958,0.942708,3.804685
0.234375,0.942708,4.104801
0.244792,0.942708,4.404917
0.255208,0.942708,4.309955
0.265625,0.942708,3.819913
0.276042,0.942708,3.329872
0.286458,0.942708,2.839831
0.296875,0.942708,2.349790
0.307292,0.942708,1.859749
0.317708,0.942708,1.729705
0.328125,0.942708,1.959658
0.338542,0.942708,2.189611
0.348958,0.942708,2.419563
0.359375,0.942708,2.649516
0.369792,0.942708,2.879469
0.380208,0.942708,3.525188
0.390625,0.942708,4.586671
0.401042,0.942708,5.648155
0.411458,0.942708,6.709639
0.421875,0.942708,7.771123
0.432292,0.942708,8.832606
0.442708,0.942708,9.894090
0.453125,0.942708,10.955574
0.463542,0.942708,12.017058
0.473958,0.942708,13.078541
0.484375,0.942708,14.140025
0.494792,0.942708,15.201509
0.505208,0.942708,14.818420
0.515625,0.942708,12.990759
0.526042,0.942708,11.163098
0.536458,0.942708,9.335437
0.546875,0.942708,7.507777
0.557292,0.942708,5.680116
0.567708,0.942708,4.755133
0.578125,0.942708,4.732828
0.588542,0.942708,4.710524
0.598958,0.942708,4.637546
0.609375,0.942708,4.513894
0.619792,0.942708,4.390241
0.630208,0.942708,4.338465
0.640625,0.942708,4.358563
0.651042,0.942708,4.378662
0.661458,0.942708,4.398760
0.671875,0.942708,4.418859
0.682292,0.942708,4.438958
0.692708,0.942708,4.459056
0.703125,0.942708,4.479155
0.713542,0.942708,4.499253
0.723958,0.942708,4.519352
0.734375,0.942708,4.539450
0.744792,0.942708,4.559549
0.755208,0.942708,4.603316
0.765625,0.942708,4.670752
0.776042,0.942708,4.738187
0.786458,0.942708,4.821185
0.796875,0.942708,4.919745
0.807292,0.942708,4.893249
0.817708,0.942708,4.956715
0.828125,0.942708,5.110142
0.838542,0.942708,5.212264
0.848958,0.942708,5.267486
0.859375,0.942708,5.275808
0.869792,0.942708,5.284129
0.880208,0.942708,5.314217
0.890625,0.942708,5.366070
0.901042,0.942708,5.417922
0.911458,0.942708,5.469775
0.921875,0.942708,5.521628
0.932292,0.942708,5.573481
0.942708,0.942708,5.650283
0.953125,0.942708,5.752034
0.963542,0.942708,5.853785
0.973958,0.942708,5.955536
0.984375,0.942708,6.057287
0.994792,0.942708,6.159038
0.005208,0.953125,18.407472
0.015625,0.953125,9.610401
0.026042,0.953125,6.340492
0.036458,0.953125,4.321947
0.046875,0.953125,2.964046
0.057292,0.953125,2.102461
0.067708,0.953125,1.448718
0.078125,0.953125,1.236701
0.088542,0.953125,1.045129
0.098958,0.953125,1.049539
0.109375,0.953125,0.747057
0.119792,0.953125,1.006312
0.130208,0.953125,1.134658
0.140625,0.953125,1.443840
0.151042,0.953125,1.753021
0.161458,0.953125,2.062202
0.171875,0.953125,2.371383
0.182292,0.953125,2.680564
0.192708,0.953125,2.989745
0.203125,0.953125,3.298926
0.213542,0.953125,3.608107
0.223958,0.953125,3.917288
0.234375,0.953125,4.226469
0.244792,0.953125,4.535650
0.255208,0.953125,4.432921
0.265625,0.953125,3.918282
0.276042,0.953125,3.403643
0.286458,0.953125,2.889004
0.296875,0.953125,2.374365
0.307292,0.953125,1.859727
0.317708,0.953125,1.719808
0.328125,0.953125,1.954609
0.338542,0.953125,2.189410
0.348958,0.953125,2.424211
0.359375,0.953125,2.659012
0.369792,0.953125,2.893813
0.380208,0.953125,3.572181
0.390625,0.953125,4.694118
0.401042,0.953125,5.816055
0.411458,0.953125,6.937992
0.421875,0.953125,8.059928
0.432292,0.953125,9.181865
0.442708,0.953125,10.303802
0.453125,0.953125,11.425738
0.463542,0.953125,12.547675
0.473958,0.953125,13.669612
0.484375,0.953125,14.791548
0.494792,0.953125,15.913485
0.505208,0.953125,15.510370
0.515625,0.953125,13.582203
0.526042,0.953125,11.654037
0.536458,0.953125,9.725870
0.546875,0.953125,7.797703
0.557292,0.953125,5.869536
0.567708,0.953125,4.880990
0.578125,0.953125,4.832063
0.588542,0.953125,4.783136
0.598958,0.953125,4.692748
0.609375,0.953125,4.560900
0.619792,0.953125,4.429053
0.630208,0.953125,4.371804
0.640625,0.953125,4.389154
0.651042,0.953125,4.406504
0.661458,0.953125,4.423854
0.671875,0.953125,4.441204
0.682292,0.953125,4.458554
0.692708,0.953125,4.475904
0.703125,0.953125,4.493254
0.713542,0.953125,4.510603
0.723958,0.953125,4.527953
0.734375,0.953125,4.545303
0.744792,0.953125,4.562653
0.755208,0.953125,4.606081
0.765625,0.953125,4.675585
0.776042,0.953125,4.745090
0.786458,0.953125,4.839210
0.796875,0.953125,4.957945
0.807292,0.953125,4.926831
0.817708,0.953125,4.991336
0.828125,0.953125,5.151460
0.838542,0.953125,5.258030
0.848958,0.953125,5.314647
0.859375,0.953125,5.321312
0.869792,0.953125,5.327976
0.880208,0.953125,5.359686
0.890625,0.953125,5.416441
0.901042,0.953125,5.473196
0.911458,0.953125,5.529951
0.921875,0.953125,5.586706
0.932292,0.953125,5.643460
0.942708,0.953125,5.720628
0.953125,0.953125,5.818209
0.963542,0.953125,5.915790
0.973958,0.953125,6.013371
0.984375,0.953125,6.110952
0.994792,0.953125,6.208532
0.005208,0.963542,19.002453
0.015625,0.963542,9.965998
0.026042,0.963542,6.594187
0.036458,0.963542,4.507443
0.046875,0.963542,3.101614
0.057292,0.963542,2.200326
0.067708,0.963542,1.515529
0.078125,0.963542,1.295861
0.088542,0.963542,1.092095
0.098958,0.963542,1.091635
0.109375,0.963542,0.774780
0.119792,0.963542,1.036995
0.130208,0.963542,1.165676
0.140625,0.963542,1.483922
0.151042,0.963542,1.802168
0.161458,0.963542,2.120414
0.171875,0.963542,2.438660
0.182292,0.963542,2.756906
0.192708,0.963542,3.075152
0.203125,0.963542,3.393398
0.213542,0.963542,3.711644
0.223958,0.963542,4.029891
0.234375,0.963542,4.348137
0.244792,0.963542,4.666383
0.255208,0.963542,4.555887
0.265625,0.963542,4.016651
0.276042,0.963542,3.477414
0.286458,0.963542,2.938177
0.296875,0.963542,2.398941
0.307292,0.963542,1.859704
0.317708,0.963542,1.709910
0.328125,0.963542,1.949559
0.338542,0.963542,2.189209
0.348958,0.963542,2.428858
0.359375,0.963542,2.668507
0.369792,0.963542,2.908156
0.380208,0.963542,3.619175
0.390625,0.963542,4.801565
0.401042,0.963542,5.983955
0.411458,0.963542,7.166344
0.421875,0.963542,8.348734
0.432292,0.963542,9.531123
0.442708,0.963542,10.713513
0.453125,0.963542,11.895903
0.463542,0.963542,13.078292
0.473958,0.963542,14.260682
0.484375,0.963542,15.443072
0.494792,0.963542,16.625461
0.505208,0.963542,16.202320
0.515625,0.963542,14.173647
0.526042,0.963542,12.144975
0.536458,0.963542,10.116302
0.546875,0.963542,8.087630
0.557292,0.963542,6.058957
0.567708,0.963542,5.006846
0.578125,0.963542,4.931297
0.588542,0.963542,4.855747
0.598958,0.963542,4.747951
0.609375,0.963542,4.607907
0.619792,0.963542,4.467864
0.630208,0.963542,4.405143
0.640625,0.963542,4.419744
0.651042,0.963542,4.434346
0.661458,0.963542,4.448947
0.671875,0.963542,4.463548
0.682292,0.963542,4.478150
0.692708,0.963542,4.492751
0.703125,0.963542,4.507352
0.713542,0.963542,4.521954
0.723958,0.963542,4.536555
0.734375,0.963542,4.551156
0.744792,0.963542,4.565758
0.755208,0.963542,4.608845
0.765625,0.963542,4.680419
0.776042,0.963542,4.751992
0.786458,0.963542,4.857234
0.796875,0.963542,4.996145
0.807292,0.963542,4.960413
0.817708,0.963542,5.025957
0.828125,0.963542,5.192777
0.838542,0.963542,5.303796
0.848958,0.963542,5.361808
0.859375,0.963542,5.366815
0.869792,0.963542,5.371823
0.880208,0.963542,5.405155
0.890625,0.963542,5.466812
0.901042,0.963542,5.528469
0.911458,0.963542,5.590126
0.921875,0.963542,5.651783
0.932292,0.963542,5.713440
0.942708,0.963542,5.790974
0.953125,0.963542,5.884384
0.963542,0.963542,5.977795
0.973958,0.963542,6.071206
0.984375,0.963542,6.164616
0.994792,0.963542,6.258027
0.005208,0.973958,19.597434
0.015625,0.973958,10.321595
0.026042,0.973958,6.847883
0.036458,0.973958,4.692939
0.046875,0.973958,3.239181
0.057292,0.973958,2.298192
0.067708,0.973958,1.582339
0.078125,0.973958,1.355020
0.088542,0.973958,1.139060
0.098958,0.973958,1.133730
0.109375,0.973958,0.802503
0.119792,0.973958,1.067679
0.130208,0.973958,1.196693
0.140625,0.973958,1.524004
0.151042,0.973958,1.851316
0.161458,0.973958,2.178627
0.171875,0.973958,2.505938
0.182292,0.973958,2.833249
0.192708,0.973958,3.160560
0.203125,0.973958,3.487871
0.213542,0.973958,3.815182
0.223958,0.973958,4.142493
0.234375,0.973958,4.469804
0.244792,0.973958,4.797115
0.255208,0.973958,4.678854
0.265625,0.973958,4.115019
0.276042,0.973958,3.551185
0.286458,0.973958,2.987351
0.296875,0.973958,2.423516
0.307292,0.973958,1.859682
0.317708,0.973958,1.700013
0.328125,0.973958,1.944510
0.338542,0.973958,2.189008
0.348958,0.973958,2.433505
0.359375,0.973958,2.678002
0.369792,0.973958,2.922499
0.380208,0.973958,3.666169
0.390625,0.973958,4.909012
0.401042,0.973958,6.151854
0.411458,0.973958,7.394697
0.421875,0.973958,8.637539
0.432292,0.973958,9.880382
0.442708,0.973958,11.123225
0.453125,0.973958,12.366067
0.463542,0.973958,13.608910
0.473958,0.973958,14.851752
0.484375,0.973958,16.094595
0.494792,0.973958,17.337438
0.505208,0.973958,16.894270
0.515625,0.973958,14.765091
0.526042,0.973958,12.635913
0.536458,0.973958,10.506735
0.546875,0.973958,8.377556
0.557292,0.973958,6.248378
0.567708,0.973958,5.132703
0.578125,0.973958,5.030531
0.588542,0.973958,4.928359
0.598958,0.973958,4.803153
0.609375,0.973958,4.654914
0.619792,0.973958,4.506675
0.630208,0.973958,4.438482
0.640625,0.973958,4.450335
0.651042,0.973958,4.462187
0.661458,0.973958,4.474040
0.671875,0.973958,4.485893
0.682292,0.973958,4.497746
0.692708,0.973958,4.509598
0.703125,0.973958,4.521451
0.713542,0.973958,4.533304
0.723958,0.973958,4.545157
0.734375,0.973958,4.557009
0.744792,0.973958,4.568862
0.755208,0.973958,4.611610
0.765625,0.973958,4.685252
0.776042,0.973958,4.758894
0.786458,0.973958,4.875259
0.796875,0.973958,5.034345
0.807292,0.973958,4.993994
0.817708,0.973958,5.060578
0.828125,0.973958,5.234095
0.838542,0.973958,5.349562
0.848958,0.973958,5.408970
0.859375,0.973958,5.412319
0.869792,0.973958,5.415669
0.880208,0.973958,5.450624
0.890625,0.973958,5.517183
0.901042,0.973958,5.583742
0.911458,0.973958,5.650301
0.921875,0.973958,5.716861
0.932292,0.973958,5.783420
0.942708,0.973958,5.861320
0.953125,0.973958,5.950560
0.963542,0.973958,6.039800
0.973958,0.973958,6.129040
0.984375,0.973958,6.218281
0.994792,0.973958,6.307521
0.005208,0.984375,20.192415
0.015625,0.984375,10.677191
0.026042,0.984375,7.101579
0.036458,0.984375,4.878435
0.046875,0.984375,3.376748
0.057292,0.984375,2.396058
0.067708,0.984375,1.649150
0.078125,0.984375,1.414180
0.088542,0.984375,1.186026
0.098958,0.984375,1.175826
0.109375,0.984375,0.830227
0.119792,0.984375,1.098362
0.130208,0.984375,1.227711
0.140625,0.984375,1.564087
0.151042,0.984375,1.900463
0.161458,0.984375,2.236839
0.171875,0.984375,2.573215
0.182292,0.984375,2.909591
0.192708,0.984375,3.245968
0.203125,0.984375,3.582344
0.213542,0.984375,3.918720
0.223958,0.984375,4.255096
0.234375,0.984375,4.591472
0.244792,0.984375,4.927848
0.255208,0.984375,4.801820
0.265625,0.984375,4.213388
0.276042,0.984375,3.624956
0.286458,0.984375,3.036524
0.296875,0.984375,2.448092
0.307292,0.984375,1.859659
0.317708,0.984375,1.690116
0.328125,0.984375,1.939461
0.338542,0.984375,2.188807
0.348958,0.984375,2.438152
0.359375,0.984375,2.687497
0.369792,0.984375,2.936842
0.380208,0.984375,3.713163
0.390625,0.984375,5.016458
0.401042,0.984375,6.319754
0.411458,0.984375,7.623049
0.421875,0.984375,8.926345
0.432292,0.984375,10.229641
0.442708,0.984375,11.532936
0.453125,0.984375,12.836232
0.463542,0.984375,14.139527
0.473958,0.984375,15.442823
0.484375,0.984375,16.746118
0.494792,0.984375,18.049414
0.505208,0.984375,17.586220
0.515625,0.984375,15.356535
0.526042,0.984375,13.126851
0.536458,0.984375,10.897167
0.546875,0.984375,8.667483
0.557292,0.984375,6.437799
0.567708,0.984375,5.258559
0.578125,0.984375,5.129765
0.588542,0.984375,5.000970
0.598958,0.984375,4.858356
0.609375,0.984375,4.701921
0.619792,0.984375,4.545486
0.630208,0.984375,4.471821
0.640625,0.984375,4.480925
0.651042,0.984375,4.490029
0.661458,0.984375,4.499133
0.671875,0.984375,4.508237
0.682292,0.984375,4.517342
0.692708,0.984375,4.526446
0.703125,0.984375,4.535550
0.713542,0.984375,4.544654
0.723958,0.984375,4.553758
0.734375,0.984375,4.562862
0.744792,0.984375,4.571966
0.755208,0.984375,4.614374
0.765625,0.984375,4.690085
0.776042,0.984375,4.765797
0.786458,0.984375,4.893283
0.796875,0.984375,5.072545
0.807292,0.984375,5.027576
0.817708,0.984375,5.095199
0.828125,0.984375,5.275413
0.838542,0.984375,5.395327
0.848958,0.984375,5.456131
0.859375,0.984375,5.457823
0.869792,0.984375,5.459516
0.880208,0.984375,5.496093
0.890625,0.984375,5.567554
0.901042,0.984375,5.639015
0.911458,0.984375,5.710477
0.921875,0.984375,5.781938
0.932292,0.984375,5.853399
0.942708,0.984375,5.931665
0.953125,0.984375,6.016735
0.963542,0.984375,6.101805
0.973958,0.984375,6.186875
0.984375,0.984375,6.271945
0.994792,0.984375,6.357015
0.005208,0.994792,20.787396
0.015625,0.994792,11.032788
0.026042,0.994792,7.355275
0.036458,0.994792,5.063931
0.046875,0.994792,3.514316
0.057292,0.994792,2.493924
0.067708,0.994792,1.715961
0.078125,0.994792,1.473340
0.088542,0.994792,1.232991
0.098958,0.994792,1.217921
0.109375,0.994792,0.857950
0.119792,0.994792,1.129046
0.130208,0.994792,1.258728
0.140625,0.994792,1.604169
0.151042,0.994792,1.949610
0.161458,0.994792,2.295052
0.171875,0.994792,2.640493
0.182292,0.994792,2.985934
0.192708,0.994792,3.331375
0.203125,0.994792,3.676816
0.213542,0.994792,4.022258
0.223958,0.994792,4.367699
0.234375,0.994792,4.713140
0.244792,0.994792,5.058581
0.255208,0.994792,4.924787
0.265625,0.994792,4.311757
0.276042,0.994792,3.698727
0.286458,0.994792,3.085697
0.296875,0.994792,2.472667
0.307292,0.994792,1.859637
0.317708,0.994792,1.680219
0.328125,0.994792,1.934412
0.338542,0.994792,2.188606
0.348958,0.994792,2.442799
0.359375,0.994792,2.696992
0.369792,0.994792,2.951186
0.380208,0.994792,3.760157
0.390625,0.994792,5.123905
0.401042,0.994792,6.487654
0.411458,0.994792,7.851402
0.421875,0.994792,9.215151
0.432292,0.994792,10.578899
0.442708,0.994792,11.942648
0.453125,0.994792,13.306396
0.463542,0.994792,14.670145
0.473958,0.994792,16.033893
0.484375,0.994792,17.397642
0.494792,0.994792,18.761390
0.505208,0.994792,18.278169
0.515625,0.994792,15.947979
0.526042,0.994792,13.617789
0.536458,0.994792,11.287599
0.546875,0.994792,8.957410
0.557292,0.994792,6.627220
0.567708,0.994792,5.384416
0.578125,0.994792,5.228999
0.588542,0.994792,5.073582
0.598958,0.994792,4.913558
0.609375,0.994792,4.748928
0.619792,0.994792,4.584298
0.630208,0.994792,4.505160
0.640625,0.994792,4.511516
0.651042,0.994792,4.517871
0.661458,0.994792,4.524227
0.671875,0.994792,4.530582
0.682292,0.994792,4.536938
0.692708,0.994792,4.543293
0.703125,0.994792,4.549649
0.713542,0.994792,4.556004
0.723958,0.994792,4.562360
0.734375,0.994792,4.568715
0.744792,0.994792,4.575071
0.755208,0.994792,4.617139
0.765625,0.994792,4.694919
0.776042,0.994792,4.772699
0.786458,0.994792,4.911308
0.796875,0.994792,5.110745
0.807292,0.994792,5.061158
0.817708,0.994792,5.129820
0.828125,0.994792,5.316730
0.838542,0.994792,5.441093
0.848958,0.994792,5.503292
0.859375,0.994792,5.503327
0.869792,0.994792,5.503362
0.880208,0.994792,5.541561
0.890625,0.994792,5.617925
0.901042,0.994792,5.694289
0.911458,0.994792,5.770652
0.921875,0.994792,5.847016
0.932292,0.994792,5.923379
0.942708,0.994792,6.002011
0.953125,0.994792,6.082910
0.963542,0.994792,6.163810
0.973958,0.994792,6.244710
0.984375,0.994792,6.325610
0.994792,0.994792,6.406509
