wala,wac,n0,k_term
345.0,7.796,49,0
344.0,7.807,45,0
343.0,7.768,31,0
342.0,7.276,26,0
342.0,7.767,44,1
341.0,7.311,25,1
341.0,7.773,34,0
340.0,7.317,36,1
339.0,7.296,53,1
339.0,7.778,41,2
338.0,7.296,72,2
338.0,7.707,33,1
337.0,7.316,73,0
337.0,7.721,34,0
336.0,7.295,108,3
336.0,7.73,48,3
335.0,7.302,90,3
335.0,7.764,48,2
334.0,7.268,81,0
334.0,7.756,49,0
333.0,7.288,96,4
333.0,7.691,53,1
332.0,6.798,74,2
332.0,7.273,84,1
332.0,7.698,36,0
331.0,6.81,113,1
331.0,7.289,62,0
330.0,6.805,103,4
330.0,7.271,75,1
329.0,6.799,89,0
329.0,7.261,55,0
328.0,6.802,74,0
328.0,7.241,50,0
327.0,6.818,70,2
327.0,7.253,77,2
326.0,6.811,28,0
326.0,7.272,95,0
326.0,7.759,35,0
325.0,6.805,30,0
325.0,7.283,98,4
325.0,7.744,34,0
324.0,7.272,72,2
324.0,7.751,33,0
323.0,7.304,44,0
323.0,7.764,78,2
323.0,8.251,25,0
322.0,7.797,62,0
322.0,8.261,51,1
321.0,7.805,27,1
321.0,8.267,39,1
320.0,8.284,49,0
319.0,8.273,37,1
317.0,8.29,48,0
317.0,8.274,29,0
314.0,8.769,39,1
311.0,8.768,25,1
311.0,8.315,43,0
312.0,8.79,39,0
309.0,8.291,49,0
308.0,8.288,42,0
308.0,8.788,29,1
307.0,7.815,38,1
307.0,8.29,47,0
307.0,8.8,27,0
306.0,7.806,57,0
306.0,8.269,47,1
305.0,7.768,50,2
305.0,8.29,28,0
304.0,6.847,39,0
304.0,7.307,70,0
304.0,7.784,59,0
303.0,6.79,54,1
303.0,7.28,112,1
303.0,7.779,54,0
304.0,8.285,26,0
302.0,6.814,46,0
302.0,7.263,132,0
302.0,7.767,64,3
301.0,6.823,66,2
301.0,7.303,123,0
301.0,7.746,66,0
300.0,6.838,32,0
300.0,7.302,138,2
300.0,7.754,87,1
299.0,6.795,32,0
299.0,7.289,142,3
299.0,7.774,94,2
298.0,6.787,32,1
298.0,7.294,145,1
298.0,7.758,78,1
297.0,6.85,58,0
297.0,7.285,138,0
297.0,7.767,81,0
295.0,6.808,163,2
296.0,7.252,121,1
296.0,7.743,55,0
295.0,6.279,28,0
295.0,6.804,215,2
295.0,7.261,80,1
297.0,7.778,28,0
294.0,6.313,40,0
294.0,6.791,193,2
294.0,7.28,87,0
294.0,7.743,27,0
293.0,6.282,31,0
293.0,6.785,145,0
293.0,7.263,95,1
293.0,7.734,39,5
292.0,6.804,89,1
292.0,7.245,100,1
293.0,7.735,38,0
291.0,6.795,91,0
291.0,7.284,85,0
293.0,7.679,28,0
290.0,6.801,79,0
290.0,7.27,148,0
290.0,7.751,41,0
289.0,6.802,58,1
289.0,7.282,166,3
289.0,7.731,42,1
288.0,6.838,99,2
288.0,7.261,159,1
288.0,7.68,27,0
286.0,6.789,167,1
287.0,7.267,156,3
285.0,6.34,29,0
286.0,6.785,312,4
286.0,7.262,104,1
284.0,6.32,138,1
285.0,6.767,249,5
285.0,7.271,42,2
284.0,6.28,174,4
284.0,6.766,170,1
285.0,7.236,37,0
283.0,6.279,282,4
283.0,6.748,151,1
282.0,5.799,58,0
282.0,6.264,423,1
282.0,6.775,147,0
281.0,5.848,71,0
281.0,6.255,346,1
281.0,6.745,132,1
280.0,5.834,104,1
280.0,6.284,372,2
281.0,6.737,89,2
278.0,5.813,237,2
279.0,6.257,374,2
280.0,6.729,79,1
278.0,5.806,303,6
278.0,6.27,353,4
279.0,6.8,38,1
277.0,5.81,510,5
277.0,6.26,341,3
279.0,6.731,35,0
276.0,5.196,30,0
276.0,5.57,428,1
276.0,5.924,700,7
277.0,6.405,106,1
275.0,5.081,162,1
275.0,5.406,734,13
275.0,5.848,648,4
276.0,6.357,80,0
274.0,5.103,106,3
274.0,5.401,684,10
274.0,5.868,559,5
274.0,6.386,102,1
274.0,5.056,46,1
273.0,5.424,479,4
273.0,5.969,604,9
273.0,6.463,258,5
273.0,6.869,37,0
273.0,5.431,122,2
272.0,5.969,472,3
272.0,6.439,357,3
272.0,6.826,60,1
272.0,5.493,82,0
271.0,5.91,456,7
271.0,6.393,354,2
272.0,6.85,51,1
271.0,5.542,62,1
270.0,5.929,576,5
270.0,6.364,471,7
270.0,6.856,52,0
270.0,5.625,89,4
269.0,5.921,440,2
269.0,6.333,344,2
270.0,6.785,26,1
268.0,5.659,231,4
268.0,5.976,570,9
268.0,6.422,153,2
267.0,5.592,218,2
267.0,5.882,908,8
267.0,6.352,191,1
267.0,5.03,27,0
266.0,5.491,397,2
266.0,5.853,718,8
266.0,6.357,149,4
265.0,5.509,341,2
265.0,5.853,806,4
265.0,6.315,337,4
266.0,6.796,29,0
264.0,5.479,92,1
264.0,5.97,458,7
264.0,6.377,386,3
263.0,6.809,96,1
264.0,5.616,26,0
263.0,6.127,214,1
263.0,6.434,376,1
263.0,6.827,113,0
266.0,5.636,44,0
262.0,6.099,255,1
262.0,6.417,439,6
263.0,6.817,97,0
261.0,5.697,46,0
261.0,6.018,372,4
261.0,6.393,385,4
261.0,6.805,74,1
260.0,5.644,149,1
260.0,6.006,431,8
260.0,6.401,258,1
261.0,6.848,39,1
259.0,5.644,171,0
259.0,5.976,409,1
259.0,6.386,167,1
259.0,6.831,27,0
258.0,5.628,253,2
258.0,5.98,525,6
258.0,6.376,144,0
258.0,6.792,26,0
257.0,5.606,233,0
257.0,5.973,431,10
257.0,6.388,107,1
256.0,5.619,272,1
256.0,5.961,431,3
256.0,6.385,84,0
255.0,5.546,265,2
255.0,5.952,453,10
255.0,6.411,87,1
254.0,5.601,270,4
254.0,5.981,453,6
254.0,6.407,126,1
253.0,5.646,188,0
253.0,6.027,489,5
253.0,6.405,140,0
254.0,6.871,25,0
255.0,5.151,25,1
252.0,5.644,309,1
252.0,6.012,499,6
252.0,6.44,125,0
251.0,5.575,369,3
251.0,5.985,359,3
251.0,6.39,90,1
250.0,5.081,36,0
250.0,5.608,446,2
250.0,5.998,437,2
250.0,6.45,107,0
249.0,5.629,314,4
249.0,5.977,476,7
249.0,6.424,120,0
248.0,5.604,249,2
248.0,5.933,391,4
248.0,6.335,149,4
248.0,5.647,175,1
247.0,6.016,313,6
247.0,6.405,115,0
248.0,6.793,29,0
247.0,5.63,125,1
246.0,6.087,343,4
246.0,6.449,249,0
246.0,6.818,56,0
245.0,5.676,47,0
245.0,6.051,177,2
245.0,6.435,265,1
245.0,6.815,46,0
244.0,5.642,79,0
244.0,6.063,235,1
244.0,6.451,163,2
244.0,6.824,61,0
243.0,5.65,78,1
243.0,6.039,246,2
243.0,6.397,280,1
243.0,6.812,47,0
243.0,5.659,46,0
242.0,6.038,185,0
242.0,6.418,348,2
242.0,6.83,78,1
243.0,5.683,25,0
241.0,6.061,100,2
241.0,6.459,377,8
241.0,6.833,122,0
241.0,6.06,52,0
240.0,6.512,250,4
240.0,6.85,169,1
239.0,6.574,205,1
239.0,6.892,195,2
239.0,7.32,26,0
238.0,6.61,173,0
238.0,6.94,197,4
237.0,6.127,35,0
237.0,6.564,191,3
237.0,6.918,147,1
236.0,6.106,96,1
236.0,6.523,248,3
236.0,6.874,140,1
237.0,7.322,27,0
235.0,6.109,81,0
235.0,6.468,234,4
235.0,6.876,100,0
234.0,6.095,160,1
234.0,6.473,241,1
234.0,6.9,83,1
233.0,6.071,156,0
233.0,6.469,225,2
233.0,6.889,71,2
232.0,6.078,162,1
232.0,6.472,197,2
232.0,6.883,73,0
231.0,6.1,154,2
230.0,6.466,231,2
231.0,6.914,64,0
230.0,6.063,180,2
230.0,6.471,379,6
230.0,6.875,94,0
229.0,6.854,117,1
229.0,5.998,159,3
229.0,6.433,478,8
228.0,5.991,109,0
228.0,6.396,400,4
228.0,6.847,228,4
228.0,5.994,68,0
227.0,6.484,401,3
227.0,6.873,371,3
226.0,7.338,25,0
226.0,6.583,270,2
226.0,6.911,324,2
226.0,7.353,49,1
225.0,6.558,298,3
225.0,6.909,383,3
225.0,7.33,48,1
224.0,6.129,69,0
224.0,6.53,343,3
224.0,6.905,258,3
224.0,7.282,33,2
223.0,6.117,111,0
223.0,6.531,393,3
223.0,6.885,301,4
223.0,7.36,27,0
222.0,6.056,187,1
222.0,6.505,343,1
222.0,6.91,245,0
221.0,5.633,39,0
220.0,6.004,221,2
221.0,6.508,297,4
221.0,6.884,187,3
219.0,5.517,112,0
219.0,5.932,537,9
220.0,6.472,244,1
220.0,6.903,128,2
219.0,5.543,168,1
218.0,5.914,708,9
219.0,6.437,269,2
220.0,6.894,120,0
218.0,5.615,167,1
218.0,5.941,714,4
218.0,6.456,383,1
219.0,6.908,133,0
218.0,5.556,158,0
218.0,5.931,1059,3
219.0,6.424,444,5
218.0,6.882,142,1
226.0,4.967,38,1
217.0,5.526,94,1
216.0,5.907,848,5
216.0,6.354,624,4
217.0,6.854,195,0
215.0,5.468,47,0
215.0,5.913,443,5
215.0,6.379,752,0
215.0,6.842,560,5
214.0,7.318,26,0
219.0,5.43,28,0
215.0,5.958,218,1
214.0,6.416,691,7
214.0,6.847,636,4
216.0,7.324,77,0
214.0,5.413,25,0
213.0,6.024,251,3
213.0,6.544,668,7
213.0,6.878,537,1
213.0,7.34,71,1
212.0,5.418,43,0
211.0,5.974,427,2
212.0,6.541,480,2
212.0,6.91,302,1
212.0,7.339,41,0
211.0,5.589,65,0
211.0,6.032,354,2
211.0,6.567,476,7
212.0,6.985,204,2
210.0,5.082,48,0
210.0,5.564,219,1
210.0,6.033,517,2
210.0,6.602,372,3
210.0,6.961,129,2
208.0,4.993,252,0
209.0,5.537,394,3
209.0,6.021,278,0
209.0,6.54,137,0
209.0,6.906,55,0
211.0,4.534,58,0
208.0,4.963,596,5
208.0,5.489,499,3
208.0,5.962,142,2
211.0,6.503,61,0
209.0,6.867,42,0
207.0,4.555,67,2
206.0,4.963,858,7
206.0,5.452,622,3
207.0,5.962,124,2
210.0,6.511,36,0
209.0,6.915,25,0
205.0,4.559,155,1
205.0,4.948,1868,15
206.0,5.417,749,6
207.0,5.928,151,1
215.0,6.47,28,0
205.0,4.403,232,0
204.0,4.857,2507,12
204.0,5.316,1353,8
208.0,5.918,114,0
204.0,4.418,249,0
204.0,4.88,3640,27
206.0,5.346,1446,5
225.0,5.898,423,4
251.0,6.489,116,1
267.0,6.996,105,0
203.0,4.403,144,2
203.0,4.904,2103,17
202.0,5.377,2204,19
202.0,5.844,779,5
208.0,6.415,36,0
202.0,4.42,64,0
202.0,4.97,1183,6
201.0,5.407,2684,20
202.0,5.85,769,10
204.0,6.425,51,0
201.0,4.495,47,0
201.0,4.985,1259,7
200.0,5.398,3457,30
201.0,5.846,777,6
206.0,6.44,53,0
200.0,4.541,70,0
199.0,4.934,1495,9
199.0,5.351,3597,28
201.0,5.84,543,2
205.0,6.512,42,0
199.0,4.438,102,1
198.0,4.919,2519,8
198.0,5.327,4575,32
200.0,5.841,342,3
198.0,4.434,109,1
198.0,4.902,2610,20
198.0,5.314,4192,24
199.0,5.838,256,1
209.0,6.461,31,1
197.0,4.385,78,0
197.0,4.895,2560,15
197.0,5.297,2827,17
202.0,5.862,187,2
196.0,4.478,75,0
196.0,4.933,1556,15
196.0,5.298,2573,23
198.0,5.84,163,0
196.0,4.437,63,0
195.0,4.924,2124,10
195.0,5.292,3445,23
196.0,5.817,113,0
194.0,4.453,83,1
194.0,4.928,2563,20
194.0,5.293,3600,14
197.0,5.818,125,2
240.0,6.454,46,0
247.0,6.974,32,0
193.0,4.509,69,0
193.0,4.933,2443,11
192.0,5.0,35,0
193.0,5.292,4174,30
199.0,5.836,147,0
233.0,6.474,46,0
191.0,4.517,192,0
192.0,4.914,3395,17
192.0,5.285,3070,17
197.0,5.829,180,0
225.0,6.443,28,0
229.0,6.905,29,0
190.0,4.518,584,3
191.0,4.853,3623,20
191.0,5.283,1901,17
209.0,5.896,121,3
228.0,6.459,55,0
192.0,4.056,60,0
189.0,4.486,1820,13
190.0,4.83,4248,25
191.0,5.298,709,8
211.0,5.918,63,0
224.0,6.461,42,0
189.0,3.979,68,0
188.0,4.415,3461,26
189.0,4.826,2759,12
196.0,5.332,341,3
238.0,5.949,109,0
242.0,6.462,48,0
248.0,6.977,35,0
187.0,4.052,165,0
187.0,4.373,4694,32
188.0,4.802,2033,17
191.0,5.347,201,4
232.0,5.996,44,1
277.0,6.992,26,0
242.0,6.53,25,0
186.0,3.989,436,0
187.0,4.34,5252,25
187.0,4.812,1745,11
192.0,5.342,175,1
220.0,5.947,46,0
292.0,6.989,27,0
185.0,3.981,548,1
186.0,4.328,5575,34
186.0,4.799,1700,8
191.0,5.338,123,0
231.0,5.958,32,0
185.0,3.943,216,1
185.0,4.345,3093,20
184.0,4.796,2255,15
188.0,5.296,253,1
185.0,4.002,80,1
184.0,4.384,1479,8
184.0,4.806,3261,22
185.0,5.292,495,2
222.0,5.934,50,1
183.0,4.452,771,8
183.0,4.821,3037,16
185.0,5.291,773,9
233.0,6.463,32,0
212.0,5.934,83,0
183.0,4.507,695,9
182.0,4.826,4146,31
184.0,5.284,780,4
215.0,5.929,69,1
185.0,3.967,49,0
236.0,6.433,37,0
181.0,4.499,801,10
181.0,4.826,4909,28
182.0,5.286,700,6
205.0,5.977,72,0
240.0,6.506,33,0
179.0,4.316,33,25
180.0,4.435,1909,20
180.0,4.809,4544,25
183.0,5.295,436,2
219.0,5.91,73,0
182.0,4.038,25,0
249.0,6.45,27,0
178.0,3.874,77,33
178.0,4.267,25,6
179.0,4.421,3623,18
179.0,4.794,3609,20
182.0,5.308,250,0
213.0,5.963,63,4
181.0,4.048,84,0
259.0,6.435,29,1
177.0,3.873,137,32
177.0,4.39,45,8
177.0,4.396,4807,28
178.0,4.784,3307,36
183.0,5.331,244,0
215.0,5.89,56,1
178.0,4.022,236,0
176.0,3.844,137,13
176.0,3.999,1776,17
176.0,4.338,5253,42
177.0,4.796,1260,14
191.0,5.357,170,1
236.0,5.937,49,1
176.0,3.392,57,6
175.0,3.363,133,7
175.0,3.846,131,13
175.0,3.875,3893,27
176.0,4.294,5562,49
178.0,4.838,579,0
191.0,5.377,127,0
238.0,5.954,56,2
226.0,6.469,55,1
174.0,3.429,186,10
174.0,3.827,135,11
174.0,3.866,5904,30
175.0,4.295,3895,22
177.0,4.829,493,4
186.0,5.394,87,1
225.0,6.016,33,1
175.0,3.65,39,0
221.0,6.522,25,0
173.0,3.391,193,6
173.0,3.837,120,10
174.0,3.852,6809,34
174.0,4.29,4272,22
178.0,4.85,352,1
192.0,5.399,94,0
247.0,6.491,26,0
174.0,3.617,69,0
230.0,5.943,45,0
173.0,3.392,292,17
172.0,3.863,110,4
173.0,3.845,6308,58
173.0,4.295,2549,20
178.0,4.855,269,1
194.0,5.431,69,2
227.0,6.497,29,0
172.0,3.658,76,1
173.0,2.986,36,3
219.0,5.893,49,1
171.0,3.345,455,21
172.0,3.852,55,2
172.0,3.661,179,0
172.0,3.829,7367,59
172.0,4.298,2249,18
180.0,4.901,212,0
196.0,5.375,93,0
229.0,5.966,30,0
172.0,3.063,50,3
179.0,4.803,81,4
180.0,4.815,26,0
177.0,4.766,44,0
178.0,4.767,25,0
179.0,4.788,60,1
179.0,4.826,34,0
179.0,4.784,55,0
272.0,6.007,37,0
271.0,6.024,25,1
147.0,3.75,31,0
146.0,3.75,47,1
145.0,3.75,49,1
145.0,4.25,28,0
144.0,3.75,75,0
144.0,4.25,48,0
143.0,3.75,50,0
143.0,4.25,38,0
142.0,3.75,46,0
142.0,4.25,30,0
141.0,3.75,55,1
142.0,4.25,26,0
140.0,3.75,53,0
139.0,3.75,44,0
138.0,3.75,28,0
264.0,6.38,35,1
173.0,3.939,31,0
173.0,3.902,70,1
173.0,3.866,29,0
173.0,3.876,77,1
173.0,4.263,41,0
173.0,4.27,34,2
174.0,4.282,168,1
173.0,4.285,123,0
174.0,4.282,151,0
177.0,4.795,62,0
178.0,4.856,26,0
136.0,3.25,27,0
135.0,3.25,54,0
134.0,3.25,74,0
134.0,3.75,27,0
135.0,4.25,30,0
133.0,3.25,54,0
132.0,3.25,44,0
131.0,3.25,69,0
131.0,3.75,56,0
132.0,4.25,29,0
130.0,3.25,42,0
130.0,3.75,71,1
130.0,4.25,46,0
129.0,3.25,60,0
129.0,3.75,54,0
130.0,4.25,48,1
128.0,3.25,81,0
128.0,3.75,74,0
129.0,4.25,66,0
127.0,3.25,60,0
127.0,3.75,56,0
128.0,4.25,50,0
126.0,3.25,34,0
126.0,3.75,37,0
127.0,4.25,33,0
156.0,3.75,33,0
125.0,3.25,34,0
125.0,3.75,61,0
126.0,4.25,29,0
124.0,3.25,27,0
124.0,3.75,43,0
123.0,3.25,41,0
123.0,3.75,44,0
124.0,4.25,25,0
122.0,3.25,37,1
122.0,3.75,38,0
121.0,3.25,44,0
121.0,3.75,43,0
120.0,3.25,41,1
120.0,3.75,48,0
119.0,3.75,37,1
118.0,3.25,26,0
118.0,3.75,43,0
117.0,3.25,64,1
116.0,3.25,44,0
115.0,3.25,45,0
116.0,3.75,30,0
114.0,3.25,37,0
114.0,3.75,51,0
113.0,3.25,25,0
113.0,3.75,55,0
112.0,3.25,29,0
112.0,3.75,43,1
113.0,4.5,29,0
113.0,4.25,40,0
112.0,3.75,45,0
112.0,4.25,26,0
110.0,3.75,51,0
109.0,3.75,39,0
110.0,4.25,27,0
127.0,3.758,50,0
123.0,3.754,26,0
123.0,3.75,36,0
119.0,3.489,29,0
119.0,3.428,30,0
119.0,3.444,33,0
118.0,3.373,46,0
117.0,3.369,87,3
117.0,3.366,55,0
118.0,3.348,25,0
117.0,3.364,71,0
116.0,3.323,31,0
116.0,3.303,34,0
115.0,3.326,42,0
115.0,3.295,43,0
115.0,3.326,54,0
114.0,3.309,60,0
112.0,3.785,43,0
111.0,3.849,36,0
111.0,3.834,35,0
172.0,3.879,93,2
172.0,3.864,90,0
172.0,3.858,162,1
172.0,4.26,132,0
172.0,4.259,73,0
172.0,4.262,67,0
172.0,3.852,41,0
172.0,3.817,95,0
172.0,4.303,46,1
172.0,4.274,52,0
172.0,4.262,67,0
109.0,3.865,35,1
109.0,3.85,44,0
109.0,3.81,26,0
108.0,3.839,32,0
108.0,3.8,25,0
107.0,3.871,29,0
107.0,3.894,27,0
107.0,3.79,28,0
106.0,3.833,31,0
106.0,3.83,48,0
105.0,3.839,41,1
104.0,3.763,29,0
104.0,3.783,28,1
103.0,3.797,38,1
102.0,3.86,26,0
101.0,3.864,27,0
76.0,3.515,37,0
76.0,3.46,43,0
98.0,4.466,26,0
96.0,4.49,27,1
90.0,4.923,29,0
85.0,4.465,27,0
85.0,4.406,32,0
85.0,4.449,31,0
83.0,4.018,42,0
82.0,3.994,33,0
81.0,3.952,41,0
80.0,3.506,47,0
80.0,3.519,32,0
80.0,3.993,26,0
80.0,3.956,26,0
77.0,3.485,25,0
108.0,3.75,29,0
107.0,3.75,38,0
178.0,4.477,27,0
185.0,4.909,30,0
185.0,5.273,26,0
175.0,4.351,34,1
172.0,3.75,47,0
171.0,3.75,49,0
170.0,3.75,53,0
169.0,3.75,47,0
168.0,3.75,58,0
167.0,3.75,76,0
166.0,3.75,53,0
165.0,3.75,72,1
164.0,3.75,101,0
163.0,3.75,107,0
163.0,3.75,102,0
162.0,3.75,114,0
161.0,3.75,101,0
160.0,3.75,100,0
159.0,3.75,27,0
158.0,3.75,109,0
158.0,3.75,29,0
157.0,3.25,28,1
157.0,3.75,142,1
157.0,3.75,30,0
156.0,3.25,48,1
156.0,3.75,136,1
155.0,3.25,37,0
156.0,3.75,80,2
200.0,4.993,42,0
274.0,4.952,27,0
182.0,4.204,41,0
183.0,4.461,35,0
249.0,5.054,38,0
250.0,5.559,33,0
155.0,3.016,42,0
192.0,5.315,176,2
191.0,5.32,89,0
191.0,5.293,222,3
191.0,5.3,87,0
190.0,4.898,64,0
191.0,5.306,137,0
191.0,4.902,100,4
191.0,5.289,134,2
191.0,5.314,67,1
191.0,4.946,36,0
191.0,5.281,66,0
191.0,4.91,62,1
192.0,4.882,94,2
192.0,5.297,162,3
192.0,5.288,143,0
192.0,5.28,77,0
252.0,5.546,29,0
250.0,5.533,26,0
197.0,5.367,34,1
175.0,4.292,25,0
199.0,5.285,45,0
199.0,5.312,39,2
185.0,4.867,62,0
185.0,4.947,71,2
185.0,4.862,37,0
184.0,4.921,66,0
184.0,4.854,64,0
184.0,5.254,58,0
182.0,4.959,73,1
183.0,4.811,36,0
183.0,4.983,47,1
182.0,4.985,36,1
182.0,5.266,72,1
182.0,5.271,42,0
182.0,5.279,32,0
182.0,5.024,28,0
182.0,5.262,63,1
182.0,5.26,25,0
181.0,5.1,81,0
181.0,5.032,61,0
182.0,4.869,27,2
182.0,4.836,25,0
188.0,4.782,26,0
196.0,5.307,141,0
196.0,5.317,79,0
279.0,5.234,45,0
276.0,4.75,40,0
258.0,4.75,32,0
198.0,5.307,328,2
198.0,5.317,156,0
197.0,5.312,220,3
197.0,5.337,77,1
189.0,4.862,110,0
190.0,5.297,71,1
189.0,4.838,154,0
190.0,5.276,71,0
189.0,4.916,42,1
190.0,5.274,39,0
189.0,4.865,57,0
190.0,5.276,44,0
188.0,4.821,118,2
188.0,5.291,38,0
188.0,4.87,55,0
188.0,4.813,131,2
189.0,4.842,58,0
187.0,4.439,55,0
187.0,4.815,104,2
188.0,4.797,39,0
187.0,4.392,101,0
188.0,4.824,94,1
187.0,4.418,32,0
188.0,4.819,47,1
186.0,4.385,102,0
187.0,4.793,70,1
187.0,4.801,36,0
186.0,4.356,177,2
187.0,4.795,91,1
186.0,4.369,58,1
187.0,4.806,47,0
185.0,4.35,118,0
185.0,4.801,71,2
185.0,4.413,34,0
186.0,4.779,46,0
185.0,4.353,167,2
185.0,4.798,102,0
185.0,4.327,47,0
186.0,4.8,51,2
184.0,4.815,101,0
184.0,4.801,47,0
184.0,4.815,141,1
185.0,4.798,51,0
183.0,4.841,129,1
183.0,5.28,29,0
183.0,4.9,43,0
183.0,4.819,185,2
183.0,5.287,31,0
183.0,4.834,57,1
182.0,4.924,66,0
182.0,4.903,30,0
183.0,4.816,44,1
182.0,5.269,44,0
182.0,5.257,38,0
182.0,5.258,31,1
181.0,5.295,32,1
182.0,5.262,42,0
182.0,5.253,37,0
182.0,5.25,25,0
181.0,5.26,30,0
180.0,5.263,99,1
180.0,5.259,37,0
180.0,5.269,65,0
179.0,5.275,46,0
180.0,5.292,25,1
180.0,5.272,30,1
178.0,5.307,35,0
176.0,4.776,118,2
177.0,4.785,50,1
177.0,4.776,122,0
177.0,4.783,36,0
195.0,5.306,302,4
191.0,5.282,73,0
191.0,5.271,50,0
191.0,5.259,61,1
191.0,5.279,39,1
191.0,4.853,103,1
191.0,4.864,51,0
194.0,5.304,252,2
193.0,5.312,78,1
248.0,5.662,26,0
192.0,5.777,31,0
193.0,4.794,30,0
195.0,4.832,38,1
200.0,5.876,27,0
188.0,4.397,53,0
185.0,4.243,28,1
180.0,5.076,25,0
193.0,5.29,229,1
192.0,5.299,84,0
192.0,5.306,63,0
191.0,5.277,137,0
190.0,4.817,30,0
190.0,4.832,86,0
191.0,4.897,246,1
191.0,4.894,156,2
191.0,5.284,79,0
191.0,5.272,41,0
191.0,5.286,93,0
191.0,5.259,29,0
190.0,4.866,68,0
190.0,4.819,77,0
190.0,4.862,136,0
190.0,4.883,37,0
189.0,4.96,68,1
189.0,4.9,80,0
189.0,4.823,60,0
189.0,4.477,37,1
189.0,4.5,32,0
190.0,4.868,83,1
188.0,4.79,25,0
189.0,4.443,25,0
189.0,4.39,25,0
188.0,4.42,40,0
189.0,4.884,39,0
188.0,4.829,79,0
188.0,4.83,34,2
188.0,4.884,163,1
188.0,4.86,136,0
188.0,4.83,82,2
188.0,4.902,58,1
189.0,4.908,55,1
188.0,4.887,35,1
187.0,4.365,69,1
187.0,4.398,116,0
187.0,4.434,42,0
187.0,4.319,44,0
187.0,4.815,98,0
187.0,4.811,80,1
187.0,4.8,74,0
187.0,4.821,44,0
187.0,4.798,46,0
187.0,4.802,36,0
187.0,4.768,31,1
187.0,4.303,39,0
186.0,4.299,36,0
187.0,4.307,46,2
186.0,4.334,57,1
188.0,4.844,37,0
187.0,4.349,78,1
187.0,4.324,96,1
186.0,4.79,74,1
187.0,4.786,67,0
187.0,4.782,38,0
187.0,4.786,43,0
186.0,4.8,28,0
185.0,4.8,115,0
185.0,4.794,109,1
184.0,4.793,43,0
184.0,4.802,47,0
185.0,4.811,71,0
185.0,4.778,133,2
185.0,4.782,69,0
185.0,4.764,29,0
186.0,4.794,48,1
185.0,4.768,29,0
184.0,4.817,145,1
183.0,5.25,47,0
184.0,4.801,101,2
184.0,4.786,91,1
183.0,4.824,46,1
183.0,5.125,33,1
183.0,4.81,90,0
182.0,4.808,27,0
182.0,5.258,50,0
183.0,4.81,47,0
181.0,4.881,43,0
181.0,4.825,74,0
181.0,5.278,48,0
181.0,4.816,62,0
181.0,4.826,25,0
182.0,5.266,27,0
182.0,5.259,44,0
170.0,3.862,84,0
171.0,3.811,78,0
170.0,3.828,138,1
171.0,3.881,47,0
171.0,3.827,64,0
171.0,3.829,162,1
171.0,4.252,71,0
171.0,4.25,41,0
171.0,4.253,50,0
172.0,4.293,45,0
171.0,4.274,34,0
171.0,4.267,50,0
170.0,3.849,96,2
169.0,4.251,83,0
169.0,4.262,47,0
169.0,4.257,52,0
170.0,3.882,25,1
170.0,4.255,27,0
170.0,4.264,30,0
170.0,4.262,36,0
181.0,5.253,59,1
178.0,4.594,35,0
76.0,3.48,26,1
176.0,4.772,48,1
176.0,4.77,40,2
176.0,4.773,62,0
175.0,4.288,179,4
174.0,4.305,77,0
175.0,4.281,232,0
175.0,4.295,67,0
174.0,4.804,33,0
174.0,4.297,196,0
174.0,4.297,97,0
174.0,4.299,255,4
174.0,4.295,91,0
173.0,3.953,104,1
172.0,3.974,36,0
173.0,4.3,196,3
173.0,4.295,81,1
173.0,4.288,248,1
173.0,4.296,85,0
173.0,4.281,451,2
173.0,4.287,137,0
171.0,3.913,121,1
171.0,3.936,39,0
172.0,4.275,160,3
172.0,4.301,79,1
172.0,4.29,201,0
172.0,4.294,74,1
172.0,4.273,379,3
172.0,4.274,120,1
170.0,3.846,30,2
170.0,3.813,26,0
170.0,3.901,210,2
171.0,3.909,49,0
170.0,3.858,441,3
171.0,3.857,70,0
170.0,4.284,184,4
171.0,4.289,58,0
171.0,4.286,206,2
171.0,4.309,37,0
171.0,4.281,384,3
171.0,4.272,70,2
169.0,4.297,30,0
170.0,3.849,26,0
169.0,4.315,38,0
169.0,4.294,26,0
169.0,4.272,45,1
169.0,3.817,27,0
169.0,3.872,210,3
170.0,3.882,57,0
169.0,3.855,472,8
170.0,3.856,105,0
170.0,4.272,177,2
169.0,4.289,83,1
169.0,4.295,157,0
169.0,4.291,58,0
169.0,4.284,296,2
169.0,4.273,89,2
168.0,3.818,37,1
168.0,4.265,27,0
168.0,3.871,198,2
168.0,3.883,75,1
168.0,4.277,167,2
168.0,4.27,79,0
168.0,4.29,201,2
169.0,4.271,75,1
168.0,4.272,299,3
168.0,4.27,100,2
176.0,4.376,59,2
177.0,4.803,33,0
177.0,4.786,28,0
176.0,4.798,30,0
176.0,4.303,51,0
175.0,4.289,47,0
183.0,4.804,62,0
180.0,4.846,44,3
165.0,3.807,30,0
165.0,3.8,32,0
165.0,3.799,28,0
165.0,3.806,97,0
176.0,4.572,39,0
179.0,4.841,37,0
169.0,3.298,25,1
153.0,5.334,31,0
167.0,3.822,26,0
167.0,3.801,27,0
167.0,3.778,37,0
169.0,4.114,173,4
168.0,4.087,123,0
169.0,3.84,34,0
169.0,3.842,59,1
169.0,4.25,36,0
169.0,4.262,27,0
168.0,3.959,96,0
168.0,4.1,143,0
168.0,3.883,123,3
168.0,4.045,115,1
167.0,3.994,140,2
168.0,3.891,98,0
167.0,3.971,94,1
168.0,3.891,135,1
168.0,3.994,66,2
168.0,3.977,63,1
164.0,3.612,374,5
164.0,3.574,349,5
165.0,3.973,33,0
164.0,3.925,46,2
164.0,3.932,54,0
163.0,3.514,136,2
163.0,3.445,157,0
163.0,3.421,245,2
163.0,3.331,38,0
163.0,3.362,60,0
163.0,3.324,200,4
163.0,3.368,98,1
163.0,3.371,124,0
163.0,3.331,265,0
163.0,3.793,72,0
163.0,3.802,58,0
163.0,3.777,91,1
162.0,3.391,108,0
162.0,3.34,145,1
162.0,3.318,430,1
161.0,3.817,38,0
161.0,3.835,46,0
162.0,3.781,96,1
161.0,3.844,25,0
160.0,3.849,38,0
161.0,3.818,52,0
161.0,3.307,188,1
161.0,3.296,216,2
161.0,3.758,30,1
161.0,3.763,31,0
161.0,3.775,51,1
159.0,3.828,27,0
159.0,3.813,50,0
159.0,3.797,31,0
159.0,3.778,34,0
160.0,3.38,215,0
160.0,3.357,280,1
160.0,3.324,341,1
159.0,3.355,173,0
160.0,3.773,28,0
159.0,3.786,37,0
158.0,3.84,47,1
158.0,3.816,31,0
159.0,3.797,44,0
158.0,3.808,40,0
158.0,3.801,63,0
158.0,3.772,28,0
158.0,4.094,25,0
157.0,4.0,26,0
168.0,3.363,31,0
168.0,4.301,25,0
168.0,4.266,87,1
168.0,4.269,34,0
168.0,4.266,57,1
167.0,4.28,106,0
168.0,4.278,48,0
167.0,4.276,32,0
173.0,4.512,30,1
175.0,4.545,48,0
171.0,4.469,33,1
165.0,3.787,26,0
165.0,3.764,25,0
167.0,3.821,346,1
167.0,3.816,120,1
166.0,3.809,575,4
167.0,3.814,217,1
167.0,4.298,65,0
167.0,4.305,27,0
167.0,4.29,63,0
167.0,4.278,27,0
167.0,4.269,83,1
166.0,3.418,33,0
165.0,3.465,67,0
165.0,3.484,28,0
165.0,3.413,151,0
165.0,3.398,41,2
166.0,3.791,367,0
166.0,3.786,127,1
166.0,3.79,489,7
166.0,3.795,177,1
165.0,4.363,51,2
165.0,4.285,52,1
165.0,4.262,46,0
166.0,3.783,34,0
165.0,3.85,25,0
165.0,3.359,56,0
165.0,3.788,315,5
165.0,3.794,314,0
165.0,3.789,211,1
165.0,3.757,37,0
165.0,3.798,249,1
165.0,3.757,59,0
165.0,3.796,88,0
165.0,3.79,34,1
164.0,3.781,74,1
164.0,3.794,35,1
164.0,3.796,132,2
164.0,3.799,40,0
164.0,3.793,461,3
164.0,3.8,102,0
164.0,4.327,71,2
164.0,4.279,75,1
164.0,4.276,33,1
164.0,4.272,46,1
164.0,3.356,60,3
164.0,3.785,86,0
164.0,3.757,35,0
164.0,3.808,29,0
164.0,3.8,306,2
164.0,3.784,94,1
163.0,3.811,460,3
164.0,3.804,143,2
163.0,3.792,1124,6
164.0,3.783,277,3
163.0,4.328,85,0
163.0,4.27,81,0
163.0,4.281,30,0
163.0,4.261,53,0
163.0,3.333,55,0
163.0,3.285,149,1
164.0,3.783,56,1
164.0,3.776,37,0
163.0,3.774,26,0
163.0,3.812,29,0
159.0,3.812,45,0
159.0,3.782,37,0
159.0,3.771,54,0
159.0,3.304,50,0
159.0,3.801,140,2
158.0,3.81,58,1
158.0,3.343,37,0
158.0,3.786,49,0
158.0,3.791,63,0
167.0,4.355,33,0
168.0,4.392,25,0
164.0,3.785,26,0
164.0,3.802,43,0
164.0,3.834,29,2
164.0,3.798,106,0
164.0,3.793,30,0
163.0,3.8,148,1
163.0,3.801,40,0
163.0,4.27,38,0
163.0,3.786,25,0
163.0,3.389,34,0
163.0,3.772,65,0
163.0,3.767,27,0
164.0,4.282,32,1
164.0,3.852,66,0
163.0,3.802,28,0
164.0,3.8,25,0
162.0,3.865,89,0
162.0,3.398,49,0
162.0,3.817,36,1
162.0,3.828,155,0
162.0,3.784,80,1
162.0,3.798,37,1
162.0,3.809,38,0
161.0,3.814,73,0
161.0,3.808,32,0
161.0,3.358,44,0
161.0,3.806,28,0
161.0,3.825,121,2
161.0,3.818,35,0
161.0,3.848,25,1
161.0,3.779,46,0
160.0,3.823,37,0
160.0,3.805,100,1
160.0,3.805,39,0
160.0,3.792,33,0
160.0,3.328,32,0
160.0,3.784,53,0
173.0,5.75,39,1
162.0,3.852,49,0
161.0,3.796,27,0
161.0,3.82,66,0
164.0,3.887,53,0
164.0,3.864,30,0
164.0,3.891,65,0
162.0,3.907,62,0
60.0,3.305,66,1
163.0,3.814,159,2
163.0,3.81,64,1
162.0,3.834,266,3
162.0,3.825,57,0
162.0,3.797,658,4
162.0,3.795,171,1
162.0,4.357,71,0
162.0,4.281,61,0
162.0,4.27,36,2
162.0,3.287,80,0
162.0,3.887,38,1
162.0,3.89,25,1
161.0,3.86,29,1
160.0,3.855,27,0
160.0,3.343,41,0
160.0,3.807,33,0
162.0,3.851,31,0
161.0,3.833,40,0
161.0,3.873,70,1
160.0,3.866,34,0
168.0,4.359,28,1
162.0,3.366,30,0
162.0,3.34,47,0
161.0,3.907,52,1
161.0,3.861,59,0
161.0,3.321,268,3
161.0,3.313,79,0
162.0,3.3,454,4
161.0,3.322,144,1
161.0,3.814,117,2
162.0,3.823,62,0
161.0,3.863,268,4
161.0,3.837,77,3
161.0,3.801,687,9
161.0,3.811,179,0
161.0,4.36,98,1
161.0,4.357,28,0
161.0,4.287,62,1
161.0,4.275,25,0
161.0,4.275,34,0
161.0,3.289,32,0
161.0,3.318,268,0
161.0,3.338,98,0
161.0,3.313,465,5
161.0,3.298,114,0
160.0,3.844,116,2
160.0,3.862,37,0
160.0,3.838,242,1
160.0,3.858,103,0
160.0,3.794,656,3
160.0,3.81,202,1
160.0,4.398,60,1
160.0,4.377,30,0
160.0,4.315,45,1
160.0,4.278,26,0
160.0,4.288,29,1
160.0,3.802,102,1
160.0,3.779,114,2
160.0,3.761,123,0
160.0,3.79,120,0
160.0,3.779,124,0
160.0,3.318,43,1
161.0,3.851,29,0
161.0,3.841,30,0
161.0,3.793,50,0
161.0,3.814,32,0
161.0,3.783,27,0
161.0,3.778,27,0
160.0,3.792,48,0
160.0,3.767,25,0
160.0,3.794,51,0
159.0,3.805,44,0
159.0,3.799,42,1
159.0,3.808,26,0
159.0,3.775,34,0
159.0,3.815,37,0
158.0,3.784,33,0
158.0,3.776,47,1
158.0,3.774,29,0
158.0,3.798,78,0
157.0,3.767,44,0
157.0,3.771,30,0
157.0,3.77,26,0
156.0,3.765,36,0
156.0,3.789,32,0
156.0,3.781,31,0
160.0,3.863,27,0
160.0,3.82,38,1
160.0,3.866,39,0
159.0,3.849,28,0
160.0,3.808,25,0
160.0,3.778,27,0
160.0,3.83,38,0
158.0,3.775,31,0
159.0,3.764,34,1
76.0,3.491,89,0
76.0,3.479,111,1
76.0,3.475,31,0
75.0,3.483,25,0
75.0,3.465,37,0
75.0,3.487,40,0
75.0,3.475,98,0
75.0,3.51,114,0
75.0,3.497,134,2
75.0,3.493,100,2
75.0,3.46,43,0
73.0,3.469,31,0
73.0,3.474,31,1
73.0,3.483,71,0
73.0,3.449,94,3
72.0,3.036,43,1
72.0,3.462,62,2
72.0,3.464,70,0
72.0,3.461,87,1
106.0,3.75,28,0
103.0,3.75,38,0
102.0,3.75,35,0
101.0,3.75,34,0
100.0,3.75,27,0
159.0,3.862,50,0
158.0,3.859,65,2
160.0,3.311,173,1
160.0,3.322,74,1
160.0,3.307,348,2
160.0,3.315,101,0
159.0,3.86,148,3
159.0,3.818,36,0
159.0,3.845,252,1
159.0,3.845,79,1
159.0,3.77,239,2
159.0,3.77,57,0
159.0,4.375,61,0
159.0,4.286,33,0
159.0,3.789,244,3
159.0,3.785,349,1
159.0,3.785,335,2
159.0,3.783,185,1
159.0,3.341,109,0
159.0,3.319,29,0
158.0,3.812,201,2
158.0,3.796,80,1
158.0,3.806,302,3
158.0,3.825,103,0
158.0,3.785,890,4
158.0,3.787,204,1
158.0,4.403,53,0
158.0,4.268,44,0
158.0,4.288,34,0
158.0,3.796,216,1
158.0,3.779,227,1
157.0,3.797,239,2
157.0,3.797,101,2
157.0,3.802,392,6
157.0,3.801,112,0
157.0,4.375,56,0
157.0,4.279,54,1
157.0,4.312,42,1
158.0,3.862,50,0
157.0,3.838,69,0
157.0,3.825,26,0
147.0,4.322,40,1
147.0,4.373,80,2
147.0,4.345,131,1
147.0,4.365,31,0
147.0,4.326,229,3
148.0,4.328,56,0
147.0,4.841,65,1
147.0,4.883,29,0
147.0,4.901,64,1
147.0,4.82,102,0
147.0,4.82,32,0
146.0,4.875,50,1
146.0,4.864,139,1
65.0,3.0,32,0
158.0,3.804,25,0
157.0,3.782,40,0
157.0,3.348,46,0
157.0,3.778,76,0
157.0,3.81,74,0
133.0,4.37,67,1
148.0,4.843,26,0
147.0,3.817,28,0
154.0,3.383,90,0
154.0,3.798,62,0
154.0,3.812,217,2
154.0,3.389,362,5
145.0,3.877,68,0
145.0,4.345,32,1
144.0,3.892,55,1
156.0,3.32,84,0
156.0,3.771,57,0
156.0,3.802,50,1
156.0,3.818,25,0
155.0,3.373,65,0
155.0,3.377,305,2
155.0,3.776,33,0
155.0,3.838,38,0
155.0,3.826,115,0
157.0,3.792,33,1
157.0,3.791,51,0
157.0,3.777,143,0
157.0,3.773,128,0
153.0,4.376,87,0
153.0,4.874,39,0
152.0,4.792,118,1
151.0,4.788,78,0
151.0,4.816,58,0
149.0,4.309,35,0
150.0,4.355,113,0
150.0,4.337,85,1
150.0,4.79,67,0
150.0,4.782,32,0
148.0,4.286,30,0
149.0,4.373,117,0
149.0,4.357,98,0
149.0,4.79,33,0
147.0,4.469,31,0
148.0,4.369,77,1
148.0,4.774,37,1
148.0,4.349,56,0
146.0,4.416,33,0
147.0,4.356,80,1
147.0,4.773,65,0
147.0,4.368,67,0
146.0,4.759,38,0
146.0,4.376,77,2
146.0,4.43,25,0
146.0,4.383,54,1
145.0,4.373,31,0
145.0,4.806,52,1
144.0,4.398,85,0
144.0,4.386,99,1
144.0,4.414,25,0
144.0,4.775,33,0
144.0,4.416,94,0
144.0,4.388,38,1
144.0,4.759,30,1
144.0,4.398,83,0
143.0,4.38,68,1
143.0,4.316,71,0
165.0,4.377,26,0
155.0,3.292,27,0
156.0,3.813,97,1
156.0,3.797,301,3
156.0,3.826,65,0
156.0,3.782,178,2
156.0,3.776,482,1
156.0,3.781,135,0
156.0,4.465,88,0
156.0,4.478,36,0
156.0,4.419,85,0
156.0,4.465,32,1
156.0,4.372,58,1
156.0,3.289,26,0
21.0,7.303,34,0
156.0,3.807,629,1
155.0,4.465,73,1
155.0,4.477,37,1
155.0,4.45,34,0
155.0,4.405,58,0
155.0,4.456,58,0
133.0,3.862,450,2
133.0,3.877,124,2
154.0,4.354,61,1
154.0,4.443,95,1
154.0,4.358,32,0
154.0,4.389,174,1
154.0,4.419,53,0
154.0,4.873,26,0
62.0,2.991,28,0
141.0,3.922,74,0
153.0,4.848,74,1
153.0,4.852,34,1
153.0,4.896,66,1
153.0,4.893,28,0
138.0,3.806,31,1
153.0,3.38,37,0
153.0,3.383,187,1
153.0,3.837,38,0
153.0,3.84,166,3
153.0,4.335,35,0
152.0,3.83,41,0
152.0,4.361,45,1
151.0,4.341,44,0
150.0,4.364,33,0
150.0,3.825,45,0
158.0,3.949,62,0
149.0,3.826,42,0
155.0,3.951,65,0
146.0,3.89,25,0
144.0,4.317,27,0
159.0,3.884,45,0
152.0,4.892,43,0
153.0,4.814,41,0
152.0,4.857,85,0
152.0,4.851,89,0
152.0,4.843,60,2
152.0,4.852,141,1
151.0,4.874,43,1
151.0,4.833,113,0
152.0,4.361,46,0
150.0,4.887,91,1
151.0,4.898,31,0
150.0,4.863,92,0
150.0,4.851,28,0
131.0,3.811,26,0
149.0,4.337,49,0
149.0,4.335,137,0
149.0,4.865,64,2
150.0,4.9,27,0
149.0,4.909,63,0
148.0,4.33,51,0
149.0,4.335,136,3
148.0,4.319,142,1
148.0,4.329,55,2
148.0,4.882,68,1
148.0,4.893,25,0
148.0,4.872,79,0
148.0,4.835,36,0
145.0,4.804,88,1
145.0,4.802,34,0
145.0,4.839,47,0
145.0,4.865,50,0
145.0,4.321,90,0
145.0,4.307,339,5
145.0,4.331,48,0
145.0,4.314,154,1
145.0,4.314,51,0
145.0,4.32,117,1
146.0,4.022,37,0
134.0,3.866,26,0
145.0,3.847,30,1
137.0,3.775,32,0
145.0,4.341,27,0
145.0,4.75,25,0
143.0,3.955,30,1
141.0,3.945,42,0
140.0,3.962,33,1
142.0,3.917,30,0
145.0,4.75,32,0
144.0,4.311,55,0
144.0,4.358,28,0
144.0,4.761,27,0
143.0,4.341,26,0
144.0,4.363,27,0
144.0,4.334,33,0
145.0,4.323,38,0
144.0,4.865,60,1
144.0,4.825,26,0
144.0,4.856,52,1
144.0,4.835,26,0
145.0,4.808,70,0
145.0,4.827,33,1
144.0,4.338,210,3
144.0,4.36,76,1
145.0,4.345,71,1
144.0,4.36,166,2
144.0,4.349,124,1
141.0,4.281,75,0
144.0,3.965,30,0
144.0,4.284,32,0
143.0,4.857,39,0
144.0,4.375,29,0
143.0,4.276,30,0
142.0,4.313,43,0
143.0,4.324,52,0
143.0,4.767,31,1
143.0,4.321,25,1
142.0,4.33,69,1
142.0,4.345,39,2
143.0,4.836,40,0
143.0,4.808,48,0
143.0,4.358,43,0
143.0,4.346,156,1
144.0,4.336,36,1
143.0,4.311,107,4
130.0,3.887,450,5
142.0,4.809,61,1
142.0,4.307,143,3
142.0,4.325,46,0
143.0,4.316,115,0
143.0,4.305,304,5
142.0,4.844,61,0
142.0,4.866,46,0
143.0,4.301,144,2
143.0,4.287,39,0
141.0,3.932,113,1
141.0,3.967,32,0
141.0,4.803,36,0
141.0,4.769,33,1
141.0,3.834,26,0
147.0,4.461,43,0
140.0,3.898,28,0
140.0,4.337,51,0
140.0,4.331,39,2
142.0,4.35,26,0
141.0,4.38,27,1
143.0,4.326,32,0
143.0,4.362,76,0
142.0,4.305,68,1
141.0,4.28,31,0
143.0,4.33,52,0
142.0,4.039,31,0
143.0,4.015,34,0
143.0,4.301,92,1
143.0,3.796,27,0
142.0,4.33,58,1
142.0,4.32,26,0
141.0,4.319,77,1
141.0,4.315,28,0
141.0,4.346,51,1
141.0,4.335,30,1
140.0,4.33,76,0
140.0,4.32,28,1
140.0,4.343,72,0
140.0,4.334,36,0
139.0,4.012,28,0
139.0,3.956,27,0
139.0,4.341,75,1
139.0,4.31,28,1
140.0,4.392,29,1
141.0,4.883,42,1
141.0,4.303,36,0
141.0,4.296,44,0
141.0,4.3,266,1
141.0,4.299,96,0
141.0,4.297,133,0
130.0,3.882,111,0
141.0,3.903,40,0
140.0,4.295,70,1
142.0,4.389,133,1
141.0,4.355,110,1
141.0,4.356,98,1
142.0,4.018,45,0
142.0,4.022,41,0
141.0,4.349,45,0
141.0,3.923,363,2
141.0,3.945,70,1
140.0,4.312,44,0
140.0,4.342,146,1
140.0,4.347,70,1
140.0,4.365,89,0
140.0,4.326,301,1
140.0,4.3,151,2
140.0,4.913,40,0
140.0,4.891,31,0
140.0,4.862,49,0
140.0,4.817,53,0
131.0,3.868,28,0
139.0,3.854,33,0
141.0,3.831,26,0
139.0,3.921,34,0
139.0,3.816,25,0
139.0,4.311,35,0
140.0,3.9,25,0
139.0,4.813,56,0
139.0,4.851,59,1
139.0,3.9,63,1
139.0,4.294,102,0
139.0,4.338,90,0
140.0,4.297,36,2
140.0,4.398,59,0
140.0,4.358,79,0
141.0,4.392,87,0
141.0,4.009,62,0
141.0,3.995,48,0
140.0,4.368,30,0
140.0,3.984,52,0
140.0,4.355,84,2
140.0,4.005,63,0
140.0,4.382,83,0
139.0,4.38,39,0
140.0,4.345,64,0
140.0,4.426,30,0
140.0,4.027,69,0
139.0,4.357,30,0
139.0,4.437,31,0
140.0,3.971,29,0
139.0,3.938,101,0
140.0,3.937,39,0
140.0,3.944,74,0
139.0,4.287,120,1
139.0,4.297,199,0
139.0,3.908,291,1
139.0,4.936,42,0
139.0,4.323,63,0
139.0,4.329,68,0
139.0,4.331,26,0
138.0,4.313,64,1
138.0,4.322,41,0
138.0,4.339,37,0
138.0,4.335,28,0
137.0,4.323,61,1
137.0,4.316,33,1
137.0,4.368,41,1
139.0,4.366,37,0
139.0,3.928,35,0
139.0,3.927,57,0
139.0,3.853,26,1
139.0,3.909,28,0
139.0,4.465,25,0
138.0,3.485,32,0
138.0,3.888,29,1
138.0,3.856,27,1
138.0,3.973,35,1
138.0,3.946,26,0
137.0,3.923,27,0
137.0,3.893,41,2
136.0,3.836,33,0
138.0,4.32,63,0
138.0,4.308,90,0
138.0,4.904,34,0
138.0,3.966,27,0
139.0,4.377,39,0
139.0,4.336,200,2
138.0,3.956,78,0
138.0,4.346,104,4
139.0,3.984,26,0
130.0,3.854,139,1
138.0,3.935,104,0
138.0,4.343,26,0
138.0,4.79,37,1
138.0,4.81,39,0
138.0,4.349,26,0
134.0,3.89,30,0
128.0,4.444,25,0
122.0,4.2,25,0
138.0,3.85,25,0
138.0,4.441,32,1
137.0,3.897,29,0
137.0,3.878,26,0
137.0,3.833,257,2
137.0,4.298,88,2
137.0,4.81,32,0
137.0,4.897,38,0
138.0,4.292,26,0
137.0,4.294,115,2
138.0,4.33,38,1
137.0,4.316,68,2
137.0,4.36,30,0
137.0,3.877,44,0
138.0,3.951,51,0
137.0,3.879,28,0
138.0,3.877,89,0
135.0,3.883,30,0
139.0,4.039,31,0
138.0,4.311,62,0
138.0,4.01,95,0
138.0,4.383,48,2
138.0,4.403,25,1
138.0,3.995,74,1
138.0,4.008,71,0
138.0,3.644,276,3
138.0,4.016,244,3
137.0,3.95,50,1
136.0,3.877,54,0
136.0,4.297,35,0
137.0,3.931,27,0
137.0,4.345,42,0
136.0,3.91,64,0
136.0,3.879,72,1
136.0,3.882,41,0
136.0,4.33,93,1
136.0,4.321,42,0
135.0,3.882,55,0
135.0,4.333,35,0
135.0,3.925,45,0
135.0,4.306,27,0
134.0,3.926,107,1
134.0,3.94,41,0
136.0,4.809,25,0
136.0,4.854,31,0
136.0,4.908,40,1
136.0,3.896,28,0
274.0,6.012,25,1
221.0,6.525,29,0
287.0,6.518,61,1
219.0,7.001,38,1
137.0,3.85,253,3
137.0,3.835,28,0
137.0,4.293,26,1
137.0,3.848,81,0
137.0,4.318,30,0
137.0,3.852,53,0
136.0,4.302,27,0
136.0,4.281,68,0
137.0,3.823,112,1
136.0,4.279,70,0
136.0,4.31,105,1
137.0,4.301,25,0
137.0,3.859,54,1
130.0,3.938,33,2
136.0,3.926,55,0
136.0,3.921,73,0
135.0,3.915,150,1
135.0,3.835,256,1
292.0,7.042,132,0
135.0,3.88,26,1
135.0,3.846,37,0
123.0,4.383,29,0
135.0,4.887,56,0
135.0,3.869,59,2
136.0,4.302,60,0
136.0,4.36,60,1
135.0,4.791,37,0
136.0,4.325,25,0
134.0,3.876,37,0
134.0,3.865,39,0
134.0,3.889,33,0
134.0,3.904,31,0
134.0,3.876,40,0
134.0,3.919,32,1
129.0,4.372,25,0
130.0,4.432,25,0
130.0,4.437,30,0
130.0,3.937,28,0
132.0,3.969,35,0
133.0,3.94,35,0
133.0,3.928,37,1
134.0,3.977,30,0
133.0,4.807,35,0
135.0,3.84,30,0
136.0,4.001,55,0
136.0,3.974,45,0
136.0,4.007,48,0
135.0,3.919,105,0
136.0,3.908,25,0
135.0,3.963,51,0
134.0,3.932,163,0
134.0,4.007,28,1
135.0,4.001,37,1
135.0,3.92,26,0
134.0,4.383,67,0
134.0,4.785,47,0
134.0,3.843,39,0
134.0,3.899,97,0
135.0,3.895,54,3
134.0,3.861,368,3
135.0,3.902,100,1
134.0,3.882,31,2
134.0,4.904,36,2
135.0,4.328,52,0
134.0,3.861,140,2
134.0,4.322,36,0
133.0,3.923,202,1
133.0,4.341,73,0
133.0,4.342,32,0
132.0,3.909,109,0
132.0,4.345,35,0
132.0,3.905,82,0
132.0,4.359,28,0
133.0,3.806,25,0
134.0,3.875,27,0
121.0,3.806,73,0
121.0,3.825,94,0
121.0,3.805,61,0
121.0,3.859,51,0
134.0,3.444,26,0
133.0,4.422,27,0
134.0,3.858,31,0
133.0,3.954,41,0
133.0,3.969,30,0
132.0,3.887,37,0
132.0,3.858,28,0
133.0,3.899,27,0
134.0,3.831,32,0
133.0,4.773,26,0
134.0,4.332,67,0
134.0,3.882,416,3
134.0,3.893,114,1
134.0,3.899,83,1
133.0,3.947,27,0
133.0,4.819,28,0
133.0,4.336,50,1
133.0,3.926,163,1
133.0,3.946,52,0
131.0,3.87,137,2
133.0,3.854,39,0
133.0,3.884,30,0
133.0,3.835,33,0
130.0,4.375,44,1
130.0,4.376,35,0
130.0,4.405,34,0
129.0,4.437,29,0
129.0,4.363,28,0
128.0,4.382,27,0
128.0,4.383,28,0
128.0,4.377,29,0
127.0,4.392,26,1
134.0,3.835,36,0
133.0,3.869,32,0
132.0,3.893,33,0
132.0,3.843,25,0
225.0,6.424,26,0
132.0,3.923,38,0
133.0,4.432,27,0
133.0,4.416,94,1
133.0,3.883,100,2
132.0,4.839,28,0
133.0,3.889,199,2
133.0,3.922,64,0
95.0,5.348,31,0
95.0,4.467,60,1
132.0,4.44,33,0
132.0,4.418,88,0
132.0,3.827,464,1
131.0,4.452,26,0
132.0,3.839,112,3
131.0,3.868,131,1
131.0,4.404,40,0
132.0,3.902,40,0
132.0,4.921,32,0
132.0,4.404,95,0
132.0,4.443,28,0
132.0,3.875,59,0
132.0,3.902,247,1
237.0,5.948,36,0
133.0,3.873,114,0
132.0,3.871,147,0
132.0,4.343,38,0
133.0,3.907,43,0
133.0,3.904,50,0
133.0,4.38,34,0
132.0,3.878,35,0
131.0,4.369,38,0
131.0,4.323,29,1
131.0,4.337,56,0
132.0,3.894,26,0
131.0,3.911,28,0
131.0,4.458,26,0
131.0,4.48,31,0
131.0,4.477,29,1
130.0,4.432,28,0
130.0,4.864,26,0
130.0,4.955,39,0
130.0,4.37,58,1
130.0,4.391,39,1
130.0,4.372,140,1
130.0,4.347,25,0
130.0,4.347,35,0
130.0,4.361,86,1
130.0,4.396,140,1
129.0,4.343,83,1
129.0,4.356,169,1
129.0,4.355,45,0
129.0,4.851,28,0
129.0,3.922,81,0
130.0,3.91,335,1
129.0,4.347,26,0
129.0,4.345,116,0
129.0,4.889,28,0
132.0,3.294,55,0
131.0,3.417,38,1
131.0,3.847,38,0
130.0,4.411,25,0
130.0,4.868,25,0
118.0,3.564,26,0
130.0,3.883,26,1
130.0,4.304,34,1
130.0,4.321,27,0
130.0,4.308,36,0
132.0,3.767,26,0
131.0,3.78,29,0
131.0,3.858,25,0
131.0,3.833,46,0
131.0,3.759,40,0
131.0,3.802,41,0
129.0,3.979,42,1
129.0,4.814,29,0
95.0,4.912,154,0
130.0,3.937,32,0
129.0,4.364,163,1
129.0,4.332,37,0
130.0,3.94,123,0
129.0,4.856,32,1
129.0,3.927,147,1
95.0,4.499,33,2
128.0,3.936,105,1
128.0,3.897,46,0
128.0,3.926,122,0
128.0,4.896,44,1
128.0,3.848,30,0
128.0,4.377,116,0
128.0,4.36,72,0
128.0,4.366,148,0
128.0,4.848,30,0
128.0,4.382,43,0
128.0,4.362,39,0
128.0,4.373,154,0
128.0,3.906,320,2
128.0,4.38,27,0
128.0,3.944,59,0
131.0,3.911,28,0
131.0,3.877,113,1
131.0,3.858,116,0
131.0,4.353,82,0
132.0,3.91,65,0
132.0,3.925,59,0
132.0,4.395,59,1
132.0,4.422,33,0
131.0,3.926,26,0
131.0,3.887,46,0
131.0,3.893,86,0
131.0,3.897,59,0
131.0,4.419,82,1
131.0,3.894,66,0
131.0,4.357,35,0
130.0,3.905,34,0
129.0,3.906,25,0
129.0,3.999,32,0
129.0,4.375,32,0
129.0,4.377,35,0
130.0,3.909,101,1
130.0,4.336,92,0
130.0,4.334,55,1
130.0,3.934,61,0
130.0,4.351,41,0
129.0,3.925,83,0
129.0,4.326,83,1
129.0,4.318,45,0
129.0,4.328,39,0
129.0,4.331,34,1
129.0,4.313,31,0
128.0,3.926,46,0
128.0,4.331,97,1
128.0,4.328,44,1
131.0,4.436,26,1
131.0,3.763,39,0
130.0,3.873,55,0
130.0,3.858,63,0
130.0,3.874,61,1
130.0,3.894,72,0
130.0,3.896,31,0
130.0,4.433,28,1
130.0,4.417,25,0
129.0,4.625,25,0
129.0,3.902,100,0
129.0,3.855,37,1
129.0,3.868,26,0
129.0,4.474,25,0
128.0,3.887,42,1
128.0,3.861,41,0
128.0,3.852,34,0
128.0,3.836,27,1
128.0,3.853,26,0
128.0,4.254,28,0
127.0,4.431,25,0
127.0,4.404,28,0
131.0,3.847,29,0
131.0,3.847,43,1
131.0,3.858,47,0
129.0,3.833,36,0
130.0,3.937,31,1
129.0,3.807,25,0
129.0,3.832,35,1
128.0,4.3,26,0
129.0,4.3,31,0
129.0,4.308,36,1
129.0,3.962,46,0
129.0,3.935,72,1
129.0,4.424,43,0
129.0,4.488,37,0
129.0,4.409,45,0
129.0,4.425,48,1
129.0,4.359,55,1
128.0,3.929,45,1
128.0,3.942,67,0
128.0,3.967,46,1
128.0,3.889,41,0
128.0,4.356,45,1
128.0,4.365,36,0
128.0,4.359,46,0
128.0,4.343,37,0
127.0,3.885,31,0
127.0,3.891,30,1
127.0,4.398,25,0
127.0,4.314,30,0
127.0,4.344,28,1
127.0,3.931,29,1
127.0,3.903,25,0
127.0,4.918,33,0
127.0,4.346,47,1
127.0,3.992,26,0
128.0,4.349,131,0
128.0,4.388,39,0
128.0,3.948,117,2
128.0,4.353,29,0
127.0,4.395,137,2
128.0,4.397,40,0
127.0,4.349,78,0
128.0,3.938,127,2
128.0,4.849,26,0
129.0,4.306,29,0
129.0,3.978,28,0
141.0,4.425,33,0
128.0,3.878,27,0
128.0,3.852,38,0
128.0,4.891,31,0
130.0,3.906,34,0
130.0,3.919,46,0
129.0,3.964,63,0
129.0,3.92,41,1
127.0,3.906,40,0
129.0,3.898,37,1
128.0,3.877,28,0
129.0,3.837,35,0
129.0,3.807,63,1
129.0,3.914,201,0
129.0,3.928,37,0
129.0,3.952,135,0
129.0,4.374,60,1
129.0,4.405,30,1
129.0,3.926,28,0
128.0,4.319,27,0
128.0,4.496,33,0
130.0,3.754,43,0
127.0,3.913,110,2
126.0,4.984,31,0
127.0,3.934,96,1
127.0,3.874,31,0
126.0,4.377,88,0
127.0,4.355,30,0
126.0,4.379,56,1
127.0,4.366,66,0
127.0,4.421,26,0
128.0,3.863,43,0
128.0,3.896,27,0
127.0,3.851,27,0
128.0,3.938,67,1
128.0,4.344,62,1
128.0,4.331,38,0
128.0,4.344,35,0
128.0,4.33,25,0
127.0,3.936,140,1
127.0,4.328,95,0
127.0,4.309,46,0
127.0,4.353,60,1
127.0,4.354,36,1
126.0,4.334,72,1
126.0,4.333,31,0
68.0,3.103,53,0
127.0,4.379,26,0
95.0,5.364,32,0
126.0,3.889,51,0
125.0,4.974,27,0
125.0,4.392,33,1
126.0,4.399,31,0
126.0,4.378,81,0
125.0,3.894,115,0
125.0,3.928,25,0
125.0,3.942,31,0
125.0,3.915,104,0
125.0,4.404,45,0
125.0,4.385,95,2
128.0,4.399,33,0
129.0,4.817,29,0
128.0,4.39,26,0
128.0,4.878,26,0
126.0,4.402,34,1
127.0,3.859,26,0
130.0,4.25,30,0
128.0,4.25,40,1
128.0,3.857,25,1
128.0,3.825,25,1
128.0,4.28,29,0
127.0,3.863,56,0
128.0,4.279,29,0
126.0,4.271,26,0
128.0,3.625,25,0
126.0,4.377,31,0
126.0,3.916,27,0
126.0,3.91,27,0
125.0,3.958,26,0
125.0,4.355,49,0
125.0,4.38,33,0
125.0,3.914,49,0
125.0,4.29,25,0
124.0,3.929,45,1
124.0,4.355,38,0
124.0,4.301,40,1
154.0,3.974,78,0
170.0,3.929,55,0
145.0,4.461,62,0
177.0,4.446,43,1
121.0,4.021,88,1
125.0,4.384,34,0
128.0,3.825,43,0
127.0,4.377,25,0
127.0,3.835,32,0
128.0,3.985,121,1
129.0,4.354,80,0
128.0,3.928,34,0
128.0,4.373,38,0
129.0,4.385,46,1
128.0,4.01,29,1
127.0,3.932,97,2
128.0,4.354,41,0
128.0,4.375,148,2
128.0,4.803,31,3
128.0,3.932,230,0
128.0,4.344,49,0
127.0,3.987,40,0
127.0,3.92,232,1
127.0,4.341,31,0
128.0,3.981,61,2
130.0,4.415,49,0
129.0,3.962,83,0
129.0,4.353,69,0
129.0,3.942,92,1
130.0,4.384,34,0
130.0,3.918,107,0
126.0,4.469,25,0
127.0,3.872,29,0
128.0,3.633,38,0
125.0,3.859,31,0
119.0,4.454,26,0
125.0,4.479,33,0
125.0,3.934,33,0
124.0,4.391,34,0
124.0,4.929,25,0
124.0,4.387,88,1
125.0,4.36,70,1
124.0,4.373,42,0
125.0,3.899,34,0
125.0,3.912,98,1
124.0,3.938,33,0
125.0,3.892,127,2
124.0,3.939,34,0
124.0,3.868,137,0
125.0,3.861,30,0
125.0,4.528,30,0
124.0,4.527,31,1
123.0,3.996,29,0
124.0,4.507,32,0
123.0,3.866,39,1
122.0,3.875,39,0
124.0,3.875,42,0
123.0,3.898,28,0
123.0,4.387,35,0
122.0,3.82,27,0
126.0,4.345,60,0
126.0,4.342,32,1
125.0,4.349,95,1
125.0,4.339,44,0
124.0,4.354,63,0
124.0,4.339,25,1
124.0,4.333,50,0
123.0,3.898,139,0
123.0,4.337,60,1
123.0,4.333,29,0
125.0,4.433,30,0
121.0,4.395,26,0
121.0,4.392,32,0
127.0,4.25,32,0
127.0,4.25,34,0
125.0,3.816,75,0
126.0,3.868,27,0
126.0,3.851,26,0
125.0,3.879,27,0
124.0,3.816,37,0
120.0,3.998,32,1
122.0,3.942,33,0
120.0,3.864,50,0
123.0,3.909,118,0
123.0,4.407,29,0
123.0,3.957,92,1
123.0,4.37,73,0
124.0,3.928,36,0
123.0,4.365,26,0
123.0,4.384,53,0
124.0,4.356,69,0
123.0,4.322,36,0
122.0,3.816,64,0
123.0,3.864,29,0
122.0,3.935,90,0
122.0,3.908,33,0
122.0,4.413,55,1
122.0,3.902,96,1
122.0,4.367,30,0
123.0,4.325,30,0
123.0,4.392,66,0
123.0,4.346,30,0
123.0,3.875,31,0
123.0,3.871,36,0
123.0,3.872,29,3
122.0,3.824,29,0
123.0,3.879,40,0
122.0,3.86,27,0
122.0,4.39,28,0
122.0,3.861,110,0
122.0,3.876,70,0
122.0,4.378,51,0
122.0,4.362,25,0
121.0,3.855,27,0
121.0,3.812,39,0
126.0,3.52,74,1
124.0,4.398,28,0
125.0,4.464,26,0
125.0,3.802,25,0
125.0,3.855,39,0
122.0,3.833,43,0
122.0,3.832,96,3
124.0,4.371,25,0
122.0,3.85,39,0
126.0,4.006,114,1
127.0,4.406,37,0
126.0,3.976,51,0
126.0,3.973,98,0
127.0,4.014,91,0
127.0,4.326,40,1
127.0,3.988,35,0
125.0,3.917,34,0
126.0,4.362,31,0
126.0,4.376,46,0
126.0,4.33,34,0
200.0,5.355,39,1
122.0,4.423,48,1
122.0,3.455,44,0
122.0,3.842,49,0
122.0,3.838,31,0
121.0,3.898,121,0
121.0,3.885,37,0
121.0,3.88,67,0
121.0,3.884,137,0
121.0,3.923,38,1
121.0,3.881,228,3
121.0,3.801,28,0
121.0,3.858,48,1
120.0,3.898,30,1
120.0,3.845,29,0
120.0,4.416,28,0
119.0,3.919,31,0
119.0,3.886,59,0
124.0,3.803,25,0
122.0,4.75,48,0
121.0,4.75,27,0
230.0,6.473,35,0
122.0,3.307,31,1
123.0,3.879,31,1
121.0,3.818,56,0
121.0,3.816,48,0
121.0,3.822,50,0
121.0,4.356,28,1
121.0,3.832,50,0
121.0,3.85,27,0
121.0,3.851,59,0
121.0,3.818,62,1
121.0,3.827,40,0
121.0,3.803,49,1
121.0,3.846,45,2
120.0,3.844,47,1
121.0,3.862,33,0
120.0,4.39,27,1
121.0,4.298,31,0
120.0,3.829,28,1
120.0,3.825,117,1
120.0,3.84,71,2
120.0,3.837,69,0
120.0,3.822,78,0
120.0,3.829,108,0
120.0,3.854,30,0
120.0,3.83,42,0
120.0,3.808,26,1
120.0,3.843,52,0
120.0,3.786,35,0
120.0,3.821,37,0
120.0,3.827,41,1
120.0,3.832,38,0
125.0,4.25,34,0
93.0,4.885,130,0
121.0,4.412,44,0
121.0,4.383,55,1
121.0,4.419,34,0
93.0,4.887,54,0
93.0,4.892,39,0
93.0,4.476,72,1
121.0,3.487,44,0
120.0,3.81,29,0
124.0,3.816,35,0
124.0,3.843,60,0
124.0,3.844,43,1
123.0,3.802,57,1
123.0,3.791,98,2
123.0,3.913,80,0
122.0,3.901,236,2
121.0,3.89,123,0
121.0,3.893,73,0
121.0,3.907,110,0
120.0,3.897,143,2
120.0,3.888,75,0
117.0,3.437,44,0
118.0,4.462,27,0
118.0,3.869,53,1
118.0,3.918,30,0
118.0,3.921,36,2
119.0,3.941,26,2
123.0,4.298,26,0
123.0,3.831,33,1
123.0,3.878,34,0
119.0,3.456,32,0
119.0,3.437,34,0
125.0,3.98,138,1
125.0,4.377,37,0
125.0,3.982,32,0
125.0,4.406,44,0
125.0,3.95,40,1
126.0,4.388,43,0
124.0,4.357,39,1
123.0,3.955,28,0
123.0,3.919,37,0
124.0,4.36,38,0
124.0,4.398,49,1
117.0,4.45,29,0
115.0,4.45,27,0
122.0,3.849,31,0
121.0,3.855,33,0
121.0,3.278,37,0
122.0,3.901,30,0
122.0,3.918,26,1
122.0,3.847,29,0
122.0,3.519,36,0
120.0,3.476,36,0
120.0,3.446,44,0
120.0,3.409,30,0
122.0,3.953,27,1
121.0,3.923,40,0
121.0,4.398,42,0
120.0,3.885,31,0
118.0,3.458,29,0
116.0,3.445,45,0
119.0,3.884,25,0
119.0,3.852,51,0
120.0,3.545,52,0
120.0,3.536,38,0
121.0,4.434,29,0
120.0,3.92,36,0
120.0,3.88,27,0
120.0,3.899,111,0
120.0,4.433,54,1
120.0,3.875,104,1
120.0,3.918,126,2
120.0,3.865,64,0
120.0,3.902,42,0
120.0,3.86,254,2
120.0,3.468,42,0
120.0,3.421,37,0
119.0,3.472,34,1
119.0,3.48,51,1
120.0,3.452,75,1
120.0,3.869,29,0
119.0,3.446,212,1
119.0,3.486,31,0
119.0,3.871,48,0
119.0,3.877,243,1
119.0,3.912,121,1
119.0,3.928,121,0
119.0,3.914,53,0
119.0,4.458,50,1
119.0,4.386,27,0
119.0,3.851,103,0
93.0,4.487,34,0
121.0,3.257,33,0
121.0,3.875,26,0
119.0,3.91,26,0
123.0,4.37,28,0
123.0,3.942,46,0
123.0,4.389,39,2
123.0,3.953,29,0
123.0,3.911,32,1
122.0,3.996,182,0
120.0,3.78,26,1
121.0,4.4,25,0
122.0,3.858,26,0
121.0,3.864,26,0
121.0,3.788,36,0
120.0,3.846,41,0
120.0,3.778,27,0
119.0,3.773,26,0
119.0,3.769,26,0
118.0,3.922,35,0
119.0,4.253,40,2
119.0,3.754,25,0
118.0,3.424,71,0
118.0,3.406,47,1
118.0,3.344,42,0
118.0,3.344,36,0
118.0,3.9,34,0
117.0,3.327,28,0
116.0,3.943,38,0
116.0,3.97,31,0
116.0,3.931,27,1
117.0,3.397,85,0
117.0,3.398,66,0
117.0,3.385,52,0
117.0,3.386,36,1
117.0,3.935,64,0
116.0,3.341,36,1
120.0,3.916,43,0
120.0,4.401,29,0
119.0,3.892,48,0
119.0,3.95,36,0
119.0,3.968,39,0
119.0,3.907,31,0
119.0,3.901,29,0
118.0,3.941,30,0
118.0,3.894,38,0
118.0,3.931,25,0
118.0,3.952,26,0
118.0,3.902,55,0
118.0,3.905,31,0
117.0,3.861,56,0
116.0,3.908,49,1
116.0,3.911,36,0
116.0,3.892,35,0
116.0,3.867,30,1
121.0,3.92,61,2
121.0,3.925,57,0
119.0,3.942,36,1
120.0,3.924,41,0
120.0,3.907,35,0
119.0,3.926,27,0
118.0,3.814,48,0
118.0,3.844,62,0
118.0,3.819,30,0
118.0,3.818,149,1
119.0,3.84,31,0
119.0,3.841,55,0
119.0,3.412,45,0
119.0,3.397,41,1
119.0,3.827,94,1
119.0,3.842,45,1
119.0,3.845,86,1
119.0,3.833,75,1
119.0,3.8,33,2
119.0,3.852,27,1
119.0,4.283,30,0
119.0,3.812,33,0
119.0,3.821,58,0
119.0,3.845,39,0
119.0,3.843,30,0
119.0,3.834,59,0
120.0,3.79,32,0
119.0,3.807,34,0
119.0,3.807,59,1
119.0,3.804,87,0
119.0,3.873,27,0
119.0,3.838,27,0
120.0,3.931,31,0
121.0,4.25,26,0
119.0,3.977,44,0
123.0,4.099,51,0
124.0,4.079,127,0
125.0,4.098,115,1
126.0,4.109,126,1
126.0,4.121,35,0
122.0,4.25,50,0
122.0,4.25,74,1
123.0,4.25,62,0
126.0,4.33,32,0
127.0,4.28,32,0
120.0,3.872,84,0
120.0,3.915,33,0
120.0,3.897,26,1
120.0,3.889,61,0
120.0,3.899,32,0
119.0,3.891,172,0
119.0,3.888,120,1
119.0,3.904,94,1
119.0,3.907,57,0
118.0,3.895,122,0
118.0,3.878,92,1
118.0,3.893,33,0
120.0,3.875,30,0
119.0,3.927,25,0
119.0,3.424,90,0
119.0,3.437,54,0
119.0,3.423,51,0
119.0,3.87,130,1
119.0,3.446,42,0
119.0,3.435,73,0
118.0,3.472,29,0
118.0,3.897,99,1
119.0,3.445,201,1
119.0,3.871,54,0
118.0,3.915,35,0
118.0,3.892,27,0
119.0,3.893,31,1
119.0,3.918,28,0
119.0,3.904,29,0
119.0,3.918,49,0
120.0,3.272,27,1
120.0,3.855,42,0
120.0,3.855,71,0
120.0,3.823,40,0
120.0,3.814,57,0
120.0,3.828,44,0
118.0,3.94,27,0
112.0,4.476,27,0
119.0,3.906,28,0
119.0,3.611,26,1
116.0,3.447,30,0
115.0,3.901,32,0
114.0,3.874,27,1
118.0,3.89,210,1
118.0,3.937,127,0
118.0,4.439,45,0
118.0,4.432,25,0
118.0,3.451,67,0
118.0,3.423,53,1
117.0,3.864,101,1
117.0,3.835,25,0
117.0,4.423,42,0
122.0,4.321,86,0
122.0,3.897,121,0
120.0,3.906,62,1
122.0,4.363,99,1
122.0,3.92,94,1
122.0,3.957,213,1
122.0,4.405,48,0
122.0,3.919,33,0
120.0,3.933,27,0
120.0,4.327,26,1
119.0,3.881,27,0
116.0,3.416,31,0
119.0,3.438,45,1
119.0,3.49,46,1
119.0,3.528,30,0
119.0,3.399,62,0
118.0,3.456,41,2
118.0,3.397,30,0
118.0,3.424,38,0
119.0,3.834,39,0
119.0,3.868,34,0
119.0,3.879,47,0
119.0,3.288,60,0
119.0,3.874,32,1
119.0,3.852,33,1
119.0,3.854,60,2
118.0,3.841,49,0
119.0,3.836,36,0
112.0,4.376,26,0
122.0,4.25,30,0
121.0,3.958,123,1
117.0,3.876,29,0
117.0,3.951,25,0
120.0,3.556,45,0
120.0,3.48,35,1
119.0,3.504,39,1
118.0,3.482,27,0
113.0,3.69,53,0
105.0,4.003,29,1
105.0,4.031,28,0
116.0,3.408,27,0
116.0,3.444,28,0
117.0,3.935,28,1
117.0,3.94,25,0
117.0,3.933,40,0
117.0,3.987,45,0
117.0,3.481,28,0
118.0,3.965,46,1
118.0,3.893,25,1
118.0,3.951,36,0
118.0,3.902,35,1
119.0,3.941,25,0
118.0,4.433,31,0
118.0,3.449,109,3
118.0,3.472,56,1
118.0,3.88,181,0
117.0,3.929,97,1
117.0,3.922,94,1
117.0,3.917,48,0
117.0,3.428,44,1
117.0,3.429,75,2
116.0,3.946,92,0
116.0,3.466,71,0
116.0,3.462,95,0
116.0,3.93,58,0
116.0,4.42,28,0
117.0,3.912,28,1
117.0,3.859,42,0
117.0,3.949,26,0
118.0,3.385,41,0
117.0,3.394,38,2
116.0,3.392,45,1
116.0,3.379,73,0
115.0,3.398,44,0
115.0,3.383,77,0
119.0,3.917,40,0
119.0,4.443,37,0
117.0,3.906,57,2
117.0,3.898,32,0
117.0,3.91,31,0
117.0,4.453,25,1
117.0,3.544,26,0
118.0,3.391,26,0
116.0,3.379,34,0
117.0,3.368,39,0
115.0,3.4,47,0
120.0,3.951,145,0
119.0,3.923,141,0
117.0,3.883,119,0
116.0,3.851,69,0
119.0,3.859,34,0
118.0,3.877,99,2
118.0,3.869,55,0
118.0,3.852,38,1
117.0,3.877,124,0
117.0,3.873,73,1
117.0,3.862,37,0
117.0,3.875,100,0
117.0,3.839,55,0
116.0,3.856,118,2
116.0,3.851,82,1
116.0,3.858,44,0
116.0,3.848,33,0
116.0,3.833,26,0
115.0,3.847,103,1
115.0,3.854,40,0
115.0,3.845,33,0
117.0,3.286,33,0
109.0,4.25,29,0
110.0,4.25,33,0
110.0,4.25,29,1
115.0,3.755,50,1
115.0,3.76,30,1
115.0,3.75,28,0
119.0,3.905,30,0
118.0,3.878,26,1
118.0,3.882,33,0
118.0,3.85,44,2
118.0,4.271,26,0
119.0,4.25,25,0
119.0,4.25,46,0
118.0,3.954,30,0
118.0,3.331,34,1
118.0,3.327,74,0
117.0,3.31,27,0
117.0,3.285,67,0
117.0,3.861,27,0
118.0,3.321,25,0
116.0,3.5,51,0
118.0,3.834,45,0
118.0,3.842,65,1
118.0,3.819,43,0
118.0,3.797,40,0
117.0,3.441,27,0
118.0,3.826,39,0
117.0,3.397,54,0
118.0,3.803,32,0
118.0,3.811,49,0
118.0,3.859,31,0
117.0,3.827,35,0
118.0,3.83,50,0
117.0,3.375,25,0
117.0,3.849,36,2
117.0,3.854,60,1
117.0,3.38,50,0
117.0,3.39,61,1
117.0,3.371,43,1
117.0,3.822,57,0
117.0,3.843,37,1
117.0,3.41,25,0
117.0,3.375,26,0
117.0,3.361,45,0
117.0,3.38,25,0
117.0,3.392,36,1
117.0,3.378,37,0
116.0,3.786,25,0
116.0,3.843,40,0
116.0,3.384,47,0
116.0,3.379,74,0
116.0,3.817,28,0
116.0,3.356,33,0
116.0,3.818,29,0
116.0,3.838,25,0
116.0,3.421,29,1
117.0,3.887,88,0
116.0,3.906,173,0
116.0,4.435,32,0
115.0,3.9,63,0
115.0,3.961,88,1
116.0,3.438,68,1
115.0,3.442,127,0
116.0,3.895,88,0
115.0,4.412,39,0
116.0,3.914,145,2
115.0,3.416,366,0
115.0,3.929,127,1
118.0,3.895,37,0
118.0,3.903,39,0
117.0,3.86,34,0
117.0,3.803,34,0
117.0,3.877,30,0
117.0,3.847,32,0
117.0,3.843,28,0
116.0,3.75,27,1
115.0,3.75,29,0
113.0,4.25,29,0
110.0,4.25,30,0
117.0,3.856,48,1
114.0,3.625,66,1
115.0,3.804,71,0
114.0,3.625,88,0
114.0,3.771,85,1
112.0,3.758,81,0
112.0,3.625,34,0
112.0,3.78,84,0
111.0,4.352,44,1
112.0,3.805,40,0
110.0,4.399,91,1
119.0,3.915,30,1
119.0,3.933,38,0
120.0,3.533,30,0
118.0,3.865,31,0
116.0,3.345,25,0
117.0,3.442,32,0
117.0,3.428,45,0
116.0,3.413,37,0
116.0,3.366,46,0
116.0,3.403,53,1
117.0,3.302,47,0
117.0,3.915,40,1
117.0,3.916,56,2
116.0,3.866,28,0
117.0,3.906,30,0
90.0,4.9,28,2
114.0,3.943,50,0
114.0,4.481,33,0
114.0,3.98,95,1
113.0,4.44,28,0
113.0,3.936,64,1
113.0,3.936,76,0
113.0,4.467,42,2
112.0,4.468,63,1
112.0,3.98,54,0
112.0,4.477,48,0
112.0,4.452,31,0
112.0,4.436,30,0
112.0,3.955,43,1
116.0,3.481,29,0
115.0,3.914,40,1
116.0,3.91,26,0
116.0,3.951,44,0
116.0,3.457,42,0
115.0,3.869,28,0
116.0,3.936,53,2
116.0,3.887,41,0
117.0,3.918,25,1
116.0,3.925,25,0
115.0,3.925,31,0
116.0,3.892,44,1
116.0,3.88,37,0
116.0,3.92,26,0
115.0,3.873,25,0
112.0,3.949,27,0
112.0,3.955,27,0
112.0,4.34,29,0
95.0,4.942,82,2
95.0,4.908,50,0
94.0,4.904,56,0
96.0,4.464,219,1
96.0,4.464,57,0
95.0,4.495,56,0
95.0,4.921,75,0
95.0,4.897,153,2
95.0,4.919,38,0
95.0,4.857,32,0
112.0,3.941,141,1
111.0,3.921,37,1
111.0,3.939,84,0
111.0,4.4,34,1
111.0,4.473,48,0
111.0,4.957,30,0
111.0,3.945,27,0
111.0,4.42,66,1
116.0,3.387,51,0
115.0,3.835,28,0
116.0,3.831,26,0
116.0,3.38,90,0
115.0,3.872,32,0
115.0,3.848,44,0
115.0,3.411,57,0
115.0,3.403,86,1
115.0,3.86,30,0
115.0,3.83,30,0
115.0,3.798,35,1
114.0,3.882,31,0
114.0,3.795,31,0
113.0,3.871,54,2
113.0,3.903,25,0
115.0,3.295,27,0
115.0,3.5,30,0
116.0,3.906,43,0
116.0,3.922,43,0
116.0,3.861,27,0
116.0,3.921,56,0
116.0,3.87,30,0
115.0,3.885,41,0
115.0,3.909,30,0
115.0,3.871,30,0
115.0,3.869,58,0
115.0,3.927,30,0
115.0,3.929,34,1
112.0,4.41,30,1
112.0,4.388,26,0
111.0,4.4,47,1
111.0,4.429,36,0
111.0,4.436,33,0
111.0,3.989,26,0
111.0,4.36,31,0
111.0,4.383,28,0
110.0,4.387,29,0
110.0,4.435,27,0
115.0,3.848,64,0
115.0,3.847,36,0
112.0,4.349,26,0
115.0,3.91,29,0
115.0,3.437,35,0
115.0,3.892,43,0
115.0,3.878,26,0
116.0,3.558,27,0
116.0,3.361,72,0
116.0,3.375,57,1
116.0,3.376,62,1
116.0,3.35,48,0
115.0,3.967,35,0
112.0,3.914,42,0
112.0,3.933,34,1
110.0,3.932,33,0
109.0,3.956,31,0
109.0,3.955,55,2
116.0,3.857,28,0
112.0,4.424,25,0
110.0,4.384,25,0
110.0,4.412,31,0
110.0,3.901,27,1
109.0,3.953,28,0
115.0,3.308,32,0
117.0,3.865,25,0
116.0,3.304,42,0
108.0,4.505,26,0
107.0,4.625,26,0
105.0,4.76,40,0
113.0,3.887,26,0
111.0,4.2,37,0
110.0,4.2,42,0
107.0,4.95,29,0
106.0,4.917,36,1
106.0,4.924,43,0
104.0,4.95,35,2
103.0,4.94,47,0
102.0,4.95,25,0
101.0,4.95,40,0
100.0,4.95,36,0
99.0,4.943,43,0
97.0,4.95,58,0
97.0,4.944,35,0
95.0,4.95,31,0
94.0,4.95,26,0
93.0,4.95,26,0
93.0,5.25,36,0
92.0,5.25,28,0
114.0,3.349,36,0
112.0,4.297,30,0
112.0,4.299,27,0
111.0,4.374,31,1
111.0,4.384,33,0
111.0,4.419,38,0
110.0,4.32,29,1
110.0,4.357,43,0
112.0,3.986,29,0
112.0,3.899,26,0
112.0,3.939,26,0
113.0,3.87,25,0
113.0,3.89,35,0
113.0,3.851,39,1
113.0,4.312,32,0
112.0,4.322,28,1
112.0,3.831,32,1
112.0,3.892,55,0
112.0,3.858,34,0
112.0,3.861,62,0
112.0,4.335,27,0
112.0,4.335,25,0
112.0,4.303,34,0
112.0,3.884,39,1
112.0,3.839,30,1
112.0,3.895,61,1
112.0,4.307,38,0
111.0,4.309,43,0
111.0,4.289,32,1
111.0,3.875,37,0
111.0,3.894,28,0
111.0,3.897,32,0
111.0,4.287,30,0
111.0,3.9,28,1
111.0,4.303,25,0
114.0,4.472,29,0
113.0,4.376,40,2
113.0,3.936,42,1
112.0,3.874,28,0
112.0,4.467,42,0
111.0,4.422,40,0
111.0,4.349,25,0
113.0,3.865,27,0
113.0,3.856,30,0
111.0,3.866,35,0
110.0,3.886,25,0
110.0,3.848,45,0
111.0,4.388,34,0
109.0,4.456,25,0
111.0,4.411,29,1
111.0,4.369,26,0
111.0,4.29,28,1
110.0,4.391,48,0
110.0,4.372,30,0
110.0,4.339,41,0
113.0,4.085,47,0
113.0,4.382,39,0
113.0,3.902,55,0
112.0,3.838,25,0
112.0,4.449,26,0
112.0,4.359,30,0
111.0,4.414,30,0
111.0,4.31,25,1
110.0,3.897,26,0
110.0,4.412,36,0
110.0,4.329,38,0
110.0,4.36,26,1
113.0,4.0,37,0
112.0,4.533,25,0
106.0,3.865,36,0
111.0,3.884,32,1
110.0,3.96,26,1
110.0,4.407,47,0
110.0,3.944,124,1
110.0,4.401,101,0
110.0,4.48,46,0
110.0,4.392,30,0
110.0,5.002,34,1
112.0,4.381,25,0
112.0,4.331,25,0
111.0,4.342,26,0
110.0,4.472,25,0
110.0,4.391,31,1
112.0,3.924,69,1
112.0,3.902,35,0
112.0,4.338,42,0
111.0,3.9,104,1
111.0,3.893,49,2
111.0,4.338,54,0
111.0,4.329,29,0
111.0,4.344,65,0
110.0,3.942,119,2
110.0,3.912,67,1
110.0,4.334,98,0
110.0,4.343,35,0
110.0,4.317,27,0
110.0,3.918,89,1
110.0,3.924,46,0
110.0,4.332,56,3
110.0,4.331,27,0
109.0,3.933,80,1
109.0,3.94,42,0
109.0,4.33,82,0
109.0,4.334,28,0
110.0,4.927,28,0
110.0,4.38,25,0
110.0,4.359,30,0
111.0,4.327,32,0
111.0,3.932,30,0
111.0,4.421,33,1
110.0,4.389,39,0
110.0,4.337,45,0
110.0,4.423,31,1
110.0,3.943,30,0
111.0,4.37,27,0
111.0,4.121,32,0
111.0,3.825,31,0
111.0,4.322,34,0
111.0,4.329,30,0
111.0,4.327,31,0
110.0,4.317,28,1
110.0,4.285,36,1
111.0,4.305,27,0
110.0,4.308,43,1
110.0,4.364,32,0
110.0,4.329,70,0
110.0,3.876,50,0
110.0,3.886,143,2
110.0,3.919,65,0
110.0,3.894,65,1
110.0,4.306,87,0
110.0,3.895,53,0
110.0,4.317,50,0
110.0,4.289,44,1
110.0,4.31,54,0
110.0,4.306,30,0
110.0,4.309,61,0
110.0,3.868,25,0
110.0,3.875,64,0
109.0,4.331,27,0
109.0,4.296,26,0
109.0,4.304,33,0
110.0,3.897,57,1
109.0,3.883,118,1
109.0,4.321,29,0
109.0,4.297,51,0
109.0,4.303,83,2
109.0,4.334,46,0
109.0,4.301,87,0
109.0,3.92,90,0
110.0,3.888,31,1
109.0,4.347,44,0
109.0,4.334,40,1
109.0,4.32,55,0
109.0,4.318,47,0
109.0,3.882,69,1
109.0,4.296,30,1
109.0,4.345,48,0
109.0,4.331,28,1
107.0,3.919,25,0
110.0,3.896,28,1
109.0,3.945,28,0
109.0,3.874,27,0
113.0,4.0,26,0
111.0,4.25,40,1
108.0,4.437,37,0
108.0,4.458,30,0
110.0,4.475,27,0
110.0,4.43,29,1
110.0,4.42,33,0
111.0,4.369,26,2
110.0,4.397,40,2
109.0,4.382,29,0
109.0,4.366,47,0
109.0,4.357,73,0
109.0,4.414,98,0
109.0,4.461,44,0
109.0,3.969,109,1
109.0,4.437,40,0
109.0,4.374,72,0
109.0,3.977,36,1
109.0,4.954,57,1
110.0,3.955,29,1
109.0,4.909,27,0
89.0,5.494,27,1
110.0,4.324,43,1
108.0,4.414,36,1
109.0,4.395,71,0
109.0,4.38,51,1
108.0,4.389,45,1
108.0,4.411,29,1
109.0,4.25,32,0
108.0,4.25,27,0
107.0,4.25,25,0
110.0,4.453,41,0
107.0,4.464,25,1
110.0,3.852,38,0
110.0,4.463,35,0
110.0,4.345,26,1
107.0,4.443,26,0
110.0,4.43,25,0
110.0,4.391,25,0
110.0,4.368,29,0
110.0,4.418,32,0
109.0,4.434,45,0
109.0,4.462,31,1
109.0,4.431,37,1
109.0,4.45,30,0
108.0,4.438,25,0
108.0,4.402,25,0
108.0,4.403,29,0
108.0,4.407,28,0
108.0,4.42,26,0
108.0,4.409,26,0
108.0,4.415,44,0
108.0,4.403,26,0
108.0,4.442,38,0
108.0,4.401,27,0
108.0,4.011,28,0
109.0,3.915,26,0
109.0,3.912,28,0
109.0,3.896,36,0
109.0,3.869,51,1
108.0,3.877,42,1
108.0,3.863,50,0
108.0,4.377,26,0
109.0,4.434,28,1
109.0,4.379,26,0
109.0,4.408,47,0
108.0,4.392,28,1
108.0,4.393,26,0
108.0,4.371,52,0
109.0,4.398,25,1
108.0,3.901,28,1
108.0,3.956,27,0
108.0,4.388,34,1
109.0,4.398,39,0
107.0,4.35,30,0
108.0,4.412,111,2
108.0,3.943,194,1
108.0,4.389,47,0
109.0,3.927,36,2
108.0,3.943,70,1
108.0,4.428,44,0
108.0,4.349,109,1
108.0,5.008,32,1
109.0,3.952,112,1
109.0,3.94,61,0
109.0,4.343,119,1
109.0,4.342,63,1
109.0,4.344,27,0
109.0,4.334,54,1
108.0,3.921,45,0
108.0,4.342,35,0
108.0,4.332,25,0
108.0,3.951,144,0
108.0,4.352,130,1
108.0,4.344,48,0
108.0,4.325,25,0
107.0,3.946,102,2
107.0,4.348,81,0
107.0,4.34,34,0
107.0,3.911,77,0
107.0,4.366,67,1
126.0,3.975,33,0
158.0,3.948,60,0
146.0,4.479,87,0
108.0,4.4,87,1
109.0,4.439,113,0
107.0,4.424,79,0
106.0,4.359,45,0
109.0,4.365,37,0
109.0,4.426,27,0
110.0,4.371,31,0
109.0,4.361,30,1
108.0,4.324,28,0
108.0,4.354,36,0
108.0,4.328,42,0
107.0,4.386,28,0
107.0,4.359,29,0
107.0,4.307,34,1
104.0,4.434,32,1
109.0,3.817,30,0
109.0,4.125,34,1
98.0,5.058,38,0
109.0,4.5,40,0
110.0,3.925,25,0
108.0,3.925,26,0
108.0,4.383,29,0
107.0,4.412,26,0
108.0,3.942,28,0
108.0,3.958,27,2
109.0,3.894,26,0
108.0,3.995,28,0
108.0,3.905,47,0
108.0,4.41,32,0
107.0,3.96,29,0
107.0,3.914,216,3
107.0,4.335,74,1
107.0,4.364,31,0
107.0,4.414,53,0
108.0,3.932,62,0
107.0,4.348,97,0
107.0,4.942,26,0
107.0,4.988,27,0
109.0,4.796,25,1
109.0,4.318,77,0
109.0,3.921,32,0
109.0,4.363,43,0
108.0,4.369,76,1
109.0,4.316,40,0
109.0,4.329,130,2
108.0,4.322,44,1
108.0,4.349,28,0
108.0,4.327,43,0
109.0,4.297,28,0
109.0,3.894,73,0
108.0,4.312,28,0
108.0,4.342,44,0
108.0,3.891,143,1
109.0,3.901,87,1
108.0,4.338,31,1
108.0,4.32,25,0
108.0,3.891,26,1
108.0,3.881,69,1
108.0,3.9,37,0
108.0,4.312,83,2
108.0,4.315,79,0
108.0,4.351,58,0
108.0,4.321,87,1
108.0,4.337,77,0
108.0,3.933,29,0
108.0,3.899,65,2
108.0,4.346,32,1
108.0,4.353,27,0
107.0,4.303,25,0
107.0,4.326,42,0
107.0,4.321,26,0
108.0,3.884,26,0
106.0,4.356,91,0
107.0,3.888,100,2
107.0,4.328,45,0
108.0,4.317,83,1
107.0,3.891,70,1
107.0,4.355,32,0
107.0,4.363,53,0
107.0,3.86,41,1
107.0,3.897,56,0
107.0,4.32,48,0
107.0,4.312,45,0
107.0,3.902,30,0
107.0,3.914,41,0
107.0,4.312,46,1
107.0,4.364,30,0
107.0,4.346,35,0
107.0,3.922,27,0
107.0,3.911,74,0
107.0,4.341,51,0
106.0,4.297,38,1
107.0,3.893,73,2
107.0,3.931,55,1
107.0,3.905,67,0
106.0,4.324,45,0
106.0,3.884,71,0
106.0,3.922,33,0
106.0,4.318,59,0
106.0,4.357,39,1
107.0,4.412,60,0
105.0,4.439,57,0
108.0,3.899,63,0
108.0,3.931,39,0
108.0,3.923,42,1
107.0,3.904,62,0
107.0,3.952,40,0
108.0,3.965,25,0
107.0,3.911,74,1
107.0,3.944,43,0
107.0,3.905,29,0
106.0,4.511,31,0
106.0,4.795,31,0
105.0,4.114,32,1
106.0,3.904,66,0
106.0,3.916,33,0
105.0,3.936,35,0
105.0,4.594,25,1
105.0,4.835,29,0
105.0,3.913,69,0
104.0,3.921,41,0
104.0,3.926,45,1
104.0,4.847,28,0
103.0,4.093,47,0
103.0,4.823,40,0
104.0,3.88,47,0
104.0,3.912,36,0
103.0,3.872,41,0
103.0,3.91,27,0
103.0,3.922,41,0
103.0,4.105,34,1
102.0,3.92,52,1
102.0,3.945,39,1
102.0,3.902,33,0
102.0,4.879,29,1
101.0,4.443,26,0
108.0,4.36,37,0
107.0,4.427,26,0
107.0,4.893,39,0
107.0,3.959,27,0
98.0,4.535,27,0
98.0,4.573,29,0
99.0,4.462,35,1
102.0,4.25,25,0
103.0,4.25,31,0
104.0,4.25,57,0
105.0,4.25,36,0
105.0,4.25,25,0
106.0,4.25,31,0
67.0,3.81,46,0
108.0,4.233,29,0
108.0,3.989,25,0
108.0,4.422,28,1
105.0,3.946,32,0
106.0,4.4,46,3
105.0,4.4,29,0
108.0,3.902,25,0
108.0,3.954,28,0
108.0,4.013,58,1
102.0,3.563,28,0
107.0,4.074,39,0
107.0,4.057,47,0
107.0,4.352,26,0
107.0,4.336,31,0
107.0,4.395,33,1
108.0,3.985,34,0
108.0,4.411,42,1
108.0,4.373,31,0
108.0,4.375,31,0
107.0,4.02,28,0
107.0,4.445,34,0
107.0,4.36,27,0
107.0,4.374,33,0
107.0,4.42,26,0
107.0,4.399,31,0
107.0,3.923,50,0
107.0,3.976,38,0
107.0,4.398,35,0
107.0,4.388,38,0
107.0,4.418,35,0
106.0,4.4,41,0
106.0,4.465,34,0
107.0,4.431,25,0
107.0,3.983,47,0
107.0,4.413,28,1
107.0,4.455,39,0
107.0,4.448,50,0
107.0,3.963,49,0
106.0,4.414,32,1
106.0,3.997,29,0
106.0,4.418,31,0
106.0,4.419,40,0
106.0,3.99,47,0
106.0,4.027,37,0
106.0,4.378,38,0
106.0,4.884,25,0
106.0,3.982,27,0
106.0,4.024,38,0
106.0,4.417,48,0
105.0,4.427,44,1
105.0,4.437,32,0
105.0,4.446,45,1
105.0,4.405,32,0
108.0,3.897,32,0
108.0,4.372,26,0
108.0,4.359,30,0
106.0,3.962,30,0
107.0,3.897,32,0
107.0,4.455,39,1
107.0,3.875,29,0
107.0,3.882,25,0
107.0,4.415,39,0
107.0,4.403,35,0
107.0,4.357,29,0
106.0,3.867,42,0
106.0,3.875,35,0
106.0,4.397,30,0
106.0,4.401,32,0
105.0,4.444,27,0
105.0,4.414,27,1
106.0,3.89,43,1
107.0,3.847,61,0
107.0,3.849,31,0
107.0,3.879,61,1
105.0,3.899,39,0
105.0,3.946,43,0
106.0,3.881,34,0
105.0,3.853,48,0
105.0,4.395,26,1
105.0,3.854,42,0
107.0,3.888,29,0
107.0,3.843,47,0
109.0,3.954,25,0
106.0,3.805,29,0
106.0,3.829,31,0
106.0,3.831,75,1
108.0,5.0,27,0
107.0,5.0,33,0
108.0,4.75,25,0
107.0,3.872,31,1
106.0,4.447,34,2
107.0,3.943,44,1
106.0,3.923,73,0
106.0,4.445,55,0
107.0,3.908,238,0
106.0,4.458,45,0
107.0,4.366,83,2
106.0,4.41,81,1
106.0,4.971,25,0
106.0,5.004,30,0
105.0,4.46,60,1
105.0,3.932,156,5
105.0,3.927,80,0
105.0,3.939,51,0
105.0,4.995,34,0
105.0,3.92,231,2
105.0,4.381,89,0
105.0,4.436,41,2
104.0,4.441,36,1
106.0,4.313,31,0
104.0,4.289,26,0
102.0,4.118,25,0
101.0,4.087,59,1
99.0,4.27,43,0
98.0,4.265,45,0
105.0,3.895,40,1
105.0,3.892,44,0
105.0,3.915,63,1
105.0,3.895,53,1
105.0,3.877,53,0
105.0,4.368,43,0
105.0,4.337,45,0
105.0,4.316,53,0
105.0,4.333,80,1
105.0,4.321,48,0
105.0,4.359,43,0
104.0,4.365,57,0
105.0,3.922,108,1
105.0,3.878,59,0
104.0,3.886,49,1
105.0,3.893,53,2
104.0,3.92,25,0
105.0,3.888,33,0
104.0,4.341,53,0
104.0,4.361,90,1
104.0,3.895,87,2
104.0,4.404,25,0
104.0,3.931,48,0
104.0,3.906,29,0
104.0,3.956,36,0
104.0,3.938,33,0
104.0,3.91,34,0
104.0,3.9,59,0
104.0,3.917,73,0
104.0,4.373,44,1
104.0,4.323,32,0
104.0,4.394,25,0
104.0,3.903,169,1
104.0,3.919,26,0
104.0,3.915,73,0
106.0,4.348,34,0
106.0,3.898,51,0
106.0,3.88,68,0
106.0,4.348,34,0
106.0,3.884,37,1
106.0,3.898,59,0
106.0,3.877,63,0
106.0,4.349,28,0
106.0,4.362,30,1
106.0,4.326,27,1
106.0,4.319,55,0
106.0,4.33,58,0
105.0,3.88,63,1
106.0,3.909,103,0
105.0,3.909,58,1
106.0,3.882,38,0
105.0,4.334,36,0
105.0,4.332,61,0
105.0,4.332,36,0
105.0,4.313,65,1
105.0,4.368,47,0
105.0,4.355,43,0
105.0,3.928,66,0
105.0,3.892,59,1
105.0,3.913,85,1
105.0,4.33,26,0
105.0,3.925,37,0
105.0,3.911,40,0
105.0,4.34,36,1
105.0,3.905,26,0
105.0,4.337,26,1
105.0,4.351,40,0
105.0,3.86,25,0
105.0,3.9,54,0
105.0,3.88,123,0
104.0,3.93,80,1
104.0,3.945,67,1
104.0,3.906,43,0
104.0,3.912,59,0
104.0,4.388,28,0
104.0,4.372,38,1
104.0,4.353,29,0
104.0,4.383,36,1
104.0,4.355,27,0
104.0,4.354,29,0
103.0,3.905,109,0
103.0,3.931,51,0
103.0,3.932,61,0
103.0,3.888,80,0
103.0,4.36,42,0
103.0,4.357,36,0
103.0,4.349,26,0
103.0,4.367,28,0
106.0,3.942,91,2
106.0,4.347,48,1
106.0,4.364,31,0
106.0,3.918,81,0
106.0,3.914,82,1
106.0,3.913,29,0
106.0,4.356,48,0
105.0,3.944,117,1
105.0,3.903,69,1
105.0,4.355,76,1
105.0,4.349,42,0
105.0,3.946,73,0
105.0,4.356,44,0
105.0,4.343,29,1
104.0,3.92,106,0
104.0,4.359,64,0
104.0,4.348,33,0
104.0,4.361,27,1
104.0,3.933,143,0
104.0,3.929,102,0
104.0,4.365,43,0
104.0,4.351,25,0
107.0,3.49,40,1
106.0,3.606,28,0
107.0,4.113,52,0
107.0,4.108,47,0
106.0,4.389,49,0
106.0,4.347,25,0
106.0,3.431,29,1
104.0,3.986,28,0
106.0,4.448,26,0
107.0,3.869,30,0
106.0,4.407,29,0
105.0,4.465,25,0
104.0,4.384,38,0
104.0,4.361,31,0
103.0,4.445,38,1
106.0,4.386,36,1
106.0,3.882,25,0
105.0,3.972,30,0
106.0,4.419,32,1
105.0,4.0,27,0
104.0,3.971,28,0
104.0,4.474,34,0
104.0,4.358,25,0
103.0,3.972,30,0
104.0,4.38,32,0
105.0,4.411,28,0
106.0,3.948,40,0
105.0,3.939,26,0
99.0,3.93,33,0
100.0,4.438,26,1
99.0,3.921,119,1
105.0,4.405,77,0
105.0,4.002,28,0
104.0,3.939,46,0
104.0,3.941,74,0
104.0,3.919,204,1
104.0,4.444,58,0
104.0,3.919,144,2
104.0,4.429,84,0
104.0,4.417,35,0
104.0,4.399,64,0
103.0,4.365,56,0
103.0,5.024,31,0
103.0,3.922,80,0
103.0,4.755,35,0
102.0,4.799,38,1
101.0,4.597,25,0
94.0,5.115,32,0
92.0,5.119,29,0
105.0,3.921,42,1
105.0,3.862,44,1
105.0,3.886,27,0
104.0,3.888,59,0
103.0,3.877,42,2
104.0,3.904,45,0
103.0,3.868,28,0
103.0,3.893,38,0
104.0,4.616,25,0
104.0,3.89,30,0
106.0,3.882,30,0
105.0,3.862,26,0
103.0,4.43,32,0
103.0,4.42,29,0
102.0,4.412,32,0
101.0,4.413,28,0
102.0,4.369,30,0
105.0,4.411,74,0
105.0,4.413,63,0
105.0,4.363,57,1
105.0,3.447,29,0
104.0,3.915,32,0
106.0,5.0,34,0
105.0,4.5,25,1
105.0,5.0,33,0
99.0,3.934,35,0
99.0,4.424,54,0
98.0,4.419,42,0
97.0,4.947,28,1
97.0,4.468,40,0
103.0,3.891,219,2
103.0,4.418,37,0
103.0,3.888,151,0
104.0,3.938,63,0
103.0,4.407,45,0
103.0,4.396,62,2
102.0,4.408,44,0
103.0,3.884,125,1
102.0,4.398,68,0
102.0,4.413,34,0
103.0,3.939,66,0
102.0,3.902,82,1
102.0,3.899,221,0
101.0,3.931,77,0
101.0,3.912,203,0
101.0,4.427,28,0
102.0,3.876,147,0
101.0,4.453,46,1
101.0,3.94,32,0
101.0,4.414,53,0
102.0,4.411,60,0
97.0,4.429,45,0
97.0,4.452,231,1
97.0,4.879,87,0
101.0,3.912,50,0
101.0,3.896,140,0
101.0,4.466,36,1
100.0,4.472,42,0
101.0,4.422,54,0
101.0,3.932,44,0
98.0,4.413,152,0
99.0,3.964,27,0
98.0,4.402,51,1
99.0,4.377,30,0
98.0,4.858,41,0
98.0,4.439,64,0
97.0,4.446,49,0
105.0,4.378,33,0
105.0,4.453,43,1
104.0,4.401,43,0
104.0,4.408,28,1
104.0,4.4,43,3
104.0,4.01,70,1
104.0,4.462,49,0
104.0,4.016,42,0
104.0,4.02,39,0
104.0,4.373,30,0
103.0,4.436,28,1
103.0,4.451,36,0
103.0,4.493,27,0
103.0,4.448,40,0
103.0,3.984,43,1
103.0,4.453,36,1
103.0,3.885,73,0
103.0,4.399,46,0
103.0,4.418,47,0
103.0,4.404,46,1
103.0,3.954,31,0
103.0,3.97,25,0
103.0,3.983,29,0
103.0,4.482,30,0
102.0,4.364,31,0
103.0,3.945,51,0
103.0,4.338,25,0
103.0,3.92,28,0
102.0,4.37,36,0
102.0,4.369,41,0
102.0,4.375,28,0
102.0,4.371,46,0
102.0,4.381,33,0
102.0,4.383,26,0
102.0,3.9,109,0
102.0,3.904,264,2
102.0,3.899,132,0
102.0,3.917,60,0
102.0,3.916,89,1
102.0,4.356,38,0
102.0,4.388,32,0
102.0,3.89,35,0
102.0,3.91,53,1
101.0,4.357,50,1
103.0,3.898,72,0
103.0,4.403,32,0
103.0,3.917,48,0
103.0,3.903,29,0
103.0,3.915,53,1
103.0,3.884,27,0
103.0,3.945,46,0
103.0,4.335,31,0
103.0,4.383,36,0
103.0,4.334,38,0
103.0,3.904,74,0
103.0,3.886,26,0
104.0,3.887,54,0
104.0,4.39,36,1
104.0,4.407,29,0
104.0,4.385,25,0
104.0,4.423,25,0
103.0,3.924,38,0
103.0,3.865,41,1
103.0,3.882,39,0
103.0,4.456,27,0
102.0,3.945,48,0
102.0,3.951,32,0
102.0,3.88,28,0
102.0,3.874,79,0
102.0,4.503,36,0
103.0,5.286,33,0
103.0,3.934,36,0
102.0,3.905,34,0
104.0,3.952,31,0
103.0,3.939,35,1
103.0,3.958,121,1
103.0,3.923,82,1
103.0,4.377,70,0
103.0,3.95,101,1
103.0,3.918,63,1
103.0,3.835,26,0
103.0,4.442,77,1
102.0,3.931,122,1
102.0,4.477,77,2
102.0,3.948,130,2
97.0,4.533,25,1
96.0,4.953,47,0
96.0,4.458,32,2
96.0,4.928,36,1
103.0,3.902,26,0
104.0,3.979,27,0
102.0,4.434,62,0
102.0,4.461,56,0
102.0,4.38,35,0
101.0,3.562,26,0
101.0,4.118,35,0
102.0,4.506,27,0
102.0,4.458,28,0
101.0,4.853,45,3
101.0,4.842,28,0
101.0,4.777,37,0
101.0,4.465,26,0
104.0,4.341,27,0
104.0,4.364,94,0
104.0,4.326,49,0
104.0,4.336,67,1
104.0,3.394,32,0
101.0,4.396,50,0
101.0,3.918,32,0
101.0,4.91,30,0
100.0,4.874,29,1
100.0,4.395,41,0
99.0,4.406,59,1
99.0,4.85,28,1
98.0,4.413,44,0
98.0,4.75,26,0
97.0,4.407,33,0
97.0,4.918,61,0
101.0,5.429,28,0
97.0,4.326,31,0
102.0,4.387,29,0
101.0,4.457,33,0
101.0,5.052,28,0
101.0,3.982,31,0
101.0,3.969,26,0
104.0,4.479,29,0
102.0,3.952,26,0
102.0,4.455,40,0
101.0,4.018,31,1
100.0,3.96,26,0
100.0,4.364,35,0
103.0,3.858,48,1
96.0,4.457,27,0
96.0,4.993,35,0
102.0,3.839,38,0
102.0,3.863,32,0
102.0,3.941,26,1
98.0,4.456,28,0
98.0,4.497,25,0
97.0,4.512,31,0
103.0,4.342,44,0
103.0,4.366,92,1
103.0,4.328,64,0
103.0,4.322,64,0
103.0,3.416,45,1
101.0,3.934,26,0
101.0,4.441,40,0
90.0,5.419,56,0
89.0,5.096,31,0
91.0,4.987,30,0
91.0,4.968,27,0
92.0,4.926,32,0
93.0,4.914,64,1
94.0,4.927,40,1
95.0,4.952,29,1
95.0,4.917,29,0
97.0,4.922,44,0
96.0,4.893,37,0
98.0,4.573,31,1
102.0,3.913,35,0
102.0,3.925,41,1
102.0,3.938,54,0
101.0,3.919,33,0
101.0,3.836,33,0
101.0,3.853,33,0
100.0,3.926,32,0
99.0,4.421,34,1
99.0,4.356,37,0
101.0,4.372,31,0
101.0,4.38,51,0
101.0,4.37,31,0
101.0,4.364,26,0
102.0,3.925,53,0
101.0,4.381,44,0
102.0,3.902,60,0
101.0,3.91,89,0
101.0,3.923,35,0
101.0,4.4,28,0
101.0,4.358,45,0
101.0,4.368,38,1
101.0,3.898,107,1
101.0,3.919,155,1
101.0,3.895,146,1
101.0,3.862,29,0
101.0,4.373,39,0
101.0,4.367,52,0
101.0,4.391,26,0
101.0,4.387,39,0
100.0,4.386,26,1
101.0,3.912,29,0
101.0,3.881,26,0
100.0,4.339,40,0
100.0,4.362,49,0
100.0,3.925,138,1
100.0,3.942,38,0
100.0,3.954,68,0
100.0,4.356,53,0
100.0,4.398,34,2
100.0,4.393,30,0
99.0,4.358,31,0
99.0,4.368,50,0
99.0,4.401,45,0
99.0,4.42,25,0
100.0,3.915,65,2
100.0,4.42,49,1
101.0,4.407,28,0
100.0,3.886,42,0
100.0,4.332,33,1
100.0,4.353,27,0
100.0,4.354,25,0
100.0,4.379,34,0
100.0,4.953,48,0
100.0,4.949,29,0
100.0,4.954,35,0
102.0,3.914,25,0
102.0,3.898,36,0
98.0,5.008,39,1
102.0,3.987,28,0
102.0,4.436,29,1
102.0,4.443,36,1
102.0,4.458,29,1
102.0,4.426,42,0
102.0,4.463,32,1
102.0,4.394,25,0
102.0,3.877,40,0
101.0,4.486,28,0
101.0,4.508,37,0
101.0,4.411,25,0
100.0,4.469,25,0
99.0,4.481,25,0
99.0,4.509,26,1
101.0,3.942,35,0
101.0,3.927,49,1
101.0,3.886,41,1
101.0,4.47,42,0
101.0,4.465,32,0
101.0,4.919,35,1
101.0,4.494,26,0
101.0,3.917,47,0
101.0,3.931,36,0
100.0,3.961,30,0
100.0,4.446,27,0
95.0,4.579,27,1
95.0,4.533,32,0
96.0,4.887,25,0
95.0,5.343,27,0
98.0,4.976,32,0
99.0,4.887,26,0
101.0,4.494,178,0
101.0,4.405,48,1
101.0,4.48,29,0
100.0,4.47,40,0
100.0,4.493,119,0
99.0,4.467,85,0
99.0,4.797,28,0
99.0,4.412,59,2
99.0,4.408,34,1
98.0,4.449,78,1
98.0,4.464,36,0
98.0,4.484,33,0
98.0,4.422,30,1
98.0,4.913,97,1
98.0,4.887,38,1
95.0,4.947,40,1
95.0,4.975,47,0
94.0,4.956,44,0
98.0,4.964,32,0
98.0,4.465,39,0
98.0,4.425,49,0
98.0,4.459,29,0
98.0,4.456,27,1
98.0,4.844,62,2
98.0,4.842,63,1
98.0,4.442,67,0
98.0,4.385,44,0
98.0,4.85,48,0
98.0,4.852,32,0
98.0,4.443,26,0
98.0,4.411,31,0
98.0,4.869,25,0
98.0,4.409,41,0
98.0,4.834,26,0
98.0,4.857,40,0
98.0,4.88,25,0
98.0,4.464,33,0
98.0,4.867,31,2
98.0,4.86,28,0
98.0,4.435,41,0
98.0,4.442,26,0
98.0,4.864,27,0
98.0,4.846,51,1
98.0,4.879,36,0
98.0,4.845,43,0
170.0,3.133,50,1
158.0,3.481,233,0
260.0,3.96,31,0
184.0,3.997,50,1
249.0,4.491,51,0
200.0,4.479,35,1
98.0,4.49,25,0
98.0,4.493,49,0
97.0,4.83,25,0
97.0,4.879,29,0
97.0,4.832,37,0
101.0,4.426,29,1
100.0,3.898,25,0
101.0,3.926,25,0
100.0,3.93,37,0
101.0,3.89,26,0
100.0,3.93,28,1
99.0,4.471,49,1
99.0,4.405,26,0
99.0,4.972,26,0
99.0,4.461,36,1
97.0,4.917,47,0
97.0,4.899,36,0
97.0,4.889,25,0
97.0,5.062,31,0
95.0,4.992,36,0
98.0,4.429,27,0
98.0,4.394,29,0
98.0,4.385,28,0
97.0,4.413,28,1
97.0,4.336,57,0
96.0,4.441,67,0
96.0,4.519,47,1
95.0,4.773,39,0
94.0,4.526,32,0
94.0,4.775,57,0
93.0,4.813,70,1
92.0,4.819,91,0
91.0,4.814,118,1
90.0,4.804,101,1
89.0,4.852,113,0
88.0,4.974,144,0
99.0,4.503,27,1
99.0,4.527,29,0
98.0,4.475,28,0
98.0,4.482,25,0
98.0,4.969,26,0
98.0,4.981,25,0
97.0,4.499,28,0
97.0,5.028,27,1
97.0,4.934,28,0
97.0,5.012,28,0
97.0,5.004,29,1
96.0,5.116,32,0
99.0,3.954,25,0
99.0,4.463,36,0
98.0,4.443,30,1
98.0,4.455,36,0
98.0,4.411,42,1
95.0,6.085,37,0
99.0,5.35,29,0
99.0,5.336,36,0
98.0,5.398,57,0
98.0,5.385,43,0
98.0,5.38,40,0
93.0,5.25,29,0
94.0,5.347,27,0
95.0,5.318,25,0
96.0,4.987,27,2
96.0,5.01,28,1
97.0,4.851,26,0
98.0,4.469,27,0
98.0,4.487,26,0
97.0,4.95,40,1
97.0,4.946,44,0
97.0,4.941,34,0
97.0,4.915,30,0
97.0,4.998,30,0
96.0,4.513,28,0
96.0,4.547,30,0
96.0,4.441,38,0
97.0,4.53,27,1
97.0,5.285,25,1
97.0,4.438,42,0
96.0,4.839,25,1
96.0,4.873,35,0
96.0,4.845,28,0
97.0,4.445,64,0
97.0,4.447,32,1
97.0,4.833,34,1
97.0,4.845,28,0
97.0,4.868,32,0
97.0,4.842,59,2
97.0,4.838,46,0
97.0,4.897,74,0
97.0,4.875,31,0
97.0,4.847,49,0
97.0,4.834,49,0
98.0,4.976,25,1
97.0,4.472,47,0
97.0,4.935,87,0
97.0,4.928,29,0
97.0,4.427,37,1
97.0,4.979,95,1
97.0,4.962,43,0
97.0,4.995,27,0
96.0,4.449,26,1
96.0,4.992,88,0
96.0,4.951,31,0
96.0,4.486,42,0
96.0,4.973,89,0
96.0,4.936,37,1
96.0,5.361,27,0
96.0,4.554,26,0
94.0,5.025,40,1
97.0,5.435,27,0
97.0,5.442,54,0
97.0,5.435,38,0
97.0,5.434,40,2
97.0,4.625,27,0
94.0,4.451,40,0
97.0,4.494,26,2
97.0,4.935,28,0
97.0,4.502,25,0
97.0,4.473,28,1
97.0,4.971,26,0
97.0,4.491,67,1
96.0,5.509,27,0
96.0,4.917,40,0
96.0,4.833,34,0
96.0,5.423,26,1
96.0,5.352,35,0
96.0,4.886,25,0
95.0,4.857,27,0
95.0,5.383,34,1
95.0,5.384,30,0
95.0,5.379,30,0
95.0,5.355,31,0
94.0,4.902,34,0
96.0,4.471,40,1
96.0,4.503,29,0
96.0,4.894,30,0
96.0,4.876,32,0
264.0,4.455,28,0
96.0,4.888,28,0
95.0,4.869,46,0
95.0,4.847,39,0
95.0,4.879,53,0
95.0,4.874,30,0
95.0,5.321,42,0
95.0,5.307,27,0
95.0,4.477,29,0
95.0,4.88,30,0
95.0,4.893,33,1
95.0,4.872,29,0
95.0,4.871,37,0
95.0,5.358,29,0
95.0,5.325,25,0
95.0,4.857,63,0
95.0,4.871,66,0
95.0,4.894,44,1
95.0,4.888,28,0
95.0,4.899,47,1
94.0,4.87,35,1
94.0,4.876,58,1
94.0,5.336,28,0
94.0,4.905,34,1
94.0,4.883,76,0
94.0,4.92,34,0
94.0,4.895,40,0
94.0,5.316,35,1
94.0,4.877,34,0
95.0,4.487,32,0
94.0,4.466,28,0
94.0,4.862,34,0
94.0,5.317,29,2
94.0,5.335,27,1
94.0,4.876,33,1
96.0,4.926,59,1
96.0,4.877,114,4
96.0,4.443,65,1
96.0,4.912,28,0
96.0,4.449,43,1
96.0,4.91,28,0
96.0,4.46,191,4
96.0,4.516,54,0
96.0,5.356,27,0
95.0,5.344,25,1
95.0,5.0,25,0
95.0,4.994,31,0
95.0,4.997,31,0
94.0,4.944,25,0
94.0,4.974,34,0
96.0,4.991,25,0
96.0,5.25,34,0
95.0,5.0,28,0
95.0,5.25,27,0
95.0,5.0,30,0
94.0,5.0,41,1
94.0,5.0,26,0
96.0,4.487,29,0
96.0,4.428,36,1
95.0,4.488,30,0
95.0,4.43,37,0
95.0,4.883,29,0
95.0,4.87,25,0
94.0,5.519,38,0
92.0,4.952,28,0
95.0,4.984,25,0
96.0,5.44,27,0
96.0,5.41,58,0
96.0,5.384,34,0
96.0,4.625,26,0
91.0,5.525,33,0
89.0,5.792,33,0
96.0,4.982,48,0
96.0,4.97,36,0
96.0,4.985,36,0
96.0,5.001,29,0
95.0,4.92,28,0
95.0,4.913,30,0
95.0,4.919,27,0
95.0,4.941,30,0
94.0,4.906,35,0
94.0,4.963,31,1
95.0,4.986,80,1
95.0,4.992,44,0
95.0,4.98,26,0
94.0,4.933,68,0
94.0,5.355,39,0
94.0,5.011,130,2
94.0,4.929,62,0
94.0,5.461,49,1
94.0,4.924,30,0
93.0,4.96,108,0
93.0,4.963,59,0
93.0,4.972,26,0
93.0,5.371,57,0
93.0,4.464,64,0
93.0,4.997,25,1
93.0,4.949,73,0
93.0,4.924,42,1
91.0,4.921,33,0
91.0,4.933,110,1
90.0,4.957,32,0
91.0,4.567,31,0
92.0,4.491,42,0
93.0,4.458,28,0
93.0,4.496,40,1
93.0,4.884,39,0
93.0,4.935,115,3
93.0,4.939,33,0
92.0,4.942,33,0
91.0,4.926,36,0
92.0,4.895,135,0
91.0,4.936,38,0
92.0,4.959,45,0
91.0,4.501,45,0
92.0,5.514,25,0
91.0,5.556,26,0
95.0,4.956,39,0
95.0,4.963,28,0
94.0,4.927,48,0
95.0,5.395,42,1
92.0,4.605,26,0
95.0,5.4,29,0
95.0,5.451,66,1
95.0,5.407,69,3
94.0,5.495,26,0
93.0,5.486,27,0
93.0,5.085,38,0
93.0,5.082,54,0
89.0,5.035,25,0
94.0,4.876,25,0
94.0,4.872,32,0
94.0,5.331,28,0
93.0,4.882,38,0
93.0,4.874,25,0
93.0,4.835,25,0
93.0,5.327,26,0
93.0,4.896,30,0
93.0,4.515,34,0
93.0,4.873,25,1
93.0,4.896,44,0
93.0,4.921,47,0
94.0,4.523,29,0
92.0,4.904,32,0
92.0,4.914,57,0
93.0,4.903,35,0
93.0,4.915,32,0
94.0,4.75,29,0
94.0,4.625,25,0
93.0,4.548,26,0
93.0,4.976,44,0
94.0,4.988,27,0
93.0,4.928,32,0
93.0,4.963,29,1
93.0,4.958,54,2
93.0,4.974,31,1
93.0,4.955,30,0
93.0,4.992,29,0
93.0,4.89,26,0
92.0,4.954,27,0
92.0,4.976,25,0
92.0,5.404,26,0
92.0,4.957,25,0
92.0,4.979,28,0
92.0,5.414,30,0
94.0,4.884,29,0
94.0,4.483,44,0
93.0,4.946,47,0
93.0,5.438,36,2
93.0,4.976,29,0
92.0,4.924,54,0
91.0,4.901,25,1
93.0,4.941,29,1
93.0,4.873,29,0
91.0,4.46,55,1
94.0,4.829,25,0
94.0,5.466,30,0
94.0,5.353,25,0
90.0,4.995,29,1
92.0,5.405,40,0
94.0,5.469,44,0
94.0,5.487,38,0
94.0,5.482,29,0
94.0,5.503,27,0
94.0,4.75,28,0
93.0,4.428,39,0
93.0,4.901,31,0
92.0,4.487,30,0
92.0,4.952,95,1
92.0,4.918,35,0
92.0,5.367,29,0
92.0,4.939,61,1
92.0,4.911,30,0
92.0,5.346,26,0
91.0,4.942,80,1
91.0,4.94,34,0
91.0,4.924,29,0
91.0,5.382,39,0
91.0,4.949,63,0
91.0,4.892,34,0
91.0,5.416,25,1
90.0,4.965,83,2
90.0,4.96,36,0
90.0,5.434,42,0
92.0,5.329,25,0
92.0,4.933,27,0
92.0,4.901,25,0
92.0,4.885,31,1
92.0,4.911,28,0
91.0,4.871,35,0
92.0,4.904,48,1
91.0,4.89,43,0
91.0,5.33,25,0
91.0,4.888,25,0
91.0,4.866,64,4
91.0,4.916,28,0
91.0,5.32,34,0
91.0,4.512,28,0
91.0,4.906,49,0
91.0,4.863,41,0
91.0,4.909,46,1
91.0,4.885,37,0
91.0,4.932,25,0
91.0,5.345,28,0
90.0,5.358,27,0
91.0,4.895,27,0
90.0,4.933,30,0
90.0,4.923,32,0
90.0,5.352,34,0
90.0,5.367,40,0
90.0,5.374,28,0
90.0,4.885,25,0
90.0,5.371,41,0
90.0,5.594,26,0
90.0,5.319,33,0
91.0,5.256,26,0
91.0,5.25,28,0
90.0,5.28,29,0
89.0,5.27,48,0
82.0,5.75,30,0
93.0,4.94,64,0
93.0,5.397,59,0
93.0,4.952,29,0
92.0,4.946,59,0
92.0,5.398,50,1
92.0,4.944,55,1
91.0,4.939,31,0
92.0,4.975,31,1
93.0,5.43,64,0
93.0,5.583,25,1
94.0,5.375,51,0
93.0,5.0,27,1
93.0,5.375,58,0
93.0,5.0,50,0
91.0,5.375,39,0
92.0,5.0,36,0
90.0,4.93,31,0
90.0,4.858,29,0
92.0,4.967,35,1
91.0,5.431,29,0
92.0,5.022,26,0
92.0,4.982,37,0
92.0,5.446,26,0
91.0,4.941,29,0
91.0,4.931,26,0
91.0,5.401,27,1
91.0,5.463,26,0
91.0,4.996,31,1
90.0,5.432,29,0
89.0,5.565,29,0
92.0,3.75,40,0
92.0,5.43,108,0
91.0,5.839,32,1
92.0,4.481,46,1
91.0,5.049,29,0
90.0,5.483,41,1
90.0,5.164,25,0
85.0,4.97,25,2
91.0,5.125,25,0
91.0,5.259,39,0
90.0,5.25,30,2
89.0,5.25,34,0
65.0,2.419,45,0
90.0,5.428,30,0
90.0,5.393,29,0
83.0,4.75,25,0
90.0,4.947,90,0
89.0,4.948,97,1
89.0,5.028,59,0
89.0,5.461,77,2
89.0,5.0,47,0
89.0,5.498,36,0
88.0,4.973,69,1
88.0,5.465,47,0
88.0,4.963,30,0
91.0,4.95,40,0
91.0,5.435,71,1
91.0,4.928,38,0
91.0,5.458,26,0
91.0,4.916,31,0
91.0,4.918,27,0
91.0,5.43,99,1
91.0,4.432,26,0
90.0,4.862,29,0
90.0,5.882,32,0
90.0,5.875,28,0
90.0,5.864,25,1
90.0,4.511,41,2
89.0,4.947,25,0
89.0,4.92,68,1
89.0,4.979,44,0
89.0,4.952,66,1
89.0,4.945,36,0
90.0,4.969,26,0
90.0,4.952,131,1
79.0,3.949,25,0
80.0,3.893,46,0
80.0,3.885,56,1
89.0,4.923,26,0
89.0,4.965,27,0
89.0,4.922,44,0
88.0,4.918,29,0
87.0,5.331,30,0
87.0,4.895,31,1
89.0,4.947,28,1
89.0,4.975,40,0
89.0,4.912,46,0
89.0,5.431,59,0
89.0,5.373,35,0
89.0,5.349,25,0
90.0,5.35,37,1
90.0,5.424,30,0
90.0,5.362,28,0
90.0,5.36,33,0
89.0,4.964,27,0
89.0,5.383,60,0
89.0,5.376,36,1
89.0,5.33,26,1
89.0,5.365,45,0
89.0,5.401,51,1
89.0,4.933,27,0
88.0,5.37,36,0
88.0,5.353,30,0
88.0,4.889,28,2
87.0,4.874,46,0
87.0,4.896,37,1
87.0,4.892,60,1
87.0,4.855,55,1
87.0,5.356,41,1
89.0,4.975,32,0
89.0,5.514,27,0
87.0,5.039,31,0
90.0,4.98,31,0
89.0,4.98,27,0
89.0,5.503,27,1
89.0,4.942,36,0
90.0,5.471,73,1
87.0,4.928,46,0
87.0,4.492,51,1
86.0,4.516,26,0
86.0,4.528,35,0
86.0,4.486,30,0
86.0,4.481,34,1
86.0,4.514,36,0
86.0,4.877,36,0
86.0,4.847,65,0
86.0,4.905,68,0
86.0,4.418,27,0
86.0,5.355,25,0
86.0,4.899,25,0
86.0,4.516,50,1
86.0,4.907,35,0
85.0,4.502,31,1
86.0,4.502,76,1
86.0,4.489,40,1
86.0,4.508,38,1
86.0,4.475,28,0
86.0,4.497,33,0
86.0,4.49,35,0
86.0,4.495,44,2
86.0,4.473,59,0
86.0,4.834,27,0
85.0,4.885,34,0
86.0,4.895,27,0
86.0,4.889,28,0
86.0,4.838,41,1
85.0,4.882,26,0
86.0,4.555,32,0
85.0,4.504,71,0
86.0,4.894,62,0
85.0,4.485,68,1
85.0,4.48,64,1
85.0,4.464,48,0
85.0,4.83,28,1
85.0,4.463,54,0
85.0,4.498,37,0
85.0,4.478,28,0
85.0,4.848,25,0
86.0,4.901,25,0
90.0,5.43,47,0
89.0,5.845,37,0
89.0,5.836,26,0
90.0,5.839,28,0
89.0,5.125,34,0
91.0,5.375,25,0
89.0,5.25,41,1
89.0,5.5,34,1
89.0,5.25,28,0
88.0,5.5,39,0
88.0,5.508,35,0
88.0,6.035,27,1
86.0,4.608,34,0
88.0,4.962,31,0
85.0,4.461,34,0
86.0,5.066,28,0
88.0,5.577,45,0
88.0,5.576,40,0
88.0,5.551,33,1
89.0,5.832,31,0
88.0,5.831,31,0
88.0,5.82,30,1
85.0,4.704,30,1
84.0,4.81,28,1
82.0,4.428,40,0
81.0,4.073,30,1
79.0,4.008,25,1
79.0,4.095,43,1
78.0,4.121,71,0
88.0,5.01,45,1
88.0,5.449,33,0
89.0,5.505,27,0
89.0,5.014,25,0
88.0,5.031,30,1
87.0,4.971,54,1
87.0,4.929,35,0
82.0,4.516,28,1
86.0,5.75,26,0
85.0,4.554,28,1
85.0,4.135,35,0
84.0,4.625,28,0
84.0,4.411,30,0
84.0,5.604,39,0
83.0,4.606,38,0
83.0,4.302,43,0
84.0,4.043,28,1
83.0,4.506,25,1
82.0,3.922,40,1
87.0,4.951,102,2
87.0,4.919,39,0
87.0,5.354,48,0
86.0,4.904,64,1
86.0,4.929,37,1
86.0,4.535,32,0
86.0,5.298,28,0
86.0,4.478,45,0
86.0,4.56,27,0
86.0,4.907,54,0
86.0,4.929,26,0
83.0,3.965,57,0
83.0,4.874,26,0
82.0,4.394,26,0
81.0,3.931,35,0
80.0,3.812,41,0
78.0,3.792,39,0
87.0,4.425,30,1
86.0,5.3,41,0
86.0,3.99,51,0
86.0,5.3,111,0
86.0,4.75,38,0
67.0,3.121,31,0
67.0,3.061,45,0
67.0,3.257,27,0
67.0,3.157,34,0
65.0,3.133,35,1
65.0,3.171,31,0
66.0,3.141,25,0
66.0,3.157,45,0
66.0,3.349,30,0
66.0,3.14,35,0
66.0,3.172,28,0
66.0,3.25,27,1
84.0,4.719,45,0
85.0,5.096,36,1
84.0,4.731,27,0
84.0,4.214,26,0
85.0,4.467,27,0
85.0,4.426,36,1
85.0,4.463,26,0
85.0,4.416,52,3
84.0,4.45,100,1
84.0,4.455,83,0
85.0,4.433,64,1
84.0,4.846,52,0
87.0,5.406,49,1
87.0,4.983,41,0
87.0,5.412,35,0
86.0,4.542,25,1
86.0,4.932,25,0
86.0,4.548,31,0
87.0,5.042,28,0
87.0,5.118,31,0
86.0,5.04,29,1
86.0,5.027,41,0
86.0,4.552,28,0
85.0,4.947,38,0
85.0,4.992,38,1
195.0,4.936,25,0
199.0,5.408,37,0
87.0,5.028,134,2
87.0,5.25,31,1
143.0,4.431,39,1
171.0,4.406,25,1
200.0,4.968,26,0
196.0,5.361,34,0
83.0,4.161,56,0
83.0,4.679,54,1
76.0,4.184,33,0
76.0,3.611,53,0
76.0,3.474,26,0
76.0,3.585,27,1
86.0,5.037,25,0
85.0,4.462,39,1
85.0,4.456,49,0
85.0,4.966,34,0
84.0,4.897,30,1
85.0,4.924,37,0
86.0,5.25,33,0
85.0,4.518,29,1
86.0,5.22,29,0
85.0,5.25,51,0
84.0,4.879,33,0
83.0,4.988,46,2
83.0,4.91,59,0
82.0,4.517,27,1
82.0,4.792,65,1
80.0,4.39,50,3
81.0,4.766,34,0
79.0,4.125,25,0
80.0,4.28,29,0
80.0,4.375,54,0
80.0,4.375,27,0
79.0,4.125,38,0
75.0,2.75,27,0
72.0,2.761,35,0
71.0,2.75,64,0
70.0,2.75,68,0
69.0,2.75,98,0
84.0,4.58,28,0
85.0,4.551,27,0
85.0,4.524,29,0
85.0,4.495,26,1
85.0,4.492,30,1
85.0,4.553,26,1
85.0,5.054,26,0
84.0,4.535,26,1
84.0,4.498,25,0
84.0,4.504,25,0
85.0,4.488,40,0
85.0,4.444,25,0
85.0,4.918,27,1
84.0,4.45,31,0
84.0,4.43,26,0
66.0,2.564,35,0
66.0,3.186,91,1
85.0,4.524,25,0
85.0,4.999,47,0
85.0,4.512,38,1
86.0,4.963,28,0
85.0,4.566,27,0
85.0,4.577,26,0
66.0,3.205,76,0
85.0,4.571,27,0
84.0,4.541,28,0
84.0,4.631,40,0
83.0,4.547,43,0
82.0,4.03,25,0
82.0,4.032,27,0
82.0,4.517,35,0
81.0,4.023,27,0
81.0,3.627,86,0
86.0,4.859,185,1
106.0,4.021,28,0
138.0,3.967,36,0
140.0,4.391,28,0
85.0,4.575,54,1
85.0,4.795,206,2
84.0,4.585,188,0
84.0,4.782,101,1
85.0,4.51,31,0
85.0,4.884,35,0
85.0,4.467,102,1
85.0,4.495,37,0
85.0,4.603,29,0
85.0,4.883,82,0
85.0,4.911,31,0
84.0,4.851,79,0
84.0,4.83,34,0
84.0,4.475,79,2
84.0,4.503,33,0
84.0,4.61,25,1
84.0,4.563,52,0
86.0,5.56,47,1
86.0,5.524,44,0
86.0,5.503,52,0
86.0,5.544,29,0
85.0,3.99,27,0
85.0,5.3,61,0
85.0,4.99,40,0
85.0,5.413,28,0
85.0,5.426,31,1
84.0,3.94,32,2
85.0,4.474,25,0
111.0,3.944,39,0
85.0,4.519,42,1
84.0,4.575,42,0
84.0,4.534,27,1
83.0,4.061,27,0
79.0,4.384,50,1
79.0,4.433,26,1
80.0,4.588,34,0
80.0,4.597,26,0
81.0,4.764,36,0
82.0,4.856,45,0
82.0,4.848,31,0
78.0,4.26,50,1
83.0,5.007,30,0
84.0,5.035,38,1
84.0,4.471,33,0
85.0,5.009,26,0
84.0,4.581,33,1
85.0,4.977,38,2
84.0,4.567,27,0
84.0,4.58,29,0
84.0,4.969,26,0
84.0,4.958,36,1
84.0,4.546,28,0
84.0,4.568,31,1
84.0,4.064,26,1
84.0,4.581,32,0
84.0,4.531,26,0
84.0,4.529,34,1
84.0,4.53,37,0
83.0,4.528,27,0
84.0,4.508,26,0
85.0,4.969,25,0
84.0,4.453,27,1
84.0,4.468,59,1
84.0,4.471,92,0
84.0,4.501,67,1
84.0,4.507,31,0
84.0,4.485,40,0
84.0,4.454,26,0
84.0,4.497,26,0
84.0,4.809,35,0
84.0,4.43,77,0
84.0,4.373,25,0
84.0,4.84,31,0
84.0,4.062,48,3
84.0,4.468,108,0
84.0,4.014,80,0
84.0,4.024,45,0
84.0,4.003,37,0
84.0,4.056,43,0
84.0,4.458,27,0
84.0,4.429,35,0
84.0,4.434,51,2
84.0,4.867,27,0
84.0,4.42,174,3
84.0,4.429,65,0
84.0,4.479,45,0
84.0,4.443,53,0
84.0,4.396,58,0
84.0,4.433,49,0
84.0,4.409,29,0
84.0,4.419,69,0
84.0,4.531,38,0
84.0,4.453,29,0
84.0,4.459,30,0
84.0,4.415,36,0
83.0,4.41,27,2
83.0,3.968,26,0
84.0,4.033,42,2
84.0,4.04,26,0
84.0,4.876,26,1
84.0,4.485,75,1
84.0,4.481,51,0
84.0,4.497,40,0
84.0,4.497,38,0
83.0,4.414,38,0
83.0,4.002,35,1
83.0,4.019,79,0
83.0,4.03,25,0
83.0,4.042,25,0
83.0,4.494,26,0
83.0,4.043,27,0
83.0,3.981,30,1
83.0,4.018,80,1
83.0,3.98,30,0
82.0,3.954,89,3
82.0,3.965,80,0
81.0,3.912,50,0
82.0,4.007,38,1
82.0,4.038,33,1
82.0,3.941,25,0
82.0,3.996,25,0
82.0,4.006,51,0
82.0,4.008,58,1
83.0,4.188,53,0
76.0,3.508,52,0
84.0,4.433,58,0
84.0,4.461,30,0
84.0,4.824,39,0
83.0,4.034,55,0
83.0,4.081,52,1
83.0,4.027,33,0
83.0,4.03,37,0
83.0,4.461,74,0
83.0,4.475,33,0
83.0,4.575,30,1
83.0,4.77,53,0
83.0,4.01,56,0
83.0,3.991,32,1
83.0,4.082,29,0
83.0,4.43,73,1
83.0,4.758,39,1
83.0,4.007,29,0
83.0,3.997,29,0
83.0,4.519,28,0
83.0,4.517,38,1
83.0,4.524,36,1
82.0,4.026,30,1
82.0,4.039,29,0
82.0,4.017,59,1
82.0,4.019,62,0
82.0,4.491,33,1
82.0,4.093,29,0
84.0,5.179,26,0
84.0,4.536,30,0
84.0,4.75,32,0
84.0,4.5,33,0
84.0,4.75,29,0
83.0,4.5,77,1
82.0,4.328,31,0
84.0,3.857,30,0
84.0,4.375,36,0
84.0,3.75,28,0
84.0,4.99,94,1
84.0,5.408,238,3
83.0,3.75,26,0
83.0,4.25,31,1
83.0,4.375,25,0
84.0,4.99,52,0
83.0,5.037,34,0
83.0,5.049,25,0
83.0,5.016,25,0
67.0,3.0,27,0
84.0,4.523,53,3
85.0,4.934,44,0
84.0,4.559,43,2
84.0,4.55,25,0
84.0,4.508,45,1
84.0,4.547,37,1
84.0,4.567,28,0
85.0,4.878,27,1
82.0,4.425,29,0
81.0,4.35,36,0
81.0,4.374,51,0
84.0,4.599,26,2
84.0,4.972,26,0
83.0,4.397,29,0
82.0,3.931,31,0
83.0,3.971,34,1
83.0,4.449,40,1
83.0,4.415,28,0
77.0,3.467,77,2
82.0,4.429,25,0
81.0,3.936,54,0
81.0,3.935,62,0
83.0,4.482,242,1
114.0,3.425,56,0
82.0,4.423,255,1
144.0,3.482,30,0
99.0,3.944,30,0
136.0,3.93,38,0
104.0,4.411,32,1
80.0,4.067,77,0
81.0,4.307,26,0
81.0,4.361,25,0
82.0,4.009,27,0
82.0,4.023,42,0
82.0,4.043,55,0
82.0,4.042,48,0
109.0,3.958,28,0
108.0,4.443,28,0
107.0,4.405,34,0
82.0,3.963,36,1
83.0,4.483,32,0
83.0,4.553,53,1
84.0,4.496,53,0
84.0,4.885,37,0
83.0,4.948,28,0
82.0,3.917,36,0
82.0,3.917,89,1
82.0,3.974,28,0
82.0,3.936,50,0
82.0,4.113,49,0
82.0,4.305,31,0
82.0,4.164,71,0
82.0,4.105,43,0
81.0,4.109,62,0
82.0,4.514,37,1
82.0,4.923,25,0
81.0,4.356,34,0
81.0,4.074,30,0
78.0,3.331,32,0
83.0,4.483,35,1
81.0,3.974,26,0
82.0,3.943,25,0
82.0,3.968,26,0
82.0,4.458,43,0
81.0,3.97,38,1
83.0,4.586,25,0
83.0,4.536,30,0
83.0,4.472,34,0
82.0,4.466,35,0
82.0,4.077,32,0
82.0,4.475,26,0
82.0,4.575,27,0
82.0,4.508,27,0
82.0,4.066,32,0
82.0,4.484,29,0
82.0,4.547,25,0
78.0,4.25,30,0
77.0,3.75,25,0
77.0,4.25,26,0
82.0,3.97,30,0
82.0,3.989,87,0
82.0,3.997,25,0
82.0,4.324,31,0
82.0,4.348,36,0
82.0,3.983,39,0
82.0,4.003,210,3
81.0,3.966,45,1
81.0,3.974,33,0
82.0,4.024,48,0
81.0,3.983,31,0
82.0,3.976,83,0
82.0,4.345,37,0
82.0,3.974,45,2
81.0,3.966,28,0
81.0,3.503,43,1
81.0,3.55,47,0
81.0,3.944,27,0
81.0,3.984,58,0
81.0,3.963,118,2
81.0,3.542,58,0
81.0,3.966,34,0
81.0,3.976,36,0
81.0,3.523,34,1
81.0,3.504,64,0
81.0,3.953,42,0
81.0,3.936,41,0
81.0,3.979,27,0
81.0,3.947,32,0
81.0,3.96,42,0
81.0,3.558,69,0
81.0,3.92,88,0
81.0,3.978,55,0
81.0,3.963,45,1
81.0,4.355,38,0
81.0,4.403,27,0
81.0,4.355,70,2
83.0,3.962,29,0
83.0,4.045,44,0
83.0,4.388,76,0
83.0,4.434,46,0
83.0,4.403,62,0
83.0,4.37,31,0
83.0,4.345,46,1
83.0,4.834,25,0
83.0,4.01,76,0
83.0,3.983,62,0
83.0,4.416,36,0
83.0,4.485,30,1
82.0,3.986,43,0
83.0,4.406,39,0
83.0,4.441,36,1
83.0,3.996,32,0
83.0,4.034,30,1
83.0,4.394,33,0
82.0,3.962,35,0
82.0,4.061,27,0
82.0,4.409,25,0
82.0,3.979,43,0
82.0,3.967,43,0
82.0,3.98,39,0
82.0,3.97,34,0
82.0,4.013,37,1
83.0,4.418,41,0
83.0,4.416,84,2
82.0,4.384,54,0
82.0,3.982,40,0
82.0,3.959,30,0
82.0,4.011,30,1
82.0,4.385,29,1
82.0,3.549,77,0
81.0,4.339,35,0
83.0,4.462,27,0
81.0,4.388,32,0
81.0,4.396,30,0
82.0,4.468,28,0
82.0,4.016,67,0
82.0,4.025,77,3
82.0,3.986,41,0
82.0,4.469,111,1
82.0,4.509,28,1
82.0,4.75,27,0
81.0,3.974,42,1
81.0,3.957,43,0
81.0,4.004,39,0
81.0,4.434,47,0
83.0,4.49,25,0
83.0,4.493,108,2
82.0,4.016,29,0
82.0,4.392,28,0
82.0,4.412,28,0
82.0,4.592,26,0
82.0,4.393,51,1
81.0,4.019,25,0
83.0,3.872,28,0
83.0,5.369,88,0
82.0,5.022,25,1
82.0,5.011,27,0
82.0,3.349,33,0
82.0,4.977,107,0
82.0,3.959,29,0
81.0,4.029,27,0
81.0,3.991,39,0
81.0,4.015,32,0
81.0,4.022,27,1
81.0,4.01,57,0
81.0,4.016,58,1
81.0,4.005,28,1
81.0,4.02,27,0
82.0,4.536,30,0
82.0,4.517,29,0
82.0,4.479,28,0
81.0,3.857,35,0
81.0,4.0,50,0
81.0,4.077,32,0
81.0,3.994,26,0
81.0,4.02,34,0
81.0,4.013,31,1
80.0,3.554,47,0
80.0,4.011,34,0
80.0,4.029,29,1
80.0,4.026,37,0
79.0,3.411,30,0
80.0,3.467,38,0
79.0,3.503,29,0
79.0,3.452,38,0
65.0,3.037,90,1
65.0,2.979,65,1
65.0,3.015,49,0
65.0,2.922,31,0
65.0,3.014,86,2
64.0,3.073,77,0
65.0,3.078,27,0
64.0,3.058,41,0
65.0,3.083,57,0
65.0,3.036,207,0
65.0,2.872,157,1
65.0,2.984,46,0
65.0,2.95,75,1
65.0,2.918,48,1
65.0,3.431,64,0
65.0,2.971,29,0
65.0,2.906,50,0
65.0,3.559,25,0
65.0,2.942,131,0
65.0,2.938,29,0
65.0,2.981,30,1
65.0,3.097,29,0
79.0,4.121,25,0
82.0,5.067,31,1
82.0,4.576,42,0
82.0,4.028,38,0
83.0,4.5,36,1
81.0,3.8,38,0
80.0,3.91,38,0
79.0,3.828,31,0
81.0,3.917,47,0
81.0,3.924,60,0
79.0,3.442,53,1
79.0,3.863,38,1
82.0,4.365,30,0
81.0,4.051,25,2
82.0,3.949,28,0
81.0,4.435,30,0
82.0,4.496,27,0
82.0,4.366,48,1
82.0,5.079,32,0
82.0,4.128,32,0
82.0,4.08,40,1
82.0,4.057,39,0
82.0,4.013,29,0
82.0,3.985,26,0
81.0,4.075,72,0
81.0,3.861,63,0
81.0,5.109,31,0
81.0,4.1,28,0
81.0,4.087,35,0
81.0,3.973,34,0
81.0,4.015,25,0
81.0,4.044,63,0
80.0,3.55,45,0
81.0,3.883,32,0
80.0,5.091,27,0
79.0,3.62,32,1
80.0,3.919,27,0
79.0,4.02,36,0
79.0,3.585,48,0
78.0,3.612,28,0
78.0,3.984,65,0
78.0,3.618,49,0
77.0,3.625,50,1
78.0,3.974,39,0
77.0,3.774,27,0
77.0,3.625,77,0
77.0,3.512,33,0
76.0,3.625,84,2
77.0,4.011,27,0
77.0,3.592,53,1
77.0,3.573,39,2
77.0,3.561,32,0
82.0,4.491,27,0
80.0,3.905,26,0
79.0,3.92,46,0
79.0,4.055,28,0
79.0,3.509,171,0
79.0,3.439,53,0
79.0,3.926,33,0
79.0,3.919,43,0
79.0,3.902,52,1
79.0,3.858,25,1
79.0,4.36,25,0
79.0,3.468,26,1
79.0,3.894,41,0
79.0,3.487,35,0
79.0,3.906,30,0
79.0,3.899,32,1
79.0,3.504,27,0
79.0,3.913,44,0
80.0,3.908,47,0
79.0,3.899,78,1
79.0,3.906,57,0
80.0,3.492,113,0
80.0,4.385,33,0
80.0,3.523,33,0
79.0,3.525,76,0
79.0,3.951,45,0
80.0,3.882,70,0
80.0,4.368,27,0
80.0,3.94,47,1
79.0,3.506,61,2
80.0,3.511,195,1
80.0,3.503,70,0
80.0,4.019,42,2
80.0,4.005,35,0
80.0,4.018,33,0
80.0,3.911,87,3
80.0,3.917,74,2
80.0,3.923,86,0
80.0,3.886,40,0
80.0,3.891,70,0
80.0,3.882,35,1
80.0,3.919,29,0
80.0,4.32,26,0
80.0,3.475,96,0
80.0,3.503,40,1
80.0,3.49,56,0
80.0,3.909,27,1
80.0,3.49,38,0
80.0,3.504,67,0
80.0,3.934,42,1
80.0,3.941,59,0
80.0,3.933,69,2
80.0,3.902,66,1
80.0,3.892,53,0
80.0,3.948,68,0
80.0,3.966,50,0
80.0,3.947,79,1
80.0,3.933,57,0
80.0,3.924,39,0
80.0,3.518,96,4
80.0,4.384,26,0
80.0,3.507,56,1
80.0,3.516,63,0
80.0,3.953,53,0
80.0,3.898,25,0
80.0,3.964,45,0
80.0,3.507,30,0
81.0,4.017,90,0
80.0,4.349,27,0
80.0,4.365,61,1
80.0,4.424,28,0
80.0,3.927,45,0
80.0,3.9,51,0
81.0,3.49,64,0
80.0,3.526,62,0
80.0,3.519,138,1
80.0,3.922,30,0
81.0,3.923,39,0
81.0,3.974,72,0
81.0,3.989,106,2
80.0,3.952,64,0
80.0,3.539,79,1
81.0,3.934,47,0
81.0,3.942,58,0
81.0,3.938,110,0
80.0,3.993,87,0
81.0,3.531,52,0
81.0,3.459,28,0
80.0,3.912,35,0
81.0,3.92,64,0
81.0,3.485,57,0
81.0,3.536,58,0
81.0,3.946,55,1
81.0,3.527,100,0
81.0,3.961,111,2
81.0,3.951,93,0
81.0,3.97,57,1
81.0,3.907,44,0
81.0,4.053,29,0
81.0,4.461,38,0
81.0,4.459,27,0
81.0,3.947,87,1
80.0,3.912,70,0
80.0,3.973,27,0
80.0,3.991,33,0
81.0,4.411,73,1
83.0,4.42,26,0
80.0,3.944,94,1
80.0,3.927,75,1
80.0,3.913,43,0
80.0,3.961,47,1
80.0,4.022,37,0
80.0,4.413,61,2
80.0,4.429,41,0
79.0,4.393,46,3
79.0,3.943,65,0
79.0,3.9,41,0
79.0,3.925,27,1
79.0,3.976,33,0
81.0,4.084,47,1
81.0,4.093,34,0
81.0,4.518,32,1
79.0,4.121,37,0
81.0,4.038,33,0
81.0,4.02,43,2
81.0,3.569,48,0
81.0,3.583,29,1
81.0,4.038,26,0
81.0,4.058,25,0
81.0,4.06,30,0
81.0,4.052,25,0
80.0,3.998,27,1
81.0,4.032,25,0
80.0,4.036,40,1
80.0,4.043,42,1
80.0,4.073,29,2
81.0,4.357,25,0
80.0,3.994,33,1
80.0,4.038,41,0
80.0,3.569,53,0
79.0,3.91,25,1
80.0,3.565,28,0
79.0,3.954,49,0
69.0,2.833,166,0
71.0,3.435,40,0
67.0,2.496,60,0
68.0,2.839,152,0
66.0,2.438,44,0
67.0,2.884,134,0
65.0,2.404,64,0
66.0,2.856,102,0
64.0,2.404,82,0
65.0,2.889,100,1
63.0,2.335,88,0
64.0,2.861,107,0
62.0,2.364,52,0
63.0,2.871,129,1
61.0,2.364,52,0
62.0,2.848,114,0
60.0,2.33,47,1
61.0,2.851,131,0
61.0,3.383,31,0
61.0,3.823,30,0
59.0,2.319,29,0
59.0,2.846,66,1
58.0,2.323,32,0
59.0,2.882,93,0
58.0,3.446,32,0
57.0,2.27,55,0
57.0,2.858,66,1
58.0,3.406,38,0
56.0,2.314,57,0
57.0,2.897,80,0
56.0,3.416,35,0
56.0,3.849,26,0
55.0,2.283,29,0
56.0,2.905,54,0
81.0,3.943,25,0
81.0,4.32,37,0
79.0,3.452,27,0
80.0,3.875,35,0
81.0,3.581,51,0
81.0,4.907,35,0
81.0,4.92,25,0
81.0,4.909,29,0
80.0,4.375,58,2
81.0,4.55,41,0
81.0,4.125,25,0
82.0,3.302,32,0
81.0,4.962,158,0
81.0,4.55,43,0
73.0,3.399,31,0
80.0,4.033,31,0
79.0,4.047,27,0
79.0,4.038,28,1
79.0,3.991,38,1
78.0,4.015,39,1
78.0,4.016,40,0
78.0,4.056,29,0
77.0,4.035,29,1
77.0,4.061,27,0
81.0,4.365,185,0
119.0,4.458,32,0
192.0,4.905,43,0
117.0,3.865,32,0
80.0,4.043,124,1
80.0,4.353,83,1
79.0,4.005,256,3
81.0,4.352,38,0
158.0,3.931,27,1
79.0,3.996,69,1
102.0,3.412,27,0
97.0,3.97,31,0
79.0,4.6,28,0
74.0,3.461,41,0
74.0,3.556,30,0
74.0,3.513,38,1
75.0,3.899,26,0
76.0,3.653,33,0
76.0,3.63,32,0
76.0,3.635,44,0
76.0,3.598,25,0
78.0,3.943,27,1
77.0,3.906,28,0
77.0,3.543,50,1
77.0,3.711,56,0
79.0,3.916,45,4
79.0,3.923,29,0
79.0,3.946,32,0
80.0,3.934,27,0
81.0,3.967,32,1
81.0,3.913,26,0
80.0,3.876,71,0
80.0,3.875,40,1
80.0,3.838,29,1
80.0,3.829,36,0
79.0,4.125,56,0
81.0,3.995,27,0
81.0,3.91,71,0
79.0,3.888,54,0
80.0,3.851,61,0
78.0,3.885,35,0
79.0,3.885,31,0
79.0,3.93,35,0
68.0,2.562,78,2
66.0,2.918,35,0
65.0,2.402,34,0
79.0,3.43,34,0
75.0,4.75,29,0
71.0,3.977,31,1
81.0,4.076,27,0
80.0,4.014,37,0
80.0,3.983,32,0
81.0,3.934,38,0
81.0,4.345,36,0
80.0,4.005,28,0
80.0,3.902,39,0
80.0,3.986,41,1
80.0,4.053,29,0
80.0,4.121,31,1
80.0,3.954,87,1
80.0,4.383,32,0
81.0,4.458,26,0
81.0,4.352,44,0
80.0,3.924,39,0
80.0,3.919,27,0
79.0,3.998,44,0
79.0,4.021,36,1
80.0,3.959,46,0
80.0,4.492,32,0
79.0,3.51,50,2
79.0,3.617,51,0
79.0,3.957,43,0
79.0,3.918,61,1
78.0,3.966,26,2
79.0,4.087,39,0
81.0,3.8,28,0
81.0,4.25,57,0
82.0,4.5,47,1
81.0,3.8,46,0
80.0,3.8,31,0
80.0,3.875,33,0
80.0,4.25,46,0
80.0,3.5,26,1
79.0,3.5,28,1
80.0,4.114,28,0
80.0,4.052,26,0
79.0,4.002,25,1
79.0,4.03,28,0
79.0,3.971,50,1
79.0,3.995,42,1
79.0,3.968,48,0
79.0,3.914,25,0
78.0,4.0,25,0
78.0,3.966,39,1
78.0,3.986,45,0
78.0,3.975,49,0
78.0,3.947,30,1
78.0,3.963,40,0
78.0,3.954,55,0
78.0,3.9,28,0
81.0,4.55,36,0
81.0,3.3,42,0
80.0,3.875,30,0
80.0,4.375,32,1
80.0,3.495,30,0
80.0,3.125,25,0
78.0,3.552,31,1
79.0,4.137,28,0
80.0,4.049,53,0
80.0,4.506,34,0
79.0,4.144,40,0
60.0,2.821,32,1
60.0,3.298,28,0
78.0,3.865,27,1
78.0,3.824,34,0
78.0,3.806,33,0
78.0,3.835,26,0
78.0,3.827,38,0
77.0,3.837,30,1
78.0,3.94,30,1
80.0,4.497,30,1
79.0,4.062,29,0
79.0,4.02,36,0
79.0,3.903,31,0
79.0,3.864,37,0
79.0,3.953,37,0
79.0,3.881,28,0
79.0,3.499,52,0
77.0,3.407,34,0
78.0,3.89,35,0
76.0,3.89,25,0
79.0,3.562,73,0
80.0,3.932,116,0
79.0,3.896,82,1
79.0,3.907,44,0
79.0,3.947,64,1
79.0,3.987,53,0
79.0,4.356,46,2
79.0,4.409,28,2
78.0,3.946,142,2
79.0,3.935,79,1
80.0,3.959,52,0
79.0,4.02,46,0
79.0,3.994,42,0
78.0,4.425,62,1
82.0,4.474,25,0
78.0,3.937,91,0
78.0,3.892,25,1
78.0,3.991,36,0
78.0,3.971,30,0
78.0,4.389,41,1
78.0,3.899,34,0
77.0,3.921,43,1
77.0,3.9,34,1
77.0,3.984,37,0
77.0,4.351,32,1
79.0,3.75,25,0
80.0,4.899,30,0
80.0,4.375,37,0
79.0,4.45,36,0
79.0,3.75,50,1
79.0,3.875,55,0
79.0,4.496,29,1
79.0,4.4,32,0
79.0,4.45,31,1
79.0,3.935,26,0
78.0,3.893,33,0
77.0,3.85,31,0
78.0,3.941,72,1
78.0,3.833,54,1
77.0,3.917,53,0
77.0,3.886,43,0
77.0,3.983,44,0
78.0,3.876,53,0
78.0,4.396,46,2
78.0,4.358,36,0
78.0,4.362,25,0
78.0,3.865,81,0
78.0,3.881,84,3
78.0,3.87,85,1
78.0,3.851,70,0
78.0,3.927,128,0
78.0,3.912,205,1
78.0,3.909,136,3
78.0,3.856,46,1
78.0,3.899,47,0
78.0,3.893,56,0
78.0,3.872,76,0
78.0,3.878,51,0
78.0,4.371,25,0
79.0,3.838,28,0
78.0,3.884,29,0
78.0,3.888,99,0
78.0,3.906,36,0
78.0,3.84,34,0
78.0,3.919,52,1
78.0,3.884,40,1
78.0,3.931,26,0
78.0,3.922,61,0
78.0,3.918,55,2
78.0,3.914,31,1
78.0,3.903,50,1
78.0,3.874,79,0
78.0,3.933,46,0
78.0,3.874,37,1
78.0,3.931,77,0
78.0,3.841,66,0
78.0,3.926,71,0
79.0,3.508,36,0
79.0,4.008,27,0
79.0,4.01,29,0
79.0,3.978,44,0
79.0,3.883,66,1
78.0,3.861,93,0
78.0,3.939,37,0
78.0,3.946,94,0
78.0,3.877,82,0
79.0,3.905,45,0
78.0,3.935,61,2
79.0,4.356,31,1
79.0,3.876,25,0
79.0,3.881,51,0
79.0,3.886,97,0
79.0,3.872,99,1
79.0,3.897,112,0
79.0,3.855,101,1
79.0,3.507,108,1
76.0,3.489,26,0
76.0,3.437,26,1
78.0,4.14,58,0
78.0,4.017,30,0
78.0,4.146,60,0
77.0,4.197,46,0
78.0,4.158,42,0
77.0,3.989,29,0
77.0,4.044,31,0
76.0,4.303,43,0
74.0,4.063,32,0
73.0,3.931,31,0
72.0,4.01,41,1
71.0,3.894,32,0
70.0,3.52,45,1
70.0,3.912,28,0
69.0,3.481,61,0
68.0,3.416,73,0
66.0,2.987,46,1
80.0,3.949,25,0
79.0,3.932,34,0
80.0,4.373,25,0
79.0,3.572,27,0
79.0,4.042,33,0
79.0,3.981,30,0
79.0,3.942,30,0
79.0,3.885,26,0
78.0,4.038,37,0
79.0,3.92,29,0
78.0,4.03,36,0
78.0,3.986,32,0
77.0,3.924,35,0
77.0,3.88,29,0
80.0,3.483,33,0
78.0,3.504,37,0
77.0,3.524,27,0
77.0,3.54,42,1
75.0,3.662,31,0
77.0,3.399,29,0
79.0,3.99,30,3
34.0,6.122,27,0
34.0,6.63,40,1
34.0,6.645,26,2
79.0,3.939,28,0
79.0,3.953,74,0
79.0,3.943,73,1
80.0,3.907,52,0
79.0,4.37,30,0
79.0,4.339,29,0
80.0,4.291,41,0
79.0,3.946,30,0
79.0,3.945,55,1
79.0,3.995,41,0
78.0,3.893,66,0
79.0,3.863,55,0
78.0,4.409,35,1
79.0,4.506,35,0
78.0,4.364,30,0
77.0,4.375,37,0
77.0,3.928,39,0
77.0,3.91,26,0
60.0,3.347,30,0
60.0,3.312,34,0
60.0,3.324,28,0
79.0,3.901,47,0
78.0,3.905,223,2
169.0,3.877,28,0
79.0,3.915,69,0
79.0,4.655,30,1
80.0,4.591,26,0
78.0,5.041,26,0
78.0,3.367,26,0
77.0,3.866,39,0
76.0,3.875,31,0
71.0,3.306,32,0
71.0,3.422,57,0
71.0,3.759,27,0
70.0,3.069,106,1
70.0,3.293,47,0
69.0,2.988,43,0
69.0,3.063,74,0
80.0,3.434,40,0
82.0,3.476,82,2
77.0,3.982,26,0
77.0,3.636,106,0
77.0,4.064,60,0
77.0,4.483,27,0
77.0,3.864,36,0
77.0,3.835,28,0
77.0,3.872,29,1
77.0,3.829,56,0
77.0,3.899,80,0
77.0,4.331,46,0
77.0,4.308,29,0
77.0,3.965,29,0
77.0,3.849,25,0
71.0,3.306,61,0
70.0,3.327,36,0
68.0,2.831,80,0
68.0,2.897,25,0
68.0,2.82,34,0
68.0,2.837,32,0
67.0,2.81,29,0
67.0,2.779,39,1
67.0,2.806,45,0
77.0,3.512,50,0
78.0,3.633,30,0
78.0,4.471,29,0
78.0,4.47,31,0
78.0,4.449,34,0
78.0,4.458,29,0
78.0,4.475,34,0
79.0,3.285,27,0
78.0,3.0,36,0
78.0,4.447,26,0
78.0,4.452,26,0
78.0,4.447,49,0
78.0,4.453,26,0
77.0,3.75,38,0
77.0,4.438,40,0
79.0,3.875,37,0
79.0,3.5,64,0
78.0,3.5,45,0
79.0,3.875,25,0
78.0,4.125,37,0
78.0,3.5,74,0
77.0,3.5,54,1
77.0,4.125,50,0
77.0,3.5,43,0
76.0,4.0,49,1
79.0,4.384,56,0
78.0,4.145,52,0
78.0,4.387,44,1
78.0,4.394,29,0
77.0,4.23,63,0
76.0,4.25,49,0
79.0,3.527,25,1
78.0,3.816,28,0
77.0,3.809,49,0
77.0,3.883,25,0
77.0,3.913,34,0
77.0,3.91,28,0
77.0,3.951,36,0
77.0,3.913,25,2
78.0,3.888,30,0
78.0,3.92,25,0
77.0,3.99,35,0
77.0,4.01,27,0
77.0,3.947,44,0
77.0,3.961,52,0
77.0,3.954,50,0
77.0,3.893,35,0
77.0,3.944,27,0
77.0,3.883,51,2
77.0,3.882,62,0
77.0,3.911,52,0
77.0,3.923,27,1
77.0,3.871,26,0
77.0,3.903,34,0
76.0,3.537,37,0
76.0,3.529,31,1
76.0,3.489,83,0
76.0,3.52,43,1
76.0,3.52,38,1
76.0,3.497,48,0
76.0,3.958,25,1
76.0,3.912,30,0
76.0,3.967,26,0
76.0,3.541,26,0
76.0,3.453,61,2
76.0,3.495,29,0
76.0,3.921,25,0
76.0,3.901,28,0
76.0,3.908,32,0
77.0,3.88,54,0
77.0,3.877,261,1
99.0,3.392,41,0
100.0,3.922,48,0
130.0,3.954,30,0
113.0,3.896,27,0
76.0,3.903,75,0
76.0,3.916,181,0
100.0,3.397,97,0
98.0,3.969,96,0
127.0,3.922,54,0
94.0,4.405,63,0
77.0,3.936,105,1
77.0,3.92,65,0
77.0,3.968,25,0
77.0,4.351,44,1
76.0,3.919,64,0
76.0,3.919,53,2
76.0,3.921,32,0
76.0,3.908,44,0
76.0,4.381,39,0
76.0,3.92,79,1
77.0,3.909,59,1
76.0,3.898,35,1
77.0,3.994,38,0
77.0,4.36,47,0
75.0,3.477,40,0
75.0,3.463,42,0
75.0,3.924,48,0
75.0,3.914,32,0
75.0,4.35,27,0
71.0,3.659,38,0
75.0,3.851,36,0
75.0,3.812,29,0
75.0,3.475,74,0
75.0,3.472,39,0
75.0,3.478,29,1
76.0,3.909,84,0
76.0,3.856,76,1
76.0,3.872,68,0
76.0,3.866,50,0
76.0,3.872,48,0
76.0,3.877,46,1
76.0,3.883,88,0
76.0,3.842,116,0
76.0,3.488,45,0
76.0,3.473,56,1
76.0,3.487,66,0
76.0,3.475,90,1
76.0,3.481,138,2
76.0,3.501,89,2
76.0,3.912,73,0
76.0,3.505,40,2
76.0,3.491,90,0
76.0,3.522,49,0
76.0,3.896,25,0
76.0,3.928,54,0
76.0,3.513,35,0
76.0,3.9,35,0
76.0,3.535,52,0
76.0,3.494,26,0
77.0,3.519,28,1
76.0,3.501,168,0
76.0,3.889,26,0
77.0,4.04,32,0
76.0,3.878,29,0
76.0,3.506,104,2
77.0,3.505,67,1
77.0,3.961,105,0
76.0,3.493,28,0
76.0,3.851,25,0
76.0,3.904,34,0
76.0,3.848,25,0
76.0,3.507,33,0
77.0,3.483,25,0
77.0,3.518,32,1
77.0,3.496,36,0
76.0,3.848,43,0
77.0,3.871,63,0
76.0,3.859,29,0
77.0,3.468,61,1
77.0,3.886,40,0
77.0,3.892,42,0
77.0,3.886,28,0
77.0,3.85,51,0
77.0,3.892,47,0
77.0,3.932,54,0
77.0,3.928,38,0
77.0,3.888,27,0
77.0,3.875,47,0
77.0,3.86,38,0
77.0,3.869,71,0
77.0,3.9,59,0
77.0,3.503,52,0
77.0,3.893,38,0
77.0,3.896,61,0
77.0,3.879,89,0
77.0,3.913,63,1
77.0,3.929,29,0
77.0,3.87,26,0
77.0,4.343,26,0
77.0,3.861,29,1
77.0,3.834,26,0
77.0,3.848,48,1
77.0,3.856,34,0
77.0,3.867,50,0
77.0,3.887,61,0
77.0,3.946,37,0
77.0,3.906,40,0
77.0,3.905,43,0
77.0,3.874,55,0
77.0,4.343,28,0
78.0,3.897,44,3
77.0,3.9,58,0
74.0,4.25,37,0
75.0,4.25,40,0
76.0,4.25,40,0
76.0,4.25,32,0
76.0,4.25,26,0
77.0,4.25,29,0
77.0,4.256,45,0
77.0,4.266,27,0
78.0,3.89,33,1
76.0,4.105,25,0
76.0,4.133,33,0
76.0,3.585,26,0
75.0,3.454,52,1
75.0,3.471,65,0
75.0,3.624,55,0
75.0,4.102,31,0
74.0,3.112,146,1
75.0,4.569,29,0
78.0,4.026,44,0
78.0,4.484,35,0
75.0,4.078,37,0
75.0,3.529,29,1
75.0,3.538,31,0
75.0,3.792,28,0
70.0,3.453,29,0
77.0,3.505,31,0
76.0,3.532,26,0
75.0,3.559,26,1
75.0,3.548,50,0
75.0,3.549,52,0
75.0,3.566,48,0
68.0,3.014,27,0
67.0,3.005,26,0
68.0,3.028,26,0
66.0,3.003,28,0
77.0,4.634,25,0
75.0,4.303,67,0
75.0,4.007,55,0
74.0,3.876,60,1
74.0,4.072,25,0
74.0,4.377,36,2
73.0,3.811,47,1
72.0,3.962,55,1
73.0,4.382,29,0
72.0,3.378,44,0
71.0,3.519,67,0
72.0,3.931,28,0
70.0,3.257,54,1
70.0,3.499,111,0
71.0,3.313,65,1
69.0,3.074,37,0
70.0,3.252,66,0
70.0,3.305,73,0
69.0,3.403,89,0
70.0,3.453,43,0
69.0,3.022,44,1
68.0,3.018,80,0
69.0,3.321,46,1
69.0,3.25,78,0
69.0,3.326,54,0
69.0,3.332,51,0
69.0,3.245,54,1
68.0,3.007,92,0
68.0,3.128,123,0
68.0,3.25,74,0
68.0,3.25,61,0
68.0,3.276,72,0
67.0,3.003,38,0
67.0,3.214,174,2
67.0,3.238,60,0
67.0,3.094,72,1
68.0,3.313,26,0
65.0,2.902,62,1
66.0,3.003,61,0
66.0,3.224,61,0
66.0,3.198,115,0
66.0,3.203,130,1
65.0,2.854,64,0
65.0,2.922,57,0
65.0,3.104,129,0
65.0,3.111,69,1
66.0,3.252,46,0
64.0,2.861,45,0
64.0,2.863,68,0
64.0,3.09,180,1
63.0,2.895,109,0
63.0,3.25,53,0
63.0,3.108,66,2
63.0,3.121,83,0
62.0,2.973,101,1
61.0,3.007,34,1
63.0,3.116,81,0
61.0,3.288,70,0
77.0,3.917,25,0
78.0,3.997,45,0
78.0,3.508,31,0
78.0,3.46,100,1
78.0,3.448,31,0
77.0,4.365,34,0
77.0,4.311,30,0
76.0,3.889,26,1
60.0,3.285,52,0
74.0,3.374,25,0
72.0,3.077,40,0
71.0,3.316,31,0
75.0,3.451,39,1
75.0,3.453,34,1
240.0,6.439,26,0
203.0,5.453,38,0
245.0,5.974,30,0
74.0,3.858,34,0
74.0,3.858,49,0
77.0,3.988,26,0
77.0,3.888,25,0
77.0,3.569,44,0
76.0,3.945,38,0
76.0,3.562,28,0
76.0,3.982,28,0
76.0,3.595,26,1
76.0,3.572,33,0
76.0,3.576,28,0
75.0,3.569,38,0
75.0,3.55,33,0
76.0,3.565,27,0
75.0,3.567,29,0
75.0,3.579,30,0
76.0,3.986,36,0
75.0,3.55,38,0
75.0,3.569,28,1
75.0,3.576,50,0
75.0,3.553,55,0
75.0,3.444,25,0
75.0,3.96,30,0
77.0,4.42,48,0
78.0,4.446,45,1
77.0,4.459,46,0
77.0,4.444,41,0
77.0,4.391,41,0
77.0,4.433,28,0
77.0,4.433,29,1
77.0,4.417,33,0
77.0,4.442,43,0
77.0,3.75,52,0
76.0,4.404,48,0
77.0,4.418,59,0
77.0,4.412,65,0
77.0,4.428,54,0
77.0,4.397,37,0
76.0,3.75,36,0
76.0,3.25,33,0
78.0,5.125,25,0
76.0,3.54,33,0
75.0,3.816,25,0
76.0,3.544,50,0
75.0,3.484,44,0
75.0,3.475,43,1
75.0,3.909,26,0
76.0,3.445,42,2
76.0,3.499,44,2
76.0,3.478,40,0
76.0,3.489,55,1
76.0,3.443,27,0
76.0,3.466,53,1
76.0,3.553,52,0
76.0,3.879,28,0
76.0,3.871,33,0
75.0,3.895,31,0
75.0,3.87,54,1
76.0,3.502,60,0
76.0,3.493,43,0
76.0,3.491,41,0
75.0,3.869,27,0
76.0,3.889,32,2
76.0,3.866,27,0
75.0,3.459,51,0
75.0,3.467,37,0
76.0,3.881,58,0
75.0,3.838,29,0
76.0,3.537,219,0
75.0,3.483,55,1
75.0,3.465,31,1
75.0,3.483,92,1
75.0,3.475,75,1
75.0,3.897,53,0
75.0,3.895,54,0
75.0,3.478,57,1
75.0,3.441,42,1
75.0,3.511,35,0
75.0,3.481,121,0
75.0,3.563,34,0
75.0,3.504,32,0
76.0,4.415,58,1
76.0,4.379,37,1
75.0,3.926,57,1
75.0,3.491,52,1
75.0,3.52,81,4
75.0,3.458,42,0
75.0,3.473,96,0
75.0,3.458,73,0
75.0,3.478,226,4
75.0,3.86,36,0
75.0,3.519,30,1
75.0,3.913,46,1
75.0,3.821,26,0
75.0,3.827,57,0
75.0,3.864,69,0
75.0,3.842,38,0
75.0,3.831,83,2
75.0,3.861,26,0
75.0,3.822,25,0
75.0,3.508,35,0
74.0,3.503,33,0
75.0,3.473,56,0
75.0,3.831,51,0
75.0,3.863,41,1
75.0,3.85,43,1
75.0,3.842,42,0
75.0,3.845,37,0
75.0,3.837,62,1
75.0,3.819,25,1
75.0,3.808,41,1
75.0,3.841,43,0
75.0,3.877,43,0
75.0,3.832,45,0
75.0,3.75,30,0
75.0,4.25,25,0
72.0,3.75,49,0
71.0,3.752,83,0
71.0,3.25,26,0
70.0,3.75,74,0
69.0,3.75,53,0
72.0,3.489,33,0
72.0,3.458,82,0
71.0,3.475,40,0
71.0,3.445,63,0
72.0,3.47,67,1
71.0,3.435,68,0
70.0,2.963,55,1
70.0,2.957,58,1
70.0,2.931,61,0
70.0,3.423,46,2
70.0,3.481,62,2
70.0,3.447,81,2
70.0,3.448,72,1
69.0,2.953,32,0
69.0,3.444,48,1
69.0,3.515,59,0
69.0,3.496,53,1
69.0,3.51,60,1
68.0,2.927,32,0
68.0,2.94,71,0
68.0,2.921,76,2
68.0,2.905,84,1
68.0,2.945,83,0
68.0,2.915,88,0
68.0,2.994,33,0
68.0,3.464,30,0
68.0,3.474,45,0
68.0,3.492,57,0
68.0,3.473,56,0
68.0,3.461,48,0
67.0,2.95,36,0
67.0,2.923,37,0
67.0,2.925,79,1
67.0,2.949,117,1
67.0,2.907,126,0
67.0,2.916,116,0
67.0,2.922,108,0
67.0,2.931,87,0
67.0,2.932,92,0
67.0,2.961,27,0
67.0,2.946,319,4
67.0,3.394,34,0
67.0,3.357,47,0
67.0,3.349,58,1
67.0,3.343,51,0
67.0,3.361,52,0
67.0,3.343,278,0
66.0,2.99,50,0
66.0,2.915,87,0
66.0,2.955,91,1
66.0,2.955,83,0
66.0,2.927,124,2
66.0,2.936,81,0
66.0,2.97,116,0
66.0,2.972,265,1
66.0,2.967,247,2
66.0,3.318,31,0
66.0,3.325,41,0
66.0,3.386,31,0
67.0,3.334,28,1
66.0,3.345,35,0
66.0,3.291,34,0
66.0,3.347,162,1
66.0,2.923,33,0
65.0,2.957,45,0
66.0,2.938,35,0
65.0,2.932,38,0
65.0,2.972,49,1
71.0,3.348,34,0
71.0,3.364,25,0
71.0,2.873,29,0
146.0,4.486,31,1
75.0,3.896,47,0
75.0,3.944,119,0
66.0,2.784,25,0
65.0,2.754,33,0
65.0,2.763,47,0
73.0,3.619,30,0
73.0,3.687,36,1
76.0,3.832,25,0
75.0,3.877,26,0
74.0,3.853,26,0
77.0,3.522,49,1
77.0,3.558,44,0
77.0,3.554,34,0
77.0,3.558,43,0
77.0,3.525,41,0
77.0,3.552,45,2
76.0,3.854,32,0
76.0,3.937,29,0
75.0,3.896,29,0
76.0,3.632,48,0
76.0,4.957,33,0
76.0,3.626,64,0
76.0,3.597,46,0
76.0,3.579,53,2
76.0,3.592,51,0
76.0,3.635,25,0
76.0,3.708,30,0
75.0,3.585,29,0
75.0,4.889,27,0
74.0,3.597,30,0
74.0,3.557,41,1
74.0,4.826,31,0
73.0,3.544,41,0
73.0,4.778,34,0
73.0,3.555,57,0
73.0,3.442,26,0
72.0,3.525,29,0
72.0,3.558,31,0
72.0,3.611,75,0
72.0,3.485,32,1
72.0,4.75,26,0
71.0,3.569,38,0
72.0,3.488,26,0
71.0,3.664,26,0
73.0,3.57,42,0
73.0,3.636,35,0
73.0,3.566,31,0
73.0,3.453,30,1
73.0,3.589,30,0
73.0,3.821,30,0
72.0,3.573,77,2
72.0,3.631,52,1
72.0,3.582,64,0
72.0,3.608,62,1
72.0,3.571,51,0
72.0,3.61,44,1
72.0,3.619,33,0
71.0,3.04,32,0
71.0,3.022,29,0
71.0,3.049,56,0
71.0,3.02,25,0
71.0,3.007,55,0
72.0,3.016,33,0
71.0,3.61,34,0
71.0,3.642,31,0
71.0,3.61,31,0
71.0,3.575,41,0
71.0,4.108,37,0
71.0,3.636,70,2
71.0,3.549,34,0
75.0,3.526,59,0
75.0,3.474,67,1
69.0,2.91,90,0
69.0,2.873,46,0
76.0,3.43,32,0
75.0,4.291,39,0
74.0,3.126,125,1
74.0,3.697,31,0
66.0,2.878,29,0
66.0,2.875,42,0
76.0,4.638,44,0
75.0,3.54,38,0
75.0,3.533,34,1
75.0,3.542,58,0
75.0,3.522,88,1
75.0,3.521,99,0
75.0,3.511,28,0
75.0,3.654,47,0
75.0,4.012,35,0
74.0,3.546,28,0
73.0,3.567,29,0
73.0,3.586,57,0
73.0,3.547,49,1
73.0,3.563,58,0
73.0,3.593,25,0
73.0,3.612,40,0
72.0,3.553,25,0
72.0,3.538,35,0
75.0,3.515,97,0
75.0,3.956,77,1
75.0,3.971,35,0
75.0,4.336,33,0
73.0,3.572,39,1
73.0,4.044,40,1
73.0,3.335,34,0
70.0,3.302,31,0
70.0,2.903,30,0
73.0,3.528,25,0
73.0,3.52,25,0
70.0,2.962,32,0
71.0,3.009,27,0
71.0,2.92,28,0
71.0,2.958,27,0
76.0,4.376,36,0
76.0,4.365,37,1
76.0,4.358,43,1
76.0,4.376,54,1
76.0,4.379,38,0
76.0,3.75,27,0
75.0,3.986,153,0
75.0,4.296,39,0
75.0,4.301,46,0
75.0,4.28,38,0
75.0,4.295,43,0
75.0,4.278,27,0
74.0,3.984,28,0
75.0,4.284,30,0
72.0,3.393,26,0
75.0,3.86,26,0
76.0,4.352,25,0
76.0,4.401,26,0
75.0,3.46,30,1
75.0,3.958,45,1
75.0,3.929,26,0
75.0,4.506,25,1
75.0,3.831,30,0
74.0,3.615,27,0
75.0,3.461,25,0
66.0,3.276,71,0
66.0,3.288,70,1
66.0,3.323,47,0
74.0,4.026,34,0
73.0,3.126,69,0
73.0,3.479,25,0
75.0,3.835,35,0
75.0,3.432,57,0
75.0,3.49,44,0
74.0,3.448,36,0
75.0,3.815,28,0
75.0,3.87,33,2
75.0,3.46,41,0
75.0,3.483,36,0
75.0,3.875,36,0
74.0,3.481,78,0
74.0,3.53,100,1
74.0,3.508,49,0
74.0,3.496,64,0
74.0,3.934,26,0
74.0,3.431,42,0
75.0,3.557,49,0
74.0,3.49,28,0
74.0,3.492,47,0
74.0,3.48,26,0
74.0,3.499,73,0
74.0,4.424,30,1
74.0,3.418,26,1
74.0,3.496,44,0
74.0,3.426,28,0
74.0,3.456,27,0
74.0,3.923,25,0
74.0,3.41,48,1
70.0,2.887,37,0
70.0,2.952,44,1
77.0,3.5,33,0
76.0,3.8,36,0
77.0,4.375,25,0
76.0,4.125,51,0
75.0,3.8,46,0
75.0,4.125,29,0
74.0,3.875,39,1
74.0,3.8,36,0
73.0,4.0,26,0
74.0,3.875,27,1
73.0,3.5,45,0
76.0,3.496,25,0
76.0,3.479,46,0
76.0,3.199,41,0
76.0,3.557,156,2
72.0,3.375,37,1
77.0,3.008,47,1
81.0,3.447,63,1
79.0,3.433,26,0
83.0,3.852,42,0
73.0,3.399,25,0
73.0,2.916,109,0
73.0,2.473,26,1
76.0,2.875,26,1
69.0,3.003,28,0
219.0,6.471,33,0
71.0,3.579,34,0
71.0,3.489,29,0
72.0,3.536,31,0
72.0,3.504,25,1
73.0,3.636,31,0
72.0,3.485,25,0
71.0,3.39,25,0
75.0,4.597,46,0
74.0,4.575,27,0
73.0,3.608,25,0
73.0,3.56,40,1
74.0,3.625,36,0
74.0,3.946,26,0
74.0,3.968,27,0
74.0,3.945,34,0
74.0,3.907,25,0
75.0,4.258,28,0
74.0,4.259,29,0
74.0,3.625,33,0
74.0,3.915,33,0
74.0,3.906,33,0
74.0,3.917,30,2
74.0,4.286,25,0
65.0,2.765,43,1
72.0,2.972,38,0
72.0,2.918,33,0
72.0,2.962,37,0
71.0,2.951,44,1
71.0,2.875,29,0
70.0,2.844,35,0
73.0,3.462,35,0
73.0,3.53,27,0
75.0,3.573,30,0
74.0,3.827,37,1
74.0,4.466,42,0
75.0,3.917,35,1
74.0,3.877,46,0
74.0,3.538,53,0
74.0,3.976,46,0
74.0,3.552,44,1
72.0,3.454,27,0
72.0,3.868,37,0
72.0,2.998,93,1
72.0,3.032,36,0
71.0,3.546,32,0
71.0,3.512,43,0
71.0,3.502,36,0
71.0,3.448,57,0
71.0,3.478,29,0
72.0,2.954,89,0
71.0,3.42,29,0
72.0,3.041,32,0
71.0,2.998,34,0
73.0,3.563,36,0
74.0,3.902,27,0
73.0,3.038,40,0
73.0,3.476,28,0
73.0,3.524,71,0
73.0,3.542,32,0
72.0,2.981,30,0
72.0,3.459,36,0
72.0,3.061,45,0
74.0,3.495,37,0
74.0,3.484,35,1
74.0,3.518,106,0
73.0,3.528,63,0
74.0,3.923,26,0
74.0,3.424,26,0
73.0,3.921,25,0
73.0,3.496,58,1
73.0,3.48,27,0
73.0,3.515,25,0
74.0,3.902,58,0
74.0,3.944,37,0
74.0,3.966,91,1
116.0,3.948,31,0
70.0,3.04,36,0
70.0,3.134,54,1
70.0,2.68,27,0
71.0,3.605,41,1
71.0,3.658,33,1
71.0,3.698,26,0
71.0,3.638,30,0
71.0,3.916,58,1
71.0,3.972,26,0
71.0,3.957,26,0
71.0,3.962,27,0
72.0,4.526,37,0
71.0,3.065,30,0
72.0,2.936,26,1
73.0,3.452,38,0
73.0,3.469,31,0
73.0,3.414,30,1
74.0,3.86,44,0
73.0,3.421,30,0
73.0,3.43,48,0
73.0,3.434,28,0
73.0,3.459,44,0
73.0,3.404,29,0
73.0,3.457,32,0
73.0,3.424,78,0
73.0,3.413,39,0
73.0,3.825,39,0
73.0,3.827,30,0
73.0,3.445,25,0
73.0,3.495,27,0
73.0,3.428,77,0
72.0,3.46,30,0
72.0,2.985,78,0
72.0,2.987,70,1
72.0,3.458,67,0
72.0,3.447,80,1
72.0,3.464,25,1
72.0,3.456,133,2
72.0,3.49,50,0
72.0,3.473,69,1
72.0,3.444,42,0
72.0,3.427,34,0
72.0,3.447,37,0
72.0,3.429,26,0
72.0,2.928,25,0
72.0,3.448,67,2
72.0,3.838,27,0
72.0,3.439,31,1
72.0,3.477,28,0
72.0,3.433,69,0
72.0,2.938,76,1
72.0,3.445,32,0
72.0,3.394,33,0
72.0,3.358,32,1
72.0,3.423,38,0
72.0,3.788,30,0
72.0,3.854,29,1
72.0,3.411,28,0
72.0,3.352,32,1
72.0,3.392,59,1
72.0,2.964,91,0
73.0,3.815,43,0
72.0,2.925,95,0
72.0,3.423,49,1
72.0,3.382,59,1
72.0,3.505,46,0
72.0,3.395,38,0
72.0,3.465,36,1
72.0,3.431,151,0
72.0,3.768,33,0
71.0,2.959,61,1
71.0,3.393,41,0
71.0,3.385,44,0
71.0,2.862,39,0
71.0,3.379,34,0
71.0,3.457,31,0
71.0,3.426,46,1
71.0,3.405,33,0
71.0,3.4,48,1
72.0,3.799,27,1
71.0,3.362,39,0
71.0,3.399,47,0
71.0,2.975,45,0
71.0,3.403,26,0
71.0,3.46,31,1
71.0,3.377,51,1
72.0,3.832,25,0
71.0,2.946,175,1
71.0,3.413,50,1
71.0,2.957,45,0
71.0,3.481,61,0
71.0,3.435,57,1
71.0,2.879,32,1
71.0,3.405,49,0
71.0,2.895,33,0
71.0,3.398,29,0
71.0,3.404,40,0
71.0,3.455,27,0
71.0,3.393,25,0
71.0,3.773,32,0
71.0,2.929,190,2
71.0,2.944,33,0
71.0,3.42,35,0
71.0,3.395,36,2
71.0,3.855,35,0
71.0,3.393,36,0
71.0,3.402,33,0
71.0,3.795,25,0
71.0,2.926,27,0
71.0,2.95,37,1
71.0,3.371,59,1
71.0,3.405,28,1
71.0,3.863,25,0
71.0,3.392,52,0
71.0,3.394,26,4
71.0,3.417,35,0
71.0,3.391,46,0
71.0,2.897,179,0
71.0,3.475,33,1
71.0,3.385,35,0
71.0,3.431,103,1
71.0,2.904,100,1
70.0,2.879,45,0
71.0,2.927,51,0
73.0,3.524,26,0
72.0,3.221,28,0
66.0,2.919,39,0
71.0,2.934,36,0
71.0,2.939,49,0
71.0,2.985,34,0
71.0,3.534,68,1
71.0,3.573,36,0
71.0,3.548,35,1
71.0,3.554,34,1
70.0,3.019,26,0
70.0,3.59,40,0
70.0,3.562,27,0
70.0,3.042,34,0
70.0,3.598,31,0
70.0,3.559,51,1
69.0,3.018,32,0
69.0,3.061,36,2
69.0,3.036,64,1
69.0,3.033,72,0
69.0,3.02,76,1
69.0,3.584,26,0
69.0,3.572,26,0
68.0,3.022,54,0
68.0,3.008,56,0
68.0,3.02,35,0
72.0,3.546,61,1
72.0,3.468,61,0
72.0,3.5,43,2
72.0,4.049,39,0
72.0,3.436,32,0
72.0,3.935,28,0
72.0,3.424,29,0
71.0,2.863,29,0
71.0,3.431,65,0
71.0,3.456,59,0
71.0,3.482,26,0
71.0,3.908,53,0
71.0,3.905,32,2
71.0,3.455,42,0
71.0,3.418,43,0
73.0,3.961,52,0
73.0,3.934,34,0
71.0,3.426,28,1
70.0,2.986,34,0
70.0,2.958,72,0
70.0,2.947,32,1
70.0,3.431,43,1
70.0,3.417,60,0
71.0,3.496,40,0
71.0,3.471,33,0
71.0,3.449,27,0
71.0,3.477,33,0
71.0,3.412,26,0
70.0,2.872,40,1
70.0,3.428,46,1
70.0,3.414,39,0
70.0,3.406,25,0
70.0,2.846,51,0
72.0,3.75,27,0
71.0,3.75,66,0
70.0,3.75,77,1
73.0,3.502,46,0
72.0,3.51,66,1
72.0,3.458,41,0
72.0,3.524,35,0
72.0,3.557,46,0
72.0,3.525,37,0
71.0,3.012,30,0
71.0,2.928,58,1
71.0,3.511,26,1
71.0,3.542,33,0
71.0,3.521,31,0
71.0,3.505,67,0
71.0,3.511,69,0
71.0,3.506,76,1
71.0,3.377,34,1
72.0,3.465,25,0
73.0,3.601,30,0
73.0,3.591,34,1
72.0,3.524,31,0
72.0,3.501,50,1
202.0,4.959,29,0
203.0,5.435,74,0
208.0,5.922,40,2
234.0,6.906,34,0
242.0,5.973,44,0
213.0,6.468,27,1
237.0,6.464,69,0
71.0,2.854,28,1
70.0,2.85,42,0
70.0,3.334,28,0
72.0,3.446,25,0
71.0,3.083,26,0
70.0,2.988,25,0
69.0,2.915,27,0
72.0,2.885,26,0
72.0,3.431,33,0
72.0,3.445,30,0
71.0,3.16,34,0
70.0,3.037,27,0
69.0,3.043,40,0
72.0,3.57,30,0
72.0,3.557,65,0
71.0,3.013,26,0
72.0,3.38,25,0
72.0,3.326,31,1
72.0,3.101,55,0
72.0,3.03,30,1
70.0,3.191,41,0
71.0,3.688,30,0
67.0,3.089,25,0
68.0,3.144,39,0
69.0,3.68,25,0
69.0,3.159,25,0
72.0,3.457,30,0
69.0,2.908,53,1
67.0,2.967,35,0
65.0,3.875,31,1
71.0,3.429,30,0
71.0,3.4,26,0
70.0,3.425,31,0
70.0,3.422,31,0
70.0,3.411,27,0
70.0,3.426,25,0
69.0,2.894,37,2
69.0,2.871,39,0
73.0,3.386,26,0
73.0,4.324,34,0
71.0,2.995,31,0
71.0,3.4,25,0
72.0,3.03,28,0
72.0,3.554,28,0
72.0,3.556,26,0
72.0,3.484,28,0
72.0,3.529,42,0
71.0,2.932,26,0
71.0,2.995,35,0
71.0,2.935,27,0
71.0,3.398,31,0
71.0,3.453,28,0
71.0,3.559,34,0
71.0,3.428,36,0
71.0,3.84,26,0
70.0,2.962,29,1
70.0,2.881,25,0
70.0,2.861,43,0
70.0,2.868,71,0
71.0,2.913,29,0
70.0,2.936,38,0
72.0,2.904,29,0
71.0,2.885,39,0
71.0,2.926,39,0
71.0,2.914,52,0
70.0,2.936,27,0
70.0,2.936,31,0
70.0,2.938,28,0
71.0,3.369,27,0
71.0,3.591,31,0
71.0,3.647,27,0
72.0,3.291,58,1
72.0,3.267,54,0
71.0,3.344,39,0
71.0,3.308,42,0
71.0,3.327,57,1
71.0,3.341,39,1
71.0,3.299,58,0
71.0,3.277,43,0
71.0,3.298,45,0
70.0,3.414,26,0
70.0,3.317,56,0
70.0,3.288,51,1
70.0,3.333,39,0
70.0,3.292,30,0
70.0,3.304,59,0
70.0,3.296,44,0
69.0,2.943,25,0
69.0,3.318,43,0
69.0,3.305,50,0
69.0,3.288,31,0
69.0,3.283,34,0
69.0,3.303,26,0
73.0,3.769,26,0
72.0,3.75,29,0
72.0,3.755,30,1
72.0,3.75,29,0
72.0,3.342,31,0
72.0,3.345,28,0
72.0,2.915,77,0
71.0,2.939,38,0
72.0,2.83,39,0
73.0,3.436,31,0
70.0,3.069,30,0
70.0,3.034,25,1
71.0,3.572,31,0
71.0,3.07,29,0
71.0,3.556,27,1
71.0,2.929,65,0
259.0,5.528,49,0
202.0,5.399,35,0
278.0,5.987,61,1
260.0,5.989,53,1
278.0,5.957,35,0
261.0,5.956,68,1
260.0,5.92,72,1
258.0,6.363,39,0
279.0,6.443,42,1
71.0,3.441,28,0
70.0,3.327,26,0
70.0,3.38,30,0
71.0,3.322,37,1
72.0,3.343,35,0
70.0,3.111,61,0
70.0,3.498,51,0
70.0,3.114,35,1
70.0,3.465,33,1
69.0,3.149,43,0
70.0,3.105,100,0
70.0,2.996,110,1
70.0,3.567,33,1
69.0,3.028,53,0
70.0,3.069,81,0
70.0,3.407,31,0
71.0,3.524,46,0
71.0,3.122,88,0
71.0,3.437,25,0
71.0,3.529,79,0
71.0,3.136,69,0
71.0,3.123,39,0
69.0,2.991,28,0
69.0,2.894,43,1
70.0,3.146,62,0
70.0,2.981,32,0
70.0,2.959,31,0
71.0,2.875,30,0
71.0,2.913,39,0
71.0,2.899,29,0
71.0,3.457,25,0
68.0,2.898,29,0
68.0,2.871,30,0
68.0,2.862,37,1
72.0,3.394,29,0
72.0,4.261,25,0
71.0,4.14,51,1
71.0,4.25,33,0
70.0,4.25,53,0
70.0,4.25,40,0
70.0,4.143,37,0
70.0,4.145,41,0
69.0,4.062,69,0
69.0,3.923,26,0
68.0,3.938,37,0
68.0,3.932,53,1
70.0,4.25,27,0
68.0,3.933,33,0
70.0,4.0,25,0
69.0,2.855,28,0
70.0,2.775,28,0
70.0,3.297,34,0
71.0,3.445,34,0
71.0,3.432,33,0
71.0,3.473,30,0
71.0,3.433,68,1
71.0,3.372,97,0
71.0,3.393,101,1
71.0,2.817,64,0
71.0,2.839,78,0
71.0,3.354,26,0
71.0,3.377,37,0
71.0,3.341,29,0
70.0,2.763,29,0
70.0,2.78,70,0
70.0,2.792,91,1
70.0,2.784,36,0
70.0,3.28,34,0
70.0,3.351,52,0
70.0,3.307,38,0
70.0,3.304,94,0
70.0,3.3,102,0
70.0,3.279,112,0
70.0,3.294,95,1
69.0,2.8,28,0
69.0,2.753,40,0
69.0,2.77,78,1
69.0,2.764,102,0
69.0,2.763,156,3
69.0,2.758,28,0
69.0,3.31,34,0
69.0,3.332,29,1
69.0,3.281,56,1
69.0,3.277,75,0
69.0,3.266,60,2
68.0,2.793,49,0
68.0,2.776,56,0
68.0,2.774,72,1
68.0,2.772,197,5
68.0,2.771,269,3
68.0,2.774,259,0
68.0,2.771,260,0
68.0,2.762,32,0
68.0,2.763,112,0
68.0,3.29,31,0
68.0,3.281,61,0
68.0,3.264,44,0
72.0,3.467,46,0
72.0,3.492,93,1
72.0,3.5,83,0
72.0,3.528,31,0
70.0,3.064,31,0
69.0,3.004,40,0
68.0,3.02,53,0
67.0,3.012,45,0
66.0,3.055,32,1
70.0,3.713,27,0
58.0,2.537,33,0
71.0,3.525,27,0
70.0,3.447,26,1
70.0,3.383,25,0
70.0,3.614,30,0
70.0,3.549,36,0
69.0,3.491,28,1
69.0,3.54,42,0
69.0,3.519,35,0
69.0,3.472,31,0
69.0,3.557,32,0
69.0,3.447,29,0
69.0,3.008,26,0
69.0,3.427,27,0
68.0,2.987,30,0
68.0,2.994,27,0
68.0,3.037,26,0
68.0,2.997,30,0
68.0,3.331,27,0
68.0,3.077,92,1
68.0,3.061,26,0
68.0,3.002,30,0
68.0,2.991,25,0
68.0,3.29,38,0
68.0,3.047,26,0
68.0,3.009,34,0
67.0,3.035,76,0
68.0,3.009,44,0
67.0,3.016,66,0
67.0,2.997,68,0
67.0,3.274,32,1
67.0,3.25,29,0
67.0,3.048,30,0
67.0,3.046,30,0
66.0,3.049,45,0
66.0,3.062,29,0
68.0,3.012,55,0
267.0,5.948,91,1
71.0,2.889,45,0
71.0,2.841,44,0
72.0,3.479,50,0
69.0,2.842,78,1
273.0,5.97,42,0
261.0,6.393,117,1
290.0,6.967,33,1
283.0,6.438,62,1
200.0,5.414,26,0
249.0,5.968,28,1
70.0,2.89,40,0
70.0,2.961,34,0
70.0,2.903,40,0
70.0,3.021,35,0
70.0,2.915,60,0
70.0,2.905,80,1
70.0,2.923,36,0
70.0,2.876,29,0
70.0,2.945,32,0
70.0,2.979,38,0
70.0,2.871,36,0
70.0,3.363,28,0
70.0,2.895,85,3
70.0,2.941,93,2
70.0,2.991,27,0
70.0,2.907,43,1
70.0,2.938,42,1
70.0,2.977,56,0
70.0,2.951,38,0
70.0,2.951,35,0
70.0,2.94,38,1
70.0,2.96,54,0
69.0,2.998,39,0
69.0,3.018,39,0
70.0,2.486,37,0
69.0,2.914,34,0
69.0,2.932,67,2
69.0,2.921,46,0
69.0,2.964,66,1
69.0,2.99,31,0
69.0,2.963,26,1
69.0,3.005,32,0
69.0,2.953,25,0
69.0,2.901,25,0
69.0,2.911,25,0
69.0,2.958,35,0
69.0,2.902,84,1
69.0,2.437,37,0
69.0,2.952,38,1
69.0,2.929,30,0
69.0,2.503,26,1
69.0,2.5,48,0
69.0,2.945,30,0
69.0,2.936,32,0
69.0,2.979,30,0
69.0,2.982,39,0
69.0,2.947,32,0
69.0,2.963,65,0
69.0,2.437,42,0
69.0,2.904,29,0
70.0,2.926,37,0
70.0,3.438,27,0
71.0,3.889,30,0
70.0,2.957,51,0
70.0,2.927,37,0
70.0,3.459,30,1
70.0,2.934,47,0
70.0,3.465,28,0
71.0,3.49,33,0
71.0,3.513,40,1
71.0,3.557,25,0
71.0,3.012,35,1
71.0,3.515,42,0
71.0,2.976,53,0
71.0,2.943,26,0
71.0,3.351,31,0
71.0,3.421,42,0
71.0,3.036,27,0
71.0,3.033,25,0
71.0,3.444,26,0
71.0,2.948,131,0
71.0,3.487,25,0
71.0,2.863,50,0
71.0,2.97,36,0
71.0,2.946,66,0
71.0,2.922,51,0
70.0,3.513,41,0
70.0,2.864,46,0
105.0,3.537,28,0
81.0,3.512,46,1
116.0,3.482,43,0
86.0,3.856,78,0
70.0,2.952,27,0
70.0,2.925,58,0
70.0,2.893,110,0
70.0,2.919,59,0
70.0,2.854,105,0
70.0,3.5,27,0
70.0,3.51,41,0
70.0,3.475,34,0
70.0,3.492,67,1
70.0,3.489,88,0
70.0,3.492,74,0
70.0,3.466,54,1
70.0,3.33,25,0
69.0,2.931,28,0
69.0,2.949,56,1
69.0,2.959,83,0
69.0,2.966,65,0
69.0,2.837,116,1
69.0,3.501,28,0
69.0,3.49,37,0
69.0,3.482,45,0
69.0,3.484,30,0
69.0,3.489,34,0
68.0,2.926,43,1
68.0,2.948,47,0
69.0,3.195,68,1
70.0,3.693,32,1
71.0,3.91,40,0
72.0,2.85,41,0
72.0,3.401,31,1
72.0,3.411,38,1
72.0,3.395,30,0
72.0,3.905,30,0
72.0,3.892,45,0
72.0,3.882,37,0
72.0,3.895,26,0
72.0,3.606,29,0
71.0,3.915,35,0
71.0,2.875,28,0
71.0,3.422,92,0
71.0,3.402,54,1
71.0,3.435,32,0
71.0,2.911,71,0
71.0,3.357,32,0
71.0,3.403,64,1
71.0,3.369,29,0
71.0,3.436,55,0
71.0,3.363,60,0
71.0,2.869,31,0
71.0,3.382,38,0
70.0,2.878,41,0
71.0,3.414,39,1
71.0,3.356,92,0
71.0,2.85,91,1
71.0,2.901,184,1
71.0,2.947,58,0
71.0,3.373,41,0
71.0,3.424,29,0
71.0,3.327,70,0
71.0,2.939,29,1
71.0,3.407,35,0
71.0,3.332,39,0
71.0,2.889,70,0
70.0,3.363,31,2
70.0,3.39,32,0
70.0,3.373,43,0
71.0,3.827,37,0
70.0,2.904,38,1
70.0,2.863,79,0
70.0,2.891,29,0
71.0,2.927,76,1
70.0,3.431,55,0
70.0,3.366,29,0
70.0,3.377,97,0
70.0,3.367,35,1
71.0,3.384,38,0
71.0,2.908,42,0
71.0,2.929,36,0
70.0,3.404,30,1
70.0,3.352,34,0
70.0,2.826,30,0
70.0,2.877,35,0
70.0,2.909,206,2
70.0,2.978,45,0
70.0,3.416,51,1
70.0,3.369,26,0
70.0,3.351,30,0
70.0,2.868,67,0
70.0,2.913,50,0
70.0,3.38,30,0
70.0,3.443,27,0
70.0,2.845,28,0
70.0,2.914,210,2
70.0,2.897,27,0
70.0,3.361,31,0
70.0,3.378,42,0
70.0,3.362,40,1
70.0,2.925,33,0
70.0,2.917,44,1
70.0,2.92,32,0
70.0,3.406,35,0
70.0,2.872,110,0
70.0,2.875,35,0
70.0,2.913,365,1
70.0,2.911,44,2
70.0,3.368,26,0
70.0,2.952,55,1
70.0,3.344,28,1
70.0,2.901,34,0
70.0,3.376,32,0
70.0,2.853,43,3
70.0,2.846,87,0
70.0,2.915,152,1
70.0,2.898,30,0
70.0,2.927,70,0
70.0,2.933,120,0
70.0,3.454,88,1
70.0,3.447,25,0
69.0,2.893,353,2
70.0,3.438,268,2
70.0,3.376,170,2
70.0,3.389,72,1
70.0,3.412,124,1
70.0,3.385,245,2
70.0,3.802,53,0
69.0,2.55,62,0
70.0,2.855,156,2
69.0,2.896,166,1
69.0,2.869,89,2
69.0,2.887,82,0
70.0,2.897,62,1
70.0,2.87,110,0
70.0,2.927,41,0
69.0,2.901,196,2
70.0,2.903,157,1
70.0,2.914,36,1
70.0,3.394,245,2
69.0,2.517,25,0
69.0,2.871,66,1
69.0,2.905,47,0
69.0,2.875,29,2
70.0,2.883,54,0
70.0,2.876,60,0
70.0,2.916,48,0
70.0,2.918,77,1
69.0,2.901,32,0
70.0,2.907,55,0
70.0,3.36,56,0
69.0,3.377,51,0
70.0,3.4,39,1
69.0,3.412,34,0
69.0,2.525,34,0
69.0,2.902,46,0
69.0,2.908,36,2
69.0,2.956,43,0
69.0,3.358,34,0
70.0,2.908,36,0
70.0,2.874,55,0
70.0,2.913,89,1
70.0,3.351,57,0
69.0,3.352,35,0
69.0,3.363,33,0
69.0,2.51,26,0
69.0,2.861,41,0
69.0,2.941,33,0
69.0,2.844,39,0
69.0,2.879,90,2
69.0,3.46,48,0
69.0,3.359,32,0
70.0,3.007,35,0
70.0,3.014,30,0
69.0,2.948,33,0
69.0,2.887,53,0
68.0,2.907,33,0
67.0,2.567,27,0
67.0,2.919,29,0
69.0,3.75,80,0
68.0,3.75,80,1
71.0,2.863,45,0
71.0,2.93,32,0
71.0,2.818,56,0
71.0,2.803,25,0
70.0,2.823,81,0
70.0,2.803,62,0
70.0,2.852,42,0
69.0,2.856,32,0
72.0,3.75,31,0
72.0,3.75,40,1
71.0,4.25,29,0
71.0,4.254,27,0
71.0,4.25,43,0
71.0,3.75,29,0
71.0,3.25,26,1
71.0,3.188,33,1
71.0,3.553,54,0
71.0,3.453,28,0
71.0,3.462,30,0
70.0,3.141,27,0
70.0,3.457,29,1
57.0,2.5,25,0
70.0,3.487,29,0
70.0,3.894,67,1
70.0,3.931,45,0
70.0,2.929,69,0
70.0,3.475,51,0
70.0,3.444,40,1
70.0,3.921,47,0
70.0,3.886,26,0
69.0,2.973,30,1
69.0,2.934,58,0
69.0,3.493,64,0
69.0,3.449,47,0
69.0,3.413,39,0
69.0,3.914,43,1
69.0,3.878,46,0
69.0,2.926,27,0
69.0,2.928,52,0
69.0,3.451,49,0
69.0,3.459,46,0
69.0,3.407,25,0
69.0,3.882,36,1
69.0,3.875,25,0
68.0,2.963,25,0
68.0,2.914,72,0
68.0,2.898,71,0
68.0,3.434,74,1
68.0,3.428,46,0
68.0,3.454,36,0
68.0,3.424,50,0
68.0,3.881,26,0
68.0,2.921,42,0
70.0,3.369,33,0
69.0,3.029,64,0
69.0,3.031,30,0
69.0,3.053,48,1
71.0,3.517,25,0
266.0,5.502,65,0
70.0,2.842,38,0
70.0,2.857,48,0
291.0,7.371,34,0
71.0,2.875,51,0
71.0,3.615,25,0
71.0,2.962,44,0
71.0,3.921,25,0
71.0,3.936,32,0
71.0,3.928,27,0
71.0,3.897,33,0
70.0,2.986,67,0
70.0,3.364,26,0
71.0,3.951,32,0
70.0,3.928,32,1
70.0,3.897,33,0
71.0,3.911,27,0
70.0,3.875,27,0
70.0,3.6,26,1
70.0,2.87,42,0
70.0,3.075,28,0
71.0,3.085,27,1
70.0,3.092,27,0
70.0,3.068,30,0
70.0,2.877,26,1
70.0,2.872,43,0
69.0,2.505,27,1
69.0,2.548,33,0
69.0,2.534,55,0
68.0,3.143,40,0
70.0,2.867,33,0
70.0,3.097,104,1
69.0,3.317,25,0
69.0,2.815,39,2
71.0,2.863,27,0
70.0,2.959,40,0
70.0,2.953,47,0
70.0,2.94,42,1
70.0,2.98,40,0
70.0,2.966,50,0
69.0,2.896,46,0
69.0,2.912,34,0
68.0,2.947,33,0
69.0,2.918,30,0
70.0,2.824,25,0
71.0,2.998,80,0
71.0,3.54,30,1
71.0,3.015,30,0
70.0,2.993,53,0
71.0,3.503,35,0
71.0,3.501,34,1
71.0,3.499,30,0
70.0,3.499,25,0
70.0,3.482,34,0
70.0,3.613,37,0
70.0,3.145,51,0
70.0,3.627,35,0
70.0,3.537,43,0
70.0,3.606,26,0
70.0,3.612,40,0
70.0,4.064,25,0
70.0,3.482,25,0
70.0,3.468,35,0
70.0,3.633,75,0
70.0,4.49,34,0
70.0,3.125,27,1
70.0,2.988,75,0
70.0,3.004,27,0
70.0,3.567,55,0
70.0,3.479,36,1
70.0,3.119,30,0
69.0,3.49,107,0
69.0,2.934,60,0
69.0,3.486,63,0
69.0,2.985,39,0
69.0,3.078,87,0
69.0,3.521,34,2
69.0,3.532,48,0
69.0,3.499,26,0
69.0,3.938,41,0
70.0,3.625,32,0
69.0,3.25,41,0
69.0,3.632,58,0
69.0,4.467,46,0
69.0,3.455,29,0
69.0,3.013,107,1
69.0,3.521,85,0
69.0,2.883,52,0
68.0,3.02,26,2
68.0,3.635,41,0
68.0,3.04,26,0
68.0,3.042,44,0
68.0,3.042,34,0
68.0,3.081,40,0
68.0,3.021,34,1
68.0,3.05,74,0
68.0,3.393,34,0
68.0,3.395,45,0
68.0,3.403,27,0
68.0,4.037,46,0
68.0,3.25,59,0
68.0,4.39,42,1
68.0,2.973,105,0
68.0,3.0,27,0
67.0,3.074,30,1
67.0,3.094,25,1
67.0,3.119,41,0
67.0,3.104,53,1
67.0,3.106,78,1
67.0,3.349,45,0
67.0,3.358,35,0
68.0,3.438,26,2
67.0,4.009,50,0
67.0,3.0,28,0
67.0,3.25,26,0
68.0,2.878,100,1
67.0,3.042,47,0
67.0,3.009,37,1
67.0,3.007,68,0
67.0,2.989,45,0
67.0,2.964,149,2
67.0,3.25,62,0
67.0,2.997,34,0
67.0,3.0,41,0
67.0,3.0,35,1
67.0,3.637,49,0
67.0,3.969,27,0
67.0,3.071,37,0
67.0,3.029,109,0
66.0,3.049,26,0
66.0,3.066,41,0
66.0,3.25,39,0
66.0,3.097,28,1
66.0,3.078,27,0
66.0,3.085,35,1
66.0,3.101,49,0
66.0,3.104,72,0
66.0,3.321,36,0
66.0,3.42,37,1
66.0,3.403,31,0
66.0,3.439,26,0
66.0,3.68,37,0
70.0,3.016,26,0
70.0,2.883,30,0
79.0,3.512,37,0
156.0,3.404,28,0
79.0,3.874,49,1
112.0,3.913,44,1
154.0,3.804,31,0
105.0,3.896,75,2
144.0,3.885,38,0
90.0,4.493,40,0
70.0,2.942,25,0
70.0,2.973,38,1
69.0,2.979,37,0
69.0,2.895,33,0
69.0,2.911,39,0
69.0,2.9,43,0
69.0,2.944,34,0
69.0,2.837,33,0
69.0,3.417,28,0
69.0,3.505,25,0
69.0,2.881,28,0
69.0,2.883,39,0
69.0,2.952,36,1
69.0,2.909,29,0
69.0,2.934,48,0
69.0,2.92,28,0
69.0,2.95,31,1
69.0,2.895,25,0
69.0,2.931,53,1
69.0,2.932,45,0
69.0,2.942,38,0
69.0,2.884,37,0
69.0,2.977,30,0
68.0,2.973,28,1
67.0,3.021,97,1
67.0,3.045,26,0
66.0,3.033,31,1
66.0,2.955,25,0
65.0,3.0,25,0
65.0,3.015,27,0
65.0,3.014,85,0
65.0,2.992,25,0
65.0,3.41,26,0
65.0,3.049,26,0
65.0,2.983,31,0
64.0,2.944,32,0
64.0,2.923,25,0
64.0,2.931,29,0
70.0,2.823,25,0
69.0,3.625,28,0
68.0,2.494,27,0
62.0,2.862,28,1
62.0,2.824,38,1
62.0,2.901,43,0
64.0,2.401,35,1
65.0,2.933,25,0
65.0,2.386,62,0
64.0,2.942,26,0
63.0,2.931,26,1
61.0,2.988,31,0
67.0,2.86,28,2
67.0,2.829,29,0
67.0,2.849,37,0
67.0,2.88,31,1
66.0,2.855,30,0
66.0,2.883,32,0
69.0,2.946,29,0
69.0,2.95,33,0
68.0,2.926,45,1
68.0,2.935,26,0
68.0,2.911,50,0
68.0,2.909,44,0
68.0,2.946,59,0
68.0,2.924,49,0
68.0,2.925,44,0
68.0,2.943,30,0
68.0,4.369,26,0
67.0,2.953,50,1
67.0,2.943,86,2
67.0,2.931,62,0
67.0,2.94,58,0
67.0,2.896,61,2
67.0,2.915,50,0
67.0,2.957,36,0
67.0,2.932,40,0
63.0,2.862,35,0
70.0,2.829,30,0
69.0,2.818,31,0
69.0,2.831,47,1
69.0,2.832,34,0
69.0,2.815,110,0
68.0,2.505,121,0
70.0,3.138,64,0
69.0,3.103,113,1
69.0,3.091,41,0
69.0,2.999,50,1
69.0,3.007,99,2
69.0,2.923,47,0
69.0,3.023,43,0
69.0,3.302,30,1
69.0,3.085,114,0
69.0,3.337,27,0
68.0,3.059,44,1
68.0,3.035,39,0
68.0,2.991,53,1
68.0,3.161,42,0
69.0,3.097,74,0
69.0,3.329,35,0
69.0,2.991,27,0
69.0,2.992,31,0
69.0,3.096,135,1
69.0,3.053,30,0
69.0,3.062,25,0
69.0,3.019,34,0
69.0,3.269,38,1
69.0,3.048,35,1
70.0,3.49,29,0
70.0,3.393,28,2
69.0,3.49,25,1
69.0,2.83,77,1
69.0,2.85,34,0
69.0,2.809,36,0
69.0,2.83,38,0
69.0,2.857,27,0
68.0,2.902,32,0
68.0,2.842,41,0
68.0,2.851,45,0
68.0,2.828,60,0
68.0,2.803,38,0
68.0,2.835,27,0
68.0,2.841,50,0
68.0,2.843,38,0
68.0,2.831,48,0
68.0,2.823,40,1
68.0,2.838,66,1
68.0,2.781,42,0
68.0,3.171,80,1
68.0,3.027,26,0
68.0,2.98,29,0
68.0,3.045,36,1
68.0,3.082,84,0
68.0,2.942,83,0
68.0,3.302,27,0
68.0,3.179,84,0
68.0,3.118,25,1
68.0,3.105,44,0
71.0,3.25,26,1
70.0,3.25,26,0
71.0,4.25,28,0
70.0,4.25,30,0
70.0,4.25,27,0
70.0,4.25,52,1
70.0,3.26,38,0
70.0,4.276,39,0
69.0,2.831,34,0
69.0,2.795,101,2
69.0,2.792,36,1
70.0,3.402,27,0
69.0,2.944,29,0
69.0,2.971,39,0
68.0,2.902,47,0
69.0,2.926,26,0
69.0,3.548,26,0
69.0,2.93,25,0
69.0,3.031,27,1
69.0,2.977,26,0
69.0,2.96,29,0
70.0,3.42,27,0
70.0,2.898,31,0
70.0,2.84,29,0
70.0,3.417,25,0
70.0,3.831,34,0
69.0,2.841,53,1
69.0,2.851,34,0
69.0,2.807,28,1
69.0,2.859,44,0
70.0,2.818,45,0
69.0,2.865,77,0
69.0,2.831,61,1
69.0,2.432,38,0
69.0,2.97,44,1
70.0,3.438,25,0
68.0,2.531,36,0
68.0,2.901,42,0
68.0,2.875,28,0
68.0,2.892,41,0
68.0,2.839,69,0
68.0,2.857,34,1
68.0,2.857,73,0
68.0,2.893,89,2
68.0,2.868,78,0
68.0,2.894,61,0
68.0,2.82,29,1
68.0,2.959,36,0
68.0,2.842,27,0
68.0,2.45,41,1
68.0,2.409,39,1
68.0,2.412,32,0
68.0,2.421,31,1
68.0,3.37,48,0
68.0,2.925,26,1
68.0,2.98,26,0
68.0,3.001,40,0
68.0,2.97,32,0
68.0,2.875,25,0
66.0,2.875,26,0
69.0,3.009,27,0
69.0,3.325,27,0
68.0,2.971,26,0
69.0,2.825,49,0
69.0,2.817,26,0
67.0,2.85,117,2
67.0,2.819,25,0
69.0,3.006,33,0
69.0,2.891,29,0
69.0,2.923,32,0
69.0,2.854,27,1
69.0,2.917,35,0
68.0,2.989,31,0
68.0,2.927,34,0
67.0,2.958,36,0
67.0,2.638,161,2
69.0,3.5,88,0
68.0,2.977,85,1
66.0,2.496,40,0
67.0,2.981,156,1
66.0,2.706,37,0
67.0,2.965,37,0
65.0,2.468,28,0
65.0,2.64,31,1
65.0,2.653,28,0
65.0,2.646,33,0
65.0,2.705,58,0
66.0,2.956,369,4
64.0,2.473,29,0
64.0,2.628,37,0
64.0,2.616,80,1
64.0,2.701,76,0
65.0,2.556,110,0
65.0,2.987,85,1
65.0,2.953,64,3
68.0,2.688,50,1
69.0,2.983,31,0
69.0,3.016,79,1
69.0,3.082,35,0
69.0,3.035,34,1
69.0,3.046,33,0
69.0,2.667,65,1
70.0,3.966,26,1
70.0,3.522,27,1
70.0,3.551,43,0
70.0,3.557,29,2
67.0,3.046,26,0
67.0,3.001,39,0
67.0,3.078,38,2
71.0,3.289,31,2
68.0,3.085,45,0
68.0,3.428,44,1
68.0,3.067,25,0
68.0,3.075,95,0
68.0,3.104,105,1
68.0,2.991,28,0
68.0,3.047,27,0
68.0,3.054,26,0
68.0,2.975,66,2
68.0,3.128,49,0
68.0,3.074,29,0
68.0,2.88,35,2
68.0,2.893,38,1
68.0,2.874,31,0
68.0,2.881,35,0
68.0,2.928,78,0
67.0,2.87,26,0
67.0,2.964,29,0
66.0,2.967,30,0
67.0,2.947,71,0
66.0,2.829,28,0
66.0,2.881,32,0
66.0,2.896,44,1
66.0,2.878,40,1
66.0,2.847,38,0
66.0,2.856,57,0
66.0,2.829,28,0
66.0,3.291,25,0
69.0,3.141,41,0
69.0,3.121,33,0
68.0,2.826,117,1
68.0,3.057,72,0
67.0,2.999,54,0
67.0,2.765,94,0
65.0,2.882,38,0
66.0,2.755,58,0
66.0,2.989,63,0
65.0,2.75,65,0
65.0,2.75,53,0
69.0,2.807,28,0
68.0,2.867,25,1
68.0,2.841,35,0
68.0,2.846,26,2
69.0,2.811,53,0
72.0,2.915,39,1
72.0,3.321,49,0
70.0,3.268,42,0
70.0,2.908,69,1
70.0,2.843,69,0
70.0,3.256,49,0
69.0,2.918,38,0
69.0,2.934,65,0
69.0,3.273,32,0
70.0,3.271,46,1
69.0,3.257,70,1
69.0,3.293,29,0
69.0,3.254,114,1
68.0,2.936,128,1
69.0,2.437,31,0
68.0,3.022,40,0
68.0,3.081,35,0
68.0,3.007,33,0
68.0,3.013,98,2
68.0,3.001,33,0
68.0,2.981,25,0
67.0,2.931,52,0
67.0,2.546,28,0
67.0,3.007,43,0
67.0,3.007,51,0
67.0,3.045,33,0
67.0,3.05,48,0
67.0,2.993,36,0
67.0,3.013,47,0
67.0,2.581,27,0
67.0,3.054,27,0
67.0,3.001,25,0
67.0,3.034,25,0
67.0,2.985,40,0
66.0,2.581,26,0
66.0,2.533,35,1
66.0,2.513,28,1
66.0,3.032,31,0
66.0,3.041,29,0
66.0,2.558,27,0
66.0,2.515,27,0
69.0,2.87,75,0
69.0,2.818,73,0
69.0,2.846,50,2
69.0,2.981,36,0
69.0,3.368,56,0
69.0,2.907,197,0
69.0,2.482,32,0
69.0,2.936,29,0
69.0,2.894,39,0
69.0,2.88,57,0
69.0,2.902,53,1
69.0,2.885,55,0
69.0,3.409,45,0
69.0,3.42,42,1
70.0,3.859,39,1
69.0,2.552,34,0
69.0,2.91,62,1
69.0,2.47,29,0
69.0,2.4,62,0
69.0,2.866,91,0
69.0,2.831,28,0
69.0,3.428,42,0
69.0,3.41,32,0
69.0,3.375,97,1
69.0,2.877,105,2
69.0,2.882,78,2
69.0,2.91,59,1
69.0,2.851,66,0
69.0,2.843,181,1
69.0,2.896,62,1
69.0,2.914,93,0
69.0,2.842,59,0
69.0,2.895,50,0
69.0,2.915,189,3
69.0,3.915,29,0
69.0,2.456,47,0
69.0,2.868,40,0
69.0,3.418,55,1
69.0,2.911,39,0
69.0,2.896,99,2
69.0,2.927,77,0
69.0,2.488,65,1
69.0,2.813,76,0
69.0,3.512,35,0
69.0,2.962,53,1
69.0,3.577,31,0
68.0,2.475,45,1
69.0,2.443,120,0
69.0,2.521,34,0
69.0,2.483,74,0
69.0,2.863,191,1
69.0,2.881,296,2
69.0,2.9,56,1
69.0,2.879,215,1
69.0,2.907,85,0
69.0,2.866,76,1
69.0,2.893,136,3
69.0,2.874,100,2
69.0,2.899,82,0
69.0,2.894,77,1
69.0,2.901,86,0
69.0,3.416,50,0
69.0,3.341,110,1
69.0,3.334,33,1
68.0,2.462,81,0
69.0,3.37,47,0
68.0,2.477,47,1
68.0,2.433,55,1
68.0,2.882,56,0
68.0,2.886,100,0
68.0,2.884,88,0
68.0,2.916,78,0
68.0,2.424,80,0
68.0,2.484,50,0
68.0,2.911,46,0
68.0,2.973,73,0
68.0,2.866,80,0
68.0,3.342,33,0
68.0,2.504,49,0
68.0,2.519,36,0
68.0,2.896,44,0
68.0,2.844,66,1
69.0,3.441,31,0
68.0,2.442,109,2
68.0,2.46,48,0
68.0,2.458,38,0
68.0,2.48,84,0
68.0,2.476,205,2
68.0,2.47,421,1
68.0,2.918,169,2
68.0,2.955,95,1
68.0,2.453,98,1
68.0,2.885,26,0
68.0,2.911,88,0
69.0,3.33,35,1
68.0,2.877,36,0
68.0,2.893,57,0
68.0,2.874,33,0
68.0,2.931,194,1
68.0,2.957,63,0
68.0,2.881,63,0
68.0,2.972,50,0
68.0,2.887,77,0
68.0,2.873,78,0
68.0,2.906,64,0
68.0,2.456,91,0
68.0,2.896,80,1
68.0,2.867,56,1
68.0,2.889,85,0
68.0,2.448,74,0
68.0,2.434,70,0
68.0,2.863,101,1
68.0,2.905,70,0
68.0,2.925,69,2
68.0,2.869,55,1
68.0,2.882,73,0
68.0,2.49,68,2
68.0,2.525,29,0
68.0,2.456,268,1
68.0,2.924,211,2
68.0,2.452,104,0
68.0,2.445,65,0
68.0,2.875,54,0
68.0,2.879,70,1
68.0,2.467,35,0
68.0,2.936,50,1
68.0,2.895,76,0
68.0,2.938,102,0
68.0,2.869,49,0
68.0,2.91,49,0
68.0,2.412,67,1
68.0,2.425,131,1
68.0,2.884,59,0
68.0,2.441,207,3
68.0,2.876,89,1
68.0,2.886,53,0
68.0,2.873,31,0
68.0,2.879,104,1
68.0,2.987,35,0
68.0,2.887,58,0
68.0,2.471,69,1
68.0,2.952,85,1
68.0,2.854,75,1
68.0,2.889,71,2
68.0,2.458,48,0
68.0,2.888,90,2
68.0,2.923,45,0
68.0,2.849,58,1
68.0,2.848,75,0
68.0,2.44,202,1
68.0,2.443,83,0
68.0,2.975,53,0
69.0,2.765,36,0
68.0,3.139,32,2
68.0,3.139,41,0
67.0,3.055,40,0
68.0,3.113,28,0
69.0,2.945,42,0
69.0,2.488,27,0
68.0,2.51,36,0
68.0,2.992,32,0
68.0,2.401,30,0
68.0,2.482,41,0
67.0,2.374,48,1
67.0,2.955,36,0
67.0,2.939,32,0
67.0,3.024,35,0
67.0,3.073,44,0
67.0,3.068,60,0
67.0,3.059,28,0
67.0,2.383,28,0
66.0,2.346,36,0
67.0,2.471,37,0
66.0,3.026,28,0
66.0,3.07,26,0
66.0,3.1,41,0
66.0,2.434,26,0
68.0,2.964,27,0
68.0,2.919,29,0
68.0,3.114,62,0
67.0,2.977,44,0
68.0,3.052,29,0
67.0,3.009,38,0
67.0,3.486,28,0
69.0,2.968,131,2
68.0,3.108,52,0
67.0,3.042,55,0
67.0,2.93,34,0
67.0,3.075,43,0
67.0,2.961,155,0
68.0,3.082,33,0
67.0,3.805,26,0
67.0,3.111,58,0
67.0,2.986,68,2
67.0,3.485,42,0
67.0,2.978,81,1
67.0,3.105,90,0
70.0,2.875,26,0
70.0,3.04,26,0
70.0,2.899,92,0
70.0,3.89,29,0
70.0,3.879,37,0
70.0,3.872,26,0
70.0,3.812,36,0
70.0,3.625,60,0
70.0,3.875,57,0
70.0,2.954,25,0
70.0,2.907,49,0
70.0,3.341,29,0
69.0,3.816,27,0
69.0,2.963,31,0
69.0,3.001,30,0
68.0,2.838,27,0
69.0,2.94,32,0
69.0,2.942,43,0
69.0,2.98,35,0
69.0,3.004,35,0
69.0,2.877,25,0
69.0,2.846,38,0
68.0,2.948,52,0
68.0,2.942,34,0
68.0,2.956,35,1
68.0,2.847,42,1
68.0,2.838,28,1
68.0,2.879,59,0
68.0,2.955,95,0
68.0,2.925,70,1
68.0,3.006,29,0
68.0,2.757,34,0
68.0,2.754,31,0
68.0,2.764,28,0
68.0,2.755,25,0
68.0,2.76,25,0
68.0,2.759,30,1
61.0,3.25,30,0
68.0,3.017,33,0
68.0,3.007,28,0
67.0,3.029,27,0
68.0,3.752,68,0
67.0,2.755,38,0
67.0,3.774,51,0
67.0,2.75,27,0
66.0,3.797,46,0
65.0,2.75,39,0
65.0,3.75,38,0
64.0,2.75,47,1
63.0,2.753,51,0
63.0,3.796,40,0
62.0,2.908,154,0
62.0,3.411,89,0
62.0,3.889,35,0
63.0,2.952,44,0
61.0,2.758,34,0
202.0,5.422,37,0
269.0,6.444,25,0
258.0,5.946,27,1
60.0,2.897,44,0
68.0,2.378,30,1
69.0,2.851,55,1
68.0,2.892,29,0
68.0,2.914,28,1
68.0,2.91,26,0
68.0,2.926,36,0
68.0,3.006,30,0
70.0,3.25,37,0
70.0,4.25,27,0
70.0,4.25,29,0
70.0,4.266,32,0
70.0,3.75,29,0
69.0,4.25,37,0
70.0,3.257,34,0
70.0,3.25,36,1
70.0,3.262,70,1
69.0,3.263,38,0
69.0,3.303,31,0
69.0,3.271,28,0
69.0,3.273,32,0
69.0,3.25,25,0
68.0,2.96,25,0
68.0,2.878,25,0
68.0,2.857,31,0
68.0,3.379,25,0
69.0,2.916,26,0
69.0,2.886,46,0
69.0,2.815,47,0
68.0,2.585,38,0
68.0,2.995,38,0
68.0,2.887,28,0
68.0,2.868,72,0
68.0,2.846,46,0
69.0,3.346,29,0
68.0,3.331,25,0
68.0,3.143,25,0
69.0,3.13,30,0
68.0,3.011,29,0
68.0,3.105,26,0
68.0,3.092,25,0
68.0,3.039,30,0
68.0,3.063,26,1
68.0,3.042,28,0
69.0,2.875,30,0
69.0,2.875,61,1
69.0,2.976,29,0
69.0,2.933,36,0
69.0,2.959,27,1
69.0,2.921,61,0
69.0,3.311,31,0
69.0,3.625,39,0
70.0,3.875,32,0
69.0,2.968,40,0
68.0,3.0,34,0
69.0,3.125,66,0
69.0,2.961,53,0
69.0,2.971,58,0
68.0,2.958,88,1
69.0,2.936,100,1
68.0,2.937,108,0
69.0,3.318,25,0
69.0,3.3,26,1
69.0,3.268,34,0
69.0,3.857,28,1
69.0,3.625,31,0
68.0,2.941,57,0
67.0,2.952,27,0
67.0,2.941,29,0
67.0,2.925,28,0
67.0,2.846,34,0
69.0,2.82,38,0
68.0,2.88,30,0
68.0,2.896,32,0
68.0,2.875,39,0
68.0,2.843,43,0
67.0,2.807,26,0
67.0,2.871,44,0
67.0,2.833,34,0
67.0,2.899,37,0
69.0,3.036,34,0
67.0,2.916,25,0
67.0,2.923,33,0
67.0,2.949,45,1
68.0,3.197,56,2
68.0,3.03,27,0
68.0,2.957,34,0
68.0,2.973,27,1
68.0,2.991,37,0
68.0,2.987,27,0
68.0,2.957,42,0
68.0,2.429,39,0
68.0,3.025,30,0
68.0,2.988,29,0
68.0,3.001,34,0
68.0,2.992,87,0
68.0,2.945,109,0
68.0,2.953,132,0
68.0,2.941,49,0
68.0,2.927,39,0
68.0,2.823,192,2
67.0,2.435,29,0
67.0,2.95,117,1
67.0,2.93,97,0
67.0,3.029,42,1
67.0,2.993,78,0
67.0,2.972,100,1
67.0,2.962,112,1
67.0,2.946,48,0
67.0,2.983,32,0
67.0,2.899,43,1
67.0,2.841,136,2
67.0,3.011,43,0
67.0,3.002,73,0
68.0,2.926,32,0
68.0,3.45,42,0
68.0,3.418,35,0
67.0,2.977,40,0
67.0,2.927,65,0
67.0,2.915,60,1
67.0,3.444,55,1
67.0,3.439,52,0
67.0,3.439,37,0
67.0,3.802,27,0
67.0,3.805,32,0
67.0,3.789,25,0
67.0,2.967,42,0
67.0,2.905,50,0
67.0,2.911,36,1
67.0,3.47,40,1
67.0,3.533,38,0
66.0,2.372,51,1
67.0,2.917,26,0
66.0,2.914,53,1
66.0,2.914,72,1
66.0,2.938,106,1
66.0,3.427,61,0
66.0,3.434,48,1
66.0,3.412,37,0
66.0,3.38,48,0
66.0,2.396,45,1
66.0,2.333,130,1
66.0,2.344,145,1
66.0,2.916,35,1
66.0,2.91,72,1
66.0,2.935,58,0
66.0,3.43,49,0
66.0,3.428,38,0
66.0,3.395,25,0
66.0,2.351,45,1
66.0,2.887,27,0
70.0,3.39,30,0
67.0,2.529,30,0
67.0,2.529,25,0
68.0,2.79,84,1
68.0,2.888,27,0
68.0,2.836,31,0
67.0,2.784,25,0
67.0,2.799,37,0
68.0,2.778,25,0
67.0,3.75,58,1
66.0,3.75,41,1
65.0,3.75,49,0
68.0,2.977,32,0
68.0,2.813,33,0
68.0,2.914,55,2
68.0,2.993,34,0
68.0,2.883,48,0
68.0,2.825,31,0
68.0,2.947,87,2
68.0,2.972,55,1
68.0,2.909,63,0
68.0,3.095,55,0
68.0,2.961,45,0
68.0,2.808,48,1
68.0,2.94,57,1
68.0,2.94,66,0
68.0,2.855,33,0
68.0,3.138,46,0
68.0,2.408,26,0
68.0,2.845,40,0
68.0,2.947,29,0
68.0,2.947,80,1
68.0,2.952,40,0
68.0,2.936,38,0
68.0,2.966,48,0
68.0,2.837,40,0
68.0,2.455,35,1
67.0,2.849,63,0
67.0,2.871,77,2
67.0,2.867,129,2
67.0,2.935,176,0
67.0,2.901,186,0
67.0,2.874,70,0
67.0,2.98,43,0
67.0,2.973,93,0
68.0,3.143,29,0
68.0,2.914,54,1
67.0,2.823,72,0
67.0,3.312,28,0
67.0,2.887,39,0
67.0,2.884,50,2
67.0,2.938,47,2
67.0,2.99,29,0
67.0,2.51,25,0
67.0,2.91,48,0
68.0,2.874,33,0
68.0,2.994,51,0
68.0,2.419,54,0
69.0,2.913,26,0
69.0,2.97,50,0
68.0,2.926,49,0
68.0,2.983,26,1
69.0,2.921,55,1
68.0,2.982,38,0
68.0,2.416,40,0
68.0,2.988,37,0
68.0,2.989,28,0
69.0,2.465,30,0
69.0,2.471,32,0
68.0,2.985,36,0
68.0,2.971,28,0
68.0,3.032,30,0
68.0,3.535,26,0
68.0,2.445,39,0
68.0,3.033,25,0
68.0,3.027,32,0
68.0,2.995,62,0
68.0,2.97,35,0
68.0,2.381,54,0
68.0,2.518,28,0
68.0,2.422,44,0
68.0,2.89,52,2
68.0,2.429,52,0
68.0,2.856,29,0
68.0,2.878,50,0
68.0,2.913,61,0
67.0,2.965,25,0
67.0,2.975,35,0
68.0,3.008,51,1
67.0,2.487,60,1
67.0,2.479,31,0
67.0,2.967,43,0
68.0,2.512,32,0
67.0,2.974,29,0
68.0,2.998,37,0
67.0,2.924,32,0
68.0,2.491,57,1
68.0,2.477,42,0
68.0,2.935,28,0
67.0,2.963,28,0
67.0,3.012,42,0
67.0,2.997,25,1
67.0,2.981,30,0
67.0,2.95,42,0
67.0,2.474,60,0
67.0,2.917,25,1
67.0,2.961,28,1
67.0,3.002,38,0
67.0,2.476,41,0
68.0,2.44,29,0
67.0,2.908,31,0
67.0,3.009,44,0
67.0,2.981,43,0
67.0,2.474,25,1
67.0,2.489,39,0
67.0,3.01,51,0
67.0,3.063,46,0
67.0,3.003,44,0
67.0,2.964,105,0
67.0,2.981,25,0
67.0,3.031,36,0
67.0,2.933,46,0
67.0,2.96,38,0
67.0,3.009,27,0
67.0,2.479,38,1
68.0,2.923,47,0
68.0,2.926,27,0
67.0,2.495,54,0
67.0,2.515,58,0
67.0,3.016,27,0
67.0,2.969,40,2
67.0,2.994,42,0
67.0,2.487,102,0
67.0,2.5,30,0
67.0,2.516,33,0
67.0,2.921,30,0
67.0,2.901,44,1
66.0,2.978,29,0
66.0,2.92,30,0
67.0,2.926,46,0
67.0,2.988,26,1
66.0,2.991,32,0
67.0,2.517,60,0
66.0,2.54,58,0
67.0,2.547,44,0
66.0,3.006,39,0
66.0,2.526,69,0
67.0,2.998,37,0
66.0,3.01,45,0
66.0,2.906,28,1
66.0,2.535,56,0
66.0,2.998,26,0
66.0,2.997,39,0
66.0,2.99,39,1
66.0,2.543,61,0
59.0,2.902,63,0
59.0,2.884,38,0
59.0,2.886,46,0
59.0,2.929,38,0
59.0,2.917,29,0
59.0,2.913,36,0
59.0,2.905,58,0
59.0,2.905,52,0
82.0,3.856,25,1
68.0,2.866,33,0
68.0,2.813,48,0
68.0,2.858,69,1
66.0,2.855,59,0
66.0,2.848,95,0
198.0,4.967,37,0
266.0,5.924,48,0
60.0,2.889,65,1
67.0,2.885,86,0
67.0,2.897,45,0
67.0,2.861,42,0
67.0,2.415,78,0
66.0,3.313,25,0
68.0,3.116,26,1
68.0,2.789,28,0
68.0,2.532,118,1
68.0,2.477,30,0
68.0,2.505,25,0
68.0,2.763,37,0
68.0,2.762,63,0
68.0,2.773,47,0
67.0,2.893,25,0
66.0,2.932,27,0
67.0,2.859,29,0
67.0,2.941,34,0
67.0,2.908,40,1
67.0,3.131,26,0
67.0,3.379,32,0
66.0,2.843,27,0
67.0,2.81,26,0
67.0,3.118,26,0
65.0,3.131,36,0
66.0,3.145,37,0
66.0,3.075,48,0
65.0,3.141,57,1
67.0,3.018,31,2
66.0,3.067,49,0
66.0,3.07,56,0
67.0,3.591,26,0
67.0,3.04,148,2
66.0,3.014,39,0
66.0,2.985,87,0
67.0,3.098,148,0
68.0,2.961,170,1
66.0,3.5,25,0
67.0,3.004,37,0
67.0,2.99,47,0
67.0,2.985,126,0
67.0,3.04,30,0
67.0,3.528,31,0
67.0,3.123,44,1
67.0,3.063,31,0
66.0,3.0,69,0
66.0,3.089,45,0
66.0,3.025,40,0
66.0,2.979,61,0
66.0,2.987,29,0
66.0,3.109,142,0
66.0,2.916,109,0
66.0,2.926,29,0
66.0,3.445,34,0
67.0,3.125,30,0
66.0,3.017,51,1
65.0,2.975,54,0
65.0,3.277,34,0
65.0,3.334,44,1
66.0,2.92,38,0
66.0,2.894,105,0
67.0,3.009,93,1
67.0,3.018,43,0
67.0,2.98,50,0
67.0,3.087,26,0
68.0,2.978,94,0
68.0,3.045,36,0
68.0,3.029,55,0
69.0,3.773,27,0
67.0,2.78,30,0
66.0,2.796,30,0
67.0,2.769,26,0
67.0,2.767,43,0
67.0,2.796,34,0
66.0,2.988,26,0
66.0,3.072,39,0
94.0,3.933,29,2
66.0,3.01,28,0
66.0,2.924,25,0
67.0,3.005,26,0
68.0,2.475,27,0
68.0,2.476,39,0
68.0,2.489,50,0
68.0,2.512,58,1
67.0,2.781,27,0
66.0,2.889,27,0
67.0,2.911,40,0
67.0,2.919,29,0
66.0,2.957,31,0
66.0,3.105,187,2
66.0,3.102,38,0
66.0,2.966,30,0
66.0,2.949,80,0
66.0,3.429,38,2
66.0,2.973,33,0
66.0,2.994,25,0
66.0,3.001,37,1
67.0,2.861,32,0
67.0,2.839,38,1
67.0,2.837,65,0
67.0,2.81,70,3
67.0,2.801,70,0
67.0,2.799,43,1
67.0,2.819,28,0
67.0,2.863,38,0
67.0,2.839,44,0
67.0,2.872,26,0
67.0,2.771,26,0
67.0,3.282,28,0
67.0,2.844,32,0
67.0,2.79,36,0
67.0,2.96,58,0
66.0,2.812,30,1
66.0,2.834,30,0
66.0,3.017,54,1
66.0,3.315,25,0
66.0,3.298,32,1
66.0,3.318,33,0
66.0,3.005,41,1
66.0,3.282,28,0
65.0,3.084,38,0
65.0,3.337,27,1
68.0,2.93,29,0
68.0,2.971,34,0
68.0,2.93,48,2
68.0,2.907,47,0
68.0,2.913,64,0
69.0,2.875,37,0
68.0,2.97,33,0
68.0,2.974,47,0
68.0,2.875,48,0
68.0,2.94,49,0
68.0,2.926,43,0
68.0,2.919,48,0
68.0,2.943,65,0
68.0,3.0,56,0
68.0,3.125,26,0
67.0,2.983,26,0
68.0,2.991,28,0
68.0,2.769,178,1
67.0,2.768,231,0
67.0,2.764,36,0
67.0,2.805,30,1
67.0,2.769,84,0
67.0,2.787,136,0
67.0,2.775,124,1
67.0,2.771,131,0
67.0,2.764,134,4
67.0,2.766,75,0
67.0,2.756,114,1
67.0,2.759,25,0
67.0,2.762,67,1
67.0,2.763,80,1
67.0,2.762,108,0
67.0,2.766,107,0
67.0,2.764,33,0
67.0,2.771,127,0
67.0,2.788,35,0
67.0,2.763,29,0
67.0,2.769,40,0
67.0,2.783,41,0
67.0,2.792,105,1
66.0,2.771,34,0
66.0,2.782,54,1
66.0,2.77,31,0
66.0,2.765,102,0
66.0,2.762,129,1
66.0,2.771,165,0
66.0,2.762,147,0
66.0,2.777,69,0
66.0,2.779,33,0
66.0,2.786,64,0
66.0,2.77,116,2
66.0,2.293,28,0
66.0,2.297,36,0
66.0,2.785,55,0
66.0,2.796,54,0
66.0,2.763,93,1
66.0,2.757,69,0
66.0,2.774,26,0
66.0,2.754,29,0
66.0,2.383,52,0
66.0,2.27,31,0
65.0,2.405,80,0
65.0,2.78,37,0
65.0,2.776,47,0
65.0,2.769,91,1
65.0,2.815,154,2
65.0,2.821,168,1
65.0,2.75,108,0
65.0,2.777,72,1
68.0,3.75,26,0
69.0,3.25,35,0
69.0,3.25,39,1
68.0,3.75,45,0
68.0,3.754,36,1
68.0,3.754,31,0
68.0,3.75,42,0
69.0,3.25,29,0
68.0,3.75,35,0
68.0,3.75,34,0
68.0,3.25,37,0
68.0,3.265,25,0
68.0,3.75,34,1
68.0,3.276,46,1
67.0,3.75,41,1
68.0,3.264,27,0
67.0,2.936,26,1
67.0,2.822,35,0
65.0,2.891,29,0
65.0,2.89,28,0
67.0,2.971,29,0
67.0,2.968,29,0
67.0,3.0,28,0
67.0,3.0,26,0
67.0,3.007,25,0
66.0,3.265,25,0
66.0,2.82,26,0
67.0,3.25,26,0
67.0,2.95,28,0
67.0,2.993,28,0
68.0,2.891,170,2
68.0,2.96,103,1
68.0,2.881,88,0
68.0,2.439,52,0
68.0,2.411,61,0
68.0,2.491,40,0
68.0,2.567,73,0
68.0,2.898,116,1
68.0,2.923,146,2
68.0,2.931,62,0
67.0,2.47,68,1
67.0,2.45,77,0
67.0,2.458,66,0
68.0,2.458,71,0
68.0,2.358,67,2
67.0,2.422,85,1
67.0,2.898,77,0
67.0,2.41,45,0
67.0,2.362,34,1
67.0,2.85,78,0
67.0,2.851,67,1
68.0,2.476,294,0
68.0,2.986,50,0
68.0,2.959,287,1
68.0,2.975,54,0
68.0,2.511,73,0
68.0,2.523,34,0
67.0,2.899,121,1
67.0,2.918,99,3
68.0,2.868,87,0
68.0,2.924,58,1
68.0,2.872,61,0
68.0,2.855,102,2
68.0,2.881,90,2
68.0,2.847,82,0
68.0,3.361,62,0
68.0,2.516,36,0
68.0,2.41,29,0
67.0,2.882,65,0
68.0,2.886,70,1
67.0,2.953,93,0
67.0,2.916,89,0
68.0,2.465,126,1
67.0,2.478,76,0
67.0,2.432,56,0
67.0,2.463,48,0
67.0,2.916,102,0
67.0,2.946,68,0
67.0,2.848,117,1
67.0,2.411,39,0
67.0,2.48,40,0
67.0,2.896,47,0
67.0,2.897,59,0
67.0,2.474,50,0
67.0,2.883,41,0
67.0,2.848,54,1
67.0,2.884,73,0
67.0,2.85,70,0
67.0,3.355,39,1
67.0,2.92,44,0
67.0,2.828,41,0
67.0,2.45,89,0
67.0,2.471,141,0
67.0,2.886,65,1
67.0,2.949,58,0
67.0,2.956,74,0
67.0,2.424,82,1
67.0,2.434,65,0
67.0,2.891,87,2
67.0,2.93,66,1
67.0,3.019,40,1
67.0,2.964,172,3
68.0,2.948,26,0
67.0,2.891,78,0
67.0,2.932,79,0
67.0,2.868,87,2
67.0,3.368,44,0
67.0,2.493,58,1
67.0,2.882,94,1
67.0,2.885,73,1
67.0,2.876,44,1
67.0,2.96,152,0
68.0,2.445,36,0
67.0,2.466,87,1
67.0,2.434,109,1
67.0,2.93,97,0
67.0,2.466,291,2
67.0,2.498,41,0
67.0,2.936,56,0
67.0,2.978,57,0
67.0,3.352,40,1
67.0,2.853,112,2
67.0,2.839,32,0
67.0,2.428,106,0
67.0,2.427,95,0
67.0,2.493,67,0
67.0,2.906,89,0
67.0,2.889,92,2
67.0,2.875,104,1
67.0,2.468,62,1
67.0,2.424,34,0
67.0,2.471,180,2
67.0,2.89,110,1
67.0,2.938,112,0
67.0,2.962,43,0
67.0,2.878,155,0
67.0,2.842,67,1
67.0,2.949,84,0
67.0,2.385,28,0
67.0,2.453,60,2
67.0,2.977,48,1
67.0,2.827,77,1
67.0,3.349,40,0
67.0,2.471,58,0
67.0,2.938,81,0
67.0,2.93,30,1
67.0,2.865,57,1
67.0,2.847,75,0
67.0,2.427,96,1
67.0,2.486,254,0
67.0,2.922,99,1
67.0,2.956,139,0
67.0,2.957,28,0
68.0,3.4,60,0
67.0,2.925,72,0
67.0,2.461,72,1
67.0,2.475,135,0
67.0,2.488,120,1
67.0,2.442,110,0
67.0,2.885,215,2
67.0,2.878,253,0
67.0,2.896,151,1
67.0,2.967,52,0
67.0,2.954,43,0
67.0,2.956,49,0
67.0,2.951,56,1
67.0,2.941,33,1
67.0,2.519,68,2
67.0,2.439,26,0
67.0,2.966,54,1
66.0,2.454,87,1
66.0,2.408,78,1
66.0,2.416,72,0
66.0,2.44,90,1
67.0,2.492,56,1
67.0,3.382,43,1
67.0,3.384,34,2
67.0,2.395,77,0
66.0,2.46,115,0
66.0,2.534,80,0
66.0,2.374,94,3
66.0,2.449,85,1
66.0,2.461,46,0
66.0,2.455,69,0
66.0,2.42,40,1
66.0,2.463,75,0
66.0,2.472,47,0
66.0,2.475,100,0
67.0,2.462,63,1
67.0,2.868,95,0
67.0,2.94,39,0
67.0,2.864,51,0
67.0,2.928,64,2
67.0,2.888,66,0
67.0,3.039,95,1
67.0,3.012,41,0
66.0,2.973,44,3
66.0,2.998,64,1
67.0,2.993,96,3
67.0,2.987,68,0
67.0,3.005,80,0
67.0,2.98,61,0
67.0,2.91,57,0
66.0,2.51,74,0
67.0,2.864,54,0
67.0,2.911,136,2
67.0,2.959,61,2
66.0,2.868,95,1
66.0,2.836,97,1
67.0,2.885,66,1
67.0,2.838,98,0
67.0,2.827,82,0
67.0,2.837,54,1
67.0,2.84,103,0
67.0,2.79,58,1
67.0,3.309,25,1
67.0,3.349,39,0
67.0,3.317,34,0
66.0,2.868,77,0
66.0,2.837,72,0
66.0,2.901,69,0
66.0,2.921,50,0
67.0,2.922,58,1
67.0,3.314,49,0
66.0,2.409,34,0
66.0,2.418,36,0
66.0,2.802,59,0
67.0,2.772,82,0
66.0,2.958,52,0
66.0,2.949,37,0
66.0,3.774,26,0
66.0,2.843,94,0
67.0,2.859,55,0
66.0,2.905,73,2
66.0,2.852,54,1
66.0,3.326,65,1
65.0,2.962,55,0
65.0,3.349,36,0
64.0,2.92,85,2
63.0,2.891,115,2
61.0,2.951,84,1
61.0,3.045,84,1
59.0,3.096,91,1
60.0,3.105,48,0
58.0,3.094,112,2
57.0,3.105,111,1
56.0,3.096,89,1
55.0,3.271,43,1
55.0,3.094,57,1
54.0,3.309,79,0
54.0,3.095,37,0
53.0,3.325,73,0
52.0,3.427,79,3
66.0,2.391,128,0
67.0,2.899,57,1
66.0,2.884,29,1
66.0,2.395,25,0
263.0,5.94,32,0
204.0,5.379,42,0
66.0,2.975,32,0
66.0,2.757,58,0
67.0,2.86,119,0
67.0,2.83,190,2
66.0,2.959,25,0
67.0,2.523,41,0
67.0,2.537,28,0
67.0,2.584,25,0
67.0,2.51,51,0
67.0,2.503,44,0
67.0,2.533,67,0
67.0,2.516,33,0
67.0,2.484,34,0
67.0,2.489,25,0
67.0,2.465,31,1
66.0,2.489,49,0
66.0,2.471,39,0
64.0,2.434,30,1
64.0,2.984,29,0
66.0,3.191,109,0
65.0,2.51,28,0
65.0,3.058,30,0
66.0,3.186,70,0
67.0,3.19,50,1
67.0,2.824,45,0
67.0,2.9,36,0
67.0,3.134,34,0
67.0,2.98,46,0
67.0,2.856,43,0
67.0,2.853,63,0
67.0,2.891,51,2
67.0,2.888,58,1
67.0,2.965,59,1
67.0,2.972,42,1
67.0,2.906,38,0
67.0,2.558,28,0
67.0,2.476,29,2
67.0,2.485,26,0
66.0,2.859,61,1
66.0,2.861,38,0
66.0,2.89,72,0
67.0,2.889,89,0
66.0,2.928,109,1
66.0,2.84,38,1
67.0,2.981,91,0
66.0,2.87,65,0
66.0,2.88,50,0
66.0,2.954,59,0
66.0,3.035,29,0
66.0,2.543,30,1
66.0,2.858,39,0
66.0,2.92,28,0
66.0,2.899,47,0
66.0,2.959,30,0
66.0,2.863,25,0
66.0,2.863,40,0
66.0,2.943,50,0
66.0,3.056,28,0
65.0,2.357,27,1
65.0,2.907,34,0
66.0,2.941,31,2
65.0,2.902,50,0
65.0,3.393,27,0
66.0,3.426,27,0
66.0,3.428,48,1
66.0,3.872,36,0
68.0,2.933,44,1
68.0,2.954,56,0
68.0,2.918,41,0
68.0,2.916,36,1
68.0,3.271,31,1
68.0,3.262,61,0
70.0,2.513,67,0
71.0,2.49,33,0
67.0,2.886,34,0
67.0,2.899,73,0
67.0,2.87,37,0
66.0,2.345,27,0
66.0,2.803,42,2
68.0,3.281,29,0
67.0,2.893,65,0
67.0,2.915,96,2
66.0,2.876,78,1
66.0,2.845,150,0
68.0,2.916,67,1
67.0,3.295,38,0
65.0,2.468,50,0
65.0,2.445,53,1
65.0,2.839,55,3
65.0,2.75,25,0
67.0,2.883,58,1
67.0,2.81,30,0
67.0,2.875,38,0
67.0,2.879,37,0
67.0,2.825,27,1
67.0,2.842,39,0
68.0,2.461,26,0
67.0,2.914,65,1
67.0,2.882,82,0
67.0,2.905,87,0
67.0,2.938,86,2
67.0,2.963,25,0
67.0,2.938,44,1
67.0,2.98,27,0
67.0,2.96,41,0
67.0,2.956,45,0
67.0,2.972,57,0
67.0,2.868,35,0
67.0,2.914,29,0
66.0,2.9,36,0
66.0,2.854,36,0
66.0,2.865,25,0
66.0,2.877,51,0
66.0,2.885,98,2
66.0,2.899,134,0
66.0,2.918,42,0
66.0,2.905,121,1
66.0,2.916,120,0
66.0,2.961,34,0
66.0,2.484,30,0
66.0,2.485,86,1
66.0,2.505,38,0
66.0,2.482,119,0
66.0,2.469,47,0
66.0,2.879,29,0
66.0,2.949,25,0
66.0,2.84,130,0
66.0,2.901,27,0
66.0,2.926,35,0
66.0,2.906,86,2
66.0,2.921,109,0
66.0,2.939,52,1
66.0,2.947,118,1
66.0,2.962,30,0
66.0,2.979,92,1
67.0,3.432,26,0
66.0,3.465,35,0
66.0,3.486,25,0
66.0,3.9,25,0
65.0,2.89,26,0
65.0,2.889,36,0
65.0,2.823,158,0
65.0,2.897,30,0
65.0,2.882,61,1
65.0,2.875,91,0
65.0,2.887,136,4
65.0,2.852,37,1
65.0,2.975,37,0
65.0,2.914,87,0
65.0,2.954,67,1
65.0,2.462,53,0
65.0,2.477,36,0
65.0,2.467,79,0
65.0,2.986,35,2
65.0,2.927,72,1
66.0,2.975,92,1
66.0,2.941,88,0
66.0,2.933,81,1
66.0,2.933,64,0
66.0,2.939,26,0
66.0,2.972,25,1
66.0,3.878,34,0
67.0,4.381,28,0
65.0,2.939,47,0
65.0,2.959,59,0
66.0,4.394,30,0
64.0,2.907,38,0
64.0,2.894,45,0
65.0,2.921,33,0
65.0,2.955,26,0
64.0,2.972,87,0
64.0,3.004,124,0
66.0,2.869,52,0
65.0,3.099,66,0
65.0,2.96,35,0
65.0,2.906,40,0
65.0,2.93,47,0
65.0,2.884,70,0
65.0,2.879,27,0
64.0,2.957,84,0
65.0,3.385,25,0
65.0,3.118,25,0
64.0,2.88,27,0
64.0,2.917,48,0
64.0,2.974,25,0
64.0,2.927,29,0
64.0,2.9,33,0
65.0,3.011,42,0
67.0,3.144,29,0
66.0,3.385,26,0
64.0,2.902,56,0
65.0,3.034,36,0
64.0,2.927,41,0
66.0,2.974,83,1
65.0,3.058,34,0
66.0,2.962,46,0
66.0,3.093,27,0
67.0,2.858,27,0
67.0,2.836,41,0
68.0,2.685,29,0
67.0,2.832,25,0
67.0,2.6,29,2
66.0,2.838,45,1
66.0,2.803,34,0
66.0,2.909,30,0
66.0,2.857,51,1
65.0,2.875,26,0
66.0,2.808,26,1
66.0,3.069,53,0
67.0,3.091,25,0
67.0,3.107,26,0
67.0,3.03,38,0
66.0,3.106,47,0
66.0,3.146,29,1
66.0,3.161,54,0
66.0,3.081,50,0
65.0,3.171,58,0
65.0,3.104,41,0
65.0,3.124,83,0
65.0,3.125,65,1
65.0,3.176,31,0
65.0,3.294,30,0
65.0,3.131,47,1
65.0,3.131,30,0
65.0,3.156,36,0
65.0,3.109,39,0
65.0,3.346,29,0
65.0,3.154,25,0
65.0,2.884,38,0
64.0,3.127,66,1
64.0,3.153,55,1
64.0,3.278,35,1
64.0,3.25,29,0
64.0,3.275,42,0
65.0,3.34,27,0
65.0,3.3,51,1
68.0,3.0,44,0
68.0,3.0,39,0
69.0,3.625,29,0
67.0,2.451,28,0
67.0,3.0,43,1
67.0,3.0,32,0
67.0,2.441,30,0
66.0,3.0,32,1
66.0,2.75,66,0
65.0,2.423,28,0
66.0,2.404,27,0
65.0,3.0,35,0
65.0,2.75,111,0
65.0,2.906,25,1
66.0,2.893,25,0
66.0,3.095,26,0
67.0,2.493,57,1
67.0,2.471,76,0
67.0,2.542,90,0
67.0,2.623,33,1
67.0,2.643,30,0
66.0,2.403,32,0
66.0,2.331,28,0
65.0,2.418,34,0
65.0,2.941,46,0
65.0,2.317,25,1
65.0,2.415,29,0
64.0,2.386,51,0
64.0,2.363,45,0
67.0,2.838,32,0
66.0,2.289,45,1
66.0,2.858,50,1
66.0,2.79,32,0
66.0,2.834,26,1
66.0,3.034,41,0
64.0,2.792,66,0
63.0,2.762,28,0
64.0,2.781,40,0
63.0,2.795,32,0
63.0,2.753,26,0
65.0,2.799,27,0
64.0,2.777,40,0
64.0,2.79,44,0
64.0,2.779,55,0
66.0,2.991,68,2
66.0,2.427,35,0
66.0,2.958,37,0
66.0,2.988,57,0
66.0,2.957,95,1
66.0,2.965,104,3
66.0,2.947,85,0
66.0,2.885,42,0
66.0,2.87,86,0
65.0,2.913,117,0
65.0,2.907,118,2
65.0,2.419,65,0
65.0,3.016,28,0
65.0,2.979,42,0
65.0,2.944,53,0
65.0,2.945,92,2
65.0,2.923,102,0
65.0,2.996,38,0
65.0,2.857,97,0
64.0,2.94,46,0
64.0,2.395,49,0
63.0,2.413,146,1
64.0,2.872,32,0
64.0,2.871,41,0
64.0,2.822,26,0
64.0,2.931,32,1
63.0,2.95,36,0
67.0,3.29,36,1
65.0,3.19,35,0
64.0,3.19,30,0
61.0,2.934,26,0
65.0,2.485,40,0
64.0,2.497,62,0
64.0,2.494,51,0
64.0,2.917,60,0
65.0,2.949,49,0
65.0,2.913,54,0
65.0,2.928,54,1
65.0,2.933,66,2
64.0,2.94,48,0
65.0,2.429,73,0
64.0,2.446,32,0
64.0,2.474,88,2
65.0,2.466,55,0
64.0,2.876,122,0
65.0,2.988,59,0
65.0,2.963,59,0
65.0,2.959,56,0
64.0,2.955,66,1
65.0,2.914,39,0
65.0,2.512,51,0
64.0,2.468,32,0
65.0,2.479,198,0
65.0,2.854,62,0
65.0,2.909,37,0
65.0,2.914,95,0
65.0,2.906,34,1
65.0,2.887,87,0
65.0,2.933,51,0
65.0,2.439,74,0
65.0,2.506,85,1
65.0,3.358,41,0
65.0,2.899,82,1
65.0,2.902,91,0
65.0,2.428,248,2
65.0,3.372,38,0
65.0,2.875,71,1
65.0,3.002,48,0
65.0,2.876,60,0
65.0,2.906,36,0
65.0,2.891,36,0
65.0,2.414,96,0
64.0,2.499,32,0
65.0,2.504,60,1
66.0,3.386,55,1
65.0,3.446,47,0
65.0,3.42,36,0
65.0,2.995,100,2
65.0,2.446,114,1
65.0,2.533,39,1
65.0,2.876,56,0
65.0,2.849,58,0
65.0,2.485,57,0
65.0,2.51,59,2
65.0,2.882,72,1
65.0,2.928,103,1
65.0,3.01,61,0
65.0,3.014,34,1
65.0,2.508,77,0
65.0,2.487,78,1
65.0,2.501,133,0
65.0,2.984,37,0
65.0,2.972,27,1
65.0,2.488,103,1
65.0,2.432,64,0
65.0,2.437,52,0
65.0,2.845,37,0
65.0,2.867,37,0
65.0,2.905,103,0
65.0,2.461,69,0
65.0,2.472,55,1
65.0,3.477,30,0
65.0,2.931,57,0
65.0,2.863,40,1
65.0,2.961,28,0
65.0,2.419,44,0
65.0,2.43,83,0
65.0,2.973,47,0
65.0,2.92,38,1
65.0,3.017,73,0
65.0,3.0,30,0
65.0,2.899,70,2
65.0,2.913,40,1
65.0,2.426,65,0
65.0,2.452,107,1
65.0,3.412,36,0
65.0,2.883,80,0
65.0,2.95,38,0
65.0,2.467,65,0
65.0,2.457,51,2
65.0,2.938,47,0
65.0,2.999,31,0
65.0,2.97,33,0
65.0,2.472,66,0
65.0,2.445,86,1
65.0,2.885,78,2
66.0,3.359,31,0
65.0,2.938,56,0
65.0,2.912,38,1
65.0,2.907,46,0
65.0,2.443,37,2
65.0,2.441,58,0
65.0,2.49,52,0
65.0,3.415,30,0
65.0,3.389,33,0
65.0,2.922,69,0
65.0,2.916,35,1
65.0,2.438,76,1
65.0,2.468,71,0
65.0,2.982,41,1
65.0,2.455,72,2
65.0,2.89,66,1
65.0,2.999,63,1
65.0,2.461,67,0
65.0,2.898,64,1
66.0,2.954,65,1
65.0,2.91,33,0
65.0,2.916,45,0
65.0,2.908,25,0
65.0,2.431,57,0
65.0,2.511,39,0
66.0,2.461,75,0
65.0,3.366,47,0
66.0,3.378,46,0
66.0,3.346,27,0
66.0,3.375,38,0
66.0,2.885,72,0
66.0,2.858,76,0
66.0,2.882,31,0
66.0,2.877,64,0
66.0,2.948,78,1
66.0,2.91,72,0
66.0,2.94,39,1
66.0,2.919,75,1
66.0,2.453,46,0
66.0,2.442,78,1
65.0,2.463,68,3
66.0,2.52,44,0
65.0,2.443,47,0
65.0,2.356,54,0
65.0,2.52,77,1
65.0,2.467,112,3
66.0,2.41,29,1
65.0,2.466,148,0
66.0,3.846,25,0
66.0,2.431,25,0
66.0,2.863,45,0
66.0,3.327,57,0
66.0,2.951,59,0
66.0,2.877,49,0
66.0,2.428,75,1
66.0,2.493,30,0
66.0,2.426,56,0
66.0,2.405,35,0
66.0,2.469,47,0
66.0,2.464,61,1
66.0,2.433,84,2
66.0,2.45,104,4
66.0,2.855,76,0
66.0,2.96,38,0
66.0,2.97,86,1
66.0,2.93,46,0
66.0,2.859,37,0
66.0,2.845,38,0
66.0,2.912,25,0
66.0,2.906,112,0
66.0,2.443,54,2
66.0,2.858,34,0
66.0,2.849,48,0
66.0,2.898,128,1
66.0,2.459,59,0
66.0,3.338,39,0
66.0,2.87,56,0
66.0,2.968,63,0
66.0,2.935,74,0
66.0,2.464,49,0
66.0,2.886,41,0
66.0,2.915,48,0
66.0,3.031,31,0
66.0,2.448,76,2
66.0,2.848,57,1
66.0,2.972,66,0
66.0,2.463,97,1
66.0,2.885,75,2
66.0,2.937,62,1
66.0,2.871,53,0
66.0,2.89,46,0
66.0,2.446,55,1
66.0,3.397,38,1
66.0,3.443,32,0
65.0,3.393,26,0
65.0,3.42,29,0
68.0,2.952,28,0
68.0,2.935,46,0
67.0,2.965,46,0
67.0,2.978,32,0
67.0,2.955,30,0
67.0,2.981,30,0
67.0,2.922,46,0
67.0,2.959,35,0
67.0,2.937,56,1
68.0,2.875,41,2
67.0,2.988,29,1
67.0,2.937,40,0
67.0,2.953,61,0
67.0,2.96,51,0
67.0,2.966,98,0
66.0,3.003,33,0
66.0,2.956,31,0
66.0,2.968,32,0
66.0,2.95,43,0
67.0,3.003,86,0
67.0,2.874,44,0
66.0,2.995,32,0
66.0,2.962,45,0
66.0,2.947,50,0
66.0,2.926,55,0
66.0,2.947,67,0
64.0,2.351,25,0
64.0,2.374,42,0
64.0,2.363,31,0
64.0,2.418,39,0
68.0,3.26,26,0
67.0,3.75,43,0
67.0,3.75,49,0
67.0,3.75,41,0
67.0,3.75,45,0
67.0,3.75,46,0
67.0,3.75,55,0
67.0,3.274,25,1
66.0,3.75,62,0
67.0,3.279,40,1
66.0,3.292,28,0
66.0,3.326,31,0
66.0,3.267,29,0
64.0,3.521,37,0
65.0,2.938,25,0
65.0,2.375,26,0
67.0,2.75,35,0
66.0,2.266,27,0
66.0,2.842,26,0
66.0,2.883,31,0
66.0,2.974,46,0
65.0,2.503,30,0
66.0,2.449,56,0
66.0,2.88,93,0
65.0,2.865,59,1
65.0,2.92,115,1
65.0,2.909,141,0
65.0,2.906,140,0
66.0,2.827,54,0
65.0,2.857,28,0
66.0,2.954,87,0
66.0,2.862,85,0
65.0,2.875,32,0
65.0,2.895,44,1
65.0,2.899,45,0
65.0,2.916,42,0
65.0,2.848,49,0
65.0,2.901,52,1
65.0,2.821,32,0
65.0,2.828,47,0
65.0,2.913,27,0
65.0,2.899,32,0
65.0,2.96,39,0
65.0,2.842,26,0
65.0,2.926,30,0
65.0,2.921,36,0
65.0,2.989,33,1
66.0,2.531,81,0
66.0,2.536,47,0
66.0,2.569,27,0
66.0,2.576,34,0
66.0,3.03,28,1
66.0,2.516,52,0
66.0,2.976,40,0
66.0,3.02,32,0
66.0,3.017,26,0
66.0,2.519,175,2
66.0,2.508,31,0
66.0,2.523,51,0
66.0,3.038,29,0
66.0,2.988,37,0
67.0,3.024,25,0
67.0,2.981,29,0
66.0,2.47,56,0
66.0,3.018,29,0
65.0,2.563,45,0
65.0,2.587,38,0
66.0,3.006,52,1
66.0,2.94,35,2
66.0,3.037,27,1
66.0,2.562,26,0
65.0,2.55,58,1
65.0,2.571,37,0
65.0,2.937,25,0
65.0,2.563,28,0
65.0,3.034,26,1
65.0,2.618,35,0
66.0,3.044,49,0
65.0,2.986,37,0
65.0,2.996,31,0
66.0,2.543,168,0
65.0,2.597,26,0
65.0,2.557,39,1
65.0,3.018,35,0
65.0,2.904,32,0
65.0,2.894,35,0
65.0,2.524,121,1
65.0,2.527,369,2
65.0,2.485,72,0
65.0,2.461,83,0
65.0,2.994,28,0
65.0,2.509,27,0
65.0,2.883,25,0
65.0,2.899,25,0
65.0,2.935,36,0
65.0,2.424,71,0
65.0,2.955,25,0
65.0,2.466,158,0
64.0,2.576,73,0
64.0,2.583,65,0
65.0,2.573,35,0
65.0,2.567,83,0
65.0,2.983,31,1
64.0,2.577,169,1
64.0,2.593,41,1
64.0,2.594,36,0
65.0,2.951,26,1
65.0,2.911,27,0
65.0,2.849,45,1
64.0,2.485,70,0
64.0,2.594,37,1
64.0,2.559,143,1
64.0,2.62,46,0
64.0,2.991,28,0
64.0,2.594,62,0
64.0,2.877,45,0
64.0,2.952,26,0
65.0,2.582,25,0
64.0,2.925,25,0
64.0,2.946,43,1
64.0,2.566,114,0
64.0,2.541,31,0
64.0,3.014,32,0
64.0,2.957,30,0
64.0,2.966,39,1
63.0,2.583,27,0
63.0,2.58,298,1
64.0,2.978,26,0
63.0,2.973,32,0
63.0,2.952,35,0
66.0,2.994,41,0
67.0,2.875,31,0
66.0,2.94,29,1
66.0,2.942,32,0
65.0,2.917,34,0
66.0,2.913,56,0
66.0,2.923,42,0
65.0,2.932,57,0
65.0,2.996,74,0
65.0,2.972,45,0
66.0,2.875,35,0
65.0,2.959,36,0
65.0,2.869,26,0
65.0,2.903,63,0
64.0,2.991,83,1
64.0,3.061,58,0
64.0,3.104,54,0
64.0,3.28,34,0
65.0,3.036,30,0
64.0,2.9,52,0
63.0,2.865,26,0
64.0,2.913,112,0
63.0,2.962,39,0
64.0,2.913,40,0
64.0,3.386,35,0
64.0,2.915,94,1
63.0,2.877,83,0
63.0,2.837,59,0
63.0,3.015,76,0
62.0,3.322,41,0
62.0,3.291,32,0
62.0,3.323,29,0
63.0,2.895,95,0
63.0,3.355,28,0
63.0,3.344,38,1
63.0,2.976,41,0
63.0,3.045,32,1
63.0,2.912,34,0
63.0,3.016,26,0
62.0,2.929,25,0
62.0,2.963,79,0
62.0,3.308,54,1
62.0,3.381,29,1
62.0,3.339,35,0
62.0,3.333,74,0
63.0,2.866,26,0
62.0,2.966,47,0
63.0,3.01,72,1
62.0,2.905,168,1
62.0,2.916,98,1
62.0,3.424,55,1
61.0,2.989,68,1
61.0,3.305,67,0
61.0,3.272,70,0
61.0,3.325,62,0
62.0,3.422,52,0
61.0,3.313,27,0
62.0,2.921,45,0
62.0,3.399,92,1
62.0,3.086,41,0
62.0,3.577,55,0
62.0,3.433,33,0
62.0,3.435,32,0
62.0,3.422,27,0
62.0,3.529,34,1
62.0,3.431,31,0
62.0,3.03,50,0
61.0,2.98,114,1
61.0,3.283,76,2
63.0,2.955,25,0
62.0,2.978,32,1
63.0,2.991,37,0
64.0,3.081,26,0
63.0,2.91,28,0
65.0,3.093,33,0
66.0,2.83,75,1
66.0,2.874,28,0
65.0,2.832,35,0
65.0,2.831,26,0
65.0,2.29,32,0
64.0,2.325,32,1
66.0,2.863,33,0
65.0,2.393,55,0
65.0,2.358,108,0
65.0,2.926,50,1
65.0,2.919,68,1
65.0,2.94,52,0
65.0,3.465,43,0
65.0,3.413,28,0
65.0,3.394,30,0
65.0,2.372,103,1
65.0,2.933,86,0
65.0,2.926,131,1
65.0,2.936,100,1
65.0,3.416,60,0
65.0,3.393,36,0
65.0,3.533,29,0
65.0,3.405,33,0
65.0,2.91,40,0
65.0,2.91,27,0
64.0,2.39,114,2
64.0,2.922,91,0
64.0,2.918,77,0
64.0,2.903,72,0
64.0,3.395,41,0
64.0,3.44,25,0
64.0,3.375,26,0
64.0,2.338,26,0
64.0,2.903,137,0
64.0,2.894,115,0
64.0,2.886,113,1
64.0,3.42,58,1
64.0,3.389,28,0
63.0,2.358,25,0
63.0,2.861,104,1
63.0,2.853,116,1
63.0,2.833,97,0
63.0,3.379,37,1
62.0,2.863,149,2
62.0,2.844,186,1
63.0,2.875,144,1
63.0,2.83,154,1
63.0,2.8,155,0
63.0,3.303,33,0
62.0,2.855,165,3
62.0,2.839,178,2
62.0,2.871,31,1
62.0,2.864,46,0
61.0,2.886,204,3
61.0,2.842,215,3
60.0,2.863,161,3
61.0,2.833,189,3
64.0,2.831,31,0
65.0,2.85,28,0
65.0,2.843,30,0
64.0,2.842,39,0
64.0,2.852,26,0
63.0,2.817,35,0
66.0,3.44,39,1
66.0,3.48,26,0
66.0,3.464,30,1
65.0,3.446,43,0
65.0,3.455,33,1
65.0,3.45,55,1
65.0,3.488,25,0
64.0,3.476,31,0
64.0,3.47,78,0
65.0,3.459,47,0
64.0,3.469,34,0
63.0,3.471,43,0
62.0,3.418,43,1
62.0,3.482,28,2
61.0,3.34,49,1
61.0,3.329,38,0
61.0,3.305,27,0
60.0,3.263,60,2
60.0,3.25,38,1
60.0,3.25,56,1
60.0,3.25,25,0
59.0,3.25,26,0
59.0,3.25,63,0
64.0,3.75,27,0
63.0,3.75,30,0
62.0,3.75,32,1
65.0,2.883,67,1
65.0,2.334,27,0
65.0,2.934,25,1
65.0,2.88,133,0
65.0,2.874,44,0
65.0,2.353,115,0
193.0,5.409,31,1
182.0,4.923,26,0
65.0,2.866,87,0
64.0,2.885,47,0
64.0,2.333,106,0
65.0,2.853,49,0
64.0,2.33,134,0
64.0,2.32,42,0
63.0,2.896,28,0
62.0,2.96,26,0
63.0,2.936,35,0
62.0,3.38,27,0
62.0,2.99,28,0
62.0,2.942,43,1
62.0,2.965,32,0
62.0,2.98,27,0
61.0,2.922,27,0
61.0,3.349,30,0
61.0,3.353,26,1
61.0,3.413,30,1
61.0,3.355,26,0
61.0,3.35,26,0
61.0,2.993,32,0
61.0,3.371,25,0
60.0,3.387,27,0
60.0,3.334,27,0
60.0,3.346,27,0
60.0,3.388,29,0
60.0,3.396,28,0
60.0,3.393,31,0
60.0,2.976,30,2
60.0,3.386,26,0
65.0,2.407,53,0
65.0,2.899,30,0
65.0,2.842,34,0
65.0,2.896,55,0
65.0,2.849,50,0
66.0,2.867,115,0
66.0,2.897,35,0
66.0,2.876,36,0
66.0,2.855,46,0
66.0,3.029,26,0
66.0,2.879,47,0
65.0,2.842,25,0
64.0,2.897,27,0
63.0,2.83,34,1
63.0,2.916,30,0
65.0,2.458,63,0
64.0,2.502,80,0
64.0,2.45,43,0
65.0,2.881,47,0
64.0,2.904,41,0
64.0,2.849,58,0
64.0,2.882,59,0
64.0,2.867,43,0
65.0,2.895,38,1
64.0,2.468,69,0
64.0,2.413,73,0
64.0,2.963,32,0
65.0,3.005,50,0
64.0,2.497,54,0
64.0,2.515,82,1
64.0,2.415,70,1
64.0,2.911,50,1
64.0,2.904,33,1
64.0,2.916,62,1
64.0,2.927,105,0
64.0,2.918,68,0
64.0,2.878,100,0
64.0,2.463,48,0
64.0,2.461,39,0
64.0,2.912,40,0
64.0,3.348,34,0
64.0,2.442,38,0
64.0,2.92,38,0
64.0,2.906,81,1
64.0,2.888,81,0
64.0,3.393,30,0
64.0,2.881,52,1
64.0,2.945,35,0
64.0,2.909,46,0
64.0,2.548,139,0
64.0,2.911,44,0
64.0,2.932,26,0
64.0,2.955,41,0
64.0,2.997,32,1
64.0,2.881,61,0
64.0,3.37,28,1
64.0,2.514,197,2
64.0,2.514,118,1
64.0,2.477,112,2
64.0,2.922,89,0
64.0,2.437,60,0
64.0,2.888,48,0
64.0,2.954,68,0
64.0,2.931,65,0
64.0,2.914,63,0
64.0,2.854,82,0
64.0,3.348,26,0
64.0,2.439,101,0
64.0,2.819,41,1
64.0,2.512,90,0
64.0,2.504,48,0
64.0,2.972,27,0
64.0,2.45,101,0
64.0,2.491,43,1
64.0,2.857,44,1
64.0,2.839,31,0
64.0,2.486,231,4
63.0,2.463,94,0
64.0,2.53,42,2
63.0,2.519,28,0
64.0,2.914,48,1
64.0,2.916,59,1
64.0,2.849,85,0
64.0,3.395,38,0
64.0,2.424,145,2
64.0,2.943,92,0
64.0,2.88,82,0
64.0,2.917,100,1
64.0,2.555,96,0
64.0,2.485,70,0
64.0,2.888,61,0
64.0,2.846,104,0
63.0,2.481,29,0
63.0,2.454,77,1
64.0,2.883,50,1
63.0,2.887,40,1
64.0,2.865,36,1
63.0,2.908,26,0
63.0,2.904,59,1
64.0,3.004,27,0
64.0,2.972,45,1
64.0,2.975,27,0
63.0,2.821,70,0
63.0,2.514,30,0
63.0,2.901,42,2
63.0,2.875,33,0
64.0,2.528,26,0
63.0,2.494,26,0
64.0,2.455,94,0
63.0,2.927,47,1
64.0,2.9,71,0
63.0,2.859,37,1
63.0,2.864,57,0
63.0,2.916,37,0
63.0,2.436,33,0
63.0,2.931,43,0
63.0,2.864,39,0
63.0,2.485,100,1
63.0,2.934,38,0
63.0,2.921,91,0
63.0,3.791,25,0
63.0,2.514,67,0
63.0,2.454,76,0
63.0,2.409,77,0
63.0,2.88,48,1
63.0,2.908,66,0
63.0,2.907,51,1
63.0,2.864,70,1
63.0,2.904,47,0
63.0,2.911,61,0
63.0,2.821,85,0
63.0,2.404,68,0
63.0,2.867,53,1
63.0,2.924,71,0
63.0,2.864,63,0
63.0,3.361,30,2
63.0,2.435,39,0
63.0,2.91,59,0
63.0,2.879,81,1
63.0,2.802,55,0
65.0,2.494,28,0
65.0,2.553,31,1
65.0,2.553,46,1
65.0,2.541,51,1
65.0,2.542,86,0
65.0,3.112,28,0
65.0,3.07,29,0
65.0,3.086,28,0
64.0,2.532,33,0
64.0,2.522,72,2
64.0,2.505,71,1
64.0,3.063,28,0
63.0,3.001,28,0
63.0,3.041,28,0
63.0,2.976,26,1
66.0,3.335,31,0
65.0,2.913,26,0
65.0,2.886,41,0
66.0,3.768,50,0
66.0,3.75,60,0
66.0,3.75,50,0
65.0,3.75,52,0
66.0,3.75,59,1
66.0,3.75,43,2
65.0,3.325,47,0
66.0,3.376,27,0
65.0,3.365,30,1
65.0,3.75,38,0
65.0,3.75,32,0
65.0,3.75,29,0
65.0,3.75,47,1
65.0,3.368,30,1
65.0,3.36,52,0
65.0,3.75,48,1
64.0,3.75,36,0
63.0,2.825,25,0
65.0,2.948,25,0
65.0,2.908,26,0
64.0,2.936,27,0
64.0,2.884,55,0
64.0,2.92,53,0
64.0,2.934,67,0
64.0,2.952,55,0
64.0,2.931,65,0
65.0,2.917,34,0
65.0,2.893,31,0
63.0,2.946,62,3
63.0,2.933,63,0
63.0,2.932,58,1
63.0,2.945,65,0
63.0,2.918,27,1
62.0,2.941,35,0
62.0,2.94,37,0
62.0,2.95,95,1
62.0,2.949,135,1
62.0,2.938,135,1
62.0,2.943,151,0
61.0,2.911,41,1
61.0,2.906,37,1
61.0,2.928,56,1
61.0,2.918,83,1
61.0,3.321,26,0
61.0,3.326,31,0
60.0,3.008,47,1
60.0,3.002,52,0
60.0,3.008,84,0
60.0,3.312,27,0
59.0,2.948,26,0
59.0,2.925,48,0
59.0,2.934,67,1
59.0,2.916,89,0
59.0,2.924,86,1
58.0,2.894,26,0
58.0,2.905,53,2
58.0,2.888,73,2
58.0,2.899,95,0
58.0,2.906,97,0
58.0,2.905,108,0
58.0,2.908,82,0
57.0,2.528,32,0
57.0,2.906,27,0
57.0,2.904,51,0
57.0,2.931,71,0
57.0,2.93,85,0
57.0,2.917,85,0
57.0,2.905,93,0
57.0,2.968,39,0
57.0,2.885,56,2
56.0,2.908,28,0
56.0,2.901,63,1
56.0,2.88,71,0
56.0,2.893,108,0
56.0,2.88,86,0
56.0,2.865,103,0
55.0,2.832,35,0
55.0,2.853,30,0
66.0,4.026,46,0
66.0,3.0,28,1
66.0,3.0,28,0
66.0,3.0,35,1
66.0,3.64,27,0
66.0,3.944,28,0
67.0,3.25,28,0
66.0,3.265,25,0
66.0,3.018,89,1
65.0,2.993,54,0
66.0,3.005,29,1
66.0,3.02,31,0
65.0,3.031,28,0
66.0,3.032,67,0
65.0,2.257,39,0
65.0,3.052,34,0
65.0,3.028,27,0
65.0,3.014,28,1
65.0,3.015,56,0
65.0,3.013,79,0
65.0,3.326,35,0
65.0,3.521,50,0
66.0,3.878,26,0
66.0,3.969,65,0
65.0,3.001,69,1
67.0,3.25,28,0
65.0,3.25,51,0
65.0,2.996,30,0
65.0,2.997,39,0
65.0,2.995,27,1
65.0,3.628,43,1
65.0,3.945,41,1
65.0,2.558,26,0
65.0,3.004,25,0
65.0,2.96,96,1
65.0,3.026,37,0
64.0,2.611,35,0
64.0,2.918,71,0
64.0,3.029,40,0
64.0,3.033,27,1
64.0,3.004,27,0
64.0,2.986,29,0
64.0,3.442,49,1
64.0,4.005,52,0
65.0,3.25,50,0
64.0,2.931,29,0
65.0,3.948,37,0
64.0,2.945,85,0
64.0,3.0,25,0
65.0,2.445,33,0
64.0,2.361,35,0
64.0,2.435,32,0
64.0,2.408,31,0
64.0,2.612,101,0
64.0,2.906,123,0
65.0,3.25,26,0
63.0,3.0,34,1
63.0,3.061,79,0
63.0,2.974,27,0
63.0,3.363,33,1
63.0,3.399,42,1
63.0,3.412,69,1
63.0,3.909,80,2
63.0,3.858,51,0
63.0,2.58,31,1
63.0,2.842,67,0
63.0,2.908,26,0
63.0,2.894,33,0
63.0,2.893,27,0
63.0,2.927,25,0
63.0,3.014,60,1
63.0,3.412,26,0
63.0,3.0,30,0
63.0,2.613,38,0
62.0,2.953,99,1
62.0,3.373,42,1
62.0,3.608,26,0
62.0,3.432,61,0
62.0,3.466,64,1
62.0,3.93,98,1
62.0,3.782,29,0
62.0,2.976,97,0
62.0,3.0,44,0
62.0,2.964,37,0
62.0,3.429,44,1
61.0,3.891,32,0
61.0,3.519,27,0
61.0,3.82,34,0
62.0,2.995,26,0
61.0,3.44,95,1
61.0,3.556,38,0
61.0,3.601,25,1
61.0,3.948,25,0
61.0,3.25,37,1
61.0,2.935,25,0
64.0,2.75,31,0
64.0,2.5,42,0
64.0,2.83,53,0
63.0,2.529,104,0
62.0,2.874,94,1
62.0,2.972,49,1
61.0,3.286,33,1
61.0,2.978,123,1
61.0,3.254,51,0
60.0,2.994,141,0
60.0,3.25,73,1
59.0,3.007,129,1
59.0,3.25,61,0
58.0,2.907,144,0
64.0,2.472,33,0
64.0,2.481,48,1
63.0,2.495,40,0
63.0,2.491,35,0
63.0,2.476,41,0
63.0,2.496,31,0
63.0,2.475,65,0
65.0,3.19,25,0
64.0,3.125,49,0
64.0,3.179,36,1
64.0,3.25,30,0
64.0,3.146,85,1
64.0,3.088,62,0
64.0,3.302,53,1
64.0,3.27,26,0
64.0,3.25,32,0
64.0,3.077,78,0
64.0,3.154,58,0
64.0,3.288,42,1
64.0,3.25,31,0
63.0,3.07,67,1
63.0,3.26,50,1
63.0,3.263,41,0
63.0,3.261,46,0
63.0,3.263,41,1
63.0,3.264,31,0
63.0,3.262,31,0
63.0,3.25,31,0
63.0,3.25,42,0
63.0,3.25,46,0
63.0,3.25,45,0
63.0,3.25,47,0
63.0,3.25,26,0
63.0,3.253,40,0
63.0,3.25,41,0
63.0,3.259,53,0
63.0,3.25,44,0
63.0,3.25,29,0
62.0,2.959,36,0
65.0,2.761,28,0
65.0,2.763,29,0
65.0,2.775,88,0
65.0,2.785,111,1
65.0,2.77,90,1
65.0,2.768,99,1
65.0,2.764,47,0
65.0,2.783,46,0
64.0,2.284,32,0
64.0,2.781,33,0
64.0,2.755,50,1
64.0,2.778,92,0
64.0,2.775,70,1
64.0,2.755,74,0
64.0,2.37,45,0
64.0,2.348,45,0
64.0,2.304,29,0
64.0,2.328,25,0
64.0,2.761,32,0
64.0,2.755,27,1
64.0,2.765,64,0
64.0,2.76,64,0
64.0,2.75,65,0
64.0,2.756,38,0
64.0,2.793,99,2
63.0,2.296,28,0
63.0,2.817,30,0
63.0,2.789,38,0
63.0,2.798,59,1
63.0,2.761,55,0
63.0,2.76,62,0
63.0,2.75,45,0
63.0,2.807,31,0
63.0,2.757,50,0
63.0,2.75,35,0
63.0,2.75,60,1
63.0,2.756,85,1
63.0,2.75,98,1
63.0,2.762,61,1
63.0,2.759,56,0
63.0,2.75,45,0
65.0,2.969,28,0
65.0,2.896,33,0
64.0,2.922,32,0
64.0,2.908,29,1
55.0,3.75,42,0
59.0,3.25,29,1
62.0,3.25,28,0
64.0,3.25,37,0
65.0,2.462,53,0
65.0,2.507,46,0
64.0,2.483,29,0
64.0,2.378,44,1
64.0,2.834,65,0
64.0,2.812,43,0
64.0,2.839,75,0
64.0,2.922,112,0
64.0,2.886,130,1
64.0,2.836,51,1
65.0,2.901,61,0
64.0,2.811,46,1
64.0,2.89,34,0
64.0,2.841,26,0
64.0,2.876,50,0
64.0,2.867,44,0
64.0,2.904,38,0
64.0,2.41,35,0
64.0,2.832,40,0
64.0,2.834,35,0
64.0,2.838,65,1
64.0,2.862,33,0
64.0,2.878,31,0
64.0,2.392,33,0
64.0,2.843,33,0
64.0,2.907,26,0
64.0,2.908,36,0
65.0,3.021,27,1
66.0,3.014,25,0
64.0,3.035,41,0
61.0,2.989,25,0
61.0,2.902,30,0
62.0,2.961,26,0
62.0,2.957,34,1
62.0,2.885,28,0
63.0,3.164,67,0
65.0,3.185,94,1
62.0,2.844,25,0
64.0,2.797,52,1
63.0,2.334,63,0
62.0,2.894,29,0
62.0,2.862,25,0
66.0,3.012,27,0
63.0,2.926,25,0
61.0,3.358,64,1
61.0,3.426,95,0
61.0,2.977,39,0
61.0,3.354,80,0
61.0,3.411,33,0
61.0,3.824,63,1
61.0,3.454,87,0
61.0,3.602,38,0
61.0,3.555,36,0
64.0,2.331,25,0
65.0,2.414,30,0
65.0,2.395,42,1
65.0,2.416,60,0
65.0,2.371,52,0
65.0,2.435,107,0
63.0,3.149,38,1
63.0,2.373,31,0
64.0,2.981,76,3
65.0,2.894,46,0
65.0,2.916,36,0
65.0,2.882,61,0
65.0,2.898,66,0
65.0,2.894,76,0
64.0,2.911,29,0
64.0,2.886,36,0
65.0,2.865,51,1
64.0,2.856,59,0
64.0,2.872,62,0
64.0,2.971,25,0
64.0,2.853,25,2
64.0,2.875,33,0
64.0,2.86,26,0
64.0,2.879,35,0
64.0,2.864,33,0
64.0,2.859,53,0
64.0,2.871,26,0
63.0,2.946,34,1
64.0,2.87,30,1
64.0,2.875,26,0
63.0,2.869,52,0
63.0,2.852,80,1
63.0,3.014,31,0
58.0,2.835,27,1
63.0,2.824,37,0
63.0,3.344,29,0
63.0,2.911,91,0
63.0,2.972,32,0
63.0,2.486,116,1
63.0,2.457,66,0
62.0,2.487,60,1
63.0,2.942,50,0
62.0,2.372,37,0
63.0,2.984,66,1
63.0,2.953,51,0
63.0,2.846,38,1
62.0,3.363,29,1
63.0,2.888,127,1
62.0,2.936,76,0
63.0,2.925,148,0
63.0,2.868,54,1
63.0,2.818,181,0
62.0,3.369,33,0
62.0,2.422,33,0
63.0,2.905,25,0
62.0,2.945,62,0
63.0,2.888,30,0
62.0,3.353,29,1
63.0,2.901,122,1
63.0,2.948,49,0
63.0,2.515,90,1
62.0,2.482,31,0
62.0,2.858,39,0
63.0,2.922,86,1
62.0,2.96,36,0
62.0,2.958,69,1
62.0,2.891,28,0
62.0,2.936,33,0
62.0,2.944,25,0
62.0,2.938,44,0
62.0,2.923,39,1
62.0,2.99,35,0
62.0,2.854,81,1
62.0,3.328,25,0
62.0,2.995,31,0
62.0,2.897,47,3
64.0,2.75,33,0
63.0,2.755,29,0
64.0,2.824,27,0
62.0,2.814,27,0
62.0,2.781,32,0
64.0,2.353,57,1
64.0,2.8,28,0
65.0,2.823,28,0
65.0,2.785,25,0
63.0,2.892,64,0
63.0,2.885,78,2
63.0,2.9,98,1
63.0,2.88,86,0
63.0,2.811,76,1
63.0,2.935,31,0
62.0,2.879,37,0
62.0,2.916,28,2
62.0,2.924,64,1
62.0,2.925,94,1
62.0,2.842,85,0
61.0,2.946,26,0
61.0,2.943,44,1
61.0,2.986,38,0
61.0,2.857,57,2
61.0,3.384,26,0
61.0,3.393,25,0
61.0,3.387,66,0
61.0,3.431,63,2
61.0,3.396,40,1
61.0,3.291,28,1
60.0,2.938,41,1
60.0,2.967,44,0
60.0,2.9,62,0
60.0,3.5,34,0
60.0,3.444,40,0
60.0,3.453,25,0
60.0,3.454,76,1
60.0,3.39,67,0
60.0,3.34,56,0
60.0,3.465,53,0
60.0,3.295,34,0
65.0,2.833,25,0
64.0,2.626,35,0
64.0,2.807,28,0
63.0,2.832,32,0
63.0,2.794,33,0
63.0,2.859,25,0
62.0,2.979,29,0
65.0,2.769,27,0
65.0,2.805,33,1
65.0,2.811,35,0
66.0,3.392,38,0
64.0,2.479,35,0
64.0,2.468,49,0
65.0,2.817,27,0
65.0,2.81,34,0
63.0,2.485,66,0
63.0,2.431,30,1
264.0,6.469,27,0
260.0,5.922,30,0
64.0,2.867,96,0
63.0,2.847,59,1
65.0,2.45,47,0
65.0,2.452,46,0
65.0,2.931,31,2
65.0,2.863,116,0
65.0,2.934,26,0
65.0,2.947,29,0
65.0,2.901,89,1
65.0,2.908,118,0
65.0,2.938,55,0
65.0,2.932,40,0
65.0,2.449,34,0
64.0,2.47,27,0
64.0,2.45,45,0
64.0,2.428,63,0
64.0,2.451,61,0
64.0,2.892,34,1
64.0,2.864,33,0
65.0,2.897,49,0
64.0,2.888,36,1
65.0,2.921,30,0
64.0,2.859,50,0
64.0,2.9,42,0
64.0,2.887,185,1
64.0,2.861,42,0
65.0,2.885,25,1
64.0,2.993,27,0
64.0,2.908,106,1
64.0,2.891,73,1
64.0,2.871,27,0
64.0,2.429,84,1
64.0,2.469,29,0
63.0,2.469,69,0
63.0,2.439,49,0
63.0,2.867,118,0
63.0,2.857,33,0
63.0,2.862,43,0
63.0,2.82,66,1
63.0,2.851,32,0
63.0,2.868,32,0
63.0,2.877,39,0
63.0,2.929,28,0
63.0,2.868,96,1
63.0,2.911,36,0
62.0,2.871,35,1
62.0,2.893,59,0
62.0,2.876,43,2
62.0,2.863,84,0
62.0,2.888,74,1
62.0,2.885,72,2
62.0,2.856,36,0
62.0,2.87,68,0
62.0,2.882,66,0
62.0,2.883,81,0
62.0,3.389,26,0
62.0,3.296,29,0
62.0,3.35,26,0
61.0,2.893,44,0
61.0,2.85,51,0
61.0,2.826,41,0
61.0,2.801,60,1
61.0,2.838,62,1
64.0,2.49,27,0
63.0,2.856,31,0
61.0,2.959,34,0
61.0,3.306,25,0
62.0,2.778,38,1
62.0,2.75,25,1
62.0,2.791,25,0
62.0,2.771,25,1
61.0,2.763,30,0
63.0,3.018,26,0
62.0,2.944,42,1
62.0,2.974,31,0
63.0,2.913,58,0
63.0,2.895,34,0
61.0,2.937,28,0
61.0,3.383,25,0
61.0,3.307,33,0
61.0,3.336,30,0
61.0,3.398,25,0
61.0,3.317,37,1
59.0,2.869,27,0
59.0,2.81,60,0
59.0,3.347,30,0
59.0,3.307,27,1
59.0,3.299,31,0
59.0,3.261,42,0
64.0,2.342,30,0
64.0,2.338,37,1
64.0,2.374,26,0
63.0,2.414,62,1
63.0,2.813,45,0
64.0,2.859,41,0
63.0,2.858,86,1
63.0,2.876,86,0
63.0,2.88,97,0
63.0,2.814,27,0
63.0,2.832,47,0
63.0,2.818,83,1
63.0,2.845,50,0
63.0,2.811,45,0
63.0,2.816,40,0
63.0,2.839,43,0
63.0,2.851,46,1
63.0,2.848,64,1
62.0,2.869,25,0
62.0,2.889,35,0
62.0,2.86,46,0
63.0,2.827,26,0
63.0,2.847,31,1
63.0,2.85,58,1
62.0,2.823,76,0
62.0,2.854,59,1
63.0,2.808,28,0
63.0,2.922,32,1
62.0,2.841,116,1
62.0,2.867,154,0
62.0,2.885,63,0
62.0,2.833,47,1
62.0,3.295,30,0
62.0,3.271,27,0
62.0,2.756,46,0
62.0,2.76,46,0
62.0,2.754,96,0
62.0,2.756,88,0
62.0,2.756,94,1
62.0,2.764,90,0
62.0,2.763,57,0
62.0,2.766,54,0
62.0,2.773,32,1
62.0,2.75,26,0
62.0,2.761,40,0
62.0,2.779,32,0
62.0,2.76,59,0
62.0,2.761,98,0
62.0,2.769,92,0
62.0,2.753,79,0
62.0,2.764,39,1
61.0,2.779,104,1
61.0,2.767,346,3
61.0,3.282,35,0
63.0,2.845,33,0
63.0,3.354,33,0
63.0,2.861,25,0
63.0,2.85,30,0
61.0,3.429,52,1
60.0,3.425,31,0
60.0,3.432,26,0
62.0,2.982,28,1
62.0,2.992,40,0
62.0,2.983,30,0
62.0,2.983,29,0
62.0,2.918,26,0
62.0,3.031,29,0
62.0,3.005,37,1
62.0,3.026,51,0
62.0,3.02,45,0
61.0,3.056,43,0
61.0,3.046,47,0
61.0,3.038,53,0
61.0,3.047,28,0
60.0,3.005,30,0
60.0,3.032,36,0
60.0,3.01,27,1
60.0,3.075,28,0
60.0,3.033,32,0
64.0,2.862,37,0
64.0,2.843,25,1
64.0,2.858,32,0
64.0,2.835,56,0
64.0,2.4,42,1
61.0,3.53,50,0
61.0,3.459,29,0
61.0,3.529,30,0
61.0,3.49,35,0
61.0,3.591,65,0
61.0,3.476,49,0
60.0,3.296,148,1
60.0,2.955,38,0
60.0,3.322,141,1
61.0,3.546,45,1
61.0,3.45,51,0
60.0,2.961,45,0
60.0,3.379,145,3
60.0,3.453,47,0
61.0,3.52,92,1
61.0,3.538,37,0
61.0,3.439,28,0
61.0,3.407,60,0
61.0,3.529,28,0
61.0,3.542,30,0
61.0,3.448,32,0
61.0,3.467,129,0
61.0,3.554,30,0
61.0,3.51,30,0
60.0,2.991,53,0
60.0,3.007,267,0
60.0,3.414,146,0
61.0,3.387,39,0
58.0,3.303,41,0
58.0,3.367,38,0
58.0,3.357,27,0
58.0,3.299,31,0
58.0,2.819,29,0
58.0,2.819,47,0
60.0,3.364,27,0
62.0,2.856,46,0
62.0,2.856,38,1
62.0,3.36,44,0
62.0,3.325,33,0
62.0,3.295,36,0
62.0,3.321,53,0
61.0,3.263,25,0
61.0,3.315,35,0
61.0,3.346,49,0
61.0,3.322,55,0
63.0,2.893,48,0
63.0,2.887,76,0
63.0,2.951,60,0
57.0,3.399,68,1
58.0,3.385,67,1
57.0,3.871,64,0
58.0,3.855,33,2
59.0,3.84,32,0
55.0,2.347,51,0
56.0,2.929,33,0
62.0,2.898,72,1
62.0,2.897,64,0
62.0,2.906,46,0
62.0,4.332,26,0
61.0,2.884,67,0
61.0,2.939,54,1
61.0,3.396,32,0
61.0,3.836,37,0
62.0,3.828,26,0
60.0,2.932,35,1
60.0,2.884,91,3
61.0,2.887,37,1
60.0,3.398,39,0
60.0,3.426,25,1
60.0,3.383,32,1
60.0,2.868,35,1
64.0,2.841,26,0
63.0,2.791,40,1
62.0,2.823,30,0
62.0,3.347,32,0
63.0,2.832,49,0
63.0,3.022,38,1
62.0,3.023,78,1
62.0,3.071,39,0
61.0,3.125,44,0
62.0,3.083,26,0
60.0,3.125,38,1
60.0,3.125,30,0
60.0,3.0,55,0
59.0,3.0,49,0
59.0,3.0,65,0
58.0,3.0,50,2
58.0,3.0,95,0
58.0,4.0,25,0
57.0,3.0,88,0
57.0,3.0,38,0
56.0,3.0,32,0
56.0,3.125,31,0
55.0,3.0,36,1
55.0,3.125,28,1
55.0,3.0,32,0
55.0,3.125,31,0
54.0,3.25,68,0
53.0,3.25,35,0
52.0,3.375,25,0
52.0,3.375,40,1
51.0,3.5,27,0
49.0,4.5,34,0
61.0,2.87,233,1
61.0,2.839,214,0
61.0,3.285,42,0
61.0,3.306,75,0
60.0,2.847,159,0
61.0,3.31,118,0
61.0,3.281,25,1
60.0,2.86,134,2
60.0,2.827,284,2
60.0,3.317,107,2
63.0,2.798,30,1
61.0,2.805,33,1
63.0,2.855,26,0
62.0,2.862,34,1
61.0,3.29,31,0
62.0,2.889,38,0
62.0,2.892,34,0
62.0,2.845,25,0
62.0,2.843,35,0
62.0,2.939,26,0
60.0,2.969,32,0
60.0,2.894,27,0
63.0,2.578,82,1
63.0,2.605,26,0
63.0,2.977,32,0
63.0,2.92,38,0
63.0,2.523,35,0
63.0,2.986,29,0
63.0,2.514,83,2
63.0,2.944,38,0
63.0,2.93,25,0
62.0,3.062,29,0
62.0,3.006,29,0
62.0,3.007,50,1
63.0,2.976,34,0
62.0,2.981,35,0
62.0,3.019,40,0
62.0,3.016,27,0
62.0,2.983,26,0
62.0,2.985,26,0
62.0,2.998,25,0
62.0,2.935,37,1
62.0,2.935,39,0
61.0,3.015,30,1
61.0,3.029,26,0
61.0,2.999,26,0
61.0,3.043,32,0
61.0,3.04,47,0
61.0,3.069,31,0
61.0,3.022,27,0
61.0,3.327,25,0
61.0,3.034,40,0
61.0,3.034,42,0
61.0,3.448,35,1
61.0,3.4,27,0
61.0,3.413,37,0
61.0,3.357,38,0
61.0,3.004,27,0
61.0,3.029,33,0
61.0,3.032,41,0
60.0,3.445,25,1
61.0,3.454,25,0
60.0,3.021,38,0
60.0,3.473,26,0
60.0,3.451,25,0
60.0,3.45,25,0
60.0,3.478,27,1
60.0,3.288,26,0
64.0,3.75,56,1
64.0,3.75,30,0
64.0,3.75,39,1
64.0,3.355,36,0
64.0,3.38,35,0
64.0,3.361,27,0
63.0,3.75,26,0
63.0,3.75,41,0
63.0,3.75,43,0
64.0,3.75,39,0
63.0,3.75,34,0
62.0,3.75,32,0
63.0,3.757,54,1
62.0,3.345,46,0
62.0,3.766,59,0
62.0,3.776,29,0
62.0,3.757,34,0
205.0,5.411,42,1
62.0,2.924,27,0
61.0,3.581,28,0
61.0,2.995,25,0
62.0,4.136,38,1
61.0,2.937,26,0
62.0,3.565,39,0
60.0,3.303,25,0
59.0,3.418,30,0
62.0,3.004,35,0
60.0,3.33,31,1
62.0,2.953,33,0
62.0,3.027,45,0
62.0,2.984,38,0
60.0,3.345,32,0
60.0,3.486,25,0
64.0,2.75,103,1
63.0,2.758,26,0
63.0,3.0,45,0
63.0,2.75,33,0
62.0,2.792,48,1
62.0,3.5,36,0
63.0,2.363,25,0
63.0,2.836,117,0
62.0,2.834,121,0
62.0,2.878,56,0
63.0,2.378,31,0
63.0,2.814,101,1
63.0,2.84,72,1
62.0,2.855,78,2
63.0,2.831,113,1
60.0,3.54,38,1
60.0,3.851,26,0
61.0,3.416,26,1
61.0,2.951,31,0
62.0,2.889,30,0
61.0,3.403,28,0
62.0,2.894,26,0
62.0,2.884,34,1
61.0,2.969,32,0
61.0,2.988,25,0
61.0,2.951,33,0
63.0,2.941,28,0
61.0,3.343,28,0
61.0,3.382,46,0
61.0,2.938,38,1
62.0,2.971,47,0
59.0,3.473,26,0
62.0,2.824,35,0
62.0,2.832,28,0
62.0,3.331,27,0
61.0,3.304,30,0
61.0,3.292,30,0
62.0,2.828,38,0
63.0,2.866,93,1
62.0,3.39,28,1
63.0,2.994,53,1
62.0,3.468,32,0
63.0,2.866,26,0
63.0,2.855,26,0
63.0,2.864,43,0
63.0,2.835,41,0
63.0,2.875,94,1
62.0,3.367,29,0
62.0,3.351,27,0
62.0,3.375,65,1
61.0,3.455,34,0
62.0,2.884,71,0
61.0,3.408,41,0
61.0,3.393,40,0
61.0,3.399,65,0
61.0,3.341,59,0
61.0,3.37,74,0
61.0,3.449,59,0
61.0,3.461,33,0
62.0,2.93,30,0
61.0,3.403,29,0
61.0,3.37,40,0
61.0,3.257,51,1
61.0,2.769,34,0
60.0,3.253,59,0
60.0,3.778,40,0
59.0,2.764,26,0
59.0,3.25,51,0
59.0,3.75,28,0
58.0,2.77,25,0
58.0,3.25,52,0
58.0,3.851,69,0
57.0,3.25,47,0
57.0,3.802,37,0
56.0,2.75,30,0
56.0,3.256,44,0
56.0,3.75,43,0
56.0,2.794,25,0
55.0,3.25,42,0
55.0,3.75,34,0
55.0,2.823,30,0
62.0,2.889,52,0
62.0,2.915,34,0
62.0,2.977,40,0
62.0,2.912,44,1
62.0,2.966,99,0
62.0,2.841,81,0
62.0,3.371,34,1
62.0,2.922,25,0
62.0,2.933,55,2
62.0,2.927,30,0
62.0,2.912,75,0
62.0,2.858,107,0
62.0,2.929,63,1
62.0,2.959,59,0
62.0,3.352,26,1
62.0,2.952,105,1
62.0,2.467,64,0
62.0,2.834,44,1
62.0,3.407,26,1
62.0,3.353,42,0
62.0,2.886,99,1
62.0,2.909,61,0
62.0,2.963,57,2
62.0,2.885,62,0
62.0,2.927,29,0
62.0,2.988,63,0
62.0,2.886,29,0
62.0,2.966,48,0
62.0,2.946,39,1
62.0,2.956,34,0
62.0,2.887,47,0
61.0,2.949,74,0
61.0,2.905,29,0
61.0,3.367,45,1
61.0,3.333,51,0
61.0,3.386,27,1
61.0,2.922,123,0
61.0,2.965,64,0
61.0,2.965,33,1
61.0,3.351,52,0
61.0,3.369,67,0
61.0,3.362,74,0
61.0,3.286,62,0
62.0,2.816,252,1
61.0,2.9,50,0
62.0,2.973,40,0
62.0,2.942,59,2
62.0,2.929,31,1
61.0,2.923,75,0
61.0,3.276,83,1
61.0,3.277,72,0
62.0,2.939,159,0
61.0,3.338,47,0
61.0,3.322,26,0
61.0,3.342,78,1
62.0,3.341,53,1
62.0,3.28,26,0
62.0,3.301,29,1
61.0,2.952,46,0
61.0,2.852,27,0
61.0,2.933,39,0
61.0,3.359,46,0
62.0,2.93,51,0
61.0,2.864,38,0
61.0,2.966,58,2
61.0,3.322,26,0
61.0,2.948,42,0
61.0,2.981,33,0
61.0,2.949,57,0
61.0,2.843,67,1
61.0,3.331,73,1
61.0,2.901,72,2
61.0,2.907,90,0
61.0,3.348,30,1
61.0,3.35,33,0
61.0,3.259,44,0
61.0,3.264,26,0
61.0,2.951,42,0
61.0,3.296,32,0
61.0,2.969,47,0
61.0,2.938,61,2
61.0,2.886,75,0
61.0,3.326,27,0
61.0,3.355,36,1
61.0,3.304,25,0
61.0,2.941,50,1
61.0,2.893,41,0
62.0,3.25,93,0
62.0,3.27,77,2
62.0,3.256,106,2
62.0,3.25,75,1
62.0,3.25,64,0
62.0,3.25,54,1
62.0,3.285,34,0
62.0,3.25,28,2
62.0,2.928,31,0
62.0,2.956,25,1
62.0,2.894,33,0
62.0,2.922,34,0
62.0,3.333,25,1
61.0,2.974,31,0
61.0,3.32,54,0
61.0,3.32,30,0
61.0,3.393,31,0
61.0,3.885,28,0
61.0,3.298,34,0
61.0,3.37,34,0
61.0,3.362,36,0
61.0,3.085,33,0
61.0,3.341,25,0
61.0,3.408,43,0
61.0,3.309,27,0
61.0,3.92,26,0
61.0,2.967,28,1
61.0,3.093,31,0
61.0,3.43,32,0
61.0,3.381,30,0
61.0,3.475,25,0
60.0,3.397,55,0
60.0,3.433,31,0
60.0,3.366,42,0
60.0,3.398,37,0
60.0,3.346,27,0
60.0,3.48,29,0
60.0,3.414,28,1
60.0,3.398,29,0
60.0,3.426,39,1
62.0,2.85,31,0
63.0,2.842,77,1
63.0,2.857,115,0
62.0,2.795,29,0
62.0,2.495,96,1
62.0,2.423,88,0
61.0,2.489,87,0
61.0,2.429,55,0
61.0,3.283,30,1
57.0,2.858,39,1
57.0,3.306,28,0
57.0,3.312,35,0
57.0,3.307,35,1
62.0,2.829,32,0
62.0,2.824,25,0
61.0,3.269,29,0
61.0,2.829,27,0
60.0,2.848,30,0
61.0,2.874,26,0
62.0,2.83,27,0
61.0,2.828,27,0
59.0,3.75,40,0
58.0,3.75,25,0
60.0,3.75,27,0
61.0,2.99,28,0
60.0,2.99,29,0
66.0,2.968,147,0
62.0,3.045,119,2
61.0,3.05,37,0
62.0,3.055,37,0
61.0,3.042,45,0
61.0,3.125,40,0
61.0,3.079,86,0
62.0,3.452,216,2
60.0,3.022,29,0
60.0,3.154,25,0
60.0,3.084,28,1
60.0,3.212,77,0
60.0,3.066,54,0
59.0,3.463,373,4
59.0,3.081,26,0
59.0,3.182,43,0
58.0,3.094,41,0
60.0,3.917,58,1
58.0,3.071,73,0
58.0,3.125,71,1
58.0,3.153,62,0
58.0,3.125,85,0
58.0,3.153,62,0
57.0,3.16,224,2
58.0,3.474,434,4
56.0,3.935,53,2
55.0,3.131,221,5
55.0,3.454,93,1
54.0,3.535,98,0
61.0,3.35,30,0
61.0,3.367,38,1
61.0,3.35,34,0
61.0,3.344,28,0
60.0,3.357,26,0
61.0,3.511,30,0
62.0,3.341,33,0
60.0,2.787,25,1
62.0,2.79,28,0
63.0,3.338,31,0
63.0,3.377,26,0
63.0,3.36,26,0
62.0,2.774,32,0
61.0,3.421,25,0
61.0,2.937,134,0
61.0,2.909,154,2
61.0,2.928,73,0
61.0,2.844,105,0
61.0,3.354,71,0
61.0,3.344,84,1
61.0,3.371,67,1
61.0,2.928,126,0
61.0,3.414,90,1
61.0,3.393,86,0
61.0,3.518,36,0
61.0,3.555,38,0
61.0,3.337,48,0
61.0,2.914,95,0
61.0,3.358,71,0
61.0,3.387,76,0
60.0,2.913,57,0
60.0,2.92,64,1
61.0,2.936,152,0
61.0,2.957,60,1
61.0,2.881,194,2
61.0,3.367,144,2
60.0,3.404,167,5
60.0,3.397,161,1
60.0,3.369,126,0
60.0,3.463,74,0
61.0,3.393,120,0
60.0,3.356,72,1
60.0,2.933,38,0
60.0,3.426,83,1
60.0,3.403,84,0
60.0,2.961,67,1
60.0,2.99,88,0
60.0,2.909,70,2
60.0,3.365,75,3
60.0,3.318,103,2
60.0,3.365,100,0
60.0,3.422,72,3
60.0,3.351,61,0
60.0,3.406,74,1
60.0,3.349,57,0
59.0,2.94,106,1
59.0,2.924,79,0
59.0,2.925,158,1
59.0,2.923,107,0
59.0,2.95,75,0
59.0,2.883,111,0
59.0,3.392,128,2
59.0,3.389,90,1
59.0,3.422,218,2
59.0,3.39,183,1
59.0,3.406,159,0
59.0,3.378,150,2
59.0,3.499,81,0
59.0,3.349,44,2
60.0,3.295,133,1
60.0,3.311,125,0
60.0,3.336,66,0
60.0,3.463,86,0
60.0,3.872,44,0
60.0,3.476,40,0
60.0,3.463,26,0
60.0,3.42,26,0
61.0,3.444,27,0
60.0,3.395,90,1
60.0,3.508,33,0
60.0,3.544,46,0
60.0,3.374,43,0
60.0,3.568,36,0
60.0,3.505,30,0
60.0,3.846,32,0
60.0,3.118,43,0
60.0,3.464,66,0
60.0,3.87,27,0
59.0,2.968,193,0
59.0,3.308,170,2
59.0,2.963,54,0
59.0,2.968,184,2
59.0,3.31,154,0
59.0,3.4,160,2
59.0,3.508,52,0
59.0,3.44,30,0
60.0,3.383,39,0
60.0,3.496,29,0
60.0,3.473,43,0
60.0,3.524,78,0
60.0,3.134,60,0
60.0,3.413,137,2
60.0,3.94,25,0
60.0,3.426,33,0
60.0,3.919,45,0
60.0,4.122,25,1
59.0,3.005,36,0
59.0,3.005,64,0
59.0,3.401,114,0
59.0,2.979,219,4
59.0,3.315,118,1
59.0,3.329,121,1
59.0,2.97,223,2
59.0,3.333,42,0
59.0,3.875,47,0
59.0,3.387,131,0
59.0,2.948,58,0
59.0,3.327,77,0
59.0,3.499,40,1
60.0,3.489,26,0
59.0,3.518,29,0
59.0,3.531,65,0
59.0,3.405,54,0
59.0,3.443,97,0
59.0,3.929,60,0
60.0,3.416,37,0
59.0,3.168,33,1
59.0,3.387,43,0
59.0,3.875,40,0
58.0,2.975,68,1
58.0,3.412,179,2
58.0,2.967,243,1
58.0,3.323,125,1
58.0,2.994,62,0
58.0,2.966,263,2
58.0,3.338,121,1
61.0,2.99,27,0
60.0,2.953,32,0
60.0,3.591,30,0
61.0,4.171,29,0
61.0,2.975,31,0
61.0,2.901,80,0
61.0,3.328,68,1
61.0,2.508,88,0
61.0,2.892,87,2
61.0,3.333,39,0
61.0,3.328,31,1
61.0,2.939,57,0
61.0,3.361,45,0
61.0,2.932,42,0
61.0,3.347,38,0
61.0,3.275,45,0
61.0,3.269,55,1
61.0,3.366,40,0
61.0,3.306,34,0
61.0,2.942,50,0
61.0,2.964,39,0
61.0,2.926,97,0
61.0,2.958,28,0
61.0,2.889,72,0
61.0,3.364,49,1
61.0,3.374,31,0
61.0,3.367,45,0
61.0,3.345,41,0
61.0,2.889,69,1
61.0,3.351,35,0
61.0,3.332,55,1
61.0,3.308,59,0
61.0,2.975,26,1
61.0,2.939,54,1
61.0,2.919,90,0
61.0,2.92,25,0
61.0,3.352,34,0
61.0,2.92,78,0
61.0,2.938,33,0
61.0,2.928,81,0
61.0,2.942,77,1
61.0,2.895,70,0
61.0,3.332,205,1
61.0,3.472,35,0
61.0,2.964,108,1
60.0,2.959,39,0
60.0,2.973,54,1
60.0,2.979,74,0
61.0,2.929,74,0
60.0,3.346,64,2
61.0,3.38,48,1
60.0,3.379,73,0
61.0,2.975,104,1
61.0,3.364,40,0
61.0,3.34,213,2
61.0,3.346,56,0
61.0,3.35,102,0
61.0,3.358,49,1
60.0,3.321,92,2
61.0,3.311,38,0
61.0,3.819,33,1
61.0,3.324,82,2
61.0,3.317,150,1
60.0,2.977,47,0
61.0,2.904,69,0
60.0,3.369,36,1
61.0,3.767,30,1
61.0,3.331,84,0
61.0,3.371,49,1
61.0,3.326,34,1
61.0,3.332,36,0
61.0,3.306,40,0
61.0,3.289,34,2
61.0,3.321,56,1
60.0,2.975,63,1
60.0,2.896,34,0
60.0,3.343,31,0
60.0,3.342,44,0
61.0,3.361,42,0
61.0,3.364,48,1
61.0,3.383,30,0
60.0,3.329,34,0
60.0,2.956,38,0
60.0,3.298,26,0
60.0,3.329,58,1
60.0,3.34,46,2
60.0,2.975,40,0
60.0,2.92,51,0
60.0,3.33,31,0
60.0,2.951,43,1
60.0,2.945,82,1
60.0,3.355,50,0
60.0,3.331,34,0
61.0,3.327,111,0
61.0,3.372,27,1
61.0,3.31,25,0
61.0,3.306,32,0
61.0,3.35,34,0
61.0,3.349,30,0
61.0,3.315,35,0
60.0,3.282,27,0
60.0,3.397,26,0
60.0,3.366,31,1
60.0,3.367,48,0
60.0,3.339,45,0
60.0,3.321,51,0
60.0,3.367,25,1
60.0,3.334,28,0
60.0,3.331,27,0
60.0,3.394,32,0
60.0,3.398,38,0
59.0,2.96,27,0
59.0,3.429,43,0
59.0,3.426,54,0
59.0,3.391,48,0
62.0,2.845,141,3
62.0,3.337,34,0
62.0,2.859,64,2
62.0,2.831,90,0
62.0,2.815,95,1
62.0,2.789,222,1
62.0,2.845,112,2
61.0,2.905,28,1
61.0,2.903,32,0
60.0,2.812,31,0
61.0,2.862,28,0
60.0,2.843,25,0
57.0,2.369,27,0
57.0,2.85,82,1
58.0,2.92,59,1
57.0,2.912,68,3
57.0,2.881,46,0
57.0,3.413,77,2
59.0,2.371,55,0
59.0,2.838,46,1
59.0,2.92,34,0
59.0,2.887,100,1
59.0,3.434,30,1
61.0,2.868,25,0
61.0,2.885,27,2
61.0,2.854,31,0
60.0,2.88,38,0
59.0,2.929,25,0
59.0,2.821,65,0
59.0,2.926,27,0
59.0,2.912,26,0
59.0,2.827,38,0
61.0,3.314,29,0
61.0,3.344,29,0
61.0,3.293,27,0
62.0,2.999,29,0
61.0,3.542,28,0
60.0,3.39,25,0
60.0,2.824,26,0
61.0,2.977,26,0
59.0,2.893,29,0
61.0,2.882,30,0
61.0,3.445,30,1
61.0,2.86,50,0
61.0,2.878,79,1
60.0,2.978,25,1
59.0,2.949,27,0
60.0,3.004,36,0
60.0,2.931,29,0
60.0,2.924,56,0
60.0,2.923,29,0
59.0,2.94,26,0
59.0,3.025,40,0
59.0,2.989,25,0
62.0,3.268,69,1
62.0,3.262,69,2
61.0,3.035,128,1
61.0,3.289,89,0
61.0,3.299,75,0
61.0,3.287,68,0
60.0,3.002,111,0
59.0,3.242,53,0
60.0,3.235,54,0
60.0,3.265,57,0
60.0,3.262,81,1
59.0,2.998,110,1
59.0,3.241,45,0
59.0,3.253,87,1
59.0,3.252,84,0
59.0,3.252,51,0
58.0,3.0,47,0
58.0,3.249,94,1
58.0,3.25,103,2
58.0,3.252,112,1
58.0,3.25,44,0
57.0,3.001,114,0
57.0,3.25,71,0
57.0,3.25,119,0
57.0,3.25,111,0
57.0,3.253,78,1
56.0,3.0,60,0
56.0,3.0,38,0
56.0,3.25,82,0
56.0,3.25,92,0
56.0,3.25,74,0
55.0,3.0,48,0
55.0,3.0,25,0
55.0,3.25,106,1
62.0,3.788,27,1
62.0,3.759,40,0
62.0,3.385,28,0
61.0,3.839,42,1
61.0,3.799,34,1
62.0,3.778,32,1
62.0,3.772,34,0
61.0,3.839,41,0
61.0,3.809,36,0
62.0,3.443,31,0
61.0,3.85,33,0
61.0,3.854,27,0
61.0,3.438,36,0
61.0,3.851,36,0
60.0,3.354,45,2
60.0,3.868,44,0
61.0,3.864,46,1
60.0,4.25,34,0
61.0,3.854,56,0
61.0,3.265,35,1
61.0,3.289,46,0
61.0,3.266,39,0
61.0,2.76,30,0
61.0,2.789,47,2
61.0,2.765,27,1
61.0,2.797,50,0
61.0,2.768,26,0
61.0,2.29,103,0
61.0,3.296,49,0
61.0,2.784,244,1
61.0,2.805,73,1
61.0,2.783,30,1
61.0,2.782,92,0
61.0,2.781,72,0
61.0,3.279,61,1
61.0,3.266,51,1
61.0,3.265,25,0
61.0,3.267,47,2
61.0,3.281,40,1
61.0,3.278,80,0
61.0,3.284,25,0
60.0,2.795,100,0
60.0,2.771,90,1
60.0,2.79,93,0
60.0,3.288,47,0
60.0,3.281,65,1
60.0,3.297,53,0
60.0,2.798,41,0
60.0,2.791,75,1
60.0,3.286,45,0
60.0,3.287,27,0
60.0,3.3,29,0
60.0,3.288,48,0
60.0,3.316,25,0
60.0,2.804,98,0
60.0,2.816,127,0
60.0,3.289,45,0
60.0,3.266,39,0
60.0,3.284,33,0
60.0,3.305,65,0
60.0,3.275,56,0
60.0,3.278,29,1
60.0,2.811,89,0
60.0,2.827,82,0
60.0,2.809,28,0
60.0,2.824,26,0
60.0,2.853,33,0
60.0,2.837,36,1
61.0,3.515,66,1
61.0,3.922,46,0
61.0,3.92,29,0
61.0,3.955,29,0
61.0,3.991,25,0
61.0,4.017,110,1
61.0,3.259,26,0
61.0,3.042,58,0
61.0,3.422,27,0
61.0,3.447,33,0
61.0,3.75,25,0
62.0,3.012,25,0
61.0,3.488,42,1
61.0,3.487,25,0
61.0,3.954,27,0
60.0,3.448,137,2
60.0,3.516,27,0
60.0,3.405,30,0
60.0,3.094,30,0
60.0,3.25,58,3
60.0,3.541,31,0
60.0,3.55,30,0
60.0,3.537,27,0
60.0,3.972,28,2
60.0,3.936,29,1
60.0,3.956,29,1
60.0,4.02,73,1
60.0,3.25,61,1
60.0,3.404,25,0
60.0,3.404,30,0
60.0,3.759,42,1
60.0,3.528,64,0
60.0,4.015,30,0
60.0,3.532,26,0
60.0,3.0,25,0
60.0,3.401,32,0
59.0,2.89,29,0
59.0,3.389,80,0
59.0,3.12,27,0
59.0,3.422,30,0
59.0,3.463,36,0
59.0,3.596,30,0
59.0,3.597,32,0
59.0,3.602,60,2
59.0,4.079,56,0
59.0,3.25,60,2
59.0,3.422,32,0
59.0,3.44,31,0
59.0,3.427,26,0
59.0,3.75,43,0
59.0,3.542,75,0
59.0,3.396,44,0
59.0,3.25,93,0
58.0,3.476,41,0
58.0,3.485,67,0
58.0,3.48,68,2
58.0,3.48,45,0
58.0,3.474,25,0
58.0,3.477,27,0
59.0,2.872,27,1
58.0,3.578,44,0
58.0,3.58,30,0
58.0,3.57,31,0
58.0,4.052,37,0
58.0,3.252,53,0
58.0,3.475,25,0
58.0,3.456,28,0
58.0,3.473,28,1
58.0,3.75,54,1
58.0,3.25,60,0
58.0,3.532,72,0
58.0,4.076,31,0
58.0,3.0,35,0
58.0,3.0,25,0
58.0,3.0,25,0
58.0,3.25,31,0
58.0,3.41,43,1
57.0,3.486,38,0
57.0,3.483,28,0
57.0,3.481,41,1
58.0,3.482,28,0
57.0,3.516,76,1
57.0,3.539,36,0
57.0,3.552,29,0
57.0,3.539,26,0
57.0,3.581,26,0
57.0,3.555,37,0
57.0,4.048,32,0
58.0,2.924,35,0
57.0,4.079,38,0
57.0,3.25,28,0
57.0,3.25,33,0
57.0,3.412,27,1
57.0,3.413,26,0
57.0,3.403,31,0
57.0,3.397,29,0
57.0,3.393,29,0
59.0,2.911,34,0
59.0,2.94,33,2
60.0,3.369,27,0
61.0,2.838,60,0
61.0,2.884,28,0
61.0,3.356,25,0
61.0,3.35,53,1
61.0,3.43,28,0
61.0,3.383,34,1
61.0,3.362,52,0
61.0,3.345,30,0
61.0,3.392,87,0
61.0,3.471,27,0
61.0,3.875,31,0
61.0,3.854,48,0
61.0,3.887,34,0
61.0,2.945,58,0
60.0,2.901,49,0
60.0,2.829,26,0
60.0,2.829,27,0
60.0,2.884,62,1
60.0,2.874,61,0
61.0,2.895,75,0
60.0,3.435,40,0
60.0,3.392,28,0
60.0,3.43,41,0
60.0,3.414,43,0
60.0,3.319,38,0
60.0,3.371,93,0
60.0,3.37,45,0
60.0,3.859,40,0
60.0,3.845,25,0
60.0,3.894,29,0
60.0,2.899,33,0
60.0,2.933,48,0
60.0,2.921,60,0
60.0,2.878,43,0
60.0,3.362,27,0
60.0,3.37,26,0
60.0,3.336,49,1
60.0,3.376,25,0
59.0,2.856,41,1
59.0,2.898,29,1
59.0,2.896,30,0
59.0,2.848,36,2
59.0,2.865,76,0
59.0,2.863,70,0
59.0,2.879,36,0
59.0,2.883,141,0
59.0,2.859,103,0
59.0,2.896,82,0
59.0,3.424,37,1
59.0,3.407,50,0
59.0,3.407,33,0
59.0,3.408,88,0
59.0,3.364,43,0
59.0,2.901,40,0
59.0,2.917,51,0
59.0,2.939,68,0
59.0,2.943,66,0
59.0,3.447,33,0
59.0,3.474,28,0
59.0,3.508,25,0
59.0,3.418,40,0
59.0,3.5,62,0
59.0,3.547,96,0
59.0,3.437,34,0
59.0,3.539,53,0
59.0,3.887,41,1
59.0,3.889,30,0
59.0,3.988,32,0
59.0,4.006,25,0
57.0,2.849,32,0
60.0,3.295,25,0
58.0,3.483,42,1
59.0,3.844,37,2
58.0,3.562,25,0
58.0,3.115,26,0
59.0,3.199,35,0
59.0,3.57,35,0
58.0,3.168,45,0
59.0,3.584,27,1
58.0,3.153,40,0
57.0,3.517,34,1
57.0,3.418,51,0
58.0,3.374,40,0
57.0,3.445,34,0
57.0,3.381,41,0
57.0,3.351,41,0
68.0,3.337,34,1
62.0,3.375,34,0
64.0,3.305,25,0
60.0,3.32,33,0
60.0,3.326,56,0
60.0,3.316,66,0
60.0,3.334,50,1
60.0,3.341,65,0
60.0,3.832,29,0
60.0,3.812,27,1
60.0,3.807,27,1
62.0,2.822,32,0
61.0,2.845,40,0
61.0,3.303,40,0
61.0,3.308,43,0
61.0,3.296,29,0
61.0,3.317,50,0
61.0,3.318,54,0
60.0,3.271,31,0
59.0,3.354,26,0
59.0,3.351,31,0
59.0,3.039,34,0
59.0,2.999,27,0
59.0,3.051,32,0
59.0,3.041,32,1
59.0,3.011,35,0
59.0,3.525,26,0
59.0,3.02,37,0
59.0,3.052,30,0
59.0,3.051,34,0
59.0,3.025,31,0
59.0,3.037,38,0
59.0,3.021,30,0
59.0,3.5,25,0
59.0,3.957,27,0
58.0,3.032,36,1
58.0,3.041,31,1
58.0,3.069,37,1
58.0,3.026,39,1
58.0,2.993,34,0
58.0,3.489,27,0
58.0,3.028,37,0
58.0,3.025,25,0
58.0,3.05,27,0
60.0,3.306,37,1
60.0,2.568,28,0
60.0,2.859,224,2
60.0,2.841,236,1
60.0,2.843,186,2
60.0,2.83,47,0
60.0,3.326,103,1
60.0,3.353,44,2
59.0,3.326,25,0
59.0,2.864,213,2
59.0,2.85,217,0
59.0,2.831,169,1
59.0,2.838,339,3
59.0,2.831,81,0
59.0,3.383,54,0
59.0,3.399,32,0
59.0,3.374,32,0
58.0,2.875,151,0
58.0,2.857,165,1
58.0,2.852,107,1
58.0,2.845,234,1
58.0,2.851,38,0
58.0,3.374,25,0
58.0,2.869,177,2
58.0,2.878,166,3
58.0,2.858,127,0
58.0,2.75,175,1
58.0,2.806,39,0
199.0,5.361,27,0
184.0,4.936,37,0
192.0,5.418,47,1
59.0,2.991,63,1
59.0,3.408,36,0
59.0,3.38,43,1
59.0,4.092,26,0
59.0,3.384,73,0
59.0,3.407,55,0
59.0,3.445,41,1
59.0,2.904,26,0
59.0,3.404,25,0
59.0,2.996,35,0
59.0,2.911,55,0
59.0,2.861,38,0
59.0,3.386,40,2
59.0,3.365,35,0
59.0,3.394,88,0
58.0,2.946,50,0
59.0,2.963,147,1
60.0,2.931,28,0
59.0,2.88,27,0
58.0,2.907,26,0
61.0,2.837,25,1
61.0,3.377,35,0
61.0,2.811,213,2
60.0,2.877,44,0
60.0,3.352,28,1
58.0,2.966,34,1
59.0,3.604,31,0
60.0,3.35,37,1
60.0,3.362,30,1
60.0,3.336,32,0
60.0,3.838,25,0
60.0,3.298,73,2
60.0,3.305,41,0
60.0,2.991,49,0
60.0,2.994,35,0
60.0,3.371,66,0
60.0,3.433,28,1
60.0,3.38,28,0
60.0,3.355,44,0
60.0,3.281,65,0
60.0,2.997,74,0
60.0,2.956,46,0
60.0,2.92,42,0
60.0,2.934,61,0
60.0,3.358,76,0
60.0,2.946,58,0
60.0,3.361,35,1
60.0,3.349,34,1
60.0,3.369,39,1
60.0,2.938,80,0
60.0,3.402,33,0
60.0,3.402,29,0
60.0,2.859,56,1
60.0,3.397,37,0
60.0,3.4,28,0
60.0,3.397,69,0
60.0,3.834,26,0
60.0,2.943,55,1
60.0,3.37,53,1
60.0,3.401,26,0
60.0,3.295,35,0
60.0,2.992,27,1
60.0,3.391,27,0
60.0,2.905,116,1
60.0,3.337,152,1
60.0,2.959,33,1
60.0,3.324,50,0
60.0,3.436,35,0
60.0,2.961,47,1
60.0,2.973,106,1
60.0,3.344,56,2
60.0,3.383,32,1
59.0,2.949,108,1
60.0,2.97,68,1
59.0,2.984,58,0
59.0,2.968,71,0
59.0,3.411,40,1
59.0,3.417,61,0
59.0,3.387,30,0
59.0,3.415,30,0
59.0,2.952,152,1
59.0,2.953,95,0
60.0,2.909,97,1
60.0,2.897,117,0
59.0,3.402,43,0
60.0,3.332,54,0
59.0,3.402,98,1
59.0,3.393,95,1
60.0,3.387,68,0
59.0,2.943,47,0
60.0,2.911,73,1
59.0,3.405,39,0
59.0,3.366,58,1
60.0,3.386,25,1
59.0,3.322,31,0
59.0,3.385,39,0
60.0,3.346,32,1
60.0,3.346,48,1
59.0,2.957,58,0
59.0,2.99,37,1
59.0,2.977,72,0
59.0,3.316,56,0
59.0,3.883,27,1
59.0,2.913,76,0
59.0,2.968,148,0
59.0,2.963,70,0
59.0,3.414,29,0
59.0,2.933,92,0
59.0,2.94,37,0
59.0,3.428,50,0
59.0,3.405,39,1
59.0,2.958,46,2
59.0,3.324,39,1
59.0,2.938,71,0
59.0,3.43,28,0
59.0,3.399,27,0
59.0,3.381,31,0
59.0,2.953,85,0
59.0,2.962,95,2
59.0,2.953,92,0
59.0,3.006,35,0
59.0,3.399,32,0
59.0,2.95,159,1
59.0,2.945,68,0
59.0,3.427,52,0
59.0,3.398,35,0
59.0,3.363,72,1
59.0,2.869,66,0
59.0,2.925,76,2
59.0,3.423,41,0
59.0,3.384,33,1
59.0,3.399,34,0
59.0,2.965,102,1
59.0,2.908,39,0
59.0,3.432,27,0
59.0,2.952,50,0
59.0,2.947,50,1
59.0,2.878,25,0
59.0,2.907,54,0
59.0,2.952,57,1
59.0,2.977,97,0
59.0,2.928,58,0
59.0,3.382,49,0
59.0,3.435,32,0
59.0,3.341,61,0
59.0,2.948,96,1
59.0,3.021,27,0
59.0,2.947,27,1
59.0,2.918,95,1
59.0,3.377,72,0
59.0,3.414,36,0
59.0,3.385,39,0
59.0,3.435,27,0
59.0,3.379,27,0
59.0,3.455,37,0
59.0,3.322,80,1
59.0,3.002,37,0
59.0,2.866,35,0
59.0,3.408,38,0
59.0,3.344,58,1
59.0,2.894,90,1
59.0,2.927,128,1
59.0,2.877,59,1
58.0,2.925,102,2
58.0,2.972,31,0
58.0,2.947,34,1
58.0,3.37,27,0
58.0,3.42,41,0
58.0,2.889,25,0
56.0,2.925,28,0
56.0,2.984,32,0
59.0,2.963,33,0
56.0,2.787,45,0
57.0,2.774,144,0
58.0,2.956,77,0
57.0,2.878,128,1
56.0,2.778,123,1
56.0,2.926,79,1
55.0,2.952,133,2
54.0,3.284,84,1
54.0,3.06,49,0
53.0,3.339,83,1
52.0,3.469,61,0
52.0,3.505,31,1
50.0,4.096,42,0
50.0,4.458,73,1
48.0,5.53,65,1
49.0,5.087,34,0
59.0,3.854,25,1
59.0,3.301,31,2
59.0,3.287,31,0
59.0,3.391,25,0
59.0,2.978,27,1
59.0,2.863,30,0
59.0,3.501,25,1
58.0,2.948,34,1
59.0,2.971,26,0
58.0,3.516,28,0
58.0,3.485,26,0
58.0,3.453,47,1
58.0,3.484,41,0
61.0,3.25,31,0
61.0,3.375,40,1
61.0,3.5,28,0
60.0,3.473,53,0
61.0,3.444,27,0
61.0,3.386,35,0
61.0,3.393,37,0
60.0,3.394,73,2
60.0,3.772,31,0
60.0,3.381,35,0
60.0,3.421,35,1
60.0,2.84,30,0
60.0,3.431,53,1
60.0,3.25,47,0
60.0,3.5,38,0
60.0,3.379,31,0
59.0,3.351,31,0
59.0,3.387,52,0
59.0,3.414,56,0
59.0,3.875,31,0
59.0,3.396,41,1
59.0,2.833,29,1
59.0,3.401,32,0
59.0,3.875,30,0
59.0,3.25,69,0
59.0,3.5,58,1
58.0,3.632,25,0
58.0,3.414,52,0
58.0,3.875,34,0
58.0,3.412,31,0
58.0,3.416,71,0
59.0,3.532,33,0
59.0,3.511,47,0
57.0,2.973,60,0
57.0,2.999,62,0
60.0,3.027,25,0
59.0,2.996,29,1
59.0,2.932,27,1
59.0,2.992,33,0
58.0,2.968,30,0
58.0,2.928,48,0
58.0,2.945,37,0
57.0,3.472,100,0
57.0,3.971,79,3
57.0,3.571,52,1
58.0,3.865,84,1
58.0,3.475,27,0
58.0,3.776,39,1
58.0,3.5,27,0
59.0,3.836,72,2
59.0,3.463,53,3
59.0,3.016,54,0
59.0,2.991,66,0
59.0,2.954,50,0
59.0,3.414,25,0
59.0,3.425,43,0
59.0,3.367,62,0
59.0,3.422,53,0
59.0,3.4,65,1
59.0,3.43,46,0
58.0,2.949,50,1
58.0,3.389,25,1
60.0,3.438,28,0
60.0,3.026,56,0
60.0,3.434,25,0
60.0,3.429,34,0
60.0,3.036,85,0
60.0,3.413,26,0
60.0,3.45,25,0
60.0,3.368,35,0
60.0,3.465,29,0
59.0,3.047,26,0
59.0,3.492,31,0
59.0,3.029,56,0
59.0,3.008,49,0
59.0,3.396,26,0
59.0,3.033,81,1
59.0,3.451,44,0
59.0,3.391,30,0
59.0,3.043,26,0
59.0,3.465,26,0
59.0,3.441,37,0
59.0,3.44,29,1
59.0,3.443,38,0
59.0,3.009,44,0
59.0,3.456,48,0
59.0,3.434,29,0
59.0,3.476,51,0
59.0,3.45,30,0
59.0,3.411,28,0
59.0,2.916,35,0
59.0,2.988,40,0
59.0,3.001,34,0
59.0,2.99,30,0
59.0,3.046,31,0
59.0,3.406,30,0
59.0,3.01,45,0
58.0,3.019,31,0
59.0,3.422,49,0
59.0,3.447,44,0
59.0,3.458,26,0
58.0,2.997,49,0
58.0,3.048,52,0
59.0,3.45,37,0
58.0,3.44,29,0
58.0,3.853,27,0
59.0,3.012,48,0
58.0,3.404,46,0
58.0,3.465,44,0
58.0,3.396,26,0
58.0,3.415,28,0
58.0,3.467,26,0
58.0,3.484,26,0
58.0,3.424,33,0
58.0,3.449,33,0
58.0,3.436,27,0
58.0,2.97,29,0
58.0,2.998,35,0
58.0,3.038,41,1
58.0,3.515,26,1
58.0,3.457,34,0
58.0,3.41,25,0
58.0,3.015,44,0
59.0,3.039,49,0
58.0,3.031,46,0
58.0,2.989,26,0
58.0,3.043,48,0
58.0,2.907,25,0
58.0,3.443,38,0
58.0,3.505,26,0
58.0,2.942,25,0
59.0,3.018,242,0
58.0,2.996,28,0
58.0,2.997,42,0
58.0,3.413,33,0
57.0,3.016,37,1
57.0,3.441,25,0
60.0,2.843,31,0
59.0,3.348,28,0
59.0,3.412,25,0
59.0,3.402,25,0
59.0,3.43,36,1
59.0,3.456,29,0
58.0,2.933,26,0
58.0,3.431,34,0
58.0,3.464,40,2
58.0,3.473,40,1
58.0,3.492,25,0
58.0,3.508,31,0
58.0,3.504,37,0
58.0,3.557,25,0
61.0,3.5,42,0
61.0,3.625,44,0
60.0,3.5,30,1
60.0,3.625,42,0
60.0,3.5,51,0
59.0,3.008,27,0
58.0,2.99,41,0
59.0,2.99,39,0
57.0,2.99,52,0
188.0,4.928,44,1
206.0,5.436,42,0
59.0,3.36,30,0
59.0,2.862,38,1
59.0,2.884,42,1
59.0,2.931,25,0
58.0,2.93,32,0
58.0,2.928,36,0
58.0,2.94,29,1
58.0,2.915,45,1
58.0,2.908,31,0
58.0,2.947,27,0
58.0,2.898,29,0
59.0,2.895,74,0
58.0,2.95,56,1
60.0,2.466,81,0
60.0,2.482,118,1
60.0,2.447,27,0
60.0,2.764,29,0
60.0,3.303,42,1
59.0,2.487,136,1
59.0,2.503,84,1
59.0,2.86,33,0
59.0,2.838,37,0
59.0,3.293,31,0
59.0,3.291,34,0
59.0,2.856,27,0
59.0,3.477,43,0
60.0,3.398,57,0
60.0,3.328,47,0
60.0,3.326,25,0
60.0,2.95,25,0
60.0,3.314,28,0
60.0,3.313,31,0
60.0,3.793,29,0
60.0,2.815,86,1
59.0,3.376,40,0
59.0,3.382,35,0
59.0,3.417,31,0
59.0,3.379,29,0
59.0,3.405,25,0
58.0,3.386,45,0
58.0,3.382,41,0
58.0,3.387,51,0
58.0,3.385,28,0
57.0,3.394,25,0
57.0,3.404,43,0
57.0,3.395,40,0
59.0,3.399,32,0
58.0,3.817,27,0
57.0,3.352,32,0
57.0,3.319,34,0
57.0,2.847,33,0
57.0,3.369,34,0
57.0,3.886,30,0
55.0,3.369,31,0
55.0,2.859,29,0
59.0,3.387,44,0
59.0,3.374,41,0
60.0,3.382,26,0
59.0,3.831,26,0
59.0,3.903,31,1
60.0,4.341,27,0
58.0,2.356,73,1
58.0,2.816,61,0
58.0,2.899,75,1
58.0,3.367,80,0
57.0,2.364,83,1
56.0,2.352,89,0
58.0,3.39,25,0
59.0,2.808,280,2
59.0,2.838,49,0
59.0,2.808,312,0
59.0,2.811,266,3
59.0,3.316,80,2
59.0,3.335,124,1
59.0,2.825,181,1
59.0,3.342,55,0
59.0,3.328,92,1
59.0,3.316,122,1
59.0,3.338,106,1
59.0,3.331,72,1
59.0,3.329,44,1
59.0,2.842,84,0
59.0,2.835,102,1
60.0,3.813,32,0
59.0,2.832,66,1
59.0,3.347,33,0
59.0,2.853,41,0
59.0,2.816,25,0
59.0,2.835,40,0
59.0,2.887,28,1
59.0,3.342,30,0
59.0,3.337,42,0
59.0,3.375,27,0
58.0,2.839,183,1
58.0,2.826,222,1
58.0,2.859,196,1
58.0,2.861,125,1
58.0,2.846,62,0
58.0,3.344,82,0
58.0,3.345,104,1
58.0,3.336,107,1
58.0,3.312,38,0
58.0,3.33,82,1
58.0,2.844,63,0
58.0,2.87,54,1
58.0,3.356,40,0
58.0,3.323,53,0
58.0,3.325,43,1
58.0,2.888,46,0
58.0,2.832,74,1
58.0,2.854,66,1
58.0,2.842,27,0
58.0,2.845,29,1
58.0,2.872,36,0
58.0,2.853,99,0
58.0,2.872,59,2
58.0,3.421,48,0
58.0,3.35,62,0
58.0,3.38,76,3
58.0,3.354,26,0
58.0,3.42,39,0
58.0,3.385,30,0
57.0,3.295,31,0
57.0,3.318,29,0
57.0,2.875,39,0
57.0,2.941,34,0
56.0,3.354,27,1
56.0,2.893,44,1
56.0,2.92,28,0
59.0,3.787,25,1
59.0,3.34,56,1
59.0,3.342,33,0
59.0,2.87,40,0
58.0,3.332,25,0
58.0,3.333,31,0
58.0,2.883,46,0
59.0,2.943,42,0
60.0,3.873,43,0
60.0,3.869,36,0
60.0,3.872,40,0
60.0,3.873,42,0
60.0,3.364,43,1
60.0,3.331,45,0
59.0,3.874,52,2
59.0,3.4,52,0
60.0,4.25,36,0
60.0,3.872,40,1
59.0,3.869,46,0
59.0,3.867,78,0
60.0,3.405,28,1
59.0,3.391,44,0
59.0,3.886,82,0
59.0,3.403,61,0
58.0,3.889,25,1
59.0,4.25,26,0
59.0,4.25,59,0
59.0,3.878,73,0
59.0,3.874,91,0
59.0,4.25,29,0
59.0,4.25,38,0
59.0,4.25,32,0
59.0,3.867,48,0
58.0,3.442,37,0
59.0,3.879,34,0
58.0,3.339,33,1
58.0,3.412,39,0
58.0,2.887,30,0
58.0,3.359,25,0
58.0,2.888,97,0
58.0,2.951,67,0
57.0,2.987,28,0
57.0,2.897,47,0
57.0,2.936,51,0
58.0,3.064,53,1
56.0,2.98,25,0
56.0,2.901,25,0
56.0,2.895,41,1
56.0,2.936,36,0
58.0,3.464,28,0
57.0,3.035,31,0
57.0,3.011,39,1
57.0,3.057,45,0
57.0,3.03,41,0
57.0,3.047,37,2
57.0,3.515,47,1
57.0,2.977,27,0
56.0,3.029,32,0
56.0,3.01,32,0
56.0,3.011,49,0
56.0,3.017,44,1
56.0,3.036,50,0
56.0,3.011,30,0
56.0,2.955,26,1
53.0,3.25,28,1
58.0,3.419,47,0
58.0,2.992,36,0
58.0,3.38,69,0
59.0,3.892,25,0
59.0,3.96,32,0
59.0,3.482,27,0
58.0,3.482,54,0
59.0,3.424,52,0
59.0,3.472,32,2
59.0,3.475,46,0
59.0,3.43,197,0
59.0,3.382,86,1
59.0,3.906,32,0
59.0,3.92,101,0
59.0,4.076,33,0
59.0,3.537,57,0
59.0,3.539,78,0
58.0,3.344,34,0
58.0,3.347,31,1
59.0,3.691,25,0
58.0,3.444,72,0
59.0,3.596,26,0
59.0,3.914,44,0
58.0,2.962,107,1
58.0,2.939,100,2
58.0,3.429,77,2
58.0,3.322,49,0
58.0,3.325,46,0
58.0,3.38,160,1
58.0,3.324,62,0
58.0,3.364,68,0
58.0,3.326,25,0
58.0,3.318,92,1
58.0,3.014,97,0
58.0,2.981,79,0
58.0,2.951,121,1
58.0,3.515,37,0
58.0,3.469,103,1
58.0,3.411,90,2
58.0,3.875,111,1
58.0,3.572,43,0
58.0,3.926,68,0
58.0,3.509,53,0
58.0,3.57,25,0
57.0,3.014,58,0
57.0,2.964,189,0
57.0,3.359,102,0
57.0,3.339,89,0
58.0,3.469,30,0
57.0,2.93,97,1
57.0,3.349,29,0
57.0,2.952,36,0
57.0,2.95,128,0
57.0,2.929,105,0
57.0,3.493,38,0
57.0,3.371,127,0
57.0,3.337,43,0
58.0,3.58,25,0
58.0,3.553,26,0
57.0,2.958,103,0
58.0,3.924,50,0
57.0,2.962,55,1
58.0,3.086,30,1
58.0,3.279,105,0
58.0,3.529,29,0
58.0,3.541,25,0
58.0,3.506,45,0
58.0,3.463,139,1
58.0,2.948,34,0
58.0,3.928,26,0
58.0,4.085,31,1
58.0,3.58,51,0
58.0,4.005,25,0
58.0,3.393,52,0
58.0,3.875,47,0
58.0,3.67,26,0
58.0,3.464,124,1
58.0,3.893,40,0
57.0,4.037,29,0
57.0,3.0,102,0
57.0,2.932,110,0
57.0,3.346,60,1
57.0,2.947,88,1
57.0,3.461,28,0
57.0,3.437,79,0
58.0,3.002,37,1
59.0,3.413,34,0
61.0,3.027,39,0
61.0,3.0,27,0
63.0,3.315,29,0
61.0,3.336,30,0
57.0,3.47,31,0
59.0,3.371,36,2
58.0,3.329,32,0
58.0,2.878,38,0
58.0,2.891,29,0
58.0,2.96,35,1
58.0,2.849,37,1
58.0,2.906,32,0
57.0,2.924,32,0
57.0,2.926,26,0
57.0,2.902,32,0
57.0,2.864,48,0
56.0,3.509,31,0
56.0,3.512,25,0
58.0,3.359,25,1
59.0,2.99,26,0
58.0,2.99,37,0
57.0,2.99,59,0
56.0,2.99,29,0
55.0,2.99,43,0
58.0,3.446,30,1
58.0,3.416,34,0
58.0,3.372,41,0
58.0,2.942,96,0
58.0,2.949,70,0
58.0,2.973,37,0
58.0,2.937,79,0
59.0,3.011,32,0
58.0,3.429,47,0
58.0,3.386,26,0
58.0,3.354,39,0
59.0,2.943,87,1
59.0,2.96,36,1
59.0,2.964,52,0
58.0,2.942,44,1
58.0,2.956,54,0
58.0,2.954,225,2
58.0,2.85,38,0
58.0,3.412,46,1
58.0,3.34,38,0
58.0,2.925,52,0
58.0,2.938,34,0
58.0,2.966,38,0
58.0,3.372,38,0
58.0,2.9,53,0
58.0,3.379,25,0
58.0,3.394,31,0
58.0,2.98,48,1
58.0,2.939,110,4
58.0,2.914,60,0
58.0,3.378,44,0
58.0,3.32,42,0
58.0,2.925,112,0
58.0,2.951,121,0
58.0,2.964,78,1
58.0,3.42,30,2
58.0,3.381,38,0
58.0,2.412,36,0
58.0,2.925,26,0
58.0,2.92,36,0
58.0,2.966,42,1
58.0,2.924,91,0
58.0,2.96,184,1
58.0,2.934,38,1
58.0,3.359,46,0
58.0,3.417,40,1
58.0,3.365,31,0
58.0,3.385,68,2
58.0,2.939,57,0
58.0,3.871,53,0
58.0,3.32,75,1
58.0,3.009,46,0
58.0,2.933,106,1
58.0,3.42,56,0
58.0,3.395,33,0
58.0,2.374,54,0
58.0,2.403,47,0
58.0,2.928,55,0
58.0,2.939,68,1
58.0,2.957,94,0
58.0,2.956,46,0
58.0,3.379,34,0
58.0,3.4,37,0
58.0,3.393,40,0
58.0,2.976,41,1
58.0,2.918,93,0
58.0,3.377,48,1
58.0,3.385,38,0
58.0,3.355,40,0
58.0,3.393,36,0
58.0,3.393,51,1
58.0,2.426,51,0
58.0,2.569,27,0
58.0,2.954,42,1
58.0,2.941,121,0
58.0,2.952,98,2
58.0,3.459,56,0
58.0,2.968,30,1
58.0,2.96,42,0
58.0,2.922,67,0
58.0,2.984,43,0
58.0,3.039,90,1
58.0,3.027,32,0
58.0,3.069,35,0
58.0,3.036,34,1
58.0,2.918,72,0
58.0,2.917,73,0
58.0,3.002,80,0
58.0,3.347,44,2
58.0,3.384,61,0
58.0,3.373,58,1
58.0,3.432,26,0
58.0,3.406,81,1
58.0,2.942,83,0
58.0,2.908,83,0
58.0,2.934,27,0
58.0,2.894,69,0
58.0,2.934,96,2
58.0,2.901,38,0
58.0,2.916,81,2
58.0,2.902,74,1
58.0,3.334,28,0
58.0,3.374,29,0
58.0,3.375,26,0
58.0,3.373,33,0
58.0,3.363,45,1
58.0,3.315,40,0
58.0,3.319,42,0
58.0,3.375,61,1
58.0,3.849,25,1
58.0,2.846,99,0
58.0,2.956,37,0
58.0,2.908,46,0
58.0,3.431,29,0
58.0,3.366,46,0
58.0,2.967,25,0
58.0,3.497,25,2
58.0,3.53,28,0
58.0,3.391,33,0
57.0,3.491,29,0
57.0,3.38,29,0
58.0,3.446,28,0
58.0,2.824,50,0
58.0,3.366,40,0
58.0,3.33,30,0
58.0,3.378,28,0
58.0,3.829,33,0
57.0,2.874,178,0
57.0,2.844,164,0
57.0,2.856,119,1
57.0,2.851,231,0
57.0,2.84,259,2
57.0,2.854,56,0
57.0,3.39,50,2
57.0,3.347,28,0
57.0,3.383,25,0
57.0,3.782,28,0
57.0,2.512,32,1
57.0,2.886,244,2
57.0,2.858,210,1
57.0,2.871,126,0
57.0,2.858,305,8
57.0,2.862,260,3
57.0,2.92,27,1
57.0,2.832,42,1
56.0,3.428,25,0
56.0,2.944,25,0
57.0,3.525,31,0
57.0,3.534,40,0
57.0,3.48,36,0
58.0,2.974,100,0
58.0,2.967,84,0
58.0,3.448,74,2
58.0,3.42,78,1
58.0,3.447,158,1
59.0,3.406,179,1
58.0,3.474,143,1
59.0,3.45,101,1
58.0,2.937,72,0
58.0,2.989,35,1
58.0,2.936,52,0
58.0,3.37,77,0
58.0,2.966,56,0
59.0,3.385,41,1
58.0,2.942,55,0
58.0,2.943,53,0
58.0,3.46,67,0
58.0,3.459,63,1
58.0,2.94,53,0
58.0,2.909,25,0
58.0,2.985,49,0
58.0,2.888,46,0
58.0,3.368,76,0
58.0,3.506,88,1
58.0,3.514,77,0
58.0,3.442,58,0
57.0,2.956,98,2
57.0,2.919,109,0
57.0,2.936,119,2
57.0,2.917,71,0
57.0,2.886,109,2
57.0,3.433,82,0
57.0,3.48,108,0
57.0,3.476,93,1
57.0,3.539,87,1
57.0,3.538,89,3
57.0,3.413,50,0
57.0,2.926,72,1
57.0,2.981,69,1
57.0,2.929,43,0
57.0,2.901,33,0
57.0,2.955,42,1
57.0,3.426,95,1
57.0,3.402,29,0
57.0,3.483,31,0
57.0,3.411,89,0
57.0,2.928,58,1
57.0,2.884,25,0
57.0,2.93,34,0
57.0,2.919,56,0
57.0,2.911,48,0
57.0,3.458,35,0
57.0,3.56,40,0
59.0,3.25,42,2
59.0,3.25,38,0
58.0,3.263,61,0
58.0,3.257,36,0
58.0,3.262,44,2
58.0,3.275,28,0
59.0,3.25,25,0
57.0,3.326,44,0
58.0,3.321,40,0
57.0,3.75,25,0
56.0,3.284,31,1
56.0,3.265,34,0
57.0,3.75,25,0
56.0,3.321,48,0
55.0,3.291,29,0
55.0,3.25,33,1
54.0,3.258,57,0
54.0,3.25,48,0
54.0,3.261,67,0
59.0,2.949,29,0
57.0,2.847,25,0
60.0,3.305,28,0
59.0,2.827,100,0
59.0,3.373,36,0
59.0,3.399,38,0
59.0,3.369,32,0
195.0,4.915,46,1
198.0,5.352,42,2
58.0,2.888,69,0
58.0,2.889,39,0
58.0,2.885,35,1
59.0,2.918,50,0
59.0,4.042,102,0
58.0,2.924,32,1
58.0,2.942,59,0
58.0,3.322,28,2
58.0,3.341,40,1
58.0,3.675,31,1
58.0,3.656,27,0
58.0,3.566,36,1
58.0,3.537,35,0
57.0,3.535,34,0
57.0,3.509,34,0
57.0,3.487,35,1
57.0,3.53,26,1
57.0,3.557,35,0
57.0,2.943,30,0
56.0,2.894,44,0
56.0,2.923,44,0
56.0,2.914,39,0
56.0,2.962,42,0
56.0,2.974,58,0
56.0,3.543,48,0
56.0,3.517,33,0
56.0,3.486,49,1
56.0,3.511,45,1
57.0,3.568,25,0
56.0,2.877,31,0
56.0,2.918,32,0
56.0,2.969,29,0
56.0,3.533,25,0
56.0,3.471,37,1
57.0,2.915,29,0
57.0,2.935,37,0
57.0,2.956,62,0
58.0,2.94,41,0
58.0,2.503,89,1
58.0,2.466,88,0
58.0,2.489,118,2
58.0,2.407,98,0
59.0,2.843,41,0
58.0,3.29,37,1
57.0,2.466,126,0
58.0,2.286,46,0
57.0,3.304,35,0
56.0,2.455,103,2
57.0,3.267,41,0
57.0,3.285,25,0
55.0,2.425,39,0
56.0,2.948,43,1
58.0,2.883,28,0
58.0,2.887,25,0
59.0,2.864,28,0
56.0,3.402,25,0
56.0,3.344,28,0
55.0,2.801,49,2
54.0,2.824,47,0
55.0,3.334,30,0
58.0,2.97,29,0
58.0,3.406,31,0
58.0,3.367,30,0
58.0,2.934,66,0
58.0,2.965,73,1
58.0,3.39,48,0
58.0,3.403,29,0
58.0,3.482,41,0
58.0,3.286,47,0
57.0,2.942,31,0
57.0,2.943,53,0
57.0,3.028,38,0
57.0,3.035,33,0
57.0,2.916,81,1
58.0,2.999,25,1
57.0,3.38,35,0
57.0,3.396,54,0
57.0,3.394,40,0
57.0,3.448,52,0
57.0,3.396,53,2
57.0,3.373,45,0
58.0,2.884,55,0
58.0,2.886,29,0
58.0,2.865,63,0
58.0,2.852,80,0
58.0,2.899,113,1
58.0,2.894,126,1
58.0,2.919,78,0
58.0,3.469,42,2
58.0,3.474,33,0
59.0,3.419,33,0
58.0,3.419,45,1
58.0,3.416,51,0
58.0,3.367,64,1
58.0,3.434,57,0
58.0,2.879,28,0
58.0,2.918,48,0
58.0,2.898,41,0
58.0,2.931,79,1
58.0,2.899,51,0
58.0,3.453,29,0
58.0,3.491,26,0
58.0,3.606,36,0
58.0,3.494,55,0
58.0,3.386,68,0
58.0,3.44,56,1
50.0,4.467,48,0
50.0,4.458,38,0
50.0,4.431,34,0
49.0,4.467,63,1
58.0,2.942,28,0
58.0,2.931,58,1
58.0,2.941,47,1
58.0,3.389,36,0
58.0,3.396,43,2
58.0,3.559,46,0
58.0,3.942,25,1
58.0,3.93,32,0
58.0,3.864,56,0
49.0,4.529,68,0
57.0,2.896,35,0
57.0,2.918,44,0
57.0,2.912,55,0
58.0,2.913,27,0
57.0,2.888,60,0
57.0,2.901,33,0
57.0,2.906,25,0
57.0,2.846,36,1
57.0,2.942,98,0
57.0,3.518,32,0
57.0,3.429,43,0
57.0,3.428,59,0
57.0,3.411,93,0
57.0,3.46,96,0
57.0,2.481,29,0
57.0,2.875,28,0
57.0,2.904,28,0
57.0,2.937,66,0
57.0,2.913,45,0
57.0,2.954,50,1
57.0,2.919,60,1
58.0,3.471,25,0
57.0,2.988,30,1
57.0,3.515,28,0
57.0,3.545,33,1
57.0,3.507,32,0
57.0,3.525,29,0
57.0,3.513,27,0
56.0,2.994,32,0
56.0,3.005,25,0
56.0,3.007,36,0
56.0,3.534,33,0
56.0,3.585,25,0
56.0,3.561,29,0
56.0,3.517,37,0
58.0,3.063,25,1
59.0,3.384,46,2
57.0,2.942,25,1
59.0,3.481,37,0
58.0,3.457,29,1
58.0,3.36,32,0
57.0,2.95,29,0
56.0,2.922,28,1
56.0,2.843,33,0
57.0,3.077,26,0
57.0,3.491,29,0
59.0,3.409,28,1
56.0,2.879,32,0
56.0,2.966,34,0
55.0,2.837,34,0
55.0,2.957,38,1
55.0,2.96,32,0
55.0,2.931,29,0
56.0,3.34,25,0
57.0,3.75,41,0
56.0,3.75,32,0
55.0,3.75,34,0
54.0,3.75,28,0
56.0,2.986,25,0
55.0,3.038,25,0
58.0,3.393,29,0
58.0,3.443,32,0
58.0,3.414,33,0
58.0,2.901,38,0
53.0,3.022,31,0
53.0,2.993,28,0
59.0,2.815,26,1
59.0,3.5,51,3
60.0,3.5,25,0
58.0,3.5,65,1
58.0,3.127,27,0
57.0,3.591,46,0
59.0,2.937,28,0
58.0,3.334,26,0
57.0,2.953,26,0
57.0,2.995,29,0
56.0,2.953,32,0
57.0,3.0,30,0
58.0,2.71,38,0
58.0,3.016,27,0
58.0,3.375,32,0
57.0,3.875,25,0
58.0,2.864,34,0
58.0,3.377,45,0
57.0,3.384,62,0
57.0,3.875,41,0
57.0,3.377,26,0
57.0,3.419,32,1
57.0,3.394,28,0
57.0,3.399,89,2
57.0,2.625,27,0
57.0,3.406,25,0
57.0,3.381,47,1
57.0,3.375,29,0
57.0,3.875,29,1
56.0,3.466,42,1
56.0,3.421,35,0
56.0,3.399,88,0
56.0,3.397,45,0
56.0,3.875,36,0
56.0,3.499,27,0
56.0,3.444,26,0
56.0,3.42,28,0
56.0,3.372,56,0
56.0,3.396,36,0
56.0,3.875,31,0
56.0,3.0,57,0
56.0,3.125,31,2
56.0,3.25,50,0
57.0,3.153,26,0
56.0,2.921,55,1
56.0,2.921,27,0
56.0,3.434,44,0
56.0,3.409,40,1
56.0,3.391,41,0
57.0,4.4,32,0
56.0,2.835,67,2
55.0,2.355,79,0
57.0,2.955,74,1
57.0,2.927,57,0
57.0,2.886,30,0
56.0,2.918,29,0
58.0,3.0,37,0
58.0,2.947,34,0
58.0,2.949,26,0
57.0,3.495,33,0
57.0,3.457,48,0
57.0,3.304,28,1
57.0,3.334,48,0
57.0,3.35,94,1
57.0,3.342,71,0
57.0,3.321,69,1
57.0,2.921,195,0
57.0,2.939,222,1
57.0,2.897,58,0
57.0,2.883,63,0
57.0,2.868,176,3
57.0,2.873,144,3
57.0,2.93,53,0
57.0,3.34,25,0
57.0,2.975,68,0
57.0,3.416,26,0
57.0,2.978,65,1
57.0,2.873,48,1
57.0,2.833,63,0
57.0,2.889,44,1
57.0,2.94,34,0
57.0,2.987,32,0
56.0,3.436,47,0
56.0,3.398,64,1
56.0,3.345,33,0
56.0,3.369,52,0
56.0,3.357,58,0
56.0,3.341,62,1
56.0,3.33,57,0
56.0,2.884,191,1
56.0,2.862,193,2
56.0,2.871,198,2
56.0,2.874,154,2
58.0,2.88,25,0
57.0,2.889,39,0
57.0,2.886,68,2
57.0,2.949,37,0
142.0,4.348,28,1
138.0,3.874,29,1
57.0,2.965,45,0
57.0,3.482,30,0
58.0,4.105,111,1
55.0,3.397,29,0
55.0,3.466,27,0
56.0,3.404,38,0
55.0,2.837,28,0
56.0,3.048,27,0
57.0,3.325,32,0
57.0,3.38,80,1
57.0,3.875,79,1
57.0,3.379,55,0
57.0,3.377,45,0
57.0,2.978,68,1
57.0,2.926,34,0
57.0,2.9,67,0
57.0,3.262,84,0
57.0,3.125,36,0
57.0,3.376,154,1
57.0,3.902,27,0
57.0,3.907,77,0
57.0,3.526,28,0
57.0,3.503,38,1
57.0,3.875,40,0
57.0,3.484,112,1
57.0,3.491,46,0
57.0,3.5,29,0
57.0,3.906,25,0
57.0,3.49,28,0
58.0,3.477,25,0
57.0,3.128,53,0
57.0,3.975,35,0
56.0,3.255,51,0
56.0,3.343,37,0
57.0,3.546,51,0
56.0,2.967,248,0
56.0,2.921,180,1
56.0,2.898,166,0
56.0,3.374,144,0
56.0,3.338,33,0
57.0,3.482,34,0
57.0,3.514,31,0
57.0,3.465,116,0
57.0,3.906,74,1
57.0,2.901,88,2
57.0,2.897,73,0
57.0,3.291,55,1
56.0,2.866,93,0
56.0,3.401,57,0
56.0,3.884,82,0
56.0,2.957,149,0
56.0,3.909,55,0
57.0,3.919,34,0
57.0,3.917,30,0
57.0,3.495,30,0
57.0,3.524,26,0
56.0,3.03,53,0
56.0,3.46,205,1
56.0,2.916,145,1
56.0,2.896,118,0
56.0,2.874,178,2
56.0,2.875,111,0
56.0,3.336,117,0
56.0,3.32,37,1
56.0,3.332,36,0
56.0,3.253,58,0
57.0,3.476,83,0
55.0,2.85,125,0
55.0,2.847,148,1
55.0,2.977,138,1
55.0,2.911,118,3
55.0,2.88,128,0
56.0,2.862,105,1
56.0,2.869,81,0
55.0,3.33,59,0
56.0,3.25,62,1
56.0,3.412,37,0
56.0,3.444,25,0
56.0,3.509,87,0
57.0,3.904,66,0
56.0,3.513,39,0
56.0,3.901,119,1
56.0,3.476,55,0
56.0,3.976,48,0
56.0,3.903,37,1
56.0,3.883,31,0
55.0,2.881,68,0
58.0,3.418,31,2
58.0,3.391,40,0
58.0,3.375,35,1
58.0,3.917,26,0
58.0,2.526,45,0
58.0,2.876,53,0
58.0,2.976,112,1
58.0,3.337,28,0
58.0,3.278,44,0
58.0,3.39,54,1
58.0,2.877,43,0
58.0,2.97,33,0
58.0,2.92,39,1
58.0,2.796,34,0
57.0,2.405,106,0
57.0,2.36,122,3
57.0,2.518,28,0
57.0,2.464,67,1
57.0,2.919,51,0
57.0,2.912,61,0
57.0,2.952,64,0
57.0,2.963,132,0
57.0,2.943,87,1
57.0,2.977,35,0
57.0,2.91,27,0
57.0,3.418,41,0
57.0,3.362,48,0
57.0,3.388,32,0
57.0,3.369,31,1
57.0,3.403,35,2
57.0,3.398,36,1
57.0,3.387,40,0
57.0,2.486,33,2
57.0,2.936,53,0
57.0,2.959,55,1
57.0,2.921,44,0
57.0,2.96,43,0
57.0,2.905,45,0
57.0,2.932,50,0
57.0,2.937,169,0
57.0,2.959,45,0
57.0,2.922,60,2
57.0,2.891,33,0
57.0,2.948,28,0
57.0,2.945,36,0
57.0,3.354,44,0
57.0,3.428,34,1
57.0,3.358,30,0
57.0,3.388,57,0
57.0,3.403,42,0
57.0,3.383,40,0
57.0,2.957,75,1
57.0,2.983,47,0
57.0,2.437,129,2
57.0,2.938,107,1
57.0,2.915,44,0
57.0,2.952,62,0
57.0,2.938,70,0
57.0,2.912,110,0
57.0,2.928,80,0
57.0,3.398,59,1
57.0,3.378,30,0
57.0,3.346,57,0
57.0,2.456,242,2
57.0,2.522,35,0
57.0,2.923,52,0
57.0,2.881,44,0
57.0,3.346,26,0
57.0,3.379,43,0
57.0,3.349,49,0
57.0,3.397,36,0
57.0,3.37,58,1
57.0,2.894,26,2
57.0,2.946,47,1
57.0,2.91,81,0
57.0,2.967,37,0
57.0,2.954,33,0
57.0,3.402,39,0
57.0,3.399,39,0
57.0,3.368,29,1
57.0,2.952,42,0
57.0,2.967,26,0
57.0,2.874,25,0
57.0,2.944,53,1
57.0,2.965,64,1
57.0,2.975,35,1
57.0,2.899,107,0
57.0,3.397,45,2
57.0,3.43,30,0
57.0,3.39,31,0
57.0,3.828,25,0
57.0,3.371,35,1
57.0,2.984,55,1
57.0,2.988,43,0
57.0,2.914,63,1
57.0,3.387,32,0
57.0,2.931,106,1
57.0,2.937,34,0
57.0,3.371,32,0
57.0,3.406,30,1
57.0,3.421,52,0
57.0,2.52,38,0
57.0,2.907,25,0
57.0,2.949,48,1
57.0,2.962,127,2
57.0,2.913,34,0
57.0,2.96,41,1
57.0,2.948,80,0
57.0,3.36,26,0
57.0,3.362,46,0
57.0,3.35,25,0
57.0,3.43,37,1
57.0,3.389,31,0
57.0,3.403,45,1
57.0,3.39,35,0
57.0,2.988,71,0
57.0,2.993,35,0
57.0,3.403,27,0
57.0,3.342,29,2
57.0,3.396,46,0
57.0,2.923,85,0
57.0,3.386,45,1
57.0,3.379,79,0
57.0,2.897,129,1
57.0,2.912,166,2
57.0,3.4,41,1
57.0,2.992,31,0
57.0,2.937,77,0
57.0,2.922,38,0
57.0,3.348,57,0
57.0,3.382,87,1
57.0,3.373,56,2
57.0,2.938,30,0
57.0,2.922,57,0
57.0,2.94,62,2
57.0,2.935,72,0
57.0,2.927,198,2
57.0,2.975,164,0
57.0,2.92,170,1
57.0,3.343,62,1
57.0,3.353,75,0
57.0,3.401,39,2
57.0,3.392,108,0
57.0,3.375,43,0
57.0,2.485,56,1
57.0,2.529,117,2
57.0,2.446,235,1
57.0,2.901,63,0
57.0,3.839,30,0
57.0,3.345,27,1
57.0,3.366,51,0
57.0,3.366,37,0
57.0,2.927,57,1
57.0,2.928,43,0
57.0,2.938,54,0
57.0,3.02,35,0
57.0,2.827,27,0
56.0,2.9,49,1
56.0,2.899,53,0
56.0,2.907,45,0
56.0,2.94,42,1
56.0,2.9,39,1
56.0,2.98,38,0
56.0,2.936,105,2
56.0,2.971,31,0
56.0,2.93,36,1
56.0,2.909,81,0
56.0,2.902,133,0
56.0,3.384,30,0
57.0,3.851,37,1
56.0,2.948,50,0
56.0,2.939,73,0
56.0,2.91,48,0
56.0,2.944,339,3
56.0,2.939,31,0
56.0,2.912,90,1
56.0,3.416,25,0
56.0,3.415,27,0
56.0,3.407,49,1
56.0,3.389,32,0
56.0,3.369,36,1
56.0,3.3,28,0
56.0,3.39,39,0
56.0,3.408,35,0
56.0,3.414,35,0
56.0,3.317,29,1
57.0,3.282,27,0
56.0,3.41,39,0
56.0,3.366,25,1
56.0,2.441,218,0
56.0,2.54,81,1
56.0,2.505,76,1
56.0,2.902,48,0
56.0,2.982,43,0
57.0,2.97,142,2
56.0,3.345,79,0
56.0,2.936,67,2
56.0,2.933,104,0
56.0,2.942,99,1
56.0,2.92,101,0
56.0,2.917,41,0
56.0,2.863,45,0
56.0,3.329,28,1
56.0,3.419,31,0
56.0,3.369,37,0
56.0,3.385,26,0
57.0,3.774,26,0
56.0,3.352,41,1
56.0,2.947,42,0
56.0,2.848,38,0
56.0,2.895,56,0
56.0,2.926,68,0
56.0,3.41,33,0
56.0,2.915,96,2
56.0,3.47,41,0
56.0,3.81,35,0
56.0,2.929,188,2
56.0,2.923,138,2
56.0,2.976,74,0
56.0,3.386,99,0
56.0,3.39,36,0
56.0,3.341,42,0
56.0,3.459,32,0
56.0,3.413,26,0
56.0,2.918,144,0
56.0,2.946,70,1
56.0,2.904,206,3
56.0,2.923,80,0
56.0,2.919,41,0
56.0,2.97,32,1
56.0,2.941,29,1
56.0,2.91,172,1
56.0,3.374,79,1
56.0,3.377,89,0
56.0,3.369,85,0
56.0,3.388,102,1
56.0,3.366,43,0
56.0,3.369,89,0
56.0,2.884,79,0
56.0,2.92,83,1
56.0,2.937,162,0
56.0,2.968,80,0
56.0,2.956,93,1
56.0,2.93,130,2
56.0,3.396,101,0
56.0,2.98,121,0
56.0,2.891,68,0
56.0,2.929,105,2
56.0,2.907,93,3
56.0,2.924,110,2
56.0,2.904,132,0
56.0,2.941,26,0
56.0,2.916,58,1
56.0,2.922,45,0
56.0,2.896,115,0
56.0,3.345,64,1
56.0,3.35,81,0
56.0,3.372,81,2
56.0,3.374,68,0
56.0,3.365,136,1
56.0,3.434,28,0
56.0,3.376,25,1
56.0,3.394,36,1
56.0,2.447,35,0
56.0,3.905,27,0
56.0,2.926,43,0
56.0,2.981,32,0
56.0,3.403,82,0
55.0,2.434,175,2
55.0,2.941,28,0
55.0,2.97,27,1
55.0,2.927,63,0
55.0,2.967,34,0
55.0,2.951,45,0
55.0,2.974,37,1
55.0,2.96,128,0
55.0,2.904,99,1
55.0,3.396,27,0
55.0,3.38,30,0
56.0,2.54,73,1
55.0,2.937,58,1
55.0,2.975,30,0
55.0,2.933,49,0
56.0,2.941,38,0
55.0,2.98,33,0
56.0,2.922,41,0
55.0,2.936,37,0
55.0,2.907,57,0
55.0,2.924,29,0
55.0,2.883,41,1
55.0,2.934,47,0
55.0,2.894,39,0
55.0,2.926,37,3
55.0,2.923,32,0
55.0,2.895,63,0
55.0,2.896,84,0
55.0,3.355,26,0
55.0,3.367,31,0
55.0,3.329,28,0
55.0,3.407,31,0
55.0,3.426,33,0
56.0,3.868,31,0
56.0,2.881,64,2
56.0,2.897,34,1
56.0,2.942,45,0
56.0,2.932,71,0
56.0,2.931,53,0
56.0,2.97,28,0
56.0,2.939,76,0
56.0,3.472,40,0
56.0,3.453,40,1
56.0,3.388,41,0
56.0,3.44,37,0
56.0,3.364,32,0
56.0,3.362,33,0
56.0,3.379,27,0
57.0,2.994,43,1
57.0,3.026,43,0
57.0,2.975,27,0
58.0,3.408,33,0
57.0,3.465,29,1
57.0,3.449,38,0
57.0,3.044,66,0
57.0,3.011,32,1
57.0,2.974,34,0
58.0,3.031,118,2
57.0,2.926,26,0
57.0,3.442,32,0
58.0,3.488,71,0
57.0,2.998,70,0
57.0,2.976,26,0
57.0,3.034,32,0
58.0,3.477,58,0
57.0,2.988,26,0
57.0,2.964,37,0
57.0,3.404,32,0
57.0,2.999,287,2
57.0,2.99,25,0
56.0,2.999,41,0
56.0,2.983,30,0
56.0,3.018,35,0
56.0,2.976,25,0
56.0,3.446,31,0
56.0,2.981,27,0
56.0,3.008,30,0
56.0,3.031,31,0
57.0,2.908,35,0
57.0,3.454,27,1
56.0,3.006,29,1
56.0,2.979,30,0
57.0,2.922,26,1
56.0,3.437,25,0
56.0,3.418,26,1
56.0,3.416,25,0
56.0,3.034,46,0
56.0,3.443,25,1
56.0,2.991,36,0
56.0,3.013,56,0
56.0,2.973,28,0
56.0,2.943,31,0
56.0,3.418,32,0
56.0,3.477,30,0
56.0,3.401,26,0
56.0,2.581,28,0
56.0,3.019,125,1
56.0,2.925,38,0
56.0,3.435,25,0
56.0,3.451,33,0
57.0,2.96,44,0
55.0,3.04,49,0
55.0,3.427,36,0
55.0,3.398,38,0
55.0,2.881,33,0
55.0,3.427,26,0
55.0,2.978,30,1
55.0,3.411,28,0
55.0,2.9,54,1
55.0,3.428,28,0
55.0,3.01,179,0
55.0,2.997,26,1
55.0,3.426,25,0
54.0,3.507,28,0
54.0,3.461,27,0
54.0,3.415,25,0
55.0,3.027,31,0
55.0,3.481,75,2
54.0,3.446,32,0
54.0,3.439,43,1
54.0,3.043,31,0
54.0,3.428,36,1
54.0,3.371,27,0
57.0,2.942,31,0
57.0,2.937,32,0
57.0,3.403,28,0
57.0,3.355,36,1
57.0,3.521,42,0
56.0,2.942,97,0
56.0,2.909,121,1
56.0,2.918,114,2
56.0,2.936,80,1
56.0,2.959,26,0
57.0,2.898,116,0
57.0,3.401,79,1
56.0,3.511,77,0
57.0,3.474,73,0
57.0,3.432,61,0
56.0,2.935,54,0
56.0,2.935,46,0
56.0,3.425,36,1
56.0,3.447,94,1
56.0,3.517,84,0
56.0,3.348,45,0
56.0,2.888,67,1
56.0,2.895,46,0
56.0,3.344,25,0
56.0,3.937,34,1
56.0,2.911,43,0
56.0,2.901,58,0
56.0,2.883,92,2
56.0,3.356,43,0
56.0,3.488,80,0
56.0,3.435,94,0
56.0,2.905,56,0
56.0,2.982,51,0
56.0,3.411,61,0
56.0,2.907,51,0
56.0,2.941,47,0
56.0,3.357,64,0
55.0,2.909,70,1
55.0,2.922,64,1
55.0,2.923,49,1
55.0,2.901,65,0
55.0,2.973,69,0
55.0,2.98,25,0
55.0,2.855,168,2
56.0,3.336,89,0
56.0,3.424,34,0
55.0,3.372,65,0
55.0,3.323,27,0
56.0,3.375,47,1
55.0,3.354,46,0
55.0,3.372,53,0
55.0,3.356,52,0
55.0,2.886,42,0
55.0,2.851,265,3
55.0,2.86,68,0
55.0,2.866,169,1
55.0,2.874,176,2
55.0,2.548,72,2
55.0,3.422,44,0
55.0,3.411,46,0
55.0,2.827,56,0
55.0,2.852,34,0
55.0,2.845,180,1
55.0,2.836,91,0
84.0,4.443,33,0
78.0,3.903,34,0
87.0,4.927,25,0
87.0,4.985,41,0
82.0,4.454,39,0
79.0,3.934,36,0
56.0,3.419,26,0
56.0,3.416,26,0
56.0,3.417,56,0
56.0,2.89,46,0
56.0,2.838,244,0
56.0,2.865,142,3
56.0,2.85,195,5
56.0,2.895,223,1
56.0,2.513,61,0
55.0,2.869,148,0
55.0,2.88,177,1
55.0,2.415,54,0
56.0,3.414,34,1
56.0,3.371,47,0
56.0,2.822,39,0
56.0,2.838,33,0
56.0,2.848,131,0
56.0,2.841,167,2
56.0,2.863,99,1
56.0,2.845,148,2
56.0,2.856,138,2
56.0,2.476,30,2
56.0,2.384,137,0
56.0,2.385,60,0
56.0,2.407,69,0
56.0,2.485,33,0
57.0,3.393,30,0
57.0,3.452,26,0
57.0,3.446,28,0
57.0,3.464,53,0
56.0,3.008,38,1
56.0,2.89,32,0
56.0,2.905,38,0
56.0,2.97,25,0
56.0,3.518,30,0
56.0,3.354,30,0
56.0,2.904,27,0
56.0,2.887,51,3
55.0,2.885,47,0
55.0,2.967,28,0
55.0,3.38,47,1
56.0,3.554,36,0
55.0,3.811,25,0
55.0,3.014,29,0
57.0,2.927,25,0
57.0,3.39,32,0
57.0,2.849,74,0
53.0,3.882,32,0
55.0,3.399,26,0
54.0,3.768,44,1
56.0,3.344,27,0
57.0,2.924,26,0
57.0,2.979,25,0
57.0,3.495,25,0
57.0,3.51,30,0
57.0,3.416,28,1
56.0,2.939,25,0
56.0,2.966,26,0
56.0,2.94,29,0
56.0,2.969,29,0
56.0,2.9,26,0
56.0,3.424,26,0
56.0,2.895,32,0
56.0,2.884,27,0
56.0,2.892,25,0
55.0,2.931,26,1
55.0,2.867,30,0
54.0,2.963,32,0
54.0,2.854,57,1
55.0,2.966,28,0
55.0,2.954,40,0
55.0,2.981,66,0
55.0,2.985,57,1
55.0,3.018,64,0
55.0,2.97,64,0
55.0,3.489,26,1
55.0,3.519,26,0
54.0,3.01,41,1
54.0,3.047,46,0
54.0,3.009,50,1
54.0,2.991,37,0
54.0,3.528,30,0
54.0,3.516,34,0
54.0,3.512,27,0
54.0,3.484,31,1
54.0,3.042,35,1
54.0,3.014,32,0
54.0,3.484,83,1
53.0,2.995,38,0
53.0,3.024,33,0
53.0,3.044,50,1
53.0,3.044,46,1
53.0,3.039,45,0
58.0,4.252,60,0
58.0,3.878,38,0
58.0,3.875,50,0
58.0,3.877,78,0
58.0,3.895,65,0
58.0,3.403,28,0
58.0,3.424,65,0
58.0,3.878,87,1
58.0,4.253,45,1
57.0,3.864,53,0
57.0,4.265,25,0
58.0,3.504,27,1
57.0,3.868,34,0
57.0,3.477,31,0
57.0,3.416,26,0
57.0,3.849,32,0
57.0,4.303,28,0
57.0,3.435,30,1
56.0,4.315,106,1
57.0,3.847,50,1
57.0,3.843,48,0
57.0,3.853,87,1
54.0,3.25,39,0
57.0,3.25,27,0
58.0,3.25,97,0
52.0,3.565,80,1
53.0,3.602,79,1
53.0,3.553,87,1
53.0,4.061,50,2
54.0,3.554,103,1
54.0,4.003,63,0
54.0,3.539,60,0
55.0,3.422,177,0
55.0,3.913,48,3
56.0,3.899,51,1
56.0,3.39,93,2
56.0,3.412,69,1
56.0,2.862,67,0
56.0,2.892,33,1
56.0,2.854,40,1
260.0,5.937,39,0
260.0,6.43,28,0
54.0,3.317,40,0
54.0,3.33,36,0
54.0,3.275,30,0
53.0,2.818,35,0
53.0,3.359,33,1
53.0,3.384,29,0
53.0,3.296,38,1
56.0,2.925,63,0
56.0,2.928,63,0
56.0,2.879,34,0
56.0,2.951,28,0
56.0,2.905,35,0
56.0,2.906,38,1
56.0,3.342,25,0
56.0,2.887,33,0
56.0,2.952,58,1
56.0,2.924,60,0
56.0,2.936,54,0
57.0,3.38,40,0
56.0,2.988,30,0
56.0,3.361,33,0
56.0,3.351,29,1
55.0,2.968,28,0
53.0,3.14,48,0
55.0,3.0,37,0
54.0,3.45,29,1
56.0,2.949,25,0
54.0,2.831,31,0
54.0,2.846,27,1
54.0,2.825,31,0
54.0,2.902,27,0
54.0,2.926,28,0
53.0,2.891,35,0
53.0,2.91,36,0
53.0,2.9,47,0
52.0,2.483,32,1
52.0,2.543,46,0
52.0,2.925,32,0
52.0,2.921,35,0
52.0,2.911,76,1
45.0,5.017,26,0
56.0,3.396,39,0
54.0,2.336,48,0
55.0,2.857,59,0
55.0,3.366,37,0
55.0,3.812,27,0
53.0,2.307,31,0
54.0,2.838,56,1
54.0,3.351,37,0
54.0,3.834,25,0
53.0,2.857,42,0
53.0,3.364,30,0
52.0,2.807,33,0
52.0,3.346,75,1
52.0,3.82,43,0
50.0,3.372,47,0
51.0,3.814,51,0
51.0,4.364,28,0
50.0,3.809,79,0
50.0,4.325,48,0
48.0,5.388,44,0
54.0,3.31,31,2
55.0,3.35,41,1
55.0,3.353,39,0
54.0,3.379,28,0
54.0,3.317,26,0
55.0,2.931,39,0
55.0,2.945,44,0
55.0,2.952,29,0
56.0,2.891,29,2
55.0,3.346,26,0
55.0,2.947,41,0
55.0,2.967,30,0
55.0,2.91,51,0
56.0,2.938,28,0
56.0,2.929,38,0
56.0,2.943,28,0
56.0,2.895,33,0
56.0,2.952,30,1
57.0,2.899,25,0
53.0,3.309,85,0
54.0,3.296,44,0
55.0,3.326,30,0
55.0,3.293,33,0
55.0,2.886,31,0
55.0,2.888,39,0
54.0,3.813,26,0
56.0,2.921,49,0
57.0,4.118,99,0
56.0,3.982,30,0
55.0,2.922,38,0
56.0,4.15,94,1
55.0,4.007,31,0
55.0,2.878,31,0
56.0,2.837,52,0
56.0,2.879,132,0
56.0,2.866,145,0
56.0,2.885,40,1
56.0,2.889,30,0
56.0,2.87,25,0
55.0,2.86,54,0
55.0,2.859,42,0
55.0,2.865,43,0
55.0,2.885,46,0
55.0,3.457,30,1
56.0,2.866,39,0
55.0,2.881,32,0
57.0,3.45,28,0
57.0,3.446,46,0
57.0,3.425,38,0
57.0,3.392,38,0
57.0,3.917,28,0
58.0,3.897,37,0
57.0,3.832,30,1
57.0,3.853,55,2
57.0,3.832,38,0
56.0,2.902,42,1
56.0,2.857,28,0
56.0,2.848,42,0
56.0,2.913,47,0
56.0,2.906,49,0
56.0,2.889,77,1
56.0,3.418,28,1
56.0,3.403,41,2
56.0,3.451,72,0
56.0,3.413,38,0
49.0,4.908,25,0
56.0,2.876,82,1
56.0,2.968,31,0
56.0,2.915,51,1
56.0,2.922,80,0
56.0,2.892,62,0
56.0,2.924,87,1
56.0,3.393,26,0
56.0,3.42,29,0
56.0,3.392,31,0
56.0,3.402,41,0
49.0,4.973,32,0
49.0,4.985,33,0
55.0,2.902,37,1
55.0,2.861,138,0
55.0,2.908,59,0
55.0,2.885,101,1
55.0,2.914,129,1
55.0,2.91,130,0
55.0,3.428,43,1
55.0,3.449,33,1
55.0,3.459,41,0
55.0,3.385,51,0
55.0,3.39,62,0
49.0,5.02,36,0
49.0,4.993,43,0
49.0,5.017,29,0
55.0,2.896,38,0
55.0,2.864,75,0
55.0,2.921,26,0
55.0,2.926,44,0
55.0,2.924,69,0
55.0,2.965,195,1
55.0,3.458,26,2
55.0,3.442,34,0
55.0,3.459,104,0
55.0,3.591,53,0
55.0,3.506,27,0
55.0,3.506,32,0
55.0,3.503,34,0
55.0,3.524,26,0
55.0,3.488,27,0
54.0,3.475,37,0
55.0,3.035,323,1
55.0,2.894,158,1
55.0,2.94,89,0
55.0,2.967,169,0
55.0,2.907,148,1
55.0,3.334,84,0
55.0,2.992,45,0
55.0,2.943,102,0
55.0,3.327,47,1
54.0,2.94,100,1
55.0,2.906,99,1
55.0,3.876,154,0
55.0,2.958,83,0
56.0,3.526,119,1
55.0,3.06,124,1
55.0,3.472,33,1
55.0,3.404,51,0
56.0,2.978,26,0
56.0,2.946,35,0
55.0,2.885,63,0
55.0,2.883,44,0
55.0,2.822,29,1
147.0,4.341,33,0
54.0,2.907,50,0
54.0,2.914,36,0
54.0,2.877,41,0
54.0,3.442,28,0
53.0,2.907,43,0
53.0,2.875,35,0
53.0,2.895,43,0
144.0,4.338,78,2
99.0,4.382,50,2
177.0,4.386,30,0
166.0,3.852,46,0
132.0,3.884,73,0
106.0,4.414,26,0
52.0,3.357,36,1
48.0,5.184,28,0
57.0,2.981,36,0
57.0,2.942,55,0
57.0,2.94,67,0
57.0,2.874,83,0
57.0,2.908,67,0
57.0,3.391,30,0
57.0,3.358,44,0
57.0,3.898,45,1
57.0,3.25,49,0
55.0,3.892,55,1
55.0,3.179,93,1
55.0,3.523,49,0
55.0,3.887,41,0
56.0,3.525,58,0
55.0,4.077,34,0
56.0,3.536,25,1
55.0,3.25,29,0
56.0,3.46,29,0
55.0,3.478,28,0
55.0,3.882,48,1
54.0,2.974,96,0
54.0,2.993,168,1
54.0,2.956,160,1
54.0,3.354,27,0
54.0,3.056,156,0
55.0,3.551,67,0
55.0,3.53,106,2
55.0,3.543,57,0
55.0,3.892,117,2
55.0,3.897,27,0
55.0,3.853,35,0
55.0,3.867,26,0
55.0,3.6,44,0
56.0,3.406,60,1
56.0,3.871,38,0
55.0,3.531,44,0
54.0,3.893,46,0
54.0,3.316,38,0
54.0,3.512,68,0
54.0,3.059,92,0
54.0,2.954,104,0
54.0,2.951,187,1
54.0,2.922,165,2
54.0,2.969,106,1
54.0,3.924,100,0
54.0,3.886,150,1
55.0,2.927,42,2
55.0,3.375,82,0
55.0,3.401,91,0
55.0,2.951,47,0
55.0,2.95,55,1
55.0,2.934,72,0
55.0,2.894,74,1
56.0,3.78,50,1
55.0,2.935,139,1
55.0,2.926,148,1
55.0,3.385,107,1
55.0,3.391,120,1
55.0,3.371,159,1
55.0,3.379,125,0
55.0,3.37,172,0
55.0,3.468,30,0
55.0,3.389,81,3
55.0,3.4,59,0
55.0,3.367,125,1
55.0,2.991,148,1
55.0,2.982,53,0
55.0,3.401,46,0
55.0,2.922,108,1
55.0,2.911,225,0
55.0,2.932,188,1
55.0,2.941,139,2
55.0,2.959,90,0
55.0,2.943,159,1
55.0,2.939,81,0
55.0,3.351,87,1
55.0,3.369,101,0
55.0,3.392,87,0
55.0,3.364,86,1
55.0,3.374,106,0
55.0,3.371,30,0
55.0,3.401,33,0
55.0,3.369,52,0
55.0,3.398,91,1
55.0,3.435,47,1
55.0,2.917,190,3
55.0,2.959,28,0
55.0,2.502,51,0
55.0,3.002,141,0
55.0,2.953,25,0
55.0,2.978,27,0
55.0,2.907,36,1
55.0,3.398,45,0
55.0,3.4,29,0
55.0,3.385,30,0
55.0,3.861,25,0
55.0,2.907,61,0
55.0,2.95,59,0
55.0,2.893,34,1
55.0,3.434,35,0
55.0,3.357,28,0
55.0,3.403,26,0
55.0,2.907,52,0
55.0,2.905,34,0
55.0,2.885,75,0
55.0,3.397,28,2
55.0,3.357,35,0
55.0,3.408,32,0
55.0,3.366,38,1
55.0,3.346,34,0
55.0,3.382,37,0
55.0,3.399,35,1
54.0,2.901,26,1
54.0,2.952,26,1
54.0,2.956,89,1
54.0,2.973,26,0
54.0,2.916,60,1
54.0,2.978,58,0
54.0,2.975,28,0
54.0,2.958,37,0
54.0,2.929,40,1
54.0,3.408,53,0
54.0,3.38,34,1
54.0,3.011,46,0
54.0,2.945,51,2
54.0,2.973,34,0
54.0,3.399,46,0
54.0,3.442,40,0
54.0,3.361,25,0
54.0,3.364,31,0
54.0,3.056,28,0
54.0,3.089,43,0
54.0,3.351,28,0
54.0,3.437,44,1
55.0,3.841,29,0
54.0,2.972,26,0
54.0,2.987,33,0
54.0,2.97,46,0
54.0,2.898,242,1
54.0,3.449,27,0
54.0,3.371,150,2
54.0,3.881,26,0
55.0,3.825,45,0
54.0,3.85,33,1
54.0,3.859,33,1
54.0,2.95,39,2
54.0,3.084,110,2
54.0,3.092,212,3
54.0,3.503,85,0
54.0,3.5,126,1
54.0,3.393,29,0
54.0,3.069,172,1
54.0,3.121,170,3
54.0,2.953,33,0
55.0,3.452,49,0
54.0,3.39,41,0
54.0,2.989,40,0
54.0,3.031,30,0
54.0,2.956,82,0
54.0,2.962,170,1
54.0,2.985,162,3
54.0,3.029,174,1
54.0,3.076,181,5
54.0,3.128,107,0
53.0,2.975,27,0
54.0,2.931,182,0
54.0,3.391,171,0
54.0,3.412,147,1
54.0,3.377,151,2
54.0,3.805,26,1
54.0,3.861,27,0
54.0,2.949,63,1
54.0,2.997,40,2
54.0,2.978,64,0
54.0,3.124,81,1
54.0,3.464,124,0
54.0,3.442,72,0
54.0,3.104,93,0
54.0,3.104,79,0
54.0,2.924,254,3
54.0,3.491,132,1
54.0,3.39,189,1
54.0,3.808,37,2
53.0,2.99,60,1
53.0,2.986,53,0
54.0,3.001,53,0
54.0,3.02,50,0
53.0,2.989,34,0
54.0,3.02,40,0
54.0,3.013,89,0
53.0,3.06,53,0
53.0,3.067,68,1
53.0,3.126,66,0
53.0,3.103,94,0
53.0,2.935,38,0
53.0,2.96,40,0
53.0,2.962,64,2
53.0,2.96,37,1
53.0,2.941,35,1
53.0,3.44,61,0
54.0,3.451,44,0
53.0,3.456,45,1
53.0,3.391,32,1
54.0,3.5,33,1
53.0,3.558,30,0
53.0,3.449,58,0
54.0,3.443,26,0
54.0,3.407,29,0
53.0,3.43,32,0
53.0,3.399,39,0
53.0,3.42,93,1
53.0,3.292,31,1
53.0,3.864,32,1
54.0,3.019,91,0
53.0,3.061,43,1
54.0,3.006,34,0
53.0,2.994,47,0
54.0,3.058,33,1
53.0,2.915,45,0
54.0,3.475,63,0
53.0,3.419,30,0
54.0,3.388,26,0
53.0,3.412,30,0
53.0,3.118,35,0
53.0,3.004,106,1
53.0,3.475,34,1
53.0,2.939,30,0
53.0,3.038,26,0
54.0,3.162,27,0
53.0,3.889,26,1
53.0,3.487,29,1
53.0,3.858,29,0
54.0,3.555,25,0
53.0,2.927,185,1
53.0,3.379,173,2
53.0,3.852,33,0
53.0,3.844,36,1
53.0,2.975,98,2
53.0,2.973,141,0
53.0,2.981,130,1
53.0,3.038,185,3
53.0,3.116,345,4
53.0,2.949,56,0
53.0,2.926,51,2
53.0,2.921,125,2
54.0,3.032,154,0
53.0,3.387,168,1
53.0,3.365,168,2
53.0,3.37,165,3
53.0,3.379,120,2
53.0,3.506,118,3
53.0,3.428,55,1
53.0,3.409,53,0
53.0,3.408,56,1
53.0,3.397,115,1
53.0,3.862,30,0
53.0,3.887,34,1
53.0,3.859,75,1
53.0,2.975,50,0
53.0,3.91,27,0
53.0,3.027,46,1
53.0,3.043,125,3
53.0,3.056,39,0
53.0,3.05,82,0
53.0,2.919,123,3
53.0,3.46,94,1
53.0,3.409,103,0
53.0,3.44,142,1
53.0,3.434,34,0
53.0,3.383,73,1
53.0,2.914,103,0
53.0,3.5,30,0
53.0,3.485,36,1
53.0,3.335,58,0
53.0,3.332,56,0
53.0,3.379,38,0
53.0,3.483,58,0
53.0,3.863,31,0
53.0,3.032,74,0
53.0,2.869,30,1
53.0,3.325,30,0
53.0,3.33,47,1
53.0,3.354,78,1
52.0,2.956,52,1
52.0,3.07,25,0
52.0,2.965,33,0
53.0,2.986,36,1
52.0,2.958,35,0
52.0,2.93,44,0
52.0,3.367,51,0
52.0,3.405,28,0
52.0,3.366,35,1
52.0,3.369,41,0
52.0,3.38,88,1
53.0,3.844,25,0
53.0,3.549,73,2
52.0,3.023,28,1
53.0,3.007,38,0
52.0,3.373,27,0
52.0,3.356,48,2
52.0,3.426,38,0
52.0,3.532,67,2
52.0,3.401,30,0
53.0,3.334,54,0
52.0,3.871,34,1
52.0,3.879,36,2
52.0,3.096,71,1
52.0,3.136,132,0
53.0,3.906,30,1
52.0,3.857,28,0
52.0,3.908,31,0
53.0,3.842,51,0
52.0,3.464,39,1
52.0,3.44,53,0
52.0,3.399,39,0
52.0,3.032,30,0
52.0,2.947,126,0
52.0,3.37,55,0
52.0,2.985,49,0
52.0,3.335,47,0
52.0,3.904,29,0
52.0,3.816,52,0
52.0,3.534,49,1
52.0,3.517,29,0
52.0,3.02,99,1
52.0,3.123,86,0
52.0,3.05,71,0
52.0,3.411,26,2
55.0,3.043,52,1
55.0,3.039,30,0
55.0,3.019,44,1
55.0,3.085,73,0
55.0,3.009,43,0
55.0,3.455,26,0
55.0,3.369,26,1
55.0,3.458,32,0
55.0,3.425,40,0
55.0,3.459,39,0
55.0,3.416,35,0
56.0,2.892,34,0
56.0,3.374,33,0
56.0,2.867,60,0
56.0,2.889,47,0
56.0,2.869,46,0
56.0,2.854,32,0
55.0,3.073,89,0
55.0,3.381,55,0
55.0,2.98,64,0
55.0,2.802,48,0
55.0,3.363,45,0
55.0,2.983,57,0
55.0,3.337,44,0
55.0,2.863,121,0
55.0,2.872,31,0
55.0,3.294,29,1
56.0,2.604,34,0
55.0,2.89,42,0
55.0,3.346,33,0
55.0,2.865,72,1
54.0,3.366,37,0
54.0,3.4,38,0
54.0,3.363,32,1
54.0,2.978,28,0
54.0,2.906,57,1
54.0,2.876,44,0
54.0,2.855,54,0
54.0,3.391,28,0
55.0,3.309,26,0
54.0,2.942,28,0
56.0,2.856,61,1
56.0,2.915,66,0
56.0,2.869,57,0
56.0,2.897,65,0
54.0,3.066,26,0
57.0,3.25,46,0
57.0,3.75,78,0
57.0,3.75,29,0
57.0,3.596,48,0
57.0,4.027,26,1
57.0,3.0,28,1
56.0,3.461,37,2
56.0,3.45,26,0
56.0,3.464,42,0
57.0,3.45,27,0
56.0,3.465,81,0
56.0,3.512,29,0
57.0,3.554,33,0
56.0,3.559,38,0
57.0,3.556,31,0
56.0,4.066,29,0
56.0,3.25,85,0
56.0,3.379,30,0
56.0,3.125,29,0
56.0,3.25,82,1
56.0,3.75,85,2
56.0,3.559,47,0
56.0,3.979,39,1
56.0,3.0,35,1
56.0,3.25,28,0
55.0,3.125,105,0
56.0,3.433,44,1
55.0,3.496,31,0
55.0,3.544,26,0
56.0,3.593,27,0
55.0,3.605,48,0
55.0,4.017,26,0
55.0,3.997,29,0
55.0,4.092,69,2
55.0,3.25,72,0
55.0,3.489,53,0
56.0,3.75,93,1
55.0,3.099,44,0
55.0,3.274,103,0
55.0,3.428,27,0
55.0,3.4,30,0
55.0,3.558,46,0
55.0,3.961,31,0
55.0,3.25,30,2
55.0,3.25,29,0
55.0,3.499,27,0
54.0,3.125,208,1
54.0,3.625,26,0
54.0,2.899,26,0
55.0,2.924,26,0
54.0,3.671,25,0
54.0,3.969,31,0
54.0,3.95,27,0
54.0,3.98,25,0
54.0,3.965,30,0
54.0,4.084,51,1
54.0,3.476,27,0
54.0,3.49,26,0
54.0,3.486,97,0
55.0,3.75,26,0
54.0,3.321,79,0
55.0,3.25,32,0
54.0,3.558,25,0
54.0,3.986,39,0
54.0,3.125,29,0
53.0,3.625,34,0
53.0,3.125,45,0
53.0,3.125,259,1
53.0,4.014,33,0
53.0,3.511,64,1
53.0,3.875,37,0
53.0,3.924,29,1
53.0,2.869,28,0
53.0,3.25,25,0
53.0,3.5,29,0
55.0,3.039,31,0
54.0,2.936,31,2
56.0,2.946,38,0
56.0,2.885,26,0
57.0,2.942,29,1
57.0,3.452,34,1
56.0,2.931,36,0
56.0,3.506,53,1
56.0,2.897,47,0
56.0,3.39,44,0
56.0,2.911,36,2
57.0,3.325,29,0
56.0,3.362,27,0
57.0,2.957,33,0
56.0,2.973,28,1
56.0,2.941,31,1
57.0,2.907,31,0
52.0,3.41,31,1
53.0,3.03,29,0
52.0,3.423,31,0
55.0,2.837,60,1
56.0,3.399,44,0
56.0,3.367,32,0
55.0,3.844,41,0
55.0,3.878,67,0
55.0,3.892,36,0
54.0,2.36,80,2
57.0,3.069,45,0
57.0,3.5,123,0
56.0,3.5,50,0
56.0,3.0,32,0
56.0,3.5,47,0
57.0,3.454,94,0
56.0,3.837,111,0
57.0,3.833,62,0
56.0,4.303,35,0
56.0,4.294,26,1
56.0,4.326,99,2
55.0,4.324,39,1
55.0,3.805,92,0
56.0,3.814,58,2
56.0,3.813,52,0
56.0,3.418,29,0
55.0,3.814,58,0
56.0,3.43,35,1
55.0,4.328,62,0
55.0,4.326,56,0
55.0,4.359,95,2
55.0,4.333,52,1
55.0,4.402,58,0
55.0,4.367,58,0
55.0,3.826,49,0
56.0,2.875,26,0
55.0,2.872,60,0
58.0,3.471,31,0
55.0,3.0,28,0
55.0,2.953,52,1
54.0,2.973,58,2
54.0,3.038,34,0
55.0,3.328,29,0
55.0,2.967,51,0
55.0,2.903,45,0
55.0,2.938,68,1
55.0,2.93,77,2
55.0,3.025,34,1
55.0,2.932,39,0
55.0,2.934,42,2
54.0,3.93,33,1
53.0,3.024,74,0
54.0,3.333,33,0
54.0,3.396,92,1
53.0,3.036,91,3
54.0,3.916,28,0
54.0,3.974,44,0
53.0,3.056,102,0
54.0,4.019,26,0
54.0,3.565,96,0
53.0,3.334,59,0
53.0,3.374,73,0
53.0,2.993,90,0
53.0,2.98,101,1
53.0,3.406,39,0
53.0,2.992,79,0
53.0,2.98,97,1
53.0,3.017,113,0
54.0,3.6,109,0
54.0,3.955,64,1
53.0,2.998,87,1
53.0,3.029,61,0
53.0,2.945,51,0
53.0,3.015,58,2
53.0,3.389,101,0
54.0,3.986,32,0
54.0,3.582,35,0
54.0,3.974,167,1
53.0,3.349,45,0
54.0,4.016,26,0
54.0,3.584,39,0
54.0,3.577,65,0
54.0,3.969,90,0
54.0,4.035,25,0
54.0,3.937,108,0
53.0,2.913,59,0
53.0,3.604,30,0
53.0,3.933,47,0
52.0,3.054,54,0
53.0,3.009,76,0
52.0,3.116,106,0
52.0,3.202,27,0
53.0,3.326,46,0
52.0,3.114,82,0
53.0,3.578,30,0
53.0,2.918,34,0
52.0,3.553,60,0
52.0,2.848,38,0
52.0,3.048,63,2
53.0,2.868,44,0
53.0,3.913,40,0
53.0,4.375,31,0
53.0,4.485,45,0
53.0,4.414,48,0
53.0,4.558,27,0
53.0,3.959,74,0
53.0,3.962,50,0
53.0,3.99,158,1
53.0,3.931,56,0
53.0,4.008,32,0
53.0,3.752,66,0
53.0,3.719,134,2
52.0,3.089,29,1
52.0,3.085,61,0
52.0,3.061,27,0
52.0,3.0,40,2
55.0,3.344,51,0
55.0,3.418,60,1
55.0,3.491,57,0
55.0,3.416,54,0
55.0,3.414,32,0
56.0,3.369,32,0
56.0,3.375,33,1
56.0,3.419,75,0
55.0,2.906,86,0
56.0,2.999,32,0
54.0,3.25,63,0
54.0,3.75,42,0
54.0,3.25,60,0
54.0,3.75,61,0
53.0,3.25,38,0
53.0,3.75,48,0
51.0,3.25,36,0
52.0,3.75,104,0
50.0,3.75,73,0
50.0,4.25,60,0
50.0,4.75,34,0
50.0,4.25,32,0
49.0,4.272,32,0
50.0,4.75,35,0
48.0,4.757,36,0
48.0,5.25,47,0
48.0,5.75,29,0
55.0,2.892,31,0
55.0,2.959,36,1
55.0,3.024,37,0
55.0,3.002,45,0
55.0,3.001,25,0
55.0,3.466,36,0
55.0,3.512,36,0
54.0,2.88,27,0
54.0,2.938,43,0
54.0,3.514,34,0
54.0,3.437,26,0
54.0,3.567,39,1
54.0,3.023,57,1
54.0,3.095,44,1
54.0,3.107,56,2
54.0,3.062,32,0
54.0,3.454,29,0
54.0,3.489,53,0
54.0,3.642,26,0
54.0,3.64,33,0
54.0,3.481,31,0
54.0,3.068,25,0
53.0,3.521,25,1
53.0,3.475,28,0
53.0,3.491,27,0
53.0,3.502,30,0
53.0,2.936,25,0
53.0,3.506,32,1
53.0,3.445,27,1
53.0,3.54,37,1
53.0,2.952,76,0
54.0,3.336,63,0
53.0,3.429,60,0
54.0,3.422,104,1
53.0,3.523,168,5
53.0,3.461,128,1
53.0,3.41,131,1
54.0,3.425,174,1
53.0,2.994,43,0
54.0,2.938,74,0
54.0,2.953,90,0
54.0,3.625,60,0
54.0,3.404,99,1
54.0,3.44,69,0
54.0,3.386,49,1
54.0,3.14,64,0
54.0,3.06,88,0
54.0,2.944,67,1
54.0,2.918,45,0
54.0,3.315,66,1
54.0,3.497,55,1
54.0,3.469,49,1
55.0,2.853,52,0
54.0,2.971,41,0
54.0,3.396,63,0
54.0,3.466,100,0
54.0,3.472,76,0
54.0,3.408,126,0
54.0,2.939,66,0
54.0,2.947,48,0
54.0,2.908,64,0
55.0,3.414,35,0
55.0,3.63,30,0
54.0,3.537,47,0
54.0,3.535,76,0
54.0,3.409,50,2
55.0,2.964,37,1
54.0,2.952,43,0
54.0,2.953,35,0
55.0,3.321,27,0
55.0,3.364,32,0
55.0,2.868,76,0
55.0,2.913,33,0
55.0,2.914,47,0
55.0,2.953,47,0
55.0,2.944,37,0
55.0,3.493,30,0
55.0,3.559,25,0
55.0,3.557,35,0
55.0,2.902,35,1
55.0,3.918,27,0
55.0,4.333,40,0
53.0,3.541,28,0
53.0,3.539,36,0
53.0,3.553,33,0
53.0,2.949,35,0
54.0,2.936,26,0
55.0,3.446,30,0
56.0,3.397,50,0
55.0,3.426,33,0
55.0,3.905,33,0
55.0,3.48,31,0
55.0,3.903,44,0
55.0,3.36,55,0
55.0,3.0,61,0
55.0,3.25,85,1
55.0,3.402,44,1
54.0,3.832,28,0
55.0,3.545,30,0
54.0,3.918,54,1
54.0,3.965,43,0
54.0,3.354,46,0
55.0,3.0,40,0
54.0,3.25,64,1
54.0,2.625,32,0
54.0,3.386,48,0
55.0,2.843,28,0
55.0,2.849,75,0
55.0,2.87,43,0
55.0,2.84,35,0
55.0,2.872,28,0
55.0,2.916,25,0
55.0,2.84,25,0
52.0,3.392,41,0
52.0,3.384,67,2
52.0,2.894,70,0
51.0,2.912,44,0
51.0,2.55,26,1
52.0,3.394,30,0
52.0,3.36,39,0
52.0,3.384,42,0
52.0,2.927,46,1
52.0,2.891,110,2
52.0,2.895,150,0
52.0,2.484,57,0
51.0,2.939,65,0
53.0,3.343,30,1
53.0,3.393,44,1
53.0,2.882,80,0
53.0,2.896,58,2
53.0,2.541,31,0
53.0,2.878,105,0
53.0,3.855,35,0
53.0,3.836,34,0
53.0,3.384,47,1
53.0,3.397,28,0
53.0,3.36,43,0
53.0,3.376,84,0
54.0,3.368,36,0
54.0,3.328,31,0
54.0,3.361,38,0
54.0,3.37,68,0
54.0,2.903,74,1
53.0,2.903,185,0
53.0,2.465,34,1
54.0,2.879,133,1
54.0,2.873,169,0
54.0,2.41,50,0
54.0,3.325,33,0
54.0,3.362,60,0
54.0,2.912,86,0
54.0,2.854,43,0
54.0,2.829,144,2
54.0,2.864,73,0
54.0,2.873,118,0
54.0,2.887,126,0
54.0,2.434,31,0
55.0,3.352,46,0
55.0,2.88,64,0
56.0,2.99,28,0
56.0,2.99,32,0
56.0,2.99,25,0
54.0,2.99,34,0
53.0,2.99,25,0
53.0,3.14,29,0
55.0,2.882,26,0
55.0,3.006,25,0
55.0,2.886,37,0
56.0,2.916,25,0
56.0,3.029,29,1
52.0,3.861,27,0
52.0,2.943,84,1
52.0,3.433,55,0
52.0,3.367,47,0
52.0,3.521,33,0
52.0,3.83,34,1
52.0,3.881,36,1
52.0,3.039,81,1
52.0,3.006,47,0
52.0,3.557,29,0
52.0,3.542,33,0
52.0,3.429,29,0
52.0,3.405,35,0
52.0,3.441,87,1
52.0,3.445,40,0
52.0,3.844,43,1
52.0,3.898,29,1
52.0,3.888,34,0
54.0,3.427,25,1
55.0,2.958,29,1
55.0,2.941,36,0
55.0,2.917,42,1
54.0,2.999,32,0
54.0,2.988,31,1
54.0,2.988,29,0
54.0,2.995,46,1
54.0,2.915,39,0
54.0,3.005,34,1
55.0,3.064,25,0
55.0,3.35,25,0
54.0,3.332,27,0
54.0,3.487,41,0
54.0,3.509,46,0
54.0,3.531,28,0
54.0,3.502,25,1
54.0,3.536,25,0
53.0,3.533,30,0
53.0,3.55,29,0
53.0,3.522,49,0
53.0,3.53,26,0
53.0,3.56,26,0
53.0,3.538,27,0
53.0,3.551,26,1
53.0,3.564,31,0
53.0,3.449,25,1
53.0,3.546,25,0
54.0,2.993,28,0
54.0,3.078,44,2
54.0,3.04,51,0
54.0,3.066,56,0
54.0,2.988,45,0
54.0,3.454,27,0
54.0,3.405,61,1
54.0,3.452,44,0
54.0,3.44,54,0
54.0,3.449,43,0
54.0,3.424,48,0
54.0,3.399,31,0
53.0,3.75,41,1
52.0,3.75,35,0
53.0,2.474,26,1
53.0,2.986,30,0
54.0,2.911,43,0
54.0,2.997,47,0
53.0,3.467,26,0
55.0,3.523,29,0
54.0,3.065,44,1
54.0,3.076,55,0
54.0,3.097,32,1
53.0,3.483,26,0
53.0,3.796,25,1
53.0,2.937,42,0
55.0,3.25,57,0
55.0,3.25,90,2
55.0,3.25,74,0
54.0,3.0,32,0
54.0,3.0,43,0
54.0,3.25,112,0
54.0,3.25,132,1
54.0,3.25,68,0
53.0,3.041,68,0
53.0,3.267,309,1
53.0,3.071,43,0
52.0,3.325,152,0
51.0,3.815,84,0
50.0,3.992,56,0
50.0,4.301,73,2
50.0,4.159,28,0
49.0,4.417,194,1
48.0,5.077,37,0
49.0,4.511,79,2
48.0,5.175,126,0
48.0,5.419,34,0
48.0,5.362,57,0
47.0,5.35,28,0
47.0,5.447,47,1
47.0,5.461,123,1
47.0,5.447,57,0
47.0,5.231,25,0
47.0,5.416,107,0
47.0,5.435,101,0
46.0,5.978,57,0
45.0,5.628,40,0
46.0,5.87,43,0
46.0,5.481,42,1
46.0,6.0,87,0
45.0,5.894,53,1
45.0,5.465,55,0
45.0,5.578,41,0
45.0,5.843,53,0
45.0,5.831,58,1
44.0,5.494,64,0
43.0,5.946,27,0
43.0,6.315,40,0
43.0,6.577,47,0
43.0,6.557,52,1
42.0,7.065,27,0
42.0,6.959,33,0
41.0,6.653,54,0
41.0,6.727,25,0
42.0,7.03,54,0
40.0,6.692,101,1
41.0,6.975,29,1
41.0,6.51,56,1
38.0,6.458,95,0
39.0,6.527,64,1
40.0,6.59,43,2
39.0,6.491,25,0
39.0,6.246,26,0
40.0,6.437,31,0
39.0,6.5,41,1
39.0,6.215,38,2
38.0,6.158,27,0
38.0,6.549,55,0
37.0,6.733,69,1
37.0,6.87,27,2
37.0,6.75,38,0
37.0,6.459,85,0
36.0,6.733,96,0
37.0,6.754,59,2
36.0,6.761,39,0
37.0,6.407,61,0
35.0,6.739,93,0
35.0,6.75,27,0
36.0,6.762,91,1
56.0,3.073,33,0
55.0,2.966,28,0
55.0,2.959,34,0
55.0,2.853,25,0
59.0,3.558,33,0
56.0,3.472,31,1
55.0,3.089,27,1
55.0,3.364,31,0
53.0,2.864,29,0
53.0,3.419,43,0
53.0,3.041,30,0
55.0,3.079,29,1
56.0,3.354,26,0
54.0,3.32,37,0
54.0,3.324,31,0
53.0,3.424,27,0
54.0,3.053,52,0
54.0,3.047,396,3
56.0,2.947,86,0
55.0,3.115,38,0
56.0,2.966,26,0
55.0,3.017,27,0
53.0,2.96,102,1
53.0,2.947,90,1
53.0,2.962,30,0
54.0,2.873,73,1
53.0,3.433,88,0
53.0,3.478,129,0
53.0,3.676,43,1
53.0,3.519,25,1
53.0,3.36,25,0
54.0,4.059,27,0
53.0,2.947,44,0
53.0,2.923,51,1
53.0,3.862,29,0
53.0,2.936,46,0
53.0,3.381,90,0
53.0,3.481,106,1
53.0,3.516,92,1
53.0,2.932,42,0
53.0,2.993,27,0
53.0,3.346,88,1
53.0,3.463,90,0
53.0,3.685,29,0
53.0,3.365,79,0
53.0,3.355,89,1
53.0,3.784,43,0
53.0,3.839,34,1
53.0,2.92,79,1
53.0,3.35,51,1
52.0,3.369,141,1
53.0,3.372,83,1
53.0,3.825,41,0
53.0,3.872,75,0
52.0,3.403,86,1
52.0,3.351,91,2
52.0,3.352,96,0
52.0,3.382,101,0
52.0,3.335,68,2
52.0,3.831,47,0
52.0,3.804,44,1
52.0,3.548,52,2
52.0,3.382,39,0
52.0,3.379,128,2
52.0,3.841,45,0
52.0,3.822,43,0
52.0,3.35,41,0
52.0,3.368,98,1
52.0,3.859,46,1
52.0,3.394,96,0
52.0,3.411,79,1
51.0,3.443,31,0
52.0,3.373,34,0
52.0,3.871,45,1
52.0,3.9,32,0
52.0,3.873,54,0
51.0,3.908,70,0
51.0,3.882,40,2
51.0,4.125,31,0
55.0,3.5,56,1
54.0,3.5,67,2
53.0,3.272,35,0
53.0,3.5,26,0
53.0,3.75,28,0
54.0,3.325,32,0
54.0,3.379,27,0
52.0,3.371,28,0
50.0,4.437,26,0
53.0,3.585,34,0
53.0,3.634,31,0
54.0,2.818,67,1
54.0,3.385,25,0
55.0,2.893,105,1
52.0,2.378,73,0
54.0,3.371,73,0
53.0,2.841,65,1
53.0,2.366,81,0
53.0,2.891,38,0
53.0,3.379,51,0
53.0,3.387,45,0
53.0,3.41,43,0
53.0,3.851,62,0
54.0,3.373,119,1
54.0,4.376,39,3
53.0,3.846,104,1
53.0,4.335,43,0
53.0,4.377,49,0
54.0,4.401,33,0
52.0,2.846,72,0
53.0,3.349,30,0
53.0,4.394,38,0
56.0,3.84,35,0
56.0,4.276,67,0
57.0,3.492,27,0
54.0,2.804,25,0
54.0,3.439,33,0
55.0,3.798,70,2
55.0,3.46,26,0
55.0,3.523,37,1
54.0,4.407,108,1
54.0,3.836,96,0
54.0,4.358,48,1
54.0,4.401,35,0
54.0,4.75,29,1
54.0,4.429,55,1
54.0,3.839,48,0
55.0,3.835,77,0
54.0,4.384,41,0
54.0,3.85,106,0
54.0,3.508,40,0
54.0,3.83,52,0
54.0,4.422,84,0
53.0,4.5,105,0
54.0,4.493,51,0
53.0,4.553,57,0
53.0,4.53,74,0
53.0,3.874,92,0
55.0,3.834,25,1
54.0,2.86,54,0
54.0,2.921,33,1
54.0,2.963,59,1
54.0,3.422,30,0
54.0,3.451,37,0
54.0,3.306,31,0
54.0,3.472,46,0
54.0,3.426,78,0
54.0,3.397,68,0
54.0,3.455,39,0
54.0,3.467,29,0
54.0,2.942,54,0
54.0,2.955,27,1
54.0,2.914,42,0
54.0,3.001,60,0
54.0,2.95,38,0
54.0,2.936,35,0
54.0,2.971,25,0
54.0,3.009,35,0
54.0,3.03,48,0
54.0,3.016,35,0
54.0,3.462,47,1
54.0,3.432,29,0
54.0,3.486,45,0
54.0,3.464,52,0
54.0,3.544,71,0
54.0,3.514,25,0
54.0,3.557,35,1
53.0,2.971,26,1
53.0,2.909,26,0
53.0,2.95,33,0
53.0,2.982,40,1
53.0,2.961,37,0
53.0,3.047,32,0
53.0,3.509,25,0
53.0,2.968,71,0
53.0,2.957,41,0
53.0,2.964,45,0
53.0,2.957,58,0
53.0,2.998,75,1
53.0,3.421,25,0
53.0,3.335,31,0
53.0,2.938,27,0
53.0,2.953,25,0
53.0,2.943,29,0
53.0,2.985,44,0
53.0,2.943,28,0
53.0,3.382,38,0
53.0,3.475,35,1
53.0,3.515,35,0
53.0,3.526,59,0
53.0,3.498,81,0
53.0,3.497,33,0
53.0,3.814,38,0
53.0,3.973,26,0
53.0,3.951,43,0
54.0,3.0,25,0
54.0,3.25,49,0
53.0,3.376,43,0
53.0,3.593,27,0
53.0,3.935,32,1
53.0,3.879,41,0
53.0,3.848,41,0
53.0,3.974,41,1
53.0,3.924,42,0
52.0,3.906,25,0
52.0,3.922,31,0
52.0,3.842,57,1
52.0,4.0,33,0
55.0,3.462,26,0
54.0,3.032,29,0
54.0,3.514,28,0
54.0,3.454,29,1
54.0,3.566,34,0
54.0,3.369,32,0
54.0,3.406,42,0
54.0,2.972,28,0
54.0,3.459,32,0
53.0,3.385,50,0
53.0,3.465,38,0
53.0,3.418,27,1
53.0,3.47,28,0
53.0,3.509,29,0
53.0,3.402,29,0
53.0,3.506,25,0
53.0,3.381,43,1
53.0,3.442,36,0
53.0,3.04,36,0
53.0,3.459,26,0
53.0,3.419,29,0
53.0,3.413,48,0
53.0,3.434,26,0
53.0,3.496,28,0
53.0,3.539,32,0
53.0,3.413,58,1
53.0,3.442,56,0
53.0,3.573,34,0
53.0,3.433,29,0
53.0,3.492,30,2
53.0,3.414,33,0
53.0,3.431,34,0
53.0,3.037,30,0
53.0,3.495,39,0
53.0,3.503,47,0
53.0,3.424,37,0
53.0,3.493,35,0
53.0,3.484,67,2
52.0,3.516,52,0
53.0,3.472,43,0
52.0,3.054,25,0
52.0,3.496,27,0
52.0,3.442,25,1
52.0,3.028,27,0
54.0,3.01,25,0
54.0,2.928,26,0
53.0,2.934,37,1
53.0,2.962,30,1
53.0,2.902,65,0
53.0,2.876,28,0
52.0,2.928,30,0
54.0,2.963,27,0
53.0,2.923,40,0
54.0,3.006,27,0
54.0,2.898,28,0
54.0,2.855,34,0
54.0,2.868,36,0
54.0,2.859,25,0
53.0,3.097,50,1
53.0,3.014,41,0
53.0,2.979,63,1
53.0,2.909,55,1
53.0,3.571,25,0
53.0,3.354,45,0
53.0,3.379,26,0
53.0,3.434,36,0
53.0,3.365,36,0
53.0,2.951,36,0
53.0,3.413,35,0
53.0,2.892,26,0
53.0,3.384,26,0
53.0,3.414,37,0
52.0,3.391,110,1
52.0,3.461,26,0
52.0,3.376,61,0
53.0,3.357,44,1
53.0,3.372,42,0
53.0,3.37,30,0
53.0,3.497,25,1
53.0,3.627,25,0
53.0,2.962,27,0
54.0,3.377,37,0
54.0,3.324,38,0
52.0,3.38,31,0
54.0,2.868,41,1
51.0,3.969,29,0
50.0,4.021,29,0
50.0,4.544,28,0
50.0,4.566,27,0
53.0,3.015,26,0
53.0,3.013,37,0
53.0,3.483,44,1
53.0,3.432,46,0
53.0,3.382,43,0
53.0,3.473,52,0
53.0,3.477,28,1
53.0,3.47,50,1
53.0,3.434,25,0
53.0,3.445,30,1
53.0,3.854,27,0
53.0,3.563,31,0
59.0,3.457,36,0
53.0,3.39,32,0
53.0,3.428,26,0
54.0,2.832,32,0
53.0,2.864,27,0
53.0,2.822,25,0
53.0,2.899,28,1
53.0,2.851,25,2
53.0,4.373,38,0
54.0,4.321,171,0
53.0,2.495,35,0
53.0,3.019,37,0
53.0,2.977,51,0
53.0,2.979,48,0
53.0,3.38,26,0
53.0,2.997,30,0
53.0,2.95,60,0
53.0,3.395,26,0
53.0,2.965,39,0
52.0,2.894,32,0
52.0,2.469,36,0
53.0,2.972,52,0
52.0,2.974,51,0
52.0,2.929,42,0
52.0,3.355,32,0
52.0,3.339,26,0
52.0,3.409,25,0
52.0,2.964,48,0
52.0,2.979,31,1
52.0,3.4,32,0
52.0,3.364,25,1
54.0,2.954,42,0
54.0,3.388,30,0
53.0,3.044,36,1
54.0,3.371,29,0
53.0,2.951,53,0
53.0,2.966,31,1
53.0,2.998,27,0
54.0,2.925,25,0
54.0,3.041,73,0
54.0,3.407,35,0
56.0,2.958,97,1
54.0,3.304,56,0
55.0,3.041,260,2
56.0,2.946,30,0
55.0,3.046,83,0
54.0,3.033,89,0
55.0,3.111,63,0
54.0,3.314,55,0
55.0,3.05,26,0
55.0,3.045,293,2
54.0,3.08,28,0
56.0,2.976,27,0
56.0,2.937,124,0
55.0,3.004,41,1
54.0,3.038,109,1
55.0,3.31,28,1
54.0,3.045,49,0
55.0,3.08,25,0
52.0,3.353,33,1
52.0,3.351,44,0
52.0,3.424,56,0
52.0,3.026,31,0
52.0,3.029,61,0
52.0,3.182,28,0
53.0,3.725,64,0
52.0,3.976,80,0
52.0,4.375,25,0
52.0,3.397,31,0
52.0,4.475,51,0
52.0,3.79,44,0
51.0,3.547,32,0
51.0,3.434,38,0
52.0,3.394,32,1
52.0,4.009,72,1
52.0,4.092,27,0
53.0,3.692,42,0
52.0,4.516,82,1
52.0,3.914,62,0
51.0,3.395,41,0
51.0,3.442,73,0
52.0,4.047,39,0
52.0,4.064,60,1
51.0,4.545,86,2
51.0,3.699,31,0
51.0,3.443,30,0
51.0,3.407,47,0
51.0,3.412,43,0
51.0,3.334,25,0
52.0,3.873,29,0
52.0,3.864,25,0
51.0,3.414,45,0
51.0,3.356,40,0
51.0,3.888,32,0
50.0,3.066,55,0
50.0,3.477,44,1
50.0,3.893,70,0
51.0,3.393,50,0
51.0,3.906,77,1
51.0,3.878,61,0
50.0,3.038,50,1
50.0,3.472,52,0
53.0,3.875,25,0
53.0,3.474,29,1
53.0,3.834,42,1
53.0,2.976,28,0
52.0,3.435,25,0
52.0,3.423,56,0
52.0,3.488,36,0
52.0,3.442,26,0
52.0,3.867,44,1
52.0,3.454,36,1
52.0,3.933,33,0
52.0,3.466,32,0
57.0,2.403,30,0
57.0,2.905,41,0
56.0,3.27,38,0
52.0,3.539,26,0
52.0,3.53,50,0
51.0,3.123,33,0
51.0,3.56,27,0
51.0,3.543,32,0
51.0,3.551,40,1
51.0,3.889,36,0
51.0,3.823,26,0
51.0,3.889,27,0
51.0,3.872,38,1
52.0,3.047,40,0
51.0,3.09,35,1
51.0,3.53,27,0
51.0,3.46,69,0
51.0,3.904,59,0
52.0,3.127,56,0
51.0,3.394,52,1
51.0,3.489,26,0
51.0,3.846,43,0
51.0,3.89,40,0
51.0,3.926,26,0
51.0,3.521,30,0
51.0,3.901,29,1
51.0,3.471,33,0
51.0,3.455,34,0
51.0,3.853,27,1
51.0,3.532,40,1
51.0,3.529,36,0
51.0,3.897,27,0
51.0,3.899,25,0
51.0,3.504,78,1
51.0,3.413,32,0
51.0,3.851,33,0
51.0,3.856,47,1
51.0,3.826,50,0
51.0,3.888,25,1
51.0,3.921,36,0
51.0,3.148,42,0
51.0,2.983,40,0
51.0,3.428,43,1
51.0,4.372,27,1
51.0,4.395,29,0
51.0,4.434,42,0
51.0,4.419,60,0
51.0,3.474,49,1
51.0,3.445,31,0
51.0,3.917,35,0
51.0,3.931,33,0
51.0,3.878,34,1
51.0,3.91,31,2
50.0,3.38,43,0
51.0,3.449,38,0
51.0,3.893,28,1
51.0,3.898,29,0
50.0,3.894,33,1
51.0,3.95,32,0
51.0,3.922,51,0
50.0,3.554,25,2
50.0,3.915,43,1
50.0,3.953,27,0
50.0,3.96,25,0
50.0,4.405,50,1
50.0,4.402,59,0
50.0,3.916,31,0
50.0,4.461,33,1
50.0,3.439,73,2
50.0,3.912,39,0
50.0,3.97,26,0
50.0,4.404,40,0
50.0,3.981,28,0
50.0,3.938,40,0
50.0,3.944,28,0
50.0,3.474,47,0
50.0,3.455,55,0
50.0,4.13,37,0
50.0,4.515,30,0
50.0,4.469,30,1
50.0,4.413,31,1
50.0,4.445,27,1
50.0,3.961,54,0
50.0,4.455,26,1
50.0,4.493,54,0
50.0,4.445,26,1
50.0,4.497,31,2
49.0,4.436,50,0
49.0,4.44,27,0
49.0,4.437,36,0
49.0,4.444,130,3
49.0,4.44,30,0
49.0,4.452,32,0
49.0,4.469,41,1
49.0,4.51,30,1
49.0,4.499,44,0
49.0,4.914,26,0
49.0,4.54,45,0
49.0,4.918,41,0
49.0,4.957,39,1
49.0,4.952,53,2
49.0,4.889,28,0
49.0,4.501,35,0
49.0,4.515,33,0
49.0,4.964,59,0
49.0,4.942,146,0
49.0,4.92,29,0
49.0,4.954,26,0
49.0,4.515,80,1
48.0,4.532,45,1
49.0,4.464,27,0
49.0,4.496,44,0
48.0,5.415,58,1
48.0,4.48,108,3
48.0,4.969,40,0
48.0,4.976,26,1
48.0,5.408,54,0
48.0,5.415,50,1
48.0,5.019,26,0
48.0,4.978,28,1
48.0,4.968,41,0
48.0,5.431,27,0
48.0,5.466,25,0
48.0,5.378,31,2
48.0,4.542,36,0
48.0,4.989,80,2
48.0,5.001,32,0
48.0,5.001,33,0
48.0,5.003,26,0
48.0,4.53,39,0
48.0,4.981,30,0
48.0,4.974,47,0
48.0,5.002,42,0
48.0,5.412,27,0
48.0,5.421,35,0
48.0,5.424,26,0
48.0,4.5,59,0
48.0,4.55,49,0
48.0,4.551,33,0
48.0,5.008,57,0
48.0,4.964,36,1
48.0,4.974,40,0
48.0,5.455,41,0
48.0,5.365,49,1
48.0,5.436,35,0
48.0,5.416,42,0
48.0,5.4,29,0
48.0,5.411,74,4
48.0,5.0,34,0
48.0,4.987,36,0
48.0,4.998,46,1
48.0,5.017,63,1
48.0,5.017,55,1
48.0,4.964,83,1
48.0,5.395,53,1
48.0,5.418,31,0
48.0,4.513,42,0
48.0,5.41,31,0
48.0,4.495,90,0
48.0,4.502,100,1
48.0,4.525,26,0
48.0,5.041,33,0
48.0,4.483,31,0
48.0,4.569,33,0
48.0,5.006,26,0
48.0,4.98,50,1
48.0,4.969,87,2
48.0,4.927,30,1
48.0,5.043,27,1
48.0,5.392,35,0
48.0,5.019,30,0
48.0,4.99,48,1
48.0,5.438,131,3
48.0,4.551,33,1
48.0,4.986,42,0
48.0,5.035,29,1
48.0,5.004,51,0
48.0,5.446,69,1
48.0,5.55,41,0
48.0,5.436,27,0
48.0,5.411,54,0
48.0,4.948,27,0
47.0,4.997,45,1
48.0,4.956,41,1
48.0,5.39,36,2
48.0,5.169,25,0
47.0,5.207,30,1
46.0,5.903,28,0
53.0,4.673,49,0
53.0,3.607,37,0
53.0,3.315,49,2
53.0,3.354,29,0
53.0,3.31,42,1
53.0,3.371,25,0
52.0,3.757,38,0
53.0,3.76,26,0
53.0,3.75,34,2
51.0,3.854,44,0
51.0,3.873,36,0
51.0,3.845,34,0
48.0,5.512,28,0
49.0,4.52,33,0
49.0,4.326,27,0
49.0,4.355,34,0
48.0,4.981,38,0
53.0,2.928,53,0
55.0,3.117,74,0
53.0,3.087,153,2
54.0,3.307,39,1
54.0,3.048,123,1
55.0,3.115,37,0
55.0,3.045,306,1
56.0,2.988,52,0
54.0,3.04,99,2
55.0,3.044,123,1
56.0,2.969,45,1
55.0,3.12,72,0
54.0,3.319,97,1
54.0,3.106,27,0
53.0,3.343,28,0
54.0,3.104,35,0
55.0,3.012,30,0
55.0,3.035,34,0
53.0,3.354,35,0
55.0,2.996,85,0
53.0,3.095,159,1
54.0,3.085,47,1
54.0,3.09,48,0
54.0,3.077,29,0
56.0,3.023,32,0
53.0,3.699,26,0
51.0,5.143,27,0
51.0,4.13,59,0
51.0,3.875,33,0
51.0,3.934,26,0
50.0,3.886,34,0
51.0,4.567,41,0
55.0,3.054,80,1
53.0,3.066,41,2
53.0,3.077,124,0
52.0,3.402,45,0
52.0,3.461,38,0
52.0,3.422,45,0
52.0,3.491,39,1
52.0,3.425,46,0
52.0,3.408,43,0
52.0,3.491,41,0
52.0,3.486,26,1
53.0,4.185,38,0
53.0,4.53,78,1
52.0,4.477,73,0
52.0,2.931,27,1
52.0,2.911,51,0
52.0,2.935,29,0
167.0,3.833,66,0
131.0,3.918,59,0
145.0,4.326,38,1
51.0,3.392,25,0
53.0,3.361,38,0
52.0,2.984,51,2
52.0,3.546,36,0
52.0,3.43,27,0
52.0,3.852,26,1
52.0,3.496,37,0
52.0,3.534,33,0
53.0,3.06,25,0
53.0,3.072,50,1
53.0,3.075,34,0
53.0,3.069,25,0
54.0,3.044,31,0
53.0,3.042,28,0
53.0,3.093,34,1
53.0,3.086,32,1
53.0,3.109,25,1
53.0,3.103,28,0
52.0,3.946,27,0
51.0,3.519,44,0
53.0,3.1,28,0
52.0,3.416,25,1
52.0,3.944,38,1
52.0,3.884,28,1
51.0,3.887,32,1
51.0,3.92,35,0
49.0,4.524,32,0
49.0,5.049,25,0
48.0,5.065,25,0
48.0,5.065,35,1
48.0,5.062,46,0
48.0,5.062,61,0
48.0,5.064,27,0
48.0,5.054,39,0
47.0,5.058,28,0
47.0,5.576,30,0
47.0,5.55,51,1
47.0,5.559,28,0
47.0,5.547,45,0
46.0,5.606,41,0
46.0,5.584,46,0
46.0,5.582,47,0
46.0,5.583,52,1
50.0,3.503,26,0
53.0,4.405,26,0
53.0,4.508,77,0
53.0,4.491,63,0
53.0,4.546,119,0
53.0,3.83,30,2
52.0,4.548,64,0
52.0,4.579,109,2
52.0,3.874,55,0
53.0,5.163,25,0
52.0,4.62,44,0
52.0,4.549,53,0
52.0,4.578,70,2
52.0,4.523,35,0
53.0,3.887,25,0
55.0,4.278,28,1
54.0,4.383,53,1
51.0,5.157,25,0
51.0,5.153,64,1
51.0,4.634,50,0
52.0,4.617,92,0
51.0,4.602,83,1
52.0,3.424,30,1
52.0,3.351,32,1
52.0,3.357,31,0
52.0,2.509,26,0
51.0,3.412,26,0
51.0,3.424,39,0
51.0,3.433,30,0
51.0,3.432,28,0
51.0,3.463,67,0
51.0,3.465,25,0
51.0,3.939,29,0
50.0,3.439,38,1
51.0,3.495,62,0
50.0,3.994,30,1
49.0,3.91,25,4
52.0,2.496,29,0
54.0,3.079,41,0
54.0,3.065,29,0
54.0,3.081,130,1
53.0,3.08,41,0
54.0,3.104,31,0
53.0,3.093,63,1
54.0,3.068,72,0
55.0,3.003,92,1
53.0,3.092,103,1
54.0,3.106,39,0
55.0,3.013,52,0
53.0,3.091,113,0
53.0,3.073,41,2
54.0,3.079,27,0
54.0,3.089,25,0
55.0,2.993,35,1
54.0,3.059,30,0
50.0,2.391,45,1
50.0,2.873,61,0
50.0,3.352,51,0
50.0,3.945,42,1
52.0,4.469,66,1
51.0,2.865,93,1
53.0,3.854,73,0
51.0,2.381,79,0
52.0,3.521,60,0
52.0,3.445,66,1
52.0,3.415,48,1
51.0,3.998,58,0
52.0,4.031,71,0
53.0,3.84,25,0
53.0,3.972,35,0
53.0,3.907,27,0
52.0,3.448,50,1
52.0,3.472,30,0
52.0,2.963,46,0
52.0,2.946,75,2
52.0,2.935,66,0
51.0,3.466,57,0
51.0,3.415,25,0
51.0,3.449,32,0
51.0,3.484,34,0
51.0,3.522,41,0
51.0,3.899,32,1
50.0,3.944,26,0
49.0,3.431,25,0
50.0,3.532,49,0
52.0,2.887,35,0
53.0,3.397,40,0
52.0,3.384,27,0
54.0,3.486,30,0
51.0,3.343,35,1
51.0,3.366,50,0
54.0,3.472,28,0
53.0,2.91,32,0
53.0,3.564,42,0
53.0,3.56,39,0
53.0,3.025,26,0
50.0,4.399,25,0
48.0,5.528,30,0
52.0,3.625,28,0
52.0,3.125,28,0
52.0,3.125,42,1
53.0,3.125,76,2
54.0,3.75,26,0
53.0,3.502,127,4
52.0,3.799,133,1
52.0,4.007,26,0
52.0,4.526,43,0
52.0,3.901,56,0
52.0,3.625,49,0
51.0,3.545,55,0
51.0,3.852,70,0
51.0,4.022,34,0
51.0,3.923,48,0
50.0,4.364,58,0
51.0,3.625,32,0
50.0,4.015,92,1
50.0,4.374,27,0
50.0,5.564,28,0
50.0,4.566,28,0
50.0,4.499,74,0
49.0,4.882,25,0
49.0,4.472,50,0
49.0,5.024,25,0
49.0,4.927,37,0
49.0,5.44,41,1
48.0,5.263,33,0
49.0,5.047,34,0
48.0,5.57,93,0
48.0,6.009,83,1
49.0,4.463,217,3
49.0,4.967,413,1
46.0,5.32,421,0
45.0,5.822,206,1
41.0,6.399,101,0
51.0,3.75,29,0
52.0,3.75,27,0
44.0,5.384,48,1
44.0,4.96,51,0
45.0,5.259,48,0
45.0,4.976,47,1
46.0,5.25,38,0
46.0,4.959,30,1
47.0,4.952,71,0
47.0,4.922,38,0
48.0,4.403,43,0
49.0,3.782,37,1
51.0,3.44,30,0
48.0,5.094,52,0
48.0,5.15,44,0
48.0,5.155,29,0
48.0,5.107,27,0
48.0,5.072,28,0
48.0,5.157,32,0
47.0,5.019,44,0
47.0,5.07,49,0
47.0,5.703,26,0
47.0,5.673,29,0
51.0,3.895,28,0
51.0,3.874,35,0
51.0,3.411,27,0
51.0,3.586,29,1
51.0,3.947,60,1
51.0,4.415,51,1
50.0,4.015,34,0
50.0,4.529,45,1
50.0,4.433,39,0
50.0,4.924,35,0
50.0,4.305,29,0
50.0,4.442,34,0
51.0,4.02,42,1
52.0,3.592,45,1
52.0,3.895,93,2
52.0,3.403,59,0
51.0,3.409,32,0
51.0,3.418,59,1
52.0,3.368,54,0
52.0,3.843,61,0
51.0,3.889,33,0
52.0,3.919,51,1
51.0,3.418,58,1
51.0,3.416,57,0
52.0,3.418,40,0
52.0,3.861,36,1
51.0,3.922,66,1
51.0,3.932,46,0
51.0,4.089,39,0
51.0,3.582,44,0
51.0,3.883,78,1
51.0,3.937,41,0
51.0,3.877,64,0
51.0,3.419,53,0
51.0,3.416,38,1
51.0,3.429,41,0
51.0,3.973,61,1
51.0,3.97,47,0
51.0,3.829,37,0
51.0,3.396,41,0
51.0,3.405,39,0
51.0,3.438,54,0
51.0,3.931,90,2
51.0,3.922,57,0
50.0,3.862,35,1
50.0,3.908,91,2
50.0,3.903,96,2
50.0,4.335,56,0
50.0,4.373,76,0
50.0,4.37,81,0
50.0,4.376,63,1
50.0,3.904,67,1
50.0,4.361,25,0
50.0,4.388,59,0
50.0,4.36,34,0
50.0,4.373,31,0
50.0,4.419,31,0
49.0,4.831,29,0
49.0,4.951,27,0
49.0,5.046,49,0
49.0,5.002,40,0
49.0,4.929,42,0
50.0,4.282,29,0
51.0,4.588,54,1
50.0,5.17,38,1
50.0,5.478,89,1
51.0,3.936,31,0
52.0,3.463,26,0
52.0,3.472,28,1
54.0,3.397,26,0
131.0,3.871,32,0
51.0,3.534,36,0
51.0,3.465,42,0
51.0,3.567,56,0
51.0,3.553,71,2
51.0,3.615,50,0
50.0,4.451,27,0
53.0,3.389,33,0
52.0,3.571,39,0
52.0,3.833,35,0
54.0,3.25,25,0
51.0,3.872,27,0
51.0,4.42,39,1
51.0,3.977,60,0
51.0,4.441,51,0
51.0,3.625,29,0
51.0,4.0,30,0
51.0,4.375,25,0
137.0,4.322,25,0
52.0,3.957,28,0
52.0,3.364,31,0
51.0,3.923,31,0
51.0,3.946,29,1
52.0,3.421,41,0
55.0,3.055,73,0
55.0,3.053,54,0
53.0,3.093,59,0
53.0,3.09,90,0
55.0,3.054,28,0
52.0,3.351,40,0
54.0,3.065,103,3
53.0,3.087,93,1
52.0,3.356,41,1
52.0,3.388,59,1
53.0,3.092,30,0
53.0,3.086,73,0
53.0,3.403,28,0
55.0,3.067,37,0
52.0,3.44,35,0
51.0,3.398,25,0
52.0,3.392,30,1
52.0,3.398,39,0
52.0,3.382,37,1
52.0,3.469,32,1
48.0,4.56,25,0
48.0,4.587,40,0
48.0,4.881,47,0
48.0,4.402,44,0
45.0,5.926,128,1
48.0,3.931,46,0
49.0,4.405,35,0
49.0,4.37,30,0
49.0,4.358,65,4
49.0,3.933,72,0
49.0,4.377,33,0
49.0,3.495,81,0
50.0,4.352,29,0
50.0,3.893,50,1
51.0,3.937,30,0
51.0,3.884,27,0
51.0,3.573,31,0
51.0,3.517,37,0
51.0,3.516,30,0
51.0,3.973,29,0
51.0,3.978,42,0
51.0,3.909,35,0
51.0,3.958,28,0
51.0,3.93,35,0
51.0,3.948,38,0
51.0,3.977,27,0
51.0,3.496,29,0
51.0,3.928,26,0
51.0,3.95,26,0
51.0,4.479,26,1
52.0,4.443,33,0
50.0,4.003,28,1
50.0,4.47,27,0
50.0,3.966,27,0
50.0,3.86,25,0
50.0,4.499,27,2
49.0,4.469,31,0
48.0,5.039,31,0
48.0,4.395,25,0
48.0,4.969,29,1
48.0,5.017,35,0
48.0,5.067,33,0
48.0,4.958,26,0
48.0,5.036,25,0
48.0,4.964,27,1
48.0,5.035,28,0
48.0,5.029,26,0
48.0,5.01,32,0
47.0,5.661,35,1
53.0,3.498,92,1
53.0,3.526,109,0
51.0,4.022,159,1
50.0,4.494,29,0
50.0,4.505,30,1
50.0,4.511,38,1
44.0,6.027,36,1
45.0,5.984,31,0
45.0,6.009,53,1
44.0,6.028,139,2
40.0,6.159,31,1
49.0,4.281,41,1
47.0,4.797,44,2
51.0,4.012,34,0
51.0,4.614,48,0
51.0,4.615,26,1
51.0,4.462,68,0
51.0,4.75,76,1
51.0,4.51,43,0
50.0,5.144,75,0
51.0,4.752,76,0
50.0,5.171,88,0
49.0,5.216,87,1
50.0,5.193,43,1
50.0,5.173,55,0
50.0,5.211,55,1
50.0,5.185,39,0
50.0,5.131,54,1
51.0,4.638,29,0
51.0,4.62,49,1
50.0,4.643,29,2
50.0,4.683,28,0
50.0,4.708,32,1
49.0,5.25,26,0
49.0,5.25,44,0
49.0,5.266,30,0
49.0,5.25,26,0
49.0,5.25,40,0
49.0,5.25,55,0
49.0,5.25,68,0
42.0,5.99,26,0
52.0,2.99,34,1
50.0,2.99,32,0
50.0,2.99,28,1
51.0,4.426,28,0
50.0,4.095,26,0
50.0,5.181,54,0
50.0,4.314,27,0
50.0,5.152,39,1
49.0,5.473,32,1
49.0,4.349,38,0
50.0,4.626,74,0
49.0,5.052,87,1
49.0,5.709,53,0
49.0,4.535,78,0
49.0,5.031,36,0
49.0,5.011,30,0
49.0,6.119,34,0
48.0,4.577,41,0
49.0,5.149,43,0
48.0,4.659,36,2
48.0,4.64,32,0
48.0,4.59,41,1
48.0,4.561,40,0
48.0,4.527,36,0
48.0,6.139,72,0
48.0,5.187,27,0
51.0,3.322,29,0
48.0,4.25,31,0
48.0,4.483,31,1
48.0,4.75,41,0
48.0,5.171,32,0
48.0,5.789,47,0
49.0,4.4,30,0
48.0,4.603,51,0
49.0,4.476,33,1
48.0,4.998,40,0
48.0,5.694,46,1
48.0,6.594,62,1
48.0,6.244,29,1
47.0,6.187,25,0
47.0,5.15,39,0
47.0,5.11,44,1
48.0,6.137,63,0
47.0,6.588,55,1
47.0,5.04,41,0
47.0,5.708,34,0
47.0,6.621,28,0
47.0,6.108,32,1
47.0,6.192,49,1
47.0,6.067,55,0
47.0,6.344,110,0
47.0,5.717,27,0
46.0,5.708,42,0
46.0,5.241,28,1
46.0,5.718,53,2
46.0,5.234,32,0
46.0,5.707,34,0
46.0,5.225,25,0
46.0,5.722,28,0
46.0,5.199,27,0
47.0,5.616,41,0
46.0,6.152,34,0
46.0,6.85,26,0
46.0,6.016,52,0
46.0,5.178,29,1
46.0,5.19,26,0
46.0,5.747,44,0
46.0,5.74,38,0
46.0,5.736,28,1
46.0,5.175,27,0
46.0,6.022,34,0
46.0,6.447,74,1
45.0,6.467,39,0
45.0,5.723,26,0
48.0,5.053,25,0
48.0,5.004,34,0
48.0,5.111,40,0
50.0,4.416,31,0
53.0,3.959,62,0
51.0,4.371,58,1
50.0,3.975,141,3
48.0,5.132,28,2
49.0,5.063,28,0
50.0,4.689,31,0
48.0,5.396,41,1
48.0,4.999,25,0
48.0,5.896,31,1
49.0,4.993,26,0
49.0,4.553,25,0
48.0,3.412,28,1
49.0,4.387,44,0
49.0,4.917,115,0
49.0,4.916,147,1
49.0,4.927,30,0
48.0,3.917,40,2
49.0,2.867,50,1
48.0,4.874,25,0
49.0,3.382,41,1
49.0,3.964,28,1
50.0,4.483,71,0
50.0,4.908,29,1
50.0,4.478,33,0
50.0,3.625,84,1
50.0,3.875,83,0
50.0,4.0,90,0
50.0,4.375,82,0
49.0,4.961,26,0
50.0,4.0,26,0
49.0,4.375,28,0
49.0,5.537,40,0
49.0,6.028,32,0
49.0,5.54,39,0
49.0,6.036,25,1
49.0,6.224,29,1
48.0,4.988,27,1
49.0,4.0,30,0
45.0,6.037,41,2
46.0,6.443,67,3
45.0,6.98,28,0
49.0,4.573,29,0
49.0,4.545,38,1
49.0,4.57,45,2
49.0,4.575,35,0
49.0,4.505,26,0
49.0,4.443,25,1
48.0,5.47,48,0
48.0,5.428,37,1
47.0,4.483,62,1
48.0,4.978,52,1
47.0,4.942,62,2
48.0,4.988,41,1
48.0,4.991,66,0
48.0,4.944,33,0
48.0,4.96,42,0
48.0,5.472,54,1
48.0,5.417,97,0
48.0,5.426,107,1
48.0,5.451,100,1
47.0,5.478,29,1
47.0,5.45,31,1
47.0,4.472,27,1
47.0,4.555,56,0
47.0,4.958,26,0
47.0,5.461,47,1
47.0,5.441,26,0
48.0,5.443,36,0
47.0,5.44,28,1
47.0,5.486,26,0
47.0,5.52,57,0
47.0,5.506,26,1
47.0,5.554,26,0
47.0,5.048,77,0
47.0,5.002,43,0
47.0,5.538,26,0
47.0,5.041,53,0
47.0,5.489,27,0
47.0,5.506,35,1
47.0,5.118,29,0
47.0,5.535,52,1
48.0,5.038,51,0
47.0,5.536,74,0
47.0,5.042,31,0
47.0,5.508,33,0
47.0,5.077,34,1
47.0,5.091,34,0
47.0,5.006,25,0
47.0,5.499,76,1
47.0,5.113,67,1
47.0,5.119,26,0
47.0,5.106,67,1
47.0,4.602,74,1
47.0,5.555,32,0
47.0,5.08,64,1
47.0,5.5,52,0
47.0,5.557,44,1
47.0,5.542,33,0
47.0,5.54,90,1
47.0,5.555,34,0
47.0,5.522,56,1
47.0,5.01,28,1
47.0,5.139,25,1
47.0,5.537,105,4
47.0,5.589,33,0
47.0,5.503,55,0
47.0,5.077,29,0
47.0,5.567,28,0
47.0,5.053,88,2
47.0,5.548,31,0
47.0,5.53,82,1
46.0,5.497,31,0
46.0,5.567,63,0
46.0,5.543,41,0
46.0,5.543,70,0
46.0,5.551,52,0
47.0,5.124,39,2
47.0,5.057,28,2
45.0,5.496,31,1
46.0,5.109,43,0
46.0,5.527,36,0
46.0,5.09,50,0
46.0,5.503,35,0
46.0,5.496,61,2
46.0,5.542,31,0
46.0,5.517,54,0
46.0,5.489,37,1
46.0,5.474,29,0
46.0,5.083,39,0
45.0,5.582,36,0
46.0,5.56,62,4
46.0,5.524,48,1
46.0,5.515,32,0
47.0,5.023,31,0
46.0,5.526,37,1
46.0,5.501,29,0
46.0,5.518,43,0
46.0,5.557,25,0
46.0,5.053,48,0
46.0,5.502,53,1
46.0,5.517,30,1
46.0,5.542,26,2
46.0,5.539,63,0
46.0,5.51,38,1
46.0,6.01,43,0
46.0,5.567,45,0
44.0,4.593,49,1
46.0,5.526,57,1
46.0,5.572,79,0
46.0,6.014,29,1
46.0,5.544,74,1
46.0,5.982,29,1
45.0,4.972,62,0
45.0,5.125,69,1
46.0,5.047,78,1
46.0,4.656,28,0
46.0,4.607,28,1
46.0,4.598,48,0
46.0,4.644,35,1
46.0,5.074,33,0
46.0,5.115,38,0
46.0,5.571,52,0
46.0,5.567,39,0
46.0,5.599,31,0
46.0,5.588,53,0
46.0,5.978,25,0
46.0,5.981,29,0
45.0,5.478,28,1
45.0,5.515,31,1
46.0,5.993,25,1
46.0,5.553,49,2
46.0,5.1,25,0
46.0,5.566,38,0
46.0,5.577,58,0
46.0,5.537,26,0
46.0,5.086,27,1
46.0,5.536,37,2
46.0,5.536,25,0
46.0,5.089,31,1
46.0,5.567,74,0
46.0,5.551,25,0
46.0,5.541,31,0
46.0,5.091,48,0
46.0,5.609,48,0
46.0,5.602,35,1
46.0,5.571,33,0
46.0,6.04,32,0
45.0,5.541,39,0
45.0,5.55,34,0
45.0,5.121,76,3
45.0,5.137,65,1
46.0,5.515,48,2
45.0,5.547,64,1
46.0,5.572,40,0
46.0,5.567,31,0
45.0,5.545,79,0
45.0,5.522,32,0
45.0,5.567,41,1
45.0,5.555,37,0
45.0,5.593,31,0
45.0,5.557,47,1
45.0,5.999,26,0
46.0,5.582,41,0
45.0,5.527,132,1
45.0,5.582,56,1
45.0,5.563,27,1
45.0,5.574,34,0
45.0,5.08,61,0
45.0,5.562,46,2
45.0,5.585,40,0
45.0,5.1,63,1
45.0,5.573,52,0
45.0,5.55,114,3
45.0,5.477,35,1
46.0,4.97,51,0
45.0,5.527,40,1
45.0,5.504,35,0
45.0,5.556,40,0
45.0,5.541,27,0
45.0,5.534,53,0
45.0,5.53,25,0
45.0,5.51,46,0
45.0,6.041,33,0
45.0,5.568,26,0
45.0,5.439,25,0
45.0,5.448,42,0
45.0,5.516,37,0
45.0,6.004,28,0
45.0,6.065,26,0
45.0,5.557,63,1
45.0,5.102,27,0
45.0,5.982,28,2
45.0,5.538,27,1
45.0,5.551,34,0
45.0,5.598,37,0
45.0,5.569,31,0
45.0,5.069,38,0
45.0,5.134,55,0
45.0,5.576,29,0
45.0,5.58,25,0
45.0,6.036,27,1
45.0,5.569,37,1
45.0,5.549,31,0
45.0,6.047,26,1
45.0,5.59,40,1
45.0,5.525,30,1
45.0,5.537,45,2
45.0,6.015,33,0
45.0,5.55,35,2
45.0,5.514,54,0
44.0,4.907,37,0
44.0,5.491,117,0
44.0,5.497,36,0
44.0,5.925,55,3
44.0,5.961,34,2
44.0,5.954,37,0
44.0,5.497,31,0
44.0,5.507,54,3
44.0,5.504,34,0
44.0,5.465,39,1
44.0,5.499,28,0
44.0,5.062,43,0
45.0,5.502,119,2
44.0,5.586,71,1
49.0,4.447,38,0
48.0,4.491,32,0
48.0,4.999,54,0
48.0,5.146,52,5
48.0,4.957,59,0
48.0,5.057,35,0
48.0,4.995,69,0
48.0,5.159,30,1
48.0,5.055,95,0
48.0,5.111,93,1
48.0,5.101,53,0
48.0,5.021,53,0
48.0,5.041,67,0
48.0,5.047,28,0
47.0,5.083,34,0
48.0,5.132,32,0
48.0,5.097,64,0
47.0,5.088,35,1
47.0,5.593,42,1
47.0,5.159,40,0
47.0,5.175,48,0
47.0,5.636,53,0
47.0,5.65,44,0
47.0,5.452,49,1
47.0,5.178,67,0
47.0,5.145,56,0
47.0,5.15,58,0
47.0,5.643,43,1
47.0,5.643,72,2
47.0,5.673,43,1
47.0,5.172,98,0
47.0,5.149,65,0
48.0,5.169,41,1
48.0,5.156,39,1
48.0,5.101,43,0
50.0,4.941,60,0
49.0,4.907,37,0
49.0,4.918,39,0
51.0,4.876,58,0
49.0,4.508,73,2
50.0,4.531,72,2
50.0,4.478,53,0
52.0,4.426,40,0
34.0,6.073,28,1
47.0,5.404,33,0
47.0,5.436,160,2
47.0,5.5,57,0
47.0,5.007,51,0
47.0,4.998,30,0
46.0,5.538,102,6
47.0,4.487,67,0
46.0,5.017,78,2
46.0,4.482,64,1
48.0,5.411,58,0
48.0,5.44,35,0
48.0,4.913,40,1
48.0,4.908,74,1
48.0,4.914,98,1
45.0,5.468,45,1
47.0,5.785,26,0
47.0,6.978,26,0
62.0,3.854,27,1
63.0,3.398,35,0
47.0,5.016,47,0
44.0,5.447,28,1
44.0,5.871,36,1
42.0,6.99,53,1
49.0,4.851,28,0
48.0,4.96,28,0
47.0,5.25,44,0
47.0,5.75,38,0
46.0,5.25,27,0
47.0,5.75,33,0
45.0,5.75,56,0
45.0,5.75,55,0
43.0,6.25,48,0
48.0,4.999,32,0
47.0,5.122,27,0
48.0,4.539,42,1
48.0,4.468,27,1
47.0,5.087,31,0
47.0,5.027,25,1
46.0,5.061,25,0
46.0,5.023,25,0
48.0,5.034,26,0
48.0,5.032,39,0
48.0,5.051,36,0
48.0,5.054,45,0
48.0,5.014,54,0
48.0,4.997,25,0
48.0,4.911,34,1
48.0,5.396,30,0
48.0,4.547,35,0
48.0,4.495,25,0
48.0,5.041,37,0
47.0,4.575,27,0
47.0,5.152,45,0
47.0,5.094,42,0
47.0,5.067,77,1
47.0,5.081,77,1
47.0,5.077,113,4
47.0,5.105,25,0
47.0,5.084,85,0
47.0,5.613,46,0
47.0,5.587,56,0
47.0,5.578,98,0
47.0,5.572,137,1
47.0,5.561,147,2
47.0,5.554,122,0
47.0,5.03,29,0
47.0,5.427,30,1
46.0,4.964,29,0
46.0,5.051,30,0
46.0,5.058,30,1
46.0,5.079,33,0
46.0,5.105,55,1
46.0,5.121,38,1
46.0,5.118,58,2
47.0,5.535,28,0
46.0,5.57,32,0
46.0,5.57,68,2
46.0,5.555,94,0
46.0,5.624,73,0
46.0,5.644,80,2
46.0,5.651,101,0
47.0,4.961,28,0
47.0,4.563,26,2
46.0,4.565,27,1
45.0,5.147,28,0
45.0,5.199,29,0
45.0,4.492,34,1
45.0,4.935,40,1
45.0,4.926,30,0
45.0,6.08,55,1
45.0,6.958,40,2
45.0,6.964,33,2
45.0,6.392,82,2
45.0,6.421,80,0
44.0,6.514,40,1
44.0,6.623,35,0
43.0,5.357,42,2
44.0,6.427,69,1
44.0,6.937,34,0
44.0,7.25,33,1
44.0,6.454,37,1
44.0,6.913,42,0
43.0,7.25,35,0
48.0,4.5,25,0
47.0,5.25,37,0
46.0,5.25,37,0
46.0,5.25,26,0
45.0,5.25,47,0
47.0,5.608,44,0
47.0,5.592,37,1
46.0,5.642,39,0
47.0,5.521,30,0
47.0,5.484,25,1
47.0,5.618,27,1
47.0,5.526,33,0
47.0,5.17,50,0
49.0,5.114,28,1
47.0,5.47,39,0
48.0,5.26,25,1
49.0,5.25,31,0
49.0,5.283,32,1
48.0,5.75,41,0
48.0,5.874,27,1
48.0,6.25,25,0
47.0,5.916,36,1
47.0,6.25,38,1
47.0,5.704,28,0
48.0,6.004,42,0
48.0,6.238,36,1
48.0,6.06,26,0
45.0,5.972,46,0
45.0,6.003,53,1
46.0,5.973,38,0
46.0,5.99,38,0
47.0,5.983,45,1
47.0,5.977,36,1
47.0,5.628,25,2
47.0,6.071,30,1
46.0,6.053,43,2
47.0,3.957,26,0
47.0,4.981,26,0
47.0,4.994,41,0
47.0,4.978,58,0
48.0,4.934,32,0
47.0,5.554,42,0
47.0,5.519,32,0
48.0,5.495,101,0
48.0,5.513,46,0
48.0,5.471,40,0
48.0,5.213,28,0
48.0,5.195,27,0
48.0,5.172,34,0
46.0,5.23,31,0
48.0,4.99,25,1
48.0,4.996,25,0
48.0,5.044,28,0
48.0,5.054,34,0
48.0,5.396,32,0
48.0,4.482,179,0
48.0,5.036,188,0
47.0,5.38,28,0
47.0,5.463,32,0
47.0,4.991,32,1
47.0,5.501,27,0
47.0,5.546,46,0
47.0,5.033,36,1
47.0,5.527,32,0
47.0,5.541,27,0
47.0,4.997,189,1
47.0,5.525,40,0
47.0,5.564,31,0
47.0,5.476,45,0
47.0,5.569,47,0
47.0,5.509,31,0
46.0,5.554,40,0
47.0,5.568,34,0
47.0,5.567,44,1
46.0,5.575,27,0
47.0,4.978,28,0
46.0,5.518,27,0
46.0,5.524,25,0
46.0,5.569,49,0
46.0,5.469,28,0
46.0,5.539,29,1
46.0,5.527,29,0
46.0,5.588,27,0
46.0,6.049,26,2
45.0,5.577,31,0
46.0,5.564,25,0
46.0,5.529,39,0
46.0,5.512,38,0
46.0,5.551,30,1
46.0,5.567,25,1
45.0,5.613,25,0
45.0,5.593,29,0
47.0,5.015,34,0
47.0,4.975,41,0
47.0,4.932,38,0
47.0,5.498,26,0
47.0,4.94,52,2
47.0,4.915,56,0
38.0,6.46,72,0
38.0,6.84,34,0
47.0,5.5,30,0
48.0,5.5,28,0
47.0,5.577,95,1
47.0,5.977,27,0
47.0,6.055,79,1
46.0,5.5,28,0
46.0,5.625,32,1
47.0,5.585,59,0
46.0,6.039,90,2
46.0,5.156,40,0
46.0,5.494,74,2
45.0,5.718,34,0
46.0,6.592,29,0
45.0,5.472,26,0
46.0,6.068,39,1
45.0,6.868,53,2
45.0,5.75,28,1
45.0,5.75,47,0
45.0,5.625,30,0
45.0,6.085,86,0
45.0,6.864,65,1
45.0,6.514,49,0
44.0,6.091,30,0
45.0,5.327,29,0
44.0,5.625,28,0
45.0,6.0,28,0
44.0,5.625,47,0
44.0,5.625,50,0
44.0,6.044,94,1
44.0,5.307,25,0
44.0,6.085,31,0
44.0,6.37,44,1
44.0,6.888,74,0
44.0,5.875,29,0
44.0,5.625,33,0
43.0,5.625,52,0
43.0,5.957,73,1
43.0,5.592,71,1
43.0,5.987,82,0
43.0,6.104,29,0
43.0,6.558,32,2
43.0,6.292,34,1
43.0,6.919,57,1
48.0,5.974,26,1
48.0,5.453,65,1
47.0,6.107,28,0
47.0,5.579,59,0
46.0,5.63,56,1
45.0,5.64,43,0
45.0,5.225,30,0
44.0,5.572,25,1
43.0,6.576,25,1
44.0,6.108,30,2
39.0,6.162,37,0
47.0,5.458,27,0
47.0,6.109,45,1
47.0,6.041,25,0
47.0,6.384,26,0
47.0,6.434,35,0
47.0,4.553,33,0
47.0,5.156,25,0
47.0,5.127,26,0
46.0,5.188,27,1
45.0,5.75,30,1
45.0,5.25,57,0
43.0,5.5,30,0
47.0,5.75,36,1
46.0,5.685,28,0
47.0,5.485,26,0
46.0,5.804,49,1
46.0,5.786,29,1
46.0,5.817,59,2
45.0,6.0,50,0
45.0,5.968,47,0
45.0,5.963,29,0
44.0,5.91,34,0
44.0,5.898,37,0
43.0,5.877,32,0
44.0,5.855,25,1
43.0,5.904,38,1
8.0,6.375,31,0
8.0,6.371,33,0
47.0,5.625,33,0
47.0,6.12,29,0
46.0,5.5,28,0
45.0,5.5,80,0
46.0,5.143,29,1
46.0,5.735,25,0
46.0,5.683,33,0
46.0,5.708,27,0
45.0,5.203,34,0
45.0,5.522,32,0
45.0,5.726,25,0
44.0,5.422,44,0
46.0,5.722,25,1
44.0,5.951,28,0
47.0,5.625,25,0
47.0,5.875,63,0
47.0,6.125,52,0
46.0,6.25,41,0
46.0,6.524,30,0
45.0,5.586,38,0
45.0,5.602,39,0
45.0,5.594,36,1
45.0,5.59,39,0
45.0,5.567,28,0
43.0,6.098,35,1
43.0,6.044,34,1
43.0,6.06,39,0
43.0,6.095,29,0
47.0,5.623,74,0
46.0,5.643,55,0
47.0,5.62,63,1
46.0,5.655,28,0
46.0,5.655,39,0
46.0,5.182,25,0
46.0,5.489,49,0
46.0,5.686,31,0
46.0,5.186,27,0
46.0,5.545,46,0
46.0,5.572,42,1
46.0,5.681,25,0
46.0,5.202,26,2
46.0,5.603,31,0
46.0,5.146,26,0
46.0,5.727,33,0
46.0,5.707,27,0
45.0,5.746,31,2
45.0,5.745,27,1
44.0,5.458,25,1
43.0,5.514,73,1
43.0,5.501,30,0
44.0,4.929,43,2
47.0,5.308,27,1
43.0,6.18,27,0
43.0,6.439,63,1
43.0,7.032,60,0
43.0,7.034,70,1
42.0,6.667,27,0
42.0,7.255,62,0
43.0,6.632,49,1
42.0,6.998,32,1
42.0,6.708,41,0
42.0,7.015,32,1
42.0,7.061,35,0
42.0,7.278,83,3
41.0,7.037,34,1
42.0,7.343,96,1
41.0,6.575,31,0
41.0,6.108,38,1
41.0,7.022,31,0
41.0,7.417,57,0
45.0,5.033,25,0
45.0,5.024,28,0
47.0,5.983,28,0
46.0,6.311,74,1
46.0,6.388,58,1
45.0,6.75,41,0
46.0,5.596,26,0
46.0,6.417,34,1
46.0,6.972,33,0
45.0,6.438,39,0
45.0,6.904,75,0
46.0,5.741,29,0
46.0,5.719,28,0
46.0,5.711,35,0
45.0,5.707,25,2
45.0,5.702,26,0
37.0,6.402,25,0
46.0,5.14,57,0
46.0,5.647,59,1
46.0,5.681,26,0
46.0,5.615,64,2
46.0,5.624,85,0
46.0,5.692,92,1
46.0,5.661,95,1
45.0,4.947,25,0
45.0,5.533,66,0
45.0,5.561,26,1
45.0,5.562,58,0
45.0,5.58,94,0
45.0,5.493,110,2
45.0,5.591,166,1
45.0,5.354,38,1
45.0,5.41,34,0
45.0,5.421,36,0
45.0,5.896,26,0
45.0,5.995,41,0
45.0,5.878,81,0
45.0,5.826,44,0
45.0,5.858,100,1
45.0,5.862,119,2
44.0,5.509,87,3
44.0,5.88,30,0
44.0,5.918,46,0
44.0,5.862,47,1
43.0,5.992,31,1
44.0,5.983,25,0
44.0,5.943,45,0
43.0,5.998,61,0
43.0,5.989,79,1
43.0,6.015,90,1
43.0,6.0,89,2
43.0,5.988,110,1
43.0,6.415,26,1
43.0,6.423,37,0
43.0,6.377,36,1
44.0,5.25,62,0
44.0,5.25,26,0
42.0,6.125,25,2
42.0,6.125,41,1
45.0,5.186,34,1
45.0,5.643,71,1
45.0,5.582,41,1
45.0,5.621,101,0
45.0,5.728,43,0
45.0,5.59,46,0
45.0,5.732,46,0
45.0,5.724,29,0
45.0,5.605,34,0
45.0,5.602,26,0
45.0,5.523,40,0
45.0,5.577,62,1
45.0,5.716,41,0
45.0,5.542,31,0
45.0,5.688,28,0
45.0,5.545,42,0
45.0,5.573,40,0
45.0,5.658,46,0
46.0,5.947,33,0
46.0,6.383,63,3
46.0,5.875,55,0
46.0,6.25,46,1
46.0,6.375,28,1
45.0,6.335,50,0
45.0,6.405,34,0
41.0,5.504,26,0
45.0,5.067,35,2
45.0,4.978,39,1
45.0,5.522,28,0
45.0,5.483,29,0
45.0,4.963,26,1
44.0,5.543,27,0
44.0,5.547,41,0
43.0,6.117,31,1
41.0,6.179,52,1
41.0,6.664,45,0
42.0,6.995,25,0
41.0,6.159,59,1
41.0,7.461,62,3
41.0,6.986,53,0
41.0,6.084,35,0
40.0,5.656,46,1
41.0,6.507,33,0
40.0,6.174,81,0
40.0,6.147,51,1
40.0,6.075,47,1
40.0,6.966,72,3
40.0,5.675,80,0
40.0,6.444,67,0
40.0,7.476,31,0
45.0,5.539,44,1
45.0,5.572,38,2
45.0,5.587,26,1
45.0,6.059,30,0
45.0,5.532,27,1
45.0,6.062,26,0
45.0,5.52,27,0
45.0,5.584,30,0
45.0,5.483,25,0
45.0,5.549,28,0
45.0,5.579,27,0
45.0,5.575,28,0
45.0,5.515,33,0
45.0,5.575,28,1
45.0,6.067,26,0
45.0,5.535,25,0
44.0,5.556,26,0
44.0,5.531,36,0
44.0,5.576,35,1
44.0,6.047,32,0
44.0,5.589,30,0
45.0,5.014,28,1
44.0,5.538,25,1
43.0,6.039,27,0
43.0,6.543,28,3
43.0,5.999,42,0
42.0,6.58,29,0
43.0,5.998,29,0
45.0,5.369,26,0
45.0,5.748,34,2
44.0,5.504,39,2
43.0,6.308,28,2
43.0,5.535,44,0
43.0,5.537,30,0
46.0,4.988,48,0
46.0,5.537,83,1
46.0,5.56,96,1
46.0,5.538,102,2
46.0,5.557,40,0
46.0,6.045,43,1
45.0,4.823,28,1
45.0,4.48,29,0
44.0,4.474,28,1
45.0,5.537,36,0
45.0,5.529,37,0
35.0,6.948,30,3
44.0,5.375,35,0
44.0,5.98,31,2
44.0,5.971,28,1
44.0,5.631,42,0
44.0,5.641,119,1
44.0,5.924,33,0
44.0,5.517,37,0
45.0,5.527,25,0
44.0,5.552,31,0
44.0,5.951,41,0
44.0,6.001,47,1
43.0,6.144,25,0
42.0,6.573,29,0
40.0,5.459,54,0
41.0,7.022,31,0
42.0,6.488,26,1
41.0,6.453,26,0
41.0,6.517,28,0
41.0,6.003,47,1
41.0,5.544,43,1
42.0,7.017,25,0
42.0,6.53,40,0
42.0,6.525,43,1
42.0,6.012,47,0
43.0,5.93,55,2
43.0,5.406,47,0
43.0,4.948,38,1
44.0,5.928,29,2
44.0,5.907,70,0
44.0,5.425,43,0
44.0,4.978,86,3
44.0,4.5,49,1
45.0,5.496,69,2
45.0,4.965,127,2
45.0,4.51,65,0
43.0,5.852,40,0
43.0,5.95,26,1
43.0,6.055,35,0
45.0,5.5,85,1
44.0,5.883,31,0
43.0,5.75,32,0
44.0,5.5,63,0
43.0,6.125,29,0
44.0,5.936,102,1
44.0,5.484,36,0
44.0,5.958,26,1
44.0,5.513,53,2
44.0,5.928,52,1
44.0,5.579,27,0
44.0,5.526,50,0
44.0,5.52,67,0
44.0,5.93,52,0
44.0,5.894,71,1
44.0,5.944,43,1
44.0,5.493,115,0
44.0,5.887,25,0
44.0,5.558,75,1
44.0,5.884,35,0
44.0,5.931,25,0
44.0,5.908,25,0
44.0,5.914,35,0
44.0,5.534,39,0
44.0,5.943,45,0
44.0,5.993,25,0
43.0,5.392,26,0
43.0,5.536,31,0
44.0,5.445,35,1
44.0,5.988,96,2
44.0,6.03,29,0
43.0,5.498,32,1
44.0,5.546,34,1
43.0,5.981,57,1
43.0,6.474,43,1
43.0,6.057,30,1
43.0,5.964,87,1
43.0,5.996,32,0
43.0,5.499,42,0
43.0,5.58,39,0
43.0,6.025,27,0
43.0,5.532,31,0
43.0,5.988,47,1
43.0,6.128,31,1
43.0,6.086,128,2
43.0,6.078,29,1
43.0,6.084,102,4
43.0,6.124,85,0
43.0,6.044,30,0
42.0,5.565,41,2
43.0,6.069,37,1
42.0,6.963,26,0
42.0,6.481,37,1
42.0,6.582,40,0
42.0,7.119,26,1
43.0,5.6,37,0
42.0,6.598,54,1
42.0,5.979,49,1
42.0,6.645,44,0
43.0,5.645,25,1
42.0,6.138,26,0
42.0,6.089,31,0
42.0,6.608,34,0
42.0,6.593,34,2
42.0,7.087,35,0
42.0,7.111,35,1
42.0,7.094,31,0
42.0,6.521,42,0
42.0,7.121,32,1
42.0,6.148,25,0
42.0,6.622,31,0
42.0,7.09,50,0
42.0,6.14,38,0
42.0,6.671,26,0
42.0,6.669,33,0
42.0,6.656,34,1
42.0,5.586,25,0
42.0,6.696,33,0
42.0,6.127,42,0
42.0,5.637,40,0
41.0,7.111,42,0
41.0,6.054,27,1
41.0,5.638,40,0
41.0,6.121,53,0
41.0,6.656,27,0
41.0,6.509,30,0
41.0,7.113,31,0
41.0,6.148,28,0
41.0,6.18,38,1
41.0,6.105,34,0
41.0,6.501,30,0
41.0,6.62,70,1
41.0,7.09,32,0
41.0,6.638,41,2
41.0,7.036,33,0
41.0,6.614,26,0
41.0,6.9,36,1
41.0,6.657,63,2
41.0,6.674,41,0
41.0,7.106,74,0
41.0,5.636,40,0
41.0,6.169,26,1
41.0,6.662,46,2
41.0,6.166,45,0
41.0,6.612,33,1
45.0,6.412,47,0
45.0,5.875,30,0
49.0,3.104,29,0
44.0,6.341,33,1
44.0,6.534,46,0
44.0,5.437,29,0
43.0,6.034,40,1
43.0,6.047,27,1
43.0,6.172,42,0
43.0,6.2,39,1
43.0,6.202,39,0
43.0,6.131,34,0
44.0,5.289,26,0
43.0,5.812,28,0
45.0,6.444,41,1
43.0,6.75,25,0
44.0,6.467,30,1
44.0,6.75,25,0
44.0,6.75,52,0
44.0,6.485,30,1
43.0,6.787,64,1
42.0,7.464,80,1
41.0,7.498,30,0
44.0,5.418,41,2
39.0,6.094,90,0
39.0,5.75,62,1
39.0,6.097,91,1
39.0,6.479,35,0
38.0,6.196,39,0
39.0,6.944,48,2
38.0,6.993,43,1
39.0,6.055,62,0
38.0,6.545,57,0
39.0,5.662,164,0
38.0,5.75,69,1
44.0,6.355,32,0
45.0,6.532,88,0
44.0,5.875,81,0
44.0,6.25,57,1
49.0,3.089,70,1
49.0,3.348,25,0
44.0,4.862,37,0
44.0,5.331,77,3
44.0,5.783,45,1
43.0,6.58,27,0
43.0,6.01,25,0
41.0,6.561,28,1
44.0,5.486,34,1
42.0,6.25,45,0
41.0,6.258,51,1
41.0,6.781,45,1
40.0,6.25,49,1
41.0,6.788,28,0
40.0,6.25,52,0
39.0,6.772,43,0
38.0,6.25,53,0
39.0,6.76,39,0
38.0,6.25,64,0
37.0,6.767,27,0
36.0,6.25,80,0
36.0,6.752,35,0
35.0,6.25,66,0
35.0,6.75,34,0
36.0,5.545,25,0
44.0,5.456,36,1
43.0,6.105,50,1
43.0,6.012,41,0
43.0,6.079,27,0
45.0,5.446,30,0
24.0,6.966,40,0
24.0,6.717,28,0
23.0,6.602,54,0
22.0,6.512,115,2
21.0,6.448,38,0
20.0,6.373,35,2
20.0,6.329,116,1
19.0,6.25,25,0
19.0,6.261,54,0
18.0,6.383,43,0
17.0,6.442,59,3
16.0,6.566,38,0
15.0,6.615,44,0
13.0,6.459,53,1
12.0,6.574,40,0
43.0,6.43,25,0
43.0,5.875,56,0
43.0,5.875,113,1
43.0,6.25,98,0
43.0,6.375,32,0
42.0,6.91,25,0
44.0,5.518,83,0
44.0,5.548,167,2
44.0,5.514,218,3
43.0,6.048,30,0
43.0,6.093,32,0
43.0,6.369,27,0
42.0,6.008,26,0
42.0,6.01,28,0
42.0,5.988,29,0
42.0,6.593,28,0
42.0,6.556,27,0
42.0,6.544,52,1
42.0,6.88,31,0
42.0,6.463,27,0
42.0,6.49,25,1
42.0,6.485,42,0
42.0,6.55,26,0
41.0,5.994,34,0
41.0,6.51,45,0
41.0,6.489,73,0
41.0,6.479,77,1
41.0,6.524,40,1
41.0,6.597,98,0
41.0,6.957,47,0
41.0,6.888,52,0
41.0,6.976,53,2
41.0,6.914,89,1
41.0,7.044,30,2
42.0,6.707,26,0
43.0,6.706,26,0
42.0,6.661,28,0
43.0,5.909,25,0
42.0,6.481,40,0
40.0,6.109,27,0
39.0,6.041,46,0
38.0,5.969,48,0
37.0,6.082,31,0
37.0,6.45,31,0
37.0,6.067,43,4
35.0,6.426,123,0
36.0,6.078,32,0
34.0,6.664,65,2
33.0,6.887,34,1
33.0,6.621,38,1
32.0,6.881,54,1
41.0,6.06,27,0
42.0,6.444,26,0
41.0,6.022,37,1
40.0,5.544,45,1
41.0,6.019,44,0
41.0,6.178,30,0
41.0,6.187,25,2
38.0,6.134,76,1
38.0,6.48,67,1
38.0,6.192,56,0
38.0,6.488,51,0
38.0,7.508,77,1
38.0,7.589,46,0
38.0,6.961,128,3
38.0,6.977,124,3
38.0,6.491,70,0
38.0,6.518,112,2
38.0,5.702,46,0
38.0,6.201,114,1
38.0,5.75,28,1
37.0,6.17,126,0
37.0,6.531,36,1
37.0,6.15,127,0
37.0,6.507,89,2
37.0,7.505,76,4
37.0,6.946,193,3
37.0,6.986,35,1
37.0,6.973,25,0
41.0,5.635,26,0
41.0,6.153,28,0
41.0,5.626,25,0
40.0,5.591,28,1
41.0,5.628,34,1
41.0,6.646,35,0
41.0,5.637,36,0
41.0,7.101,32,0
41.0,5.595,26,0
40.0,6.17,30,0
41.0,6.625,28,0
40.0,6.528,48,0
41.0,5.634,173,2
41.0,6.122,46,0
41.0,6.161,47,0
41.0,6.658,41,2
41.0,6.673,36,0
42.0,5.875,109,1
42.0,6.25,51,1
40.0,6.955,26,1
43.0,5.527,48,1
43.0,5.581,43,3
43.0,5.556,35,0
43.0,6.049,25,0
42.0,6.584,72,1
42.0,6.57,42,1
42.0,6.544,33,2
42.0,6.575,29,1
43.0,6.524,49,2
42.0,7.0,31,0
42.0,6.032,27,0
43.0,6.025,62,0
42.0,6.564,25,1
41.0,6.553,34,1
41.0,6.58,28,0
41.0,6.573,55,2
41.0,6.59,41,2
41.0,6.572,32,1
41.0,6.568,28,1
41.0,7.049,27,0
41.0,6.54,39,2
41.0,5.993,29,0
41.0,6.054,25,0
41.0,6.584,28,1
41.0,6.576,32,1
41.0,6.007,33,1
41.0,6.061,32,0
41.0,6.554,25,0
40.0,6.562,47,1
40.0,6.585,36,0
40.0,6.088,36,0
40.0,6.596,36,2
40.0,6.562,50,0
41.0,5.559,25,2
40.0,6.084,37,0
41.0,6.07,33,0
41.0,6.037,55,2
41.0,6.054,31,1
40.0,6.102,25,0
41.0,5.517,54,0
40.0,6.091,41,0
41.0,6.105,27,1
41.0,6.044,51,1
40.0,6.569,52,1
40.0,6.085,29,0
40.0,6.067,44,0
40.0,6.563,27,1
40.0,6.609,41,2
40.0,6.593,64,3
40.0,6.573,69,2
40.0,6.578,29,0
39.0,5.543,25,1
40.0,6.086,38,2
40.0,6.065,26,1
40.0,6.087,32,0
40.0,5.568,25,0
38.0,7.58,35,1
38.0,7.057,33,0
38.0,6.333,46,0
38.0,6.292,59,1
38.0,5.928,59,0
38.0,5.492,73,1
38.0,6.5,42,0
38.0,6.804,30,0
39.0,7.467,26,0
39.0,7.067,29,0
40.0,5.829,37,0
39.0,5.481,98,0
40.0,7.511,41,1
41.0,6.293,27,1
40.0,5.836,59,0
40.0,6.75,28,0
41.0,6.375,29,0
40.0,6.129,27,1
41.0,6.828,26,2
41.0,7.592,70,2
41.0,6.328,36,0
41.0,6.673,75,1
41.0,6.304,84,1
41.0,6.003,85,0
41.0,6.375,41,0
42.0,6.807,45,0
42.0,7.617,47,0
42.0,6.324,41,0
42.0,7.509,30,0
42.0,7.116,25,0
42.0,6.332,47,2
42.0,5.988,98,0
42.0,6.125,31,1
41.0,6.706,44,1
42.0,6.71,35,1
42.0,6.681,28,1
42.0,7.154,27,1
41.0,6.684,28,0
41.0,7.163,28,1
42.0,6.794,28,0
42.0,6.802,43,0
41.0,7.021,33,0
40.0,6.837,27,2
40.0,6.851,28,0
38.0,6.341,28,0
38.0,6.327,35,0
37.0,6.75,27,1
37.0,6.759,30,0
44.0,4.96,135,0
44.0,4.481,37,0
38.0,5.961,68,2
38.0,5.514,52,0
38.0,4.947,54,0
39.0,5.973,58,3
39.0,5.466,65,4
39.0,4.98,40,0
40.0,6.971,28,0
40.0,5.982,40,1
41.0,6.043,50,1
41.0,6.056,61,1
41.0,6.067,80,1
41.0,6.593,27,0
41.0,6.566,33,0
41.0,6.54,34,1
41.0,6.054,29,0
41.0,6.092,45,0
41.0,6.008,37,1
41.0,6.538,31,0
37.0,6.054,25,0
37.0,6.565,25,0
36.0,6.164,165,2
36.0,6.536,45,0
36.0,6.966,104,1
36.0,7.511,28,2
36.0,6.185,124,1
37.0,6.496,43,0
36.0,6.926,79,1
36.0,7.471,33,1
37.0,5.75,26,0
36.0,6.951,35,0
35.0,5.737,29,0
36.0,6.533,32,0
36.0,6.911,48,0
36.0,6.918,138,0
36.0,7.454,75,2
35.0,6.192,204,1
35.0,6.479,48,0
35.0,6.491,59,1
35.0,6.714,121,0
35.0,7.004,150,1
35.0,6.673,46,0
35.0,7.022,41,0
35.0,7.463,79,3
35.0,7.431,31,0
35.0,6.968,28,0
35.0,6.99,160,2
35.0,7.441,113,0
35.0,6.646,26,0
34.0,6.611,71,0
34.0,6.629,94,0
34.0,6.944,177,0
38.0,6.492,27,0
41.0,6.692,36,0
41.0,6.691,26,0
41.0,6.699,33,1
41.0,6.663,42,0
41.0,6.694,41,1
41.0,6.457,35,0
42.0,6.494,46,1
42.0,7.075,27,0
40.0,5.989,28,0
42.0,6.441,27,0
39.0,6.111,85,1
39.0,5.493,28,0
40.0,5.515,27,0
41.0,6.625,45,2
40.0,6.375,43,0
49.0,3.082,25,1
41.0,5.75,47,0
42.0,5.875,33,0
42.0,6.25,30,0
41.0,6.25,45,0
41.0,6.375,92,0
41.0,6.875,40,2
40.0,6.044,28,0
41.0,6.036,27,0
40.0,6.0,33,0
38.0,5.625,44,1
38.0,5.625,37,0
50.0,3.084,38,0
50.0,3.091,26,0
36.0,5.75,69,1
40.0,5.673,36,0
41.0,6.643,70,1
41.0,6.155,55,1
41.0,5.566,25,0
40.0,6.645,25,1
41.0,6.189,26,1
40.0,6.645,30,0
40.0,5.652,25,0
40.0,6.149,29,0
40.0,6.151,36,1
40.0,5.617,46,0
40.0,6.147,48,1
40.0,6.63,36,0
41.0,7.112,42,1
41.0,7.075,42,1
41.0,7.075,44,1
40.0,5.634,40,0
40.0,6.132,38,0
40.0,6.626,28,0
41.0,6.191,29,0
40.0,5.614,37,0
40.0,6.136,54,0
40.0,6.648,38,0
40.0,5.658,26,0
40.0,5.639,27,0
40.0,6.148,40,1
40.0,6.706,38,1
40.0,6.166,28,0
39.0,5.616,46,0
40.0,6.127,28,0
40.0,5.656,31,0
40.0,6.689,36,0
40.0,6.124,58,1
40.0,6.631,76,0
40.0,6.677,49,1
40.0,6.652,51,0
39.0,5.652,28,1
40.0,6.06,25,0
40.0,5.122,36,2
40.0,5.623,33,0
39.0,6.116,35,1
40.0,6.188,25,0
40.0,6.616,38,0
40.0,6.658,30,0
39.0,6.167,46,1
39.0,6.514,55,1
39.0,5.652,188,2
39.0,5.656,29,0
39.0,5.671,32,1
39.0,6.143,34,1
39.0,5.66,44,0
39.0,5.684,50,1
39.0,5.65,43,0
39.0,6.173,32,1
39.0,6.145,49,0
40.0,5.177,48,0
39.0,6.666,30,1
39.0,5.663,45,1
39.0,5.621,25,1
39.0,5.176,37,1
39.0,6.184,65,0
39.0,5.594,37,0
40.0,6.144,38,0
39.0,5.661,34,0
39.0,6.13,26,0
39.0,6.183,57,1
39.0,5.629,25,0
39.0,6.193,30,1
39.0,6.659,38,1
39.0,5.634,37,1
39.0,5.67,38,0
39.0,6.18,32,3
39.0,6.675,28,0
39.0,6.654,45,0
39.0,6.662,47,0
38.0,5.108,35,1
38.0,5.173,54,0
38.0,5.662,31,0
38.0,6.658,35,1
38.0,6.651,28,0
39.0,6.639,27,1
39.0,6.643,37,1
38.0,5.659,25,0
39.0,5.077,26,0
39.0,5.174,26,0
38.0,5.152,33,0
38.0,6.635,34,2
38.0,6.656,27,0
38.0,5.555,30,0
39.0,6.66,38,1
39.0,7.143,25,0
39.0,6.163,52,0
38.0,6.113,43,0
39.0,6.635,27,0
38.0,6.639,28,1
39.0,6.645,33,1
38.0,5.108,31,0
38.0,6.689,28,1
39.0,5.64,35,1
38.0,6.142,38,1
38.0,6.121,37,0
39.0,6.173,34,0
38.0,5.686,27,1
39.0,6.172,54,2
38.0,6.649,32,2
38.0,6.55,28,1
38.0,6.17,42,2
38.0,6.16,35,2
38.0,6.155,34,0
39.0,6.175,25,0
38.0,6.18,34,0
39.0,6.19,48,2
38.0,6.142,27,0
38.0,6.118,27,0
38.0,5.658,81,2
38.0,5.648,31,0
38.0,6.159,61,1
38.0,6.214,25,0
38.0,5.675,50,0
38.0,5.701,31,0
38.0,5.676,30,1
38.0,5.66,28,0
38.0,6.181,31,2
38.0,6.171,39,1
38.0,6.634,28,0
38.0,6.161,27,0
38.0,5.675,25,0
38.0,5.639,38,1
38.0,5.663,34,1
38.0,6.151,30,1
38.0,6.156,28,0
38.0,6.568,41,2
39.0,5.539,29,0
38.0,6.027,31,0
39.0,5.189,28,0
39.0,5.687,30,1
38.0,6.188,32,0
38.0,5.692,210,2
38.0,6.181,149,1
38.0,6.678,56,2
39.0,5.655,36,0
38.0,5.645,26,0
39.0,6.115,49,1
38.0,5.664,47,1
39.0,7.098,25,0
38.0,5.659,43,0
38.0,7.058,36,0
38.0,6.644,35,0
39.0,7.026,62,0
38.0,5.182,28,0
38.0,5.17,25,0
38.0,6.056,39,0
41.0,6.47,29,1
42.0,6.554,27,1
40.0,5.596,36,0
40.0,6.028,35,0
40.0,5.999,53,0
40.0,6.094,68,1
40.0,6.111,69,0
40.0,6.119,40,1
40.0,6.47,26,0
40.0,6.548,71,0
40.0,6.542,72,1
40.0,6.584,85,2
40.0,6.561,46,0
40.0,6.648,42,0
40.0,6.537,47,0
40.0,6.192,25,1
40.0,6.192,44,0
40.0,6.713,44,0
40.0,6.67,49,0
40.0,6.695,27,0
40.0,6.715,26,1
41.0,6.681,52,0
41.0,7.145,32,0
40.0,6.157,39,1
40.0,6.677,43,0
40.0,6.705,25,0
41.0,7.439,44,1
40.0,6.915,35,1
40.0,7.412,69,3
40.0,7.39,38,2
38.0,6.973,38,0
38.0,7.366,67,4
37.0,7.052,53,0
39.0,5.676,26,2
40.0,6.915,25,0
40.0,5.375,37,0
40.0,5.75,95,0
40.0,6.25,54,2
39.0,5.511,39,0
39.0,5.461,32,0
39.0,5.46,35,0
38.0,5.487,25,1
38.0,5.465,34,1
37.0,5.547,26,2
36.0,6.092,30,0
36.0,6.564,25,0
35.0,6.568,30,0
35.0,6.574,26,0
35.0,6.551,31,1
35.0,6.594,29,0
35.0,6.617,31,0
40.0,6.704,34,1
40.0,6.647,30,0
39.0,6.171,26,1
39.0,6.193,33,0
40.0,6.575,26,1
40.0,6.096,35,0
40.0,6.616,31,2
39.0,6.589,34,4
39.0,6.098,25,0
39.0,6.578,30,1
39.0,6.1,26,2
39.0,6.12,28,0
39.0,6.084,34,0
39.0,6.115,29,1
39.0,6.065,49,0
39.0,6.604,25,0
39.0,6.646,26,2
38.0,6.142,41,0
38.0,6.673,47,0
38.0,5.672,33,1
38.0,6.616,28,0
38.0,6.669,33,1
35.0,7.522,68,4
39.0,6.197,43,0
39.0,6.717,34,0
39.0,6.7,33,1
39.0,6.712,29,2
39.0,6.644,32,1
39.0,6.172,36,0
40.0,6.682,35,0
39.0,6.678,33,0
39.0,5.693,30,1
39.0,6.184,35,1
34.0,6.682,64,0
34.0,7.464,134,0
34.0,7.477,33,1
34.0,6.693,26,0
34.0,7.003,43,0
34.0,6.965,71,1
33.0,6.654,46,2
33.0,7.459,155,4
39.0,6.831,42,0
39.0,6.98,37,0
40.0,5.375,26,0
40.0,5.851,25,0
38.0,6.511,44,0
38.0,6.975,38,1
38.0,7.115,27,2
38.0,7.078,30,0
38.0,7.087,29,1
38.0,5.643,57,0
38.0,7.062,34,2
38.0,6.153,31,0
38.0,5.667,35,0
38.0,6.114,36,1
38.0,6.586,30,1
38.0,6.615,40,1
37.0,7.091,29,0
38.0,7.117,29,0
38.0,6.143,38,0
38.0,6.636,60,1
38.0,6.615,40,0
38.0,6.144,66,1
30.0,8.028,49,0
31.0,8.012,29,1
31.0,7.887,25,1
21.0,7.283,32,0
33.0,7.487,30,0
33.0,7.506,36,0
38.0,5.91,39,1
38.0,5.91,33,0
37.0,5.91,33,0
36.0,5.91,47,0
39.0,5.527,26,0
39.0,5.491,26,1
39.0,5.52,42,0
39.0,5.969,28,1
39.0,6.029,27,1
39.0,6.104,53,0
39.0,5.994,64,0
39.0,6.006,62,0
39.0,6.013,66,1
39.0,6.537,29,0
39.0,6.543,41,1
39.0,6.532,27,1
39.0,6.632,30,0
39.0,6.91,33,1
38.0,6.399,26,1
38.0,6.444,43,0
38.0,6.497,70,1
38.0,6.504,83,0
38.0,6.548,112,2
38.0,6.461,53,1
38.0,6.464,65,1
38.0,6.982,26,0
38.0,6.909,32,1
38.0,6.864,48,3
38.0,6.905,29,2
38.0,5.574,41,0
38.0,5.521,37,0
38.0,5.531,49,0
38.0,5.535,45,0
38.0,5.527,50,0
38.0,5.534,56,0
38.0,5.592,85,1
38.0,5.961,25,1
38.0,5.952,45,0
38.0,5.975,54,1
38.0,5.984,66,0
38.0,6.025,102,2
38.0,6.057,68,0
37.0,6.524,37,1
37.0,6.529,64,0
37.0,6.516,75,2
37.0,6.48,60,2
37.0,6.387,70,1
37.0,6.511,31,0
37.0,6.534,40,0
38.0,7.116,41,1
38.0,7.121,25,1
38.0,6.988,33,0
38.0,6.932,35,2
38.0,6.952,40,0
37.0,5.59,37,1
37.0,5.593,60,0
37.0,5.576,36,0
37.0,5.543,69,1
37.0,5.576,74,0
37.0,5.96,28,2
37.0,5.999,60,1
39.0,5.539,28,0
16.0,6.595,28,0
12.0,6.588,28,0
11.0,6.584,26,0
38.0,6.176,48,0
38.0,6.677,38,0
39.0,6.696,31,0
38.0,6.694,53,2
38.0,5.734,31,0
38.0,6.202,51,1
38.0,6.199,41,1
38.0,6.671,27,0
38.0,6.684,38,0
38.0,6.701,29,1
35.0,7.43,26,0
37.0,5.968,86,1
37.0,6.002,50,0
37.0,5.958,118,1
37.0,5.983,65,1
37.0,5.986,76,0
37.0,5.982,32,2
37.0,5.54,66,1
38.0,6.499,44,0
38.0,6.455,33,0
38.0,6.011,25,0
38.0,5.515,26,0
38.0,6.02,28,0
39.0,6.103,31,1
39.0,5.521,50,1
39.0,5.555,34,0
39.0,6.114,42,2
39.0,6.134,69,0
38.0,6.111,52,0
38.0,6.122,51,0
37.0,6.489,35,3
37.0,6.512,43,0
37.0,6.464,56,3
37.0,6.439,38,0
38.0,5.53,30,0
37.0,6.115,31,0
37.0,6.118,46,3
37.0,6.097,33,2
37.0,6.105,43,0
38.0,7.05,28,0
38.0,7.056,51,4
38.0,7.483,55,4
36.0,7.546,51,1
36.0,7.507,76,2
35.0,7.54,42,3
34.0,7.536,56,3
34.0,7.468,37,1
33.0,7.506,52,1
33.0,7.55,25,0
33.0,7.485,40,0
33.0,7.534,40,0
39.0,6.868,43,1
39.0,7.001,28,0
39.0,5.75,49,0
40.0,6.25,32,0
38.0,6.465,31,0
38.0,6.91,47,2
38.0,7.373,27,1
38.0,7.075,41,0
39.0,5.835,27,0
38.0,6.195,27,0
38.0,7.146,27,0
38.0,6.143,28,0
38.0,6.658,42,1
38.0,6.645,42,0
38.0,6.143,35,1
37.0,7.17,25,0
37.0,7.099,68,1
38.0,6.63,27,0
38.0,6.12,48,2
38.0,5.184,26,2
38.0,6.142,41,0
37.0,6.122,29,0
38.0,6.669,62,1
38.0,6.661,69,1
38.0,6.147,29,2
38.0,6.156,37,0
38.0,6.636,50,1
38.0,6.649,37,1
38.0,6.625,33,0
38.0,6.16,60,0
38.0,6.648,25,3
38.0,5.659,36,0
38.0,6.054,31,1
37.0,6.68,72,3
38.0,5.171,31,0
37.0,5.636,28,1
37.0,6.659,41,0
37.0,5.685,60,2
37.0,6.163,27,0
37.0,6.131,51,0
37.0,6.634,68,0
37.0,6.534,102,1
37.0,6.66,30,1
37.0,7.103,36,3
37.0,7.153,49,2
37.0,6.641,44,0
37.0,5.655,45,0
37.0,6.167,67,2
38.0,6.155,32,0
37.0,6.992,57,0
37.0,6.953,42,0
37.0,6.15,39,1
36.0,5.21,29,1
37.0,5.682,53,0
37.0,6.151,68,1
37.0,6.071,55,1
38.0,6.534,38,1
37.0,6.94,25,0
37.0,5.646,45,0
37.0,6.109,32,0
36.0,5.184,32,0
37.0,6.657,53,0
37.0,6.625,29,0
37.0,6.665,48,0
37.0,5.65,54,1
37.0,6.195,27,0
37.0,6.178,33,0
37.0,6.648,46,0
37.0,6.146,48,1
37.0,6.185,75,0
37.0,6.635,40,0
37.0,6.141,29,0
37.0,6.684,26,1
37.0,5.653,64,0
36.0,5.65,59,0
37.0,6.672,31,0
36.0,7.045,43,3
36.0,5.666,50,2
36.0,6.145,25,0
36.0,6.048,31,0
36.0,5.654,46,0
37.0,5.669,53,2
36.0,5.626,65,1
36.0,6.685,37,2
36.0,6.514,39,0
37.0,7.13,28,0
36.0,6.081,52,1
36.0,6.618,109,1
36.0,6.008,37,0
36.0,6.636,37,1
37.0,7.147,29,2
36.0,6.646,29,0
36.0,6.602,48,0
36.0,5.908,76,1
36.0,5.985,63,1
36.0,5.893,44,0
36.0,6.043,41,0
36.0,6.278,35,0
36.0,6.188,25,0
36.0,6.512,53,0
36.0,7.017,49,0
36.0,6.168,59,0
36.0,6.109,33,3
36.0,7.003,25,1
36.0,6.987,43,0
36.0,6.348,48,0
36.0,6.168,27,1
36.0,6.629,36,2
36.0,6.154,40,1
35.0,5.991,25,0
36.0,6.165,35,3
36.0,5.636,53,2
35.0,5.618,77,1
35.0,6.14,44,1
35.0,6.12,31,0
36.0,6.147,29,0
35.0,6.556,27,1
35.0,6.45,60,1
36.0,5.665,80,2
35.0,5.618,32,0
36.0,6.042,33,0
35.0,6.999,34,0
35.0,6.099,48,0
35.0,6.112,52,0
35.0,6.567,45,2
35.0,6.598,29,0
35.0,6.603,46,0
35.0,6.52,27,0
35.0,6.439,56,0
35.0,6.499,49,0
35.0,7.002,58,1
35.0,7.103,32,0
35.0,6.998,49,1
35.0,6.616,30,0
35.0,6.578,27,0
35.0,6.649,26,1
35.0,6.111,33,0
35.0,6.099,39,0
35.0,6.961,28,0
34.0,5.602,32,1
35.0,6.125,25,0
35.0,6.587,31,1
35.0,6.576,34,0
35.0,5.688,28,0
34.0,6.051,25,0
35.0,7.074,37,3
34.0,6.047,26,0
34.0,6.048,35,0
34.0,6.49,30,1
34.0,6.96,49,0
34.0,6.476,28,0
34.0,6.051,46,0
34.0,6.071,55,0
35.0,6.085,33,0
34.0,5.968,25,1
34.0,6.563,43,0
34.0,6.552,48,2
36.0,6.56,25,0
33.0,7.949,26,0
33.0,7.041,38,0
33.0,7.046,37,0
33.0,7.081,49,1
33.0,7.123,80,0
38.0,7.585,27,0
37.0,7.107,36,2
37.0,7.517,55,1
37.0,5.973,30,1
37.0,5.998,30,1
37.0,6.604,30,1
36.0,6.587,33,0
35.0,6.632,27,1
35.0,6.974,39,0
35.0,7.12,31,1
34.0,6.436,45,1
34.0,7.059,37,0
34.0,7.091,34,1
33.0,7.057,34,0
33.0,6.912,29,0
33.0,7.505,32,0
32.0,6.567,103,1
36.0,6.216,37,0
36.0,6.184,46,1
36.0,6.194,36,0
37.0,6.215,28,0
37.0,6.197,31,0
36.0,6.385,85,0
36.0,6.382,50,0
34.0,6.743,101,3
35.0,6.883,26,0
35.0,6.75,46,1
35.0,6.395,120,0
34.0,6.411,28,0
33.0,6.933,96,2
34.0,6.83,67,1
34.0,6.457,94,0
34.0,6.519,32,0
33.0,6.781,49,0
33.0,7.078,65,0
33.0,6.532,35,0
32.0,6.943,91,0
33.0,7.298,36,1
31.0,7.475,34,3
32.0,7.048,40,0
31.0,7.261,37,2
32.0,7.406,80,0
31.0,7.515,54,2
30.0,7.769,34,0
31.0,7.357,77,0
29.0,7.577,43,1
30.0,7.805,47,3
30.0,7.444,87,1
29.0,7.484,39,0
28.0,6.995,25,0
29.0,7.38,32,0
27.0,6.919,106,4
28.0,6.803,35,0
27.0,6.624,59,0
26.0,6.815,39,1
27.0,6.943,59,0
26.0,6.957,46,0
26.0,7.079,91,0
25.0,7.065,73,0
26.0,6.837,86,0
26.0,6.979,40,1
25.0,7.045,85,1
25.0,6.867,114,0
24.0,7.289,43,0
23.0,7.026,67,0
24.0,7.293,28,0
24.0,6.945,97,2
24.0,6.959,25,0
24.0,7.266,74,0
23.0,7.02,64,3
22.0,7.004,110,1
38.0,5.568,29,0
38.0,5.575,25,0
38.0,6.072,31,0
38.0,6.058,30,0
38.0,6.06,33,0
38.0,6.056,32,0
37.0,6.207,32,0
37.0,6.204,33,0
39.0,6.182,28,0
38.0,6.0,45,1
37.0,6.5,42,0
37.0,6.677,45,0
37.0,6.69,45,1
37.0,6.669,57,1
37.0,6.66,28,0
37.0,7.123,32,1
36.0,6.138,29,0
37.0,6.695,44,0
37.0,7.115,31,1
37.0,6.205,27,0
37.0,6.194,29,0
37.0,6.666,25,0
37.0,6.182,30,1
37.0,6.193,28,0
37.0,6.05,25,0
37.0,6.056,40,1
37.0,6.506,26,0
38.0,7.426,26,0
38.0,6.939,27,1
38.0,6.125,28,1
38.0,6.164,29,0
38.0,6.63,63,0
38.0,6.126,33,0
38.0,6.655,25,0
38.0,6.615,28,2
38.0,6.647,36,1
37.0,6.683,70,2
37.0,6.668,26,0
37.0,6.191,30,0
37.0,6.625,25,0
37.0,6.206,122,0
37.0,6.672,30,1
37.0,6.188,27,0
37.0,6.682,33,0
37.0,6.655,61,0
37.0,6.183,26,0
37.0,6.662,30,0
37.0,6.665,25,3
37.0,6.683,30,0
37.0,6.653,28,2
37.0,6.198,28,1
37.0,6.697,26,1
37.0,6.673,109,3
37.0,7.125,35,1
36.0,6.176,31,0
36.0,6.675,41,0
37.0,6.699,31,1
37.0,6.685,26,0
37.0,6.23,31,0
36.0,6.713,36,0
36.0,6.676,92,1
36.0,6.712,51,0
37.0,6.175,35,0
36.0,6.21,38,0
36.0,6.203,44,1
36.0,6.188,25,1
36.0,6.216,99,0
36.0,6.65,26,0
36.0,7.14,36,2
36.0,6.705,27,0
36.0,6.668,28,1
36.0,6.68,42,1
36.0,6.694,112,1
39.0,6.637,30,0
40.0,6.538,63,1
36.0,6.637,32,1
36.0,6.97,80,4
36.0,6.626,28,1
36.0,6.631,36,0
36.0,6.987,30,0
36.0,6.974,35,2
36.0,6.984,39,0
36.0,6.972,49,0
55.0,3.023,205,4
54.0,3.019,168,1
55.0,3.027,168,0
54.0,3.041,138,0
54.0,3.034,143,0
55.0,3.038,139,0
55.0,3.039,145,0
55.0,3.024,204,1
55.0,3.041,141,0
55.0,2.992,169,1
55.0,3.003,137,0
55.0,2.982,126,0
55.0,2.985,136,0
33.0,6.966,78,1
32.0,7.099,36,1
33.0,7.439,267,2
33.0,7.477,32,0
33.0,7.451,26,0
33.0,8.002,134,0
33.0,7.119,93,0
32.0,7.5,31,1
32.0,7.136,84,0
32.0,7.5,48,0
32.0,7.46,111,0
32.0,7.99,89,0
32.0,7.5,81,0
32.0,7.5,43,0
33.0,6.992,28,0
32.0,7.12,66,2
32.0,7.99,90,1
32.0,8.03,29,1
32.0,8.275,28,0
32.0,7.465,123,2
37.0,6.024,32,1
37.0,6.018,33,0
37.0,6.486,30,0
36.0,6.349,28,0
38.0,6.375,27,0
38.0,5.931,27,1
38.0,6.484,43,0
37.0,7.432,45,0
38.0,6.919,40,0
38.0,7.369,35,0
37.0,6.88,30,0
37.0,7.361,35,2
34.0,6.473,30,0
34.0,6.476,30,1
34.0,6.514,32,1
34.0,5.994,78,2
34.0,5.522,35,0
35.0,7.003,27,0
35.0,6.911,27,2
35.0,6.982,33,0
35.0,6.472,44,0
35.0,6.454,70,3
35.0,6.479,31,0
35.0,6.548,72,0
35.0,5.996,76,1
35.0,5.998,26,0
35.0,5.936,56,1
35.0,6.003,45,0
35.0,5.976,35,1
35.0,5.482,35,1
36.0,6.938,25,0
36.0,6.427,30,0
36.0,6.513,34,0
31.0,7.015,57,1
31.0,6.523,28,3
36.0,6.434,29,0
36.0,6.522,40,1
31.0,6.515,84,1
36.0,5.955,88,1
36.0,5.955,38,0
36.0,5.993,92,1
36.0,5.949,69,1
36.0,5.957,59,2
36.0,5.996,31,0
36.0,5.999,47,0
36.0,5.484,57,1
33.0,6.546,54,0
37.0,6.958,27,1
37.0,6.511,32,0
33.0,6.981,40,1
33.0,6.978,41,1
33.0,6.976,39,0
33.0,6.963,31,1
33.0,6.993,30,2
33.0,7.004,66,1
33.0,6.492,62,2
33.0,6.514,36,0
33.0,6.011,36,1
34.0,6.949,36,0
34.0,6.941,29,2
34.0,6.944,52,1
34.0,6.976,27,1
34.0,6.472,44,3
34.0,6.452,29,0
37.0,6.75,32,0
37.0,5.931,106,1
37.0,6.306,78,1
37.0,6.289,71,1
37.0,6.938,47,0
37.0,7.607,59,0
37.0,6.125,29,1
36.0,6.25,27,0
36.0,5.912,43,0
36.0,5.921,193,0
36.0,6.29,73,0
36.0,6.564,64,1
36.0,6.808,33,1
36.0,7.078,54,0
36.0,7.581,37,0
35.0,6.25,32,1
35.0,6.5,25,0
35.0,6.375,48,0
35.0,5.931,53,0
35.0,5.944,202,0
35.0,7.071,48,0
35.0,7.472,39,1
35.0,6.514,44,0
35.0,6.835,72,2
35.0,6.448,60,0
35.0,6.5,36,0
35.0,6.625,32,1
34.0,6.625,39,0
34.0,6.016,29,0
34.0,6.024,214,4
34.0,6.257,47,1
34.0,6.503,28,1
34.0,6.891,62,2
34.0,6.898,57,1
34.0,6.949,32,1
34.0,6.509,68,0
34.0,7.49,74,3
33.0,6.625,29,2
33.0,6.375,35,0
34.0,6.625,47,0
33.0,6.052,37,0
33.0,6.075,238,5
33.0,6.312,69,1
33.0,6.549,29,0
33.0,6.887,53,0
33.0,7.485,64,2
33.0,6.933,69,0
33.0,6.964,43,1
33.0,6.959,32,1
32.0,7.36,25,0
33.0,6.75,30,0
33.0,6.875,31,0
32.0,6.375,73,1
32.0,6.2,48,0
33.0,6.074,105,1
32.0,6.414,105,0
32.0,7.493,66,2
32.0,7.0,26,2
32.0,7.25,34,0
32.0,7.356,28,1
36.0,6.75,25,0
37.0,6.75,39,0
35.0,6.539,28,0
36.0,6.491,31,0
35.0,6.5,28,2
35.0,6.495,56,0
35.0,6.5,33,0
34.0,6.75,27,0
34.0,6.75,35,0
33.0,6.75,29,1
33.0,6.75,49,0
33.0,6.754,39,0
33.0,6.0,90,0
33.0,6.854,31,0
33.0,6.84,38,1
33.0,6.601,26,1
33.0,6.602,26,0
32.0,7.065,27,0
32.0,7.101,31,0
32.0,7.039,28,3
31.0,7.072,26,0
37.0,6.663,32,0
37.0,6.666,34,0
36.0,6.693,49,1
36.0,6.694,45,0
36.0,6.697,38,0
36.0,6.712,32,2
36.0,7.137,36,0
37.0,7.11,32,0
36.0,7.122,37,0
36.0,6.171,38,0
36.0,6.665,30,3
36.0,6.694,27,0
36.0,7.131,51,1
36.0,7.12,28,2
37.0,5.571,27,1
37.0,6.51,26,0
36.0,5.597,33,0
36.0,6.199,36,1
36.0,6.171,27,0
29.0,7.032,30,1
28.0,6.062,28,0
5.0,7.656,28,0
10.0,7.875,25,0
12.0,6.423,45,2
37.0,6.056,54,0
37.0,6.067,83,0
37.0,6.035,89,0
37.0,6.058,67,1
37.0,6.565,27,0
37.0,6.482,36,0
37.0,6.415,45,0
37.0,6.476,33,0
37.0,6.466,51,1
37.0,6.568,28,0
38.0,6.949,25,1
36.0,5.511,32,0
36.0,5.568,28,0
36.0,5.513,41,1
36.0,5.917,38,0
36.0,6.014,63,0
36.0,6.014,36,1
36.0,5.953,67,1
36.0,5.974,82,0
36.0,6.039,65,1
36.0,6.498,35,0
36.0,6.546,27,0
36.0,6.485,64,0
36.0,6.498,99,1
36.0,6.492,93,0
36.0,6.552,116,2
36.0,6.565,112,5
36.0,6.477,35,1
36.0,6.602,47,1
36.0,6.581,43,2
36.0,6.835,25,0
36.0,6.835,44,1
36.0,6.854,45,1
36.0,6.446,45,1
35.0,6.471,31,1
35.0,6.464,59,0
35.0,6.457,45,0
35.0,6.466,81,0
35.0,6.451,83,2
35.0,6.451,49,1
36.0,5.953,25,0
36.0,5.964,26,0
36.0,5.934,35,0
36.0,5.913,38,1
36.0,5.901,47,0
36.0,5.948,34,1
36.0,6.425,36,0
36.0,6.519,56,0
36.0,6.372,32,3
36.0,6.526,59,0
36.0,6.503,47,0
35.0,6.443,69,0
36.0,6.496,59,0
35.0,6.466,65,0
35.0,6.441,35,1
35.0,6.475,30,0
36.0,6.957,35,3
35.0,6.813,40,0
35.0,6.773,39,2
35.0,6.809,46,1
35.0,6.815,27,0
35.0,6.807,35,0
35.0,6.831,35,0
35.0,6.474,33,0
35.0,6.426,27,1
35.0,6.42,27,2
36.0,7.069,34,2
37.0,7.083,30,0
35.0,7.012,26,2
35.0,5.519,25,0
35.0,6.099,36,2
34.0,5.954,26,0
35.0,6.062,45,0
34.0,6.058,51,0
35.0,5.55,27,1
35.0,5.521,36,0
34.0,5.965,54,1
34.0,5.918,28,0
34.0,5.926,30,0
35.0,5.993,31,1
36.0,6.06,26,1
36.0,5.602,34,1
36.0,5.594,29,1
36.0,6.059,33,0
36.0,6.068,34,0
36.0,6.539,34,0
36.0,6.044,39,0
36.0,6.048,26,0
36.0,6.541,30,0
36.0,6.514,26,1
36.0,6.645,45,0
36.0,7.127,26,1
36.0,5.707,25,0
36.0,6.16,43,0
36.0,6.661,32,0
35.0,6.694,30,2
35.0,6.656,74,0
36.0,6.678,69,5
35.0,6.688,63,2
35.0,6.712,27,0
36.0,6.688,29,0
34.0,6.804,29,1
31.0,7.217,36,0
31.0,7.24,32,1
31.0,7.22,29,0
31.0,7.181,60,0
30.0,7.438,45,0
31.0,6.714,45,2
31.0,8.453,108,0
31.0,7.99,39,0
31.0,7.516,55,0
31.0,7.979,95,0
30.0,7.517,30,2
30.0,7.994,53,1
30.0,8.476,72,0
30.0,7.66,65,0
29.0,7.238,29,0
30.0,7.672,52,0
30.0,7.596,54,0
30.0,7.964,62,0
30.0,8.451,73,1
35.0,6.731,26,1
35.0,6.989,47,0
35.0,6.967,42,1
35.0,6.972,39,1
37.0,7.472,30,0
37.0,7.362,73,1
36.0,7.381,30,1
36.0,7.09,71,0
36.0,7.484,92,3
36.0,7.427,44,2
35.0,7.071,49,0
35.0,7.558,74,3
35.0,7.515,78,1
34.0,7.045,30,1
34.0,7.583,26,0
34.0,7.555,25,0
34.0,7.476,78,3
34.0,7.584,80,1
33.0,7.578,27,0
33.0,7.496,26,1
33.0,7.573,27,1
33.0,7.556,84,3
33.0,7.573,84,3
33.0,7.617,41,0
33.0,7.652,80,2
36.0,6.87,30,1
36.0,6.193,49,0
36.0,6.227,35,0
36.0,6.229,26,2
36.0,6.202,26,0
37.0,6.0,38,0
37.0,6.375,27,0
37.0,5.5,46,0
37.0,6.0,53,1
37.0,6.375,61,1
36.0,7.414,28,0
37.0,6.874,32,1
37.0,7.299,30,1
33.0,6.85,27,2
36.0,7.658,56,0
36.0,6.531,29,0
36.0,6.043,29,1
35.0,5.615,38,1
35.0,6.064,28,0
35.0,6.078,30,0
35.0,6.553,26,0
36.0,6.989,30,0
37.0,7.443,155,17
38.0,6.941,25,2
37.0,7.52,70,5
36.0,6.375,76,1
37.0,6.5,52,0
36.0,6.537,40,0
36.0,6.375,111,1
35.0,6.25,31,0
36.0,6.391,26,0
35.0,6.435,25,0
35.0,6.25,27,0
35.0,6.375,57,0
34.0,6.5,65,0
34.0,6.543,26,0
34.0,6.483,36,1
34.0,6.557,38,1
34.0,6.984,25,0
34.0,6.981,69,0
34.0,6.989,36,0
34.0,6.934,27,0
34.0,7.046,42,1
34.0,6.549,28,0
34.0,6.599,32,1
34.0,6.104,28,0
34.0,6.55,30,0
34.0,6.091,28,0
34.0,6.597,40,0
34.0,7.002,43,1
34.0,6.574,25,0
34.0,6.569,28,1
33.0,6.078,28,1
33.0,6.113,36,1
33.0,6.549,39,1
33.0,7.051,27,1
33.0,6.554,37,1
33.0,6.567,33,1
33.0,7.029,40,1
34.0,6.059,33,0
33.0,6.957,40,0
33.0,6.11,26,0
33.0,7.074,27,1
33.0,6.589,25,0
33.0,7.008,42,2
33.0,6.609,43,0
33.0,6.588,35,0
33.0,6.593,27,0
33.0,6.539,33,0
33.0,7.058,26,0
33.0,7.041,28,0
33.0,6.09,35,1
33.0,6.08,30,1
33.0,6.601,31,2
32.0,6.618,26,0
33.0,6.645,46,0
32.0,6.566,54,0
32.0,6.576,43,1
33.0,7.054,45,0
33.0,7.067,40,2
32.0,7.098,37,0
33.0,7.057,69,2
32.0,7.048,40,1
32.0,6.634,37,1
32.0,6.558,40,0
32.0,7.045,27,0
32.0,7.042,25,1
32.0,7.594,31,2
32.0,7.592,27,2
32.0,7.095,47,1
32.0,7.1,29,1
32.0,7.13,52,2
32.0,7.101,49,1
33.0,6.606,36,1
32.0,6.613,38,1
32.0,6.626,37,1
32.0,7.142,62,2
32.0,7.059,45,2
32.0,7.13,27,0
32.0,7.114,29,1
31.0,7.099,50,1
32.0,6.635,36,0
32.0,6.609,33,0
31.0,7.12,31,0
31.0,6.658,33,0
31.0,7.127,52,0
31.0,6.528,33,0
31.0,6.587,42,1
31.0,7.497,65,2
31.0,7.047,81,0
31.0,7.573,29,0
31.0,7.102,65,1
31.0,7.121,37,0
31.0,7.114,33,0
31.0,7.125,32,1
31.0,7.146,84,3
31.0,7.158,42,1
31.0,6.627,38,2
31.0,6.644,45,2
31.0,7.116,84,2
31.0,7.111,70,1
31.0,7.588,37,0
30.0,7.511,35,0
31.0,7.076,25,0
31.0,7.134,31,0
31.0,6.98,51,1
31.0,7.111,32,0
31.0,7.119,37,1
30.0,7.129,26,2
31.0,7.555,26,0
31.0,6.642,45,0
31.0,6.66,48,1
31.0,6.65,61,1
31.0,6.647,56,1
30.0,7.128,63,5
30.0,7.107,26,0
30.0,7.501,25,1
30.0,7.127,28,0
30.0,7.105,31,2
30.0,7.114,34,0
30.0,7.134,63,1
30.0,7.084,63,1
34.0,6.39,26,0
34.0,6.75,47,1
35.0,6.696,28,0
34.0,6.704,35,0
35.0,6.25,32,0
35.0,6.75,25,0
34.0,6.25,29,0
33.0,6.25,36,0
33.0,6.75,37,1
32.0,6.758,38,0
32.0,6.75,32,0
31.0,6.75,37,0
31.0,6.75,28,0
30.0,6.75,29,0
30.0,7.263,28,0
29.0,6.75,54,0
29.0,7.25,35,0
28.0,6.769,53,0
28.0,7.25,32,0
27.0,6.444,32,1
27.0,6.75,35,0
36.0,7.175,35,0
36.0,7.199,29,2
35.0,7.191,28,1
35.0,7.188,31,0
35.0,7.177,39,1
35.0,5.704,31,1
35.0,6.208,28,1
35.0,6.228,46,0
35.0,6.217,34,0
35.0,7.129,32,0
34.0,6.231,33,1
34.0,6.707,40,2
34.0,6.718,28,1
34.0,6.231,35,1
34.0,6.694,44,1
36.0,6.901,41,1
36.0,7.403,30,0
37.0,5.5,53,0
37.0,6.0,130,1
36.0,6.375,114,1
36.0,6.859,68,0
36.0,7.342,31,2
36.0,7.125,40,0
35.0,7.411,40,0
36.0,5.5,26,0
36.0,6.0,56,0
36.0,6.375,57,0
36.0,5.704,27,0
36.0,5.725,145,0
36.0,6.207,53,1
36.0,6.612,62,2
36.0,6.212,36,1
36.0,6.209,30,0
36.0,6.205,25,0
36.0,6.629,27,0
36.0,6.644,27,2
35.0,6.719,43,1
35.0,6.204,32,2
35.0,6.658,28,0
35.0,6.689,25,0
35.0,6.183,26,0
35.0,6.638,67,0
35.0,6.7,54,2
35.0,6.709,25,1
35.0,6.701,29,1
35.0,6.183,28,0
35.0,6.62,26,0
35.0,6.64,25,0
35.0,6.7,33,1
35.0,7.141,29,0
35.0,6.222,75,0
35.0,6.64,26,0
35.0,6.665,40,1
35.0,6.663,109,3
35.0,6.75,39,0
35.0,6.676,66,1
35.0,6.676,40,1
35.0,6.661,25,1
35.0,6.658,35,1
34.0,6.685,39,0
35.0,6.697,26,1
35.0,6.703,34,0
34.0,6.646,55,1
34.0,6.208,30,0
34.0,6.682,33,1
34.0,6.689,28,1
34.0,6.66,50,1
34.0,6.172,34,0
34.0,6.619,40,1
34.0,6.183,32,1
34.0,6.685,28,0
34.0,6.149,26,0
35.0,5.732,36,1
35.0,5.681,39,0
34.0,6.175,39,0
34.0,6.653,25,0
35.0,5.607,26,0
35.0,6.039,30,1
35.0,6.045,29,0
35.0,6.979,29,1
35.0,6.564,32,1
33.0,6.944,30,1
30.0,6.69,51,0
30.0,7.1,60,0
34.0,6.842,31,1
34.0,6.442,28,0
35.0,6.086,28,1
35.0,6.038,25,0
35.0,6.052,28,1
35.0,6.551,26,0
35.0,6.532,27,0
35.0,6.082,31,1
34.0,6.077,32,0
31.0,6.387,36,0
31.0,6.0,27,0
35.0,5.75,83,0
35.0,5.75,51,0
34.0,5.875,103,2
33.0,5.75,76,1
33.0,5.875,32,0
33.0,5.875,41,0
32.0,5.75,28,0
32.0,5.875,34,0
32.0,6.0,31,0
36.0,7.623,42,1
35.0,7.131,30,1
35.0,7.655,46,0
35.0,7.538,25,1
35.0,6.24,30,0
35.0,6.568,30,0
36.0,6.393,28,1
36.0,6.857,78,3
36.0,7.299,31,1
35.0,7.502,36,0
35.0,6.431,37,0
36.0,6.0,73,0
36.0,6.375,40,1
35.0,6.217,42,0
35.0,6.201,32,0
35.0,6.215,29,0
34.0,7.0,27,0
34.0,6.893,35,1
34.0,6.929,39,1
35.0,7.554,36,6
32.0,7.587,84,6
34.0,6.965,32,0
33.0,6.908,27,0
36.0,6.934,26,1
34.0,6.433,49,1
35.0,5.512,30,1
35.0,5.501,25,0
35.0,5.506,58,1
35.0,5.465,72,1
35.0,5.971,31,0
35.0,5.914,25,0
35.0,5.895,41,0
35.0,5.931,34,0
35.0,5.912,93,0
35.0,5.961,41,0
35.0,5.921,109,2
35.0,5.947,131,1
35.0,5.923,106,2
34.0,6.468,35,0
34.0,6.45,50,0
34.0,6.441,26,0
34.0,6.479,82,1
34.0,6.507,94,2
34.0,6.475,77,0
34.0,6.458,115,3
34.0,6.452,81,0
34.0,6.447,54,0
35.0,6.472,69,1
34.0,6.467,33,0
34.0,6.419,39,0
34.0,6.938,51,1
34.0,6.921,57,0
34.0,6.954,37,0
34.0,6.928,108,1
34.0,6.942,77,0
34.0,6.896,72,2
34.0,6.903,77,0
34.0,6.935,61,2
34.0,6.848,54,0
34.0,6.909,73,0
34.0,6.926,75,1
34.0,6.889,50,2
33.0,6.483,25,0
33.0,6.504,26,0
33.0,6.517,64,2
33.0,6.498,80,3
33.0,6.48,58,1
33.0,6.539,70,3
33.0,6.538,61,0
33.0,6.443,41,0
33.0,7.025,43,1
33.0,6.947,69,0
33.0,6.959,51,0
33.0,6.958,100,0
33.0,6.981,108,3
33.0,6.952,103,0
33.0,6.961,76,1
33.0,6.939,88,2
33.0,6.986,55,1
33.0,6.907,81,1
33.0,6.916,67,1
33.0,6.462,35,0
33.0,7.01,26,0
33.0,6.925,25,0
33.0,6.893,28,1
33.0,6.96,97,1
33.0,7.34,33,0
32.0,6.453,34,1
32.0,7.045,25,0
32.0,6.989,54,1
32.0,7.006,66,1
32.0,6.914,37,0
32.0,6.98,65,1
32.0,6.937,61,0
32.0,6.943,53,1
32.0,6.986,63,6
32.0,6.857,31,2
30.0,7.412,33,1
29.0,7.22,96,0
24.0,7.085,38,0
34.0,6.39,25,0
32.0,6.995,26,2
34.0,6.677,31,2
32.0,7.156,32,0
33.0,6.206,31,0
34.0,6.108,37,0
34.0,6.074,38,1
34.0,6.067,33,0
34.0,6.551,33,0
34.0,6.563,27,1
34.0,6.56,38,0
34.0,6.58,33,1
34.0,6.959,28,1
34.0,6.665,34,1
34.0,6.639,26,0
34.0,6.725,46,0
34.0,6.118,27,0
34.0,6.681,31,1
34.0,6.674,25,0
33.0,6.651,32,0
33.0,6.716,29,0
33.0,6.62,31,0
33.0,7.213,42,4
33.0,6.608,28,0
33.0,7.114,39,1
33.0,6.662,26,0
33.0,7.074,25,1
33.0,7.18,49,2
33.0,6.666,31,0
35.0,6.849,29,0
35.0,6.873,138,2
35.0,7.321,56,0
35.0,7.503,73,5
35.0,5.384,28,0
35.0,6.367,25,2
35.0,5.413,39,1
35.0,6.892,90,0
35.0,7.366,48,0
35.0,6.818,34,0
34.0,6.476,35,0
34.0,6.929,25,0
33.0,6.75,27,1
33.0,6.625,29,0
34.0,6.5,58,1
34.0,6.901,34,0
33.0,6.75,31,0
34.0,6.5,35,0
33.0,6.75,61,0
32.0,6.75,34,0
32.0,6.664,38,0
31.0,6.912,68,0
30.0,6.977,66,2
30.0,6.959,30,0
29.0,7.328,39,0
28.0,6.547,25,0
26.0,5.989,45,0
25.0,5.941,71,0
24.0,5.962,77,0
23.0,6.094,125,0
23.0,6.146,48,0
22.0,6.459,37,0
22.0,6.17,30,0
22.0,6.478,72,0
21.0,6.43,60,2
33.0,6.996,35,0
33.0,6.978,29,1
34.0,7.011,47,1
33.0,5.927,31,2
33.0,6.513,26,0
33.0,6.508,35,0
34.0,6.474,42,1
34.0,6.467,47,0
34.0,6.464,28,0
34.0,6.429,32,0
34.0,6.438,29,0
34.0,7.016,27,1
34.0,7.642,27,0
33.0,6.066,32,0
33.0,6.083,27,0
33.0,6.075,39,1
33.0,6.075,26,0
33.0,6.576,29,0
33.0,6.587,31,0
33.0,6.6,45,0
33.0,6.506,41,1
33.0,6.917,33,1
33.0,6.537,40,0
33.0,6.962,28,1
33.0,6.48,57,0
33.0,6.489,79,0
32.0,6.947,25,3
34.0,6.935,38,1
33.0,6.966,27,1
33.0,6.966,26,1
34.0,6.91,34,0
33.0,6.904,33,0
34.0,6.842,39,0
33.0,6.69,25,0
33.0,7.165,36,0
33.0,6.686,39,0
33.0,6.721,30,0
33.0,6.704,32,0
32.0,7.487,31,0
32.0,6.958,25,1
32.0,6.984,32,0
32.0,6.487,33,0
32.0,6.497,29,1
32.0,6.96,29,0
32.0,6.986,27,0
32.0,6.945,29,0
32.0,6.511,25,1
32.0,6.506,34,1
32.0,6.508,26,0
30.0,7.558,41,1
30.0,7.027,25,0
30.0,7.565,25,1
30.0,7.571,52,2
30.0,7.003,31,0
30.0,7.009,33,0
30.0,6.985,26,0
31.0,7.498,34,1
31.0,7.522,74,1
31.0,7.002,33,2
31.0,7.005,30,0
31.0,6.997,72,1
31.0,6.492,31,1
31.0,6.532,29,2
31.0,6.473,71,1
29.0,7.641,73,1
29.0,7.49,66,2
29.0,7.939,87,0
29.0,8.485,35,0
29.0,6.624,76,1
29.0,7.066,26,0
28.0,6.148,84,1
29.0,7.155,25,0
29.0,7.175,102,0
29.0,7.619,31,0
29.0,6.723,74,0
34.0,7.507,36,2
35.0,6.0,33,0
33.0,7.547,40,1
35.0,6.931,32,1
35.0,7.361,32,2
27.0,5.588,29,0
27.0,6.098,35,0
27.0,6.606,34,0
26.0,6.095,33,1
26.0,6.589,28,0
26.0,6.603,31,0
33.0,6.559,32,0
33.0,6.578,26,1
33.0,6.565,34,0
33.0,7.044,31,1
33.0,7.049,28,1
31.0,8.044,35,2
30.0,7.959,28,2
29.0,7.905,40,0
28.0,7.877,51,0
27.0,7.893,34,2
26.0,7.831,31,0
32.0,7.392,27,2
35.0,5.4,39,0
35.0,5.404,43,0
35.0,6.92,39,2
34.0,7.372,46,0
33.0,6.125,32,0
33.0,7.469,54,2
33.0,6.485,25,1
34.0,5.75,47,0
34.0,5.875,31,0
34.0,6.0,87,0
34.0,6.5,147,0
31.0,7.037,29,0
32.0,7.223,30,3
32.0,7.164,31,4
32.0,7.204,51,2
32.0,7.173,30,2
32.0,7.215,67,4
32.0,7.195,28,0
32.0,6.662,40,0
25.0,6.587,39,0
24.0,6.557,64,0
24.0,7.018,31,1
24.0,6.574,25,0
31.0,6.0,88,1
32.0,6.0,154,1
31.0,7.25,25,0
31.0,6.004,64,0
31.0,6.0,127,1
30.0,6.362,155,2
29.0,6.784,97,2
30.0,6.0,25,0
28.0,6.849,37,0
28.0,6.431,26,1
27.0,6.0,77,2
32.0,7.03,37,0
32.0,6.059,31,0
32.0,6.61,25,0
32.0,6.575,31,1
31.0,7.074,32,0
32.0,7.151,27,0
32.0,7.189,31,2
32.0,7.144,28,2
32.0,7.101,30,2
32.0,7.188,26,0
32.0,7.078,26,1
32.0,7.165,33,2
32.0,7.17,25,0
32.0,6.62,30,0
32.0,7.15,33,1
32.0,6.658,36,1
32.0,6.663,33,1
32.0,7.15,26,0
31.0,7.064,31,3
30.0,7.557,44,0
30.0,7.054,36,0
30.0,7.042,27,3
32.0,7.5,25,1
32.0,7.043,54,1
32.0,7.0,36,1
31.0,7.25,25,0
32.0,6.375,81,0
32.0,6.479,86,0
31.0,6.906,35,4
31.0,6.903,119,6
31.0,7.565,56,2
31.0,7.879,38,0
31.0,7.333,35,0
31.0,7.33,29,2
30.0,7.25,32,0
31.0,6.375,50,0
32.0,6.69,33,0
31.0,7.575,28,1
29.0,7.62,32,1
29.0,7.548,28,2
29.0,6.998,32,0
29.0,7.02,30,2
29.0,7.038,36,1
29.0,6.542,30,1
29.0,6.51,40,2
29.0,6.548,32,2
33.0,7.695,75,7
32.0,7.572,83,2
32.0,7.835,26,0
32.0,7.846,51,0
32.0,7.861,42,3
31.0,7.634,32,3
31.0,8.055,61,0
31.0,8.105,56,2
30.0,8.128,25,0
30.0,8.077,63,0
30.0,8.082,56,3
29.0,7.53,34,1
29.0,8.127,27,0
30.0,7.061,37,0
30.0,6.612,31,0
30.0,7.565,38,0
30.0,6.949,31,1
30.0,7.568,37,1
30.0,7.561,25,1
30.0,7.61,25,1
30.0,7.136,39,1
30.0,7.119,25,1
30.0,7.14,38,1
30.0,7.165,46,5
30.0,7.154,27,1
30.0,7.089,27,2
31.0,6.665,29,1
30.0,6.666,41,1
30.0,6.651,30,1
30.0,6.691,37,1
30.0,6.659,41,0
30.0,7.077,28,0
30.0,6.658,26,0
29.0,7.514,27,1
30.0,7.092,45,1
29.0,6.081,30,0
29.0,6.63,27,1
30.0,7.587,40,0
30.0,7.556,32,1
29.0,7.062,26,0
29.0,6.626,25,0
29.0,6.113,52,1
29.0,6.67,86,0
29.0,6.633,44,0
29.0,7.58,25,2
29.0,5.61,27,1
29.0,5.992,27,0
29.0,6.508,30,1
29.0,6.635,36,1
29.0,6.65,37,0
29.0,6.666,36,0
29.0,6.686,32,3
29.0,7.002,65,3
29.0,7.088,31,0
29.0,7.083,30,0
29.0,7.07,28,1
30.0,7.092,25,0
29.0,7.527,58,0
29.0,7.56,34,1
29.0,7.566,52,0
29.0,7.542,36,1
29.0,5.574,27,0
32.0,6.875,35,0
32.0,7.0,36,0
31.0,7.0,31,1
31.0,7.0,44,0
33.0,6.469,101,0
32.0,6.401,36,0
33.0,6.483,198,2
32.0,6.452,70,3
32.0,6.998,41,1
32.0,6.962,42,0
32.0,6.895,55,3
32.0,6.975,43,0
32.0,6.944,58,3
32.0,6.862,26,0
31.0,6.975,34,0
31.0,6.916,37,1
31.0,7.007,49,0
31.0,6.917,67,0
31.0,6.92,80,0
31.0,6.983,29,0
31.0,7.021,51,2
31.0,6.993,55,1
32.0,7.029,49,2
32.0,7.018,33,1
31.0,7.382,30,0
31.0,7.37,30,0
31.0,6.75,28,0
32.0,6.75,28,1
31.0,6.476,56,1
31.0,6.435,35,0
31.0,6.493,37,0
32.0,6.516,28,1
31.0,6.8,41,0
30.0,7.465,25,1
30.0,7.487,28,0
30.0,7.454,46,0
30.0,7.446,30,1
30.0,7.421,27,0
31.0,7.769,26,0
30.0,7.756,41,1
31.0,7.76,25,0
30.0,7.036,25,0
30.0,7.518,42,0
30.0,7.626,32,4
30.0,7.415,36,2
34.0,7.466,25,1
34.0,6.897,26,0
34.0,5.453,34,1
34.0,7.458,29,0
34.0,7.428,54,1
32.0,7.517,65,1
33.0,6.898,27,1
34.0,5.532,32,0
33.0,5.86,54,2
33.0,7.435,26,0
33.0,5.5,36,1
34.0,5.75,40,0
33.0,5.875,27,0
34.0,6.0,48,1
33.0,6.125,41,0
34.0,6.5,120,0
32.0,7.608,32,2
32.0,5.944,26,0
30.0,7.041,26,1
31.0,6.933,27,0
28.0,6.707,34,1
29.0,6.993,43,1
29.0,5.972,30,0
29.0,6.153,35,1
29.0,6.15,39,0
29.0,6.115,39,0
29.0,6.1,43,1
29.0,6.1,52,0
29.0,6.138,56,1
29.0,5.643,29,1
29.0,5.615,39,0
28.0,6.635,61,2
29.0,6.664,50,1
29.0,6.666,38,0
29.0,6.636,42,1
29.0,6.643,53,5
29.0,6.625,45,1
29.0,6.668,46,3
29.0,6.661,45,2
29.0,6.672,31,0
29.0,6.616,27,2
29.0,6.673,42,1
29.0,6.486,37,0
29.0,6.173,29,0
28.0,6.137,37,0
28.0,6.085,27,1
28.0,6.104,28,0
28.0,6.621,30,0
28.0,6.519,47,1
28.0,6.174,27,1
28.0,6.176,32,1
28.0,5.684,27,0
28.0,6.624,27,0
28.0,6.621,40,0
28.0,6.179,37,0
29.0,6.657,32,0
28.0,5.721,28,2
28.0,5.696,30,0
28.0,6.177,45,0
28.0,6.177,29,1
28.0,6.176,40,1
28.0,6.153,31,0
28.0,7.487,30,1
28.0,6.965,32,0
29.0,7.063,34,1
28.0,7.062,26,1
28.0,6.626,35,0
28.0,6.671,27,1
28.0,6.517,37,1
28.0,6.624,50,0
28.0,6.668,28,1
28.0,6.687,25,1
28.0,6.165,47,0
28.0,5.971,32,1
28.0,6.169,34,0
28.0,6.157,58,0
28.0,6.172,31,0
28.0,6.605,40,0
28.0,6.159,29,1
27.0,5.664,38,0
28.0,5.66,54,0
28.0,5.678,25,1
27.0,6.164,33,0
28.0,6.183,41,2
27.0,6.18,47,0
28.0,6.554,32,1
28.0,6.656,26,0
28.0,6.629,29,1
29.0,6.079,33,0
33.0,6.125,31,0
32.0,6.5,26,0
33.0,5.965,84,1
33.0,6.977,43,3
33.0,5.5,25,0
33.0,5.75,37,0
33.0,5.875,26,0
34.0,6.0,25,1
33.0,6.125,30,0
32.0,6.375,27,0
33.0,6.5,27,0
32.0,6.75,26,0
33.0,7.457,28,0
32.0,6.5,28,0
31.0,7.605,47,0
31.0,7.901,26,1
32.0,5.967,50,0
32.0,6.463,57,0
32.0,7.027,25,1
31.0,6.35,50,1
30.0,6.35,25,1
30.0,6.35,28,0
29.0,6.35,41,0
32.0,7.539,29,1
29.0,7.124,25,0
29.0,7.186,26,0
28.0,6.127,31,0
28.0,6.637,33,1
27.0,6.588,28,0
27.0,5.651,39,1
27.0,5.651,28,0
27.0,5.702,31,0
27.0,6.164,56,2
27.0,6.52,38,0
27.0,6.163,47,1
28.0,7.016,26,0
27.0,5.629,28,1
27.0,6.653,27,4
27.0,6.678,44,2
27.0,6.629,47,0
27.0,6.184,32,1
27.0,6.662,29,0
27.0,6.147,68,0
27.0,5.646,42,0
27.0,7.027,27,0
27.0,6.504,70,0
28.0,6.631,32,0
28.0,6.637,64,4
27.0,6.669,39,1
27.0,6.142,58,2
27.0,5.63,44,0
27.0,5.66,29,0
27.0,6.056,38,0
27.0,6.152,97,0
27.0,6.145,58,0
27.0,6.078,29,2
28.0,6.153,55,2
27.0,5.528,25,0
27.0,5.658,28,0
27.0,6.072,67,0
27.0,6.139,65,0
27.0,6.603,25,0
27.0,6.48,34,0
27.0,6.497,42,0
27.0,6.645,31,0
27.0,6.636,44,0
27.0,6.995,35,1
27.0,6.036,28,1
27.0,6.139,55,0
27.0,6.159,33,0
27.0,6.131,51,0
26.0,6.143,45,1
26.0,6.162,34,1
27.0,6.155,72,1
27.0,6.169,42,3
27.0,6.157,37,0
27.0,6.19,32,0
27.0,6.144,47,2
27.0,6.139,35,1
26.0,6.154,33,0
27.0,5.659,62,0
27.0,5.653,57,2
26.0,5.661,73,0
26.0,5.666,52,0
27.0,5.675,29,1
27.0,6.67,44,0
26.0,6.074,45,0
26.0,6.512,104,1
26.0,6.668,29,0
29.0,6.521,27,0
31.0,7.396,34,1
32.0,5.5,40,0
32.0,5.625,36,0
32.0,5.875,46,0
32.0,6.375,135,3
33.0,6.5,30,0
32.0,6.75,127,2
31.0,7.95,27,0
32.0,5.5,35,0
32.0,5.625,29,0
31.0,5.875,25,0
31.0,6.375,74,0
31.0,6.75,36,1
31.0,6.75,74,1
31.0,6.492,43,0
30.0,7.107,48,1
30.0,6.636,30,0
30.0,7.14,46,2
30.0,7.171,30,2
30.0,7.177,27,0
30.0,7.65,26,1
30.0,6.64,29,1
31.0,7.396,28,0
31.0,6.582,57,0
31.0,6.934,44,1
30.0,6.961,41,1
29.0,6.486,52,0
29.0,6.852,46,0
28.0,5.944,48,0
28.0,6.33,57,0
27.0,6.041,48,0
27.0,6.437,99,2
28.0,6.731,86,0
29.0,7.147,46,0
28.0,6.972,42,1
28.0,7.475,100,0
28.0,7.935,61,0
27.0,6.207,56,0
28.0,6.731,107,0
27.0,6.208,54,2
28.0,6.682,42,1
28.0,6.102,199,0
27.0,7.529,36,0
27.0,6.734,62,0
27.0,6.747,40,0
26.0,6.5,67,0
27.0,7.472,60,2
27.0,7.492,74,0
27.0,7.977,36,0
26.0,6.64,39,0
27.0,6.152,173,0
26.0,7.437,83,0
27.0,6.235,27,1
27.0,6.83,26,0
26.0,6.5,93,0
26.0,6.75,72,0
26.0,6.746,29,0
26.0,7.972,45,0
26.0,8.016,27,0
26.0,7.454,179,2
26.0,7.482,26,1
26.0,6.993,121,3
25.0,5.9,34,1
26.0,5.75,106,0
26.0,6.5,46,1
25.0,5.9,30,0
25.0,6.577,112,0
25.0,6.973,101,0
25.0,7.475,57,0
25.0,7.432,194,2
25.0,6.21,94,1
25.0,7.465,29,0
25.0,7.507,34,0
24.0,7.017,28,0
25.0,7.502,25,0
23.0,7.824,30,0
24.0,7.838,29,1
24.0,7.769,35,0
27.0,7.838,33,0
27.0,7.877,26,0
28.0,7.903,33,0
31.0,7.0,45,1
31.0,7.541,38,0
30.0,7.25,37,0
31.0,7.0,37,0
29.0,7.5,30,0
30.0,7.497,31,0
29.0,7.5,34,0
29.0,7.375,34,0
29.0,6.981,34,0
31.0,6.0,86,1
30.0,6.375,35,0
30.0,6.5,57,1
29.0,6.375,32,0
29.0,6.5,39,0
27.0,6.0,35,0
28.0,6.125,40,0
27.0,6.0,106,0
26.0,6.25,25,0
26.0,6.0,33,0
26.0,6.25,51,1
30.0,7.051,40,0
30.0,7.545,25,0
30.0,7.057,26,0
30.0,7.554,27,0
30.0,7.538,31,1
29.0,7.08,40,0
29.0,7.555,26,0
29.0,6.548,34,3
29.0,7.06,29,1
29.0,6.576,33,1
28.0,6.552,25,0
29.0,7.072,38,0
29.0,7.577,31,3
28.0,6.585,28,0
28.0,6.581,32,0
28.0,6.586,31,1
29.0,7.084,25,0
28.0,6.577,35,3
29.0,7.582,34,1
28.0,6.574,29,1
28.0,6.06,54,1
28.0,6.579,25,0
27.0,6.532,25,0
28.0,6.526,32,0
27.0,6.578,26,0
31.0,5.5,51,0
31.0,5.875,39,1
31.0,6.375,52,0
31.0,6.75,50,0
30.0,8.009,35,1
31.0,8.452,33,4
31.0,6.496,37,2
30.0,6.625,33,0
30.0,6.609,26,0
30.0,7.13,29,1
30.0,7.15,32,2
30.0,7.184,29,0
30.0,6.677,27,0
29.0,6.677,25,0
29.0,6.654,39,0
28.0,6.693,46,0
28.0,7.06,26,0
28.0,6.511,40,1
28.0,5.91,30,1
27.0,5.503,31,0
29.0,7.465,28,1
29.0,6.987,25,1
31.0,6.968,70,1
30.0,7.445,133,2
30.0,7.814,44,2
29.0,6.89,35,0
30.0,7.557,36,0
30.0,7.979,98,1
30.0,7.437,31,1
30.0,7.75,27,1
30.0,7.5,29,2
31.0,6.375,36,0
30.0,7.0,25,1
30.0,6.994,27,0
29.0,7.48,128,2
30.0,7.823,32,0
29.0,7.59,53,2
29.0,7.925,34,1
31.0,6.88,67,0
31.0,7.381,36,1
29.0,6.664,47,1
29.0,7.137,35,1
29.0,6.625,28,0
29.0,6.731,29,0
29.0,6.684,32,1
29.0,6.681,37,0
29.0,6.666,28,0
29.0,7.166,33,0
29.0,6.681,28,0
29.0,6.116,45,1
29.0,6.672,40,0
29.0,6.125,55,1
29.0,6.129,43,0
29.0,6.142,47,1
29.0,6.66,33,0
29.0,6.684,47,0
29.0,6.673,138,1
27.0,6.072,34,0
25.0,7.008,31,0
28.0,6.712,27,1
27.0,6.206,55,1
27.0,6.732,48,2
29.0,7.08,25,0
29.0,6.495,29,1
29.0,6.49,26,0
29.0,6.848,26,0
29.0,7.096,29,1
29.0,7.025,32,1
29.0,7.089,37,0
29.0,7.01,32,0
29.0,6.969,57,1
29.0,7.021,36,0
29.0,7.059,40,2
29.0,7.415,26,0
29.0,7.508,36,3
29.0,7.476,32,1
29.0,6.966,25,1
28.0,5.958,58,0
28.0,6.356,27,1
29.0,6.521,40,0
29.0,7.059,34,0
29.0,7.007,38,0
29.0,6.984,25,0
29.0,6.829,52,3
29.0,6.896,37,1
28.0,5.994,45,0
28.0,6.998,28,1
29.0,6.982,33,2
28.0,6.872,29,2
28.0,5.901,43,0
28.0,6.499,27,0
28.0,6.352,27,1
28.0,6.481,40,0
28.0,6.457,47,0
28.0,6.469,45,1
28.0,6.458,47,0
28.0,6.487,34,0
28.0,6.364,27,0
28.0,7.004,29,0
28.0,6.9,38,0
28.0,6.933,50,0
28.0,6.926,30,0
28.0,6.88,61,1
28.0,6.817,45,3
28.0,6.799,39,1
28.0,6.362,26,0
28.0,6.369,27,0
24.0,6.375,29,0
24.0,6.0,38,0
23.0,7.19,25,1
23.0,6.679,39,3
24.0,6.669,26,2
24.0,7.488,46,0
24.0,7.439,200,0
24.0,7.469,63,1
24.0,7.493,36,0
24.0,7.509,36,0
23.0,6.0,36,0
24.0,6.927,38,0
24.0,6.949,73,1
24.0,6.59,94,2
24.0,6.978,90,1
24.0,6.229,35,0
24.0,7.942,37,0
24.0,6.983,34,0
24.0,7.482,39,0
23.0,6.375,33,0
23.0,7.0,73,0
22.0,6.75,28,0
23.0,6.0,40,0
23.0,6.25,31,1
30.0,7.964,58,1
30.0,5.5,93,1
30.0,5.875,61,0
31.0,6.375,25,0
31.0,6.75,32,0
29.0,7.478,38,0
29.0,7.586,40,1
29.0,5.5,29,0
28.0,6.648,26,0
28.0,7.156,26,0
28.0,7.174,30,0
29.0,6.119,34,1
29.0,6.138,29,0
29.0,6.649,28,0
29.0,6.663,30,0
29.0,6.68,27,0
29.0,7.141,34,0
29.0,6.181,64,0
29.0,6.672,27,0
28.0,6.156,36,0
28.0,6.682,30,1
28.0,6.163,114,0
28.0,6.171,26,0
26.0,6.072,40,0
29.0,6.625,51,0
29.0,7.483,27,1
29.0,5.5,34,0
28.0,5.75,30,0
28.0,6.875,45,0
27.0,6.001,44,0
28.0,5.949,28,0
28.0,5.979,27,0
29.0,5.94,44,0
28.0,5.917,48,1
28.0,5.921,43,1
29.0,6.47,31,2
27.0,5.983,67,2
28.0,6.452,30,2
29.0,6.424,25,0
28.0,6.164,46,2
28.0,6.699,62,2
28.0,6.708,33,0
28.0,6.71,26,0
27.0,6.195,49,1
27.0,6.198,55,0
27.0,6.21,46,2
27.0,6.188,26,0
27.0,6.166,30,0
28.0,7.093,34,1
27.0,6.014,73,1
26.0,6.006,42,2
26.0,5.966,49,1
27.0,5.997,70,0
27.0,6.999,25,1
27.0,7.049,30,0
27.0,6.508,30,0
27.0,6.514,25,0
26.0,5.994,33,3
27.0,6.003,47,0
27.0,5.976,50,1
27.0,6.97,36,3
27.0,6.483,27,1
27.0,5.961,62,0
27.0,5.511,41,0
28.0,7.01,27,0
28.0,5.949,34,0
27.0,6.633,35,0
27.0,6.099,34,0
28.0,6.055,52,0
29.0,8.031,50,3
29.0,8.089,54,0
28.0,6.975,31,0
28.0,7.471,87,2
28.0,8.023,72,3
23.0,6.954,76,1
23.0,7.439,90,0
23.0,6.979,108,0
23.0,7.443,131,1
22.0,6.692,30,2
23.0,6.979,77,0
23.0,7.477,247,2
23.0,7.915,25,0
23.0,6.617,197,1
23.0,6.209,45,0
22.0,6.75,125,0
22.0,6.0,25,0
22.0,6.75,135,1
21.0,6.715,28,0
22.0,7.423,47,0
22.0,7.419,288,1
22.0,7.804,38,0
24.0,7.333,32,0
22.0,6.295,26,0
28.0,5.68,29,1
28.0,5.695,39,0
28.0,5.689,44,1
28.0,6.17,53,0
28.0,6.172,119,1
28.0,6.208,25,1
28.0,6.191,37,0
28.0,6.178,34,0
28.0,6.18,41,0
28.0,6.169,53,1
28.0,6.716,37,2
28.0,6.676,27,1
28.0,5.686,30,0
28.0,5.683,28,0
28.0,6.683,28,0
28.0,5.664,26,1
28.0,6.146,33,0
28.0,6.184,144,0
28.0,6.735,26,1
28.0,6.696,27,0
27.0,6.118,52,0
27.0,6.171,30,0
27.0,6.139,26,1
26.0,6.178,25,3
26.0,6.705,25,0
28.0,6.5,29,0
27.0,6.5,55,1
26.0,6.5,31,0
29.0,6.75,50,0
30.0,7.0,30,0
28.0,6.57,27,0
28.0,6.965,53,2
29.0,7.437,41,0
27.0,7.125,30,1
28.0,7.267,31,0
27.0,7.078,74,1
27.0,6.443,90,3
27.0,6.882,35,0
27.0,7.085,94,2
27.0,7.125,39,0
27.0,6.5,29,0
26.0,6.753,34,0
26.0,6.0,30,0
27.0,6.125,84,0
26.0,6.0,29,0
26.0,6.437,113,1
26.0,6.449,30,1
26.0,6.866,31,0
26.0,6.0,25,0
26.0,7.034,41,0
26.0,7.067,29,1
26.0,7.027,31,1
26.0,7.045,90,1
26.0,7.283,29,0
25.0,6.75,47,0
26.0,6.0,70,0
25.0,6.521,103,1
25.0,6.526,26,1
25.0,6.891,72,1
24.0,6.13,29,0
25.0,7.057,49,3
25.0,7.271,35,1
25.0,6.979,124,2
25.0,6.0,30,0
25.0,6.0,26,0
24.0,6.975,81,0
24.0,6.995,25,1
24.0,7.31,28,2
24.0,7.052,34,0
24.0,7.013,27,0
23.0,7.125,37,0
24.0,6.0,67,1
24.0,6.375,59,0
28.0,7.046,33,1
28.0,5.75,26,0
28.0,6.875,34,1
28.0,7.03,39,0
28.0,6.166,97,2
27.0,5.697,38,1
27.0,6.184,32,0
27.0,6.173,38,1
27.0,6.17,30,0
27.0,5.708,29,1
27.0,5.681,44,0
27.0,5.68,35,0
27.0,6.196,44,1
27.0,6.201,36,0
27.0,6.205,66,0
27.0,6.719,55,1
26.0,6.725,61,1
26.0,7.224,36,4
26.0,6.711,63,1
26.0,7.232,46,3
25.0,6.421,36,0
26.0,6.75,27,0
26.0,6.75,41,0
24.0,6.75,31,0
24.0,6.75,36,0
23.0,6.75,28,0
22.0,6.75,45,0
22.0,6.25,26,0
21.0,6.75,41,0
20.0,6.25,36,1
20.0,6.75,48,0
19.0,6.25,27,0
25.0,6.614,32,1
25.0,6.663,48,0
25.0,6.509,36,1
25.0,6.141,30,0
25.0,6.973,26,0
25.0,6.653,51,0
25.0,6.646,104,0
24.0,6.942,25,1
25.0,6.08,46,0
25.0,6.652,31,2
25.0,6.668,27,0
24.0,6.505,84,0
25.0,6.65,80,1
24.0,7.035,47,3
24.0,7.074,25,1
25.0,6.09,66,1
25.0,6.147,70,1
25.0,6.139,64,1
25.0,6.604,49,0
24.0,7.027,32,1
25.0,6.681,38,0
25.0,6.143,78,3
24.0,6.03,41,0
24.0,7.034,28,0
24.0,7.318,36,0
24.0,7.311,28,1
24.0,7.326,39,0
24.0,6.466,32,0
24.0,6.659,57,1
24.0,6.172,32,1
24.0,6.149,35,0
24.0,6.111,31,0
24.0,6.909,53,1
24.0,7.036,31,0
25.0,6.571,40,1
24.0,6.918,43,2
24.0,7.374,26,0
24.0,7.266,38,0
24.0,7.32,53,2
24.0,7.318,31,0
24.0,6.634,37,0
24.0,6.961,51,2
24.0,6.627,43,0
24.0,6.505,40,0
24.0,6.606,40,0
24.0,6.592,87,5
24.0,7.032,25,1
26.0,6.558,28,0
26.0,7.087,26,0
26.0,6.586,34,1
26.0,6.446,33,0
26.0,6.673,33,3
26.0,6.185,34,0
26.0,6.192,27,1
26.0,7.003,41,1
26.0,6.513,46,0
27.0,6.663,32,0
26.0,6.626,29,2
26.0,6.182,63,1
26.0,6.154,39,0
27.0,5.695,27,0
27.0,6.101,26,1
26.0,6.135,43,0
26.0,6.156,42,1
27.0,6.147,27,0
26.0,6.194,41,1
26.0,6.584,32,1
26.0,6.16,25,0
26.0,6.168,30,1
26.0,6.574,53,0
26.0,6.568,27,0
26.0,6.977,29,0
26.0,7.058,28,0
26.0,6.548,37,0
26.0,6.613,50,1
26.0,6.668,43,2
26.0,6.692,52,0
26.0,6.642,66,3
26.0,6.607,66,1
26.0,6.668,40,1
26.0,6.664,40,2
26.0,6.673,50,1
26.0,6.616,74,3
26.0,6.481,63,0
26.0,6.483,63,1
26.0,6.647,48,0
26.0,6.633,26,0
26.0,6.644,30,1
26.0,6.619,32,1
26.0,6.629,27,2
26.0,6.136,72,0
26.0,6.152,72,0
26.0,6.063,27,1
26.0,6.167,32,0
26.0,6.147,26,0
26.0,5.641,25,2
26.0,6.167,41,0
26.0,6.148,39,1
25.0,6.973,49,0
26.0,6.497,97,2
26.0,6.56,31,1
26.0,6.149,37,0
26.0,6.157,48,1
25.0,6.657,37,1
26.0,6.511,35,1
25.0,6.575,32,0
26.0,5.655,43,2
26.0,6.051,28,0
26.0,6.069,28,0
25.0,6.119,55,1
28.0,6.383,26,0
28.0,6.382,38,0
28.0,6.453,44,0
28.0,6.406,32,0
28.0,6.322,51,1
27.0,6.396,30,5
28.0,6.851,30,0
28.0,6.831,26,1
28.0,6.847,31,0
28.0,6.805,36,0
28.0,6.815,29,0
27.0,6.324,30,0
27.0,6.295,48,0
27.0,6.889,32,0
27.0,6.941,26,1
27.0,5.536,42,0
27.0,5.899,168,0
27.0,6.397,45,0
27.0,5.951,56,0
27.0,5.978,42,2
27.0,5.942,37,0
27.0,5.93,49,0
27.0,5.934,51,1
27.0,6.05,97,0
27.0,6.454,34,1
27.0,6.333,43,1
27.0,6.418,30,0
27.0,6.412,39,0
27.0,6.376,54,0
27.0,6.369,55,1
27.0,6.436,41,0
27.0,6.897,34,1
27.0,6.864,34,1
27.0,6.9,38,0
27.0,6.855,25,0
27.0,5.984,42,0
27.0,5.931,36,2
27.0,5.958,32,2
27.0,5.923,35,0
27.0,5.918,63,0
27.0,6.45,41,0
27.0,6.392,60,0
27.0,6.351,37,0
27.0,6.353,49,0
27.0,6.326,52,0
27.0,6.316,53,0
27.0,6.363,132,2
27.0,7.037,25,0
27.0,6.892,31,1
27.0,6.912,28,0
27.0,6.899,38,0
27.0,6.827,47,0
27.0,6.879,26,0
26.0,6.348,62,1
26.0,6.377,25,0
26.0,6.468,31,0
26.0,6.406,47,1
26.0,6.439,33,0
26.0,6.428,32,1
26.0,6.397,41,0
26.0,6.337,30,0
26.0,6.883,25,0
26.0,6.933,32,0
26.0,6.875,33,3
26.0,5.995,58,0
26.0,5.939,38,0
26.0,5.963,38,1
26.0,5.918,27,0
26.0,5.957,25,0
26.0,5.944,81,0
26.0,6.485,29,0
26.0,6.507,36,2
26.0,6.431,34,0
26.0,6.363,38,0
26.0,6.381,55,1
26.0,6.884,38,1
26.0,6.811,26,1
26.0,6.391,46,0
26.0,6.352,40,0
26.0,6.5,32,0
26.0,6.487,25,0
26.0,6.497,39,0
26.0,6.413,26,0
27.0,6.686,51,0
27.0,6.686,29,0
28.0,6.672,77,3
27.0,6.673,36,0
27.0,6.685,35,0
27.0,6.195,25,0
27.0,6.199,46,0
27.0,6.21,31,0
27.0,6.2,25,0
27.0,6.207,35,0
27.0,6.224,25,0
27.0,6.183,34,0
27.0,6.203,30,0
27.0,6.23,52,3
27.0,6.692,25,1
27.0,5.676,47,0
27.0,5.672,38,0
27.0,6.184,33,0
27.0,5.651,30,0
27.0,5.688,29,0
27.0,5.681,31,0
27.0,6.179,85,1
27.0,6.197,34,0
27.0,6.174,30,0
27.0,6.666,35,0
27.0,6.699,33,0
27.0,6.681,25,0
27.0,6.198,30,0
27.0,6.175,28,0
27.0,6.197,25,0
27.0,6.697,58,1
26.0,6.171,32,2
26.0,6.594,25,0
26.0,6.599,100,1
27.0,6.007,66,0
28.0,6.875,49,0
27.0,7.08,61,0
27.0,6.875,30,0
27.0,7.058,34,0
22.0,6.949,44,0
22.0,6.944,154,3
22.0,7.455,50,1
22.0,7.437,34,0
22.0,7.457,30,0
22.0,6.59,155,0
21.0,6.208,66,0
21.0,6.75,112,1
21.0,6.75,130,0
22.0,6.0,26,0
21.0,6.616,28,0
21.0,6.75,166,0
21.0,5.75,25,0
21.0,6.625,59,0
21.0,6.75,191,0
26.0,6.079,28,0
26.0,6.716,25,1
27.0,6.719,25,0
26.0,6.445,26,0
24.0,7.08,55,1
26.0,7.046,53,0
24.0,7.036,25,0
25.0,5.96,48,0
24.0,7.04,32,1
25.0,7.077,37,2
24.0,6.998,27,0
25.0,7.052,31,0
26.0,7.008,53,1
26.0,7.033,37,1
25.0,5.969,43,2
26.0,6.501,26,0
24.0,6.643,55,1
24.0,6.641,27,0
23.0,6.703,46,1
23.0,6.655,41,0
23.0,6.697,35,1
23.0,6.153,34,1
23.0,6.69,25,1
23.0,6.658,34,1
23.0,6.158,28,0
23.0,6.691,28,0
27.0,5.992,42,0
26.0,5.992,29,0
26.0,6.57,30,0
26.0,7.01,33,2
26.0,6.563,26,0
27.0,6.875,32,0
28.0,6.889,27,1
27.0,6.75,37,0
26.0,6.75,43,0
27.0,6.821,38,0
26.0,6.919,28,0
26.0,6.75,59,0
25.0,6.75,117,1
26.0,6.886,44,1
25.0,6.75,63,0
25.0,6.75,78,2
27.0,6.194,35,0
27.0,6.229,35,0
27.0,6.21,47,0
27.0,6.707,54,2
26.0,6.685,99,0
27.0,6.666,60,2
26.0,6.681,31,0
26.0,6.161,55,0
26.0,6.21,31,0
26.0,6.207,63,2
26.0,6.185,52,3
26.0,6.203,51,3
26.0,6.222,31,0
26.0,6.714,28,0
26.0,6.679,25,0
26.0,6.695,34,0
26.0,6.534,36,0
26.0,6.696,30,0
26.0,6.685,33,1
26.0,6.706,37,0
26.0,7.159,26,0
26.0,7.173,35,4
26.0,6.684,34,0
26.0,6.167,42,0
26.0,6.707,35,2
26.0,6.699,47,1
26.0,6.647,28,0
26.0,6.654,26,0
27.0,6.081,32,0
28.0,6.586,28,0
28.0,6.546,30,0
27.0,6.089,28,0
27.0,6.056,36,0
27.0,6.548,47,0
27.0,6.587,38,1
27.0,6.563,30,0
27.0,6.093,30,2
27.0,6.561,37,1
27.0,6.573,30,0
27.0,6.078,63,1
27.0,6.039,28,0
27.0,6.04,25,1
27.0,6.118,29,0
27.0,6.606,36,0
27.0,6.542,33,0
27.0,6.028,32,0
27.0,6.523,26,0
27.0,6.587,30,0
27.0,6.04,26,0
27.0,6.088,39,1
26.0,6.548,27,1
26.0,6.065,30,1
26.0,6.587,49,0
26.0,6.594,25,0
26.0,6.086,43,0
26.0,6.064,39,1
26.0,6.594,28,1
26.0,6.579,52,1
26.0,6.592,39,0
26.0,6.592,45,2
26.0,6.556,51,0
26.0,6.556,37,0
26.0,6.594,46,2
26.0,6.586,46,1
26.0,6.561,26,0
26.0,6.581,25,0
26.0,6.58,39,2
26.0,6.02,25,0
26.0,6.588,32,0
26.0,6.576,26,0
26.0,7.071,27,1
26.0,6.073,75,0
26.0,6.571,34,0
26.0,6.578,26,0
25.0,6.577,32,0
25.0,7.076,26,0
25.0,6.569,37,1
25.0,6.084,42,1
25.0,6.594,31,1
25.0,7.049,47,1
25.0,7.065,38,0
25.0,7.065,36,2
25.0,7.069,26,1
25.0,6.571,45,0
25.0,6.594,36,3
25.0,6.576,26,0
25.0,6.592,41,1
25.0,6.567,26,0
26.0,6.514,28,0
26.0,7.11,25,4
27.0,6.186,113,2
27.0,6.174,132,0
27.0,5.699,25,0
27.0,6.172,30,1
27.0,6.696,46,0
27.0,6.182,30,0
27.0,6.19,113,1
27.0,6.175,76,1
27.0,6.195,27,1
27.0,6.988,35,0
26.0,7.011,27,2
27.0,7.523,39,0
26.0,6.446,30,1
25.0,5.908,26,1
26.0,7.352,27,1
26.0,6.001,28,1
27.0,5.993,31,2
26.0,5.989,28,2
26.0,6.562,26,1
27.0,6.504,29,0
27.0,5.942,35,0
28.0,6.397,32,1
26.0,6.359,29,0
22.0,6.912,26,1
28.0,6.045,30,1
27.0,5.971,27,0
26.0,5.669,40,0
27.0,5.676,54,0
27.0,6.948,72,3
26.0,5.7,61,1
27.0,6.207,49,1
26.0,6.209,38,0
26.0,6.192,61,0
26.0,6.191,44,0
26.0,6.218,46,0
26.0,6.2,182,1
26.0,6.188,80,1
27.0,6.705,33,1
26.0,6.709,66,1
26.0,6.73,33,0
27.0,5.688,25,1
27.0,5.659,29,2
27.0,6.173,35,0
26.0,6.202,34,0
26.0,6.705,28,0
26.0,5.678,32,1
26.0,5.706,39,0
27.0,6.729,25,2
24.0,6.494,37,0
24.0,7.028,41,1
24.0,7.011,30,0
23.0,6.574,55,0
23.0,6.574,56,0
22.0,6.588,51,1
22.0,6.586,35,0
22.0,6.061,25,0
22.0,6.58,28,0
21.0,6.066,74,1
26.0,6.208,25,0
26.0,6.178,30,0
26.0,5.715,87,2
26.0,5.669,48,0
26.0,6.19,46,2
26.0,6.187,122,1
27.0,6.625,41,2
27.0,6.438,29,0
26.0,7.06,56,1
26.0,7.397,35,1
26.0,6.517,31,1
25.0,6.007,28,0
25.0,6.511,30,0
25.0,6.528,29,0
25.0,6.522,25,2
26.0,6.708,58,0
26.0,6.72,34,1
21.0,6.5,29,0
20.0,6.216,42,0
20.0,6.219,49,1
21.0,7.375,49,0
21.0,7.387,206,2
20.0,5.73,29,0
21.0,6.569,39,0
21.0,6.963,109,0
21.0,6.965,122,0
21.0,6.176,139,0
21.0,7.412,52,0
21.0,7.41,36,0
21.0,5.725,57,0
21.0,7.428,39,0
20.0,5.75,43,0
20.0,6.615,116,1
21.0,6.75,120,0
20.0,6.603,86,0
21.0,6.75,65,0
20.0,6.186,49,5
20.0,6.222,45,1
20.0,7.366,46,1
20.0,7.369,182,0
20.0,6.149,59,0
19.0,5.75,47,1
20.0,6.911,70,0
20.0,6.916,234,1
20.0,6.513,81,2
20.0,6.557,60,0
20.0,6.042,45,1
20.0,6.594,96,0
20.0,5.68,278,0
20.0,7.402,32,0
20.0,6.904,31,0
27.0,6.892,37,1
27.0,7.483,70,2
27.0,7.983,60,2
26.0,6.912,46,1
26.0,7.485,97,6
26.0,7.954,92,1
24.0,6.156,64,0
24.0,6.544,76,1
25.0,6.536,29,0
25.0,6.847,25,0
26.0,6.049,58,2
27.0,6.469,25,0
26.0,6.058,47,0
26.0,6.429,109,0
25.0,6.456,82,0
25.0,6.819,34,0
24.0,6.471,101,0
24.0,6.792,66,0
23.0,6.511,53,2
23.0,6.779,29,0
23.0,6.477,25,0
26.0,5.997,46,1
25.0,6.049,31,0
25.0,6.065,26,2
24.0,6.388,36,0
26.0,6.197,27,0
24.0,6.639,40,0
24.0,6.644,40,0
24.0,6.522,34,0
24.0,7.016,26,1
24.0,7.039,42,1
24.0,7.01,55,2
24.0,7.054,57,1
24.0,7.018,49,1
24.0,7.008,27,2
24.0,7.042,29,1
24.0,7.031,25,1
24.0,7.035,34,1
24.0,6.666,28,0
24.0,6.476,34,0
24.0,7.323,31,1
24.0,7.306,37,1
24.0,6.955,31,1
24.0,7.269,32,2
24.0,7.311,30,1
24.0,6.631,33,0
24.0,6.681,33,2
24.0,6.687,37,1
24.0,6.602,37,0
24.0,6.901,28,0
24.0,6.479,43,0
24.0,6.662,35,0
24.0,6.642,56,0
24.0,6.657,28,1
24.0,6.686,26,2
24.0,7.05,26,0
24.0,7.054,30,0
24.0,6.133,64,1
24.0,6.668,31,0
24.0,7.01,43,0
24.0,6.658,41,0
24.0,7.046,29,0
24.0,6.631,41,1
24.0,6.163,56,2
24.0,7.011,28,0
24.0,6.679,32,1
24.0,6.656,32,0
24.0,6.909,33,0
24.0,6.63,110,0
23.0,6.606,29,0
24.0,7.028,26,1
24.0,6.992,26,0
24.0,6.151,26,0
24.0,6.524,46,1
24.0,6.654,58,0
24.0,6.676,56,3
24.0,6.135,31,0
24.0,6.135,63,1
24.0,7.194,34,0
24.0,7.196,33,0
23.0,6.519,25,0
24.0,7.123,41,1
23.0,6.932,41,2
23.0,6.655,59,0
24.0,7.189,46,1
24.0,7.126,39,0
24.0,7.112,53,2
24.0,7.124,28,0
23.0,7.116,28,0
23.0,7.074,59,1
23.0,6.682,65,0
23.0,6.639,30,0
23.0,6.664,33,0
23.0,6.193,27,0
23.0,6.677,31,0
23.0,7.149,28,0
23.0,6.651,33,0
23.0,6.152,60,0
23.0,6.152,47,0
23.0,6.624,41,1
23.0,6.667,50,2
23.0,6.671,50,2
23.0,6.671,25,0
23.0,6.69,32,0
23.0,6.67,68,1
23.0,6.935,29,1
23.0,6.679,34,0
23.0,6.456,43,0
23.0,6.664,42,2
23.0,6.652,33,0
23.0,6.16,38,0
23.0,6.096,34,0
23.0,6.17,30,1
23.0,6.68,34,0
23.0,6.659,31,2
23.0,6.523,37,0
23.0,7.12,45,1
23.0,7.083,33,0
23.0,6.988,25,0
23.0,6.631,47,1
23.0,6.669,36,1
24.0,7.18,29,1
23.0,6.673,46,2
23.0,7.107,52,0
23.0,7.076,35,1
23.0,7.059,25,2
23.0,7.064,41,3
23.0,7.107,61,1
23.0,7.028,64,2
23.0,7.024,43,0
23.0,7.068,26,0
24.0,7.333,28,0
24.0,7.086,30,1
24.0,7.122,28,0
24.0,6.538,36,0
24.0,6.507,47,1
24.0,7.049,34,0
24.0,6.0,42,3
26.0,5.678,81,0
26.0,6.201,188,0
26.0,6.717,53,0
26.0,6.17,32,0
26.0,5.628,28,0
26.0,5.634,25,0
26.0,5.636,29,0
26.0,6.162,33,0
25.0,6.562,28,0
25.0,7.056,31,1
25.0,7.187,28,0
25.0,6.56,29,0
25.0,6.579,28,2
25.0,6.712,54,0
25.0,6.684,26,0
25.0,6.718,30,0
25.0,6.678,33,3
26.0,7.214,30,2
25.0,7.185,29,0
25.0,7.196,33,1
25.0,6.559,47,0
25.0,6.56,39,0
25.0,6.592,32,1
25.0,6.538,37,0
25.0,6.9,28,0
24.0,6.878,32,0
26.0,6.682,26,1
25.0,6.62,25,0
26.0,7.523,38,0
25.0,7.479,32,1
25.0,7.221,41,0
24.0,7.204,45,5
24.0,6.669,58,1
24.0,7.199,77,1
23.0,6.198,94,2
23.0,6.685,81,2
23.0,7.185,95,5
23.0,6.714,101,4
26.0,6.201,107,3
26.0,6.703,57,1
26.0,6.0,84,2
26.0,7.0,27,0
26.0,6.0,43,0
25.0,6.5,53,2
24.0,7.081,34,1
25.0,7.101,28,0
24.0,7.104,28,1
24.0,6.5,108,2
24.0,6.75,34,0
24.0,7.171,28,0
23.0,6.75,62,0
22.0,7.092,33,0
22.0,7.128,28,0
22.0,6.516,60,0
23.0,6.75,58,0
22.0,6.333,131,0
25.0,6.188,27,0
25.0,6.74,31,1
25.0,6.717,28,1
26.0,6.968,62,2
26.0,6.858,25,0
26.0,6.91,30,0
26.0,6.88,35,1
26.0,6.895,26,1
26.0,5.954,38,1
25.0,6.37,35,0
25.0,6.871,29,0
25.0,6.851,28,1
21.0,6.017,35,0
22.0,5.933,25,0
21.0,5.8,97,0
25.0,6.362,26,0
25.0,6.397,105,0
25.0,6.391,35,0
25.0,6.315,41,2
25.0,6.867,70,1
25.0,6.877,37,1
25.0,6.498,37,1
25.0,6.856,31,0
25.0,6.879,30,0
25.0,6.909,48,1
24.0,6.403,26,0
24.0,6.492,75,3
24.0,6.855,33,0
24.0,6.914,32,0
24.0,6.48,50,0
24.0,6.889,44,1
24.0,6.899,33,1
25.0,5.943,26,1
25.0,5.976,39,0
25.0,5.962,31,0
24.0,6.51,27,0
24.0,6.91,90,1
24.0,6.857,28,1
24.0,6.922,43,2
24.0,6.396,40,0
24.0,6.008,80,2
24.0,6.482,28,0
24.0,6.422,38,0
24.0,6.833,41,0
24.0,6.899,28,0
24.0,6.989,28,1
23.0,5.967,93,1
23.0,6.459,71,0
24.0,6.496,47,3
23.0,6.533,35,1
23.0,6.4,95,1
23.0,6.978,40,1
23.0,6.893,109,0
23.0,6.932,37,0
23.0,6.901,25,1
23.0,6.965,35,0
25.0,7.011,40,0
25.0,5.875,32,0
25.0,6.375,25,0
25.0,6.625,38,2
25.0,7.046,88,3
25.0,6.208,34,1
25.0,6.217,49,1
21.0,6.589,51,0
21.0,6.092,34,0
20.0,5.538,63,1
20.0,6.084,35,0
20.0,6.582,29,0
20.0,5.587,51,0
20.0,6.097,26,0
25.0,6.716,102,3
25.0,7.226,26,0
25.0,6.09,32,0
25.0,7.798,33,0
24.0,7.316,35,0
24.0,7.771,26,1
23.0,7.299,30,0
23.0,7.779,37,2
22.0,7.276,27,2
23.0,7.773,26,2
25.0,6.655,62,3
25.0,6.921,49,1
24.0,6.66,71,2
24.0,7.161,30,2
23.0,6.949,27,1
23.0,6.687,33,3
23.0,6.708,41,0
23.0,6.67,37,2
23.0,6.688,42,2
23.0,6.694,81,1
23.0,7.206,25,0
25.0,6.25,29,0
25.0,6.5,34,1
25.0,6.25,35,0
25.0,6.5,27,0
24.0,6.25,81,2
23.0,6.25,32,0
23.0,6.375,72,2
22.0,7.375,25,0
22.0,6.375,63,0
21.0,6.25,75,0
21.0,6.375,32,0
19.0,5.75,59,0
24.0,6.19,40,0
24.0,7.142,51,0
24.0,7.169,26,1
23.0,7.187,26,2
24.0,7.15,33,0
24.0,6.679,39,0
24.0,7.169,35,0
25.0,7.204,25,0
25.0,7.181,25,0
23.0,6.477,28,1
23.0,6.877,27,1
23.0,7.344,30,0
24.0,6.506,48,0
24.0,7.0,34,1
25.0,6.554,33,2
24.0,6.496,31,1
24.0,5.993,30,1
25.0,5.499,27,1
25.0,5.998,25,0
24.0,7.016,34,0
25.0,6.939,25,1
24.0,6.925,29,0
24.0,6.963,28,0
24.0,7.048,53,1
24.0,7.661,30,0
25.0,5.625,25,0
25.0,6.625,33,0
25.0,7.05,54,2
24.0,7.486,44,2
25.0,6.391,26,1
25.0,5.625,33,0
25.0,6.625,25,0
25.0,6.981,25,0
25.0,7.481,76,4
25.0,7.985,99,3
24.0,7.449,49,1
24.0,7.947,63,1
24.0,7.503,68,1
24.0,7.889,78,4
23.0,6.983,33,0
23.0,6.69,32,1
23.0,6.528,42,1
23.0,6.662,59,0
23.0,6.661,26,0
23.0,6.691,36,1
23.0,6.664,32,0
23.0,6.688,52,1
23.0,6.683,34,2
23.0,6.693,40,0
23.0,7.134,27,0
23.0,6.979,27,0
22.0,6.66,29,1
23.0,6.686,34,1
22.0,6.545,40,1
23.0,6.506,29,0
22.0,6.68,30,3
23.0,6.679,25,1
22.0,6.649,28,0
22.0,6.155,32,0
22.0,6.503,49,0
23.0,6.642,25,0
23.0,6.671,36,3
22.0,6.67,36,0
23.0,7.115,27,2
22.0,6.969,27,1
23.0,6.2,41,0
22.0,6.647,37,1
23.0,7.097,25,0
23.0,6.132,33,2
22.0,6.168,33,0
23.0,6.675,43,0
23.0,6.664,56,0
22.0,6.548,48,2
23.0,6.682,37,0
22.0,6.16,31,1
23.0,7.105,31,0
22.0,6.662,31,0
22.0,7.085,33,0
22.0,6.185,36,1
22.0,6.657,40,0
22.0,6.685,36,1
22.0,6.624,27,0
22.0,6.676,30,0
23.0,6.154,30,0
22.0,6.165,27,0
22.0,6.703,45,0
22.0,7.155,51,0
24.0,5.976,49,0
23.0,6.627,43,1
24.0,6.589,25,0
23.0,6.781,111,1
22.0,6.941,124,0
21.0,6.93,25,1
22.0,6.944,45,0
21.0,6.587,59,0
22.0,6.765,87,2
20.0,6.533,34,0
21.0,6.829,56,0
20.0,6.493,96,0
21.0,6.803,48,0
20.0,6.447,114,0
20.0,6.391,70,0
21.0,6.797,61,2
19.0,6.086,56,0
19.0,6.474,119,0
18.0,6.524,36,0
19.0,6.167,117,0
19.0,6.468,37,0
18.0,6.553,36,0
17.0,6.931,57,1
18.0,6.197,29,0
18.0,6.564,76,1
17.0,6.692,38,0
17.0,6.899,26,0
17.0,6.679,104,0
17.0,6.92,70,0
16.0,6.642,48,0
15.0,6.91,61,0
16.0,7.116,54,1
16.0,6.961,25,1
14.0,6.604,116,1
14.0,6.677,41,1
14.0,6.905,44,0
15.0,6.908,68,0
13.0,6.416,136,1
13.0,6.614,120,1
14.0,6.821,43,0
13.0,6.229,25,0
12.0,6.472,133,0
12.0,6.549,57,0
12.0,6.655,61,0
12.0,6.889,45,0
12.0,6.866,30,0
13.0,6.622,66,1
12.0,6.532,141,0
12.0,6.691,46,0
12.0,6.779,70,0
12.0,6.791,44,1
11.0,6.514,136,0
10.0,6.481,77,0
10.0,6.703,37,0
10.0,6.68,35,0
11.0,6.779,54,0
11.0,6.766,75,0
10.0,6.422,136,0
9.0,6.646,56,0
9.0,6.625,82,0
10.0,6.762,63,0
22.0,6.707,33,0
22.0,6.595,26,1
23.0,6.495,48,0
23.0,7.045,33,1
25.0,6.569,35,1
25.0,6.593,30,0
25.0,7.061,37,3
25.0,6.574,27,0
24.0,7.022,28,2
24.0,6.6,26,0
24.0,6.594,33,1
24.0,7.079,27,0
24.0,6.961,25,2
24.0,6.543,38,1
24.0,6.596,31,0
24.0,6.546,25,0
24.0,7.041,33,2
24.0,7.038,47,3
24.0,6.557,40,0
24.0,6.988,37,1
24.0,7.038,35,0
23.0,6.574,37,0
23.0,7.047,28,0
23.0,6.567,35,1
23.0,7.034,38,2
23.0,7.02,48,1
23.0,7.018,31,0
23.0,7.06,27,0
23.0,7.006,26,1
23.0,7.037,33,2
23.0,6.985,28,0
23.0,7.006,30,1
23.0,7.009,26,1
22.0,6.576,41,0
22.0,6.58,48,0
22.0,6.568,43,2
22.0,6.579,41,0
23.0,6.986,27,0
23.0,7.034,25,0
22.0,7.01,31,0
22.0,6.998,32,2
22.0,6.995,26,0
22.0,6.585,28,0
23.0,6.522,53,1
22.0,6.565,25,0
22.0,6.583,34,1
22.0,6.577,27,1
22.0,6.522,30,1
22.0,6.549,30,0
22.0,6.566,40,1
23.0,6.616,29,1
22.0,6.894,47,0
23.0,6.964,54,1
25.0,6.998,60,0
24.0,6.875,31,0
24.0,6.875,26,0
24.0,7.0,31,1
24.0,7.064,41,0
23.0,6.875,37,0
23.0,7.0,28,0
24.0,5.5,38,0
23.0,7.0,27,0
23.0,6.875,35,0
23.0,5.875,34,0
23.0,6.987,25,0
22.0,6.875,42,0
23.0,5.5,50,1
23.0,5.75,82,0
23.0,5.875,29,0
22.0,5.875,33,0
23.0,7.0,25,0
22.0,6.875,76,0
24.0,6.641,51,1
24.0,6.646,32,0
24.0,6.715,26,0
24.0,6.665,98,2
24.0,7.188,64,2
24.0,6.659,26,0
24.0,7.785,26,1
23.0,7.79,34,0
22.0,7.279,26,3
23.0,6.49,44,1
24.0,6.505,53,2
24.0,6.511,26,2
24.0,6.133,32,0
24.0,6.694,25,1
24.0,6.686,32,2
24.0,6.668,46,0
24.0,6.662,96,3
24.0,7.192,31,0
24.0,6.671,27,1
24.0,6.653,26,0
23.0,6.989,28,4
23.0,6.574,55,0
24.0,6.976,26,1
24.0,7.068,37,1
22.0,7.114,31,2
23.0,6.674,51,0
22.0,6.666,32,0
23.0,7.131,36,2
22.0,6.686,30,0
22.0,6.655,46,0
22.0,6.527,59,0
22.0,6.689,29,0
22.0,6.695,29,0
22.0,6.203,35,0
22.0,6.663,45,0
22.0,7.118,25,1
22.0,6.512,48,0
23.0,7.153,31,0
22.0,6.688,36,2
22.0,6.175,44,2
22.0,6.67,31,1
22.0,6.504,57,1
22.0,7.136,31,1
22.0,6.938,26,2
22.0,6.663,27,0
22.0,6.671,29,0
21.0,6.67,26,1
22.0,6.668,31,0
22.0,6.655,30,1
22.0,6.633,33,0
22.0,6.646,39,1
22.0,6.676,28,1
22.0,6.708,27,0
21.0,6.451,29,0
22.0,6.528,38,0
22.0,7.103,41,0
22.0,6.658,31,1
22.0,6.639,29,1
22.0,6.709,51,3
22.0,7.006,29,1
22.0,6.668,41,1
21.0,6.684,27,0
22.0,6.471,62,1
22.0,6.187,38,0
21.0,6.693,27,1
21.0,6.116,46,1
22.0,6.184,57,2
22.0,6.174,35,0
22.0,6.586,32,1
21.0,6.504,43,1
21.0,6.692,50,0
21.0,6.64,41,0
22.0,6.617,45,1
21.0,6.998,51,1
22.0,6.634,35,0
22.0,6.649,54,2
21.0,6.66,47,0
24.0,6.146,32,0
24.0,6.664,100,1
24.0,6.123,27,1
24.0,6.699,31,0
24.0,6.671,31,0
24.0,6.63,27,0
24.0,6.156,32,2
24.0,7.146,34,0
21.0,6.183,45,1
22.0,6.674,29,0
22.0,6.69,27,0
19.0,5.932,37,0
23.0,6.931,47,2
24.0,7.357,42,1
23.0,7.414,28,0
24.0,7.082,46,0
24.0,7.46,54,3
24.0,6.75,36,0
24.0,7.117,54,0
24.0,7.468,47,1
22.0,7.127,31,0
22.0,7.024,26,0
22.0,6.687,32,0
22.0,6.725,35,0
22.0,6.695,28,0
23.0,6.128,31,1
23.0,6.648,28,0
23.0,7.113,25,1
24.0,6.901,31,1
24.0,6.859,31,0
21.0,6.512,36,0
21.0,6.157,28,1
21.0,6.463,43,0
21.0,6.149,27,1
21.0,6.635,38,0
22.0,6.671,40,0
21.0,6.166,44,0
21.0,6.682,79,0
21.0,6.126,29,1
21.0,6.168,27,0
21.0,6.649,33,2
21.0,6.439,66,1
21.0,6.695,48,1
21.0,6.665,42,1
21.0,6.157,27,1
21.0,6.669,28,1
21.0,6.7,27,0
21.0,6.014,42,1
22.0,7.132,42,2
22.0,7.12,27,0
21.0,7.127,27,1
21.0,6.65,45,1
21.0,5.073,114,0
21.0,6.18,39,0
21.0,6.149,31,1
21.0,5.059,69,0
22.0,6.519,65,3
22.0,6.511,35,1
23.0,7.007,81,0
23.0,6.983,25,0
23.0,7.374,25,1
24.0,7.003,106,0
23.0,6.972,25,0
23.0,5.877,26,1
23.0,6.978,164,2
23.0,7.273,26,0
23.0,7.0,42,1
23.0,6.28,26,0
24.0,6.375,60,0
23.0,6.986,91,3
23.0,6.982,31,1
22.0,7.272,33,0
22.0,6.994,46,1
22.0,6.96,30,0
22.0,6.942,36,2
22.0,6.962,66,0
22.0,5.886,32,0
22.0,6.404,31,0
22.0,5.5,26,0
22.0,7.0,34,1
23.0,6.375,40,0
23.0,6.625,38,0
21.0,6.638,25,0
22.0,7.0,34,0
21.0,6.59,33,0
22.0,6.934,75,0
21.0,6.989,49,0
21.0,6.956,35,0
21.0,6.959,33,1
21.0,6.949,74,2
21.0,5.832,27,0
22.0,6.625,102,1
20.0,6.625,32,1
21.0,6.875,34,1
20.0,5.594,38,0
20.0,6.122,34,0
20.0,6.475,93,1
21.0,6.905,38,1
20.0,6.58,63,2
20.0,6.792,62,0
20.0,6.889,27,1
20.0,6.421,36,0
20.0,6.913,217,2
20.0,6.25,28,0
22.0,6.625,46,0
21.0,6.625,97,0
20.0,6.408,93,2
20.0,6.83,39,0
19.0,6.352,31,1
19.0,6.515,28,0
19.0,6.625,29,0
19.0,6.75,34,0
19.0,6.79,25,0
19.0,6.862,35,0
20.0,6.87,25,0
19.0,6.575,122,2
19.0,6.25,29,0
18.0,5.75,61,0
19.0,6.0,36,0
23.0,6.7,103,1
23.0,6.163,25,0
23.0,6.691,49,2
23.0,7.2,32,2
23.0,6.363,35,2
23.0,6.362,57,1
22.0,6.125,40,0
21.0,6.124,52,0
21.0,6.092,54,1
22.0,6.037,51,2
22.0,7.056,34,0
22.0,7.003,40,1
22.0,7.043,38,1
22.0,7.064,34,0
22.0,6.564,34,0
22.0,6.562,47,0
22.0,7.276,25,1
22.0,7.051,35,0
22.0,6.982,27,0
22.0,7.044,34,1
22.0,6.998,47,2
22.0,6.573,30,0
20.0,6.03,40,0
22.0,7.005,49,2
22.0,7.11,67,0
21.0,7.092,29,0
21.0,6.485,28,0
22.0,6.498,31,1
21.0,6.53,48,0
21.0,6.525,66,0
19.0,5.452,42,0
22.0,6.563,29,1
21.0,6.041,59,1
21.0,6.037,25,1
21.0,6.028,47,1
19.0,4.967,25,0
21.0,6.566,27,0
21.0,6.053,39,0
21.0,7.057,33,2
22.0,7.013,26,0
21.0,7.081,46,2
21.0,7.079,29,0
22.0,6.542,35,0
21.0,6.518,59,1
21.0,6.494,37,1
21.0,6.044,34,0
21.0,6.034,32,0
23.0,6.65,28,1
21.0,6.119,31,0
21.0,6.194,27,1
20.0,5.792,29,0
24.0,6.19,34,0
23.0,6.19,27,0
23.0,6.19,26,0
23.0,6.19,26,0
23.0,6.173,30,0
23.0,7.187,67,2
22.0,6.729,54,2
22.0,7.209,37,1
21.0,6.2,25,2
21.0,6.211,34,0
21.0,6.204,44,0
21.0,6.225,44,0
21.0,6.2,52,0
21.0,6.237,49,2
21.0,6.21,119,1
21.0,6.714,31,2
21.0,7.176,29,1
20.0,5.729,27,0
20.0,6.216,79,1
20.0,6.215,42,0
23.0,6.174,130,6
23.0,6.697,92,3
23.0,6.148,64,1
23.0,6.709,34,1
23.0,6.693,45,2
23.0,6.671,51,1
23.0,6.687,33,0
23.0,6.687,50,1
23.0,6.173,45,0
23.0,6.208,42,2
23.0,6.13,36,0
23.0,6.718,34,0
11.0,6.485,46,0
13.0,5.903,28,0
24.0,6.437,32,0
24.0,5.75,25,0
24.0,5.875,30,1
24.0,6.75,73,1
23.0,7.125,108,2
24.0,7.462,36,1
21.0,6.653,26,0
23.0,6.656,45,1
22.0,6.685,41,0
23.0,7.008,39,1
22.0,6.482,41,3
21.0,7.278,28,0
22.0,6.474,26,0
23.0,6.54,26,1
23.0,6.514,27,1
23.0,6.535,25,0
23.0,6.526,28,3
23.0,6.515,26,2
23.0,6.509,32,1
22.0,6.854,25,0
23.0,6.963,32,1
20.0,6.564,25,0
20.0,5.484,32,0
20.0,5.943,34,0
23.0,6.701,30,3
23.0,6.181,26,0
23.0,6.163,25,0
23.0,7.46,80,1
24.0,7.949,91,3
23.0,7.492,79,1
23.0,8.036,84,4
22.0,7.507,55,3
23.0,8.003,85,1
22.0,6.993,35,1
22.0,7.53,77,2
22.0,7.959,63,2
21.0,6.976,33,1
22.0,6.939,36,0
22.0,7.471,38,0
23.0,7.562,31,0
22.0,7.51,25,0
21.0,6.713,25,0
22.0,6.29,27,0
22.0,5.79,25,0
22.0,6.651,39,1
21.0,6.157,25,1
23.0,6.707,66,0
22.0,6.131,29,0
22.0,6.708,32,0
22.0,6.691,26,0
22.0,6.687,26,1
22.0,6.693,31,1
22.0,6.71,25,0
23.0,6.892,39,0
23.0,6.949,64,0
23.0,6.882,50,1
23.0,6.878,35,1
23.0,6.869,27,1
23.0,6.959,47,1
23.0,6.061,27,1
23.0,6.105,28,1
23.0,6.486,45,0
23.0,6.561,37,0
23.0,6.645,43,0
23.0,6.617,60,1
23.0,6.937,75,0
23.0,7.016,30,0
23.0,5.993,66,0
23.0,6.267,30,0
22.0,6.525,34,0
23.0,6.471,51,1
23.0,6.923,30,1
23.0,6.956,43,2
22.0,5.968,63,0
22.0,6.908,32,1
22.0,6.501,102,0
22.0,6.675,39,0
22.0,6.549,40,0
22.0,6.57,78,0
22.0,6.648,33,0
22.0,6.685,35,0
22.0,6.639,96,0
22.0,7.028,35,0
22.0,7.048,54,1
22.0,7.142,29,1
22.0,7.13,27,0
22.0,5.956,32,1
22.0,6.087,29,1
22.0,6.1,55,1
22.0,6.09,41,0
22.0,6.112,120,2
22.0,6.5,51,0
22.0,6.539,29,0
22.0,6.609,25,0
22.0,6.611,30,1
22.0,6.57,39,0
22.0,6.507,52,1
22.0,6.445,94,0
22.0,7.006,37,2
22.0,6.943,73,1
21.0,6.0,32,0
21.0,5.987,33,0
21.0,6.459,59,0
21.0,6.595,26,0
21.0,6.483,57,0
21.0,6.476,31,1
21.0,6.453,47,0
21.0,6.336,45,0
21.0,5.946,27,0
21.0,5.979,29,0
21.0,6.049,58,2
21.0,6.405,116,1
21.0,6.425,28,0
21.0,6.478,92,0
21.0,6.473,32,0
21.0,6.469,42,0
21.0,6.42,67,0
21.0,6.419,87,2
21.0,6.397,63,1
21.0,6.362,65,1
21.0,6.321,41,0
21.0,6.308,41,0
21.0,6.327,26,0
21.0,6.277,125,0
21.0,6.993,80,0
21.0,7.01,37,0
21.0,6.964,50,1
21.0,6.931,62,0
21.0,6.958,30,0
21.0,6.92,60,2
21.0,6.899,62,0
21.0,6.845,41,2
21.0,6.926,40,0
21.0,6.851,50,0
21.0,5.63,26,0
21.0,5.571,48,0
21.0,6.005,32,0
22.0,6.109,27,1
22.0,6.687,35,0
22.0,6.589,27,0
24.0,6.569,56,0
23.0,6.117,30,0
22.0,6.552,26,0
22.0,6.698,100,1
22.0,6.693,63,1
21.0,6.236,28,0
22.0,7.116,28,0
21.0,7.201,25,1
22.0,7.188,29,2
21.0,6.551,39,1
21.0,6.722,27,0
22.0,6.202,28,1
19.0,5.563,118,0
19.0,6.061,47,1
19.0,6.03,28,0
19.0,6.056,25,0
19.0,6.053,25,0
18.0,6.061,58,1
23.0,7.328,29,0
23.0,7.043,76,0
23.0,6.369,26,0
23.0,5.591,25,1
23.0,6.75,42,1
22.0,7.035,69,1
22.0,7.016,66,1
22.0,6.896,29,1
23.0,7.339,26,1
21.0,6.132,28,0
25.0,6.869,33,1
26.0,5.958,46,1
26.0,6.363,44,0
24.0,6.413,45,0
24.0,6.87,43,1
25.0,5.952,27,0
23.0,6.499,88,0
23.0,5.956,53,0
22.0,6.86,32,0
22.0,6.329,61,0
22.0,5.964,27,1
21.0,6.171,28,0
21.0,6.611,29,0
21.0,6.981,48,0
22.0,6.199,43,0
22.0,6.721,29,0
22.0,6.724,38,1
22.0,6.73,41,1
22.0,6.713,103,0
22.0,6.211,43,1
22.0,6.221,42,0
22.0,7.364,27,0
22.0,7.782,27,0
22.0,7.789,31,0
21.0,7.106,32,0
21.0,7.088,39,0
21.0,7.083,27,0
21.0,6.161,30,0
21.0,6.471,35,0
21.0,6.701,28,2
21.0,6.19,33,0
21.0,6.651,30,1
21.0,6.703,27,0
21.0,6.043,33,0
21.0,6.134,31,1
21.0,6.684,39,1
21.0,6.666,39,0
21.0,6.627,25,0
21.0,6.195,33,1
21.0,6.148,41,1
21.0,6.507,53,1
21.0,6.195,28,1
21.0,6.626,28,0
20.0,6.407,64,0
21.0,6.181,25,1
21.0,6.195,31,0
21.0,5.702,41,1
21.0,5.681,45,0
20.0,6.159,38,0
20.0,6.641,35,0
20.0,6.184,37,1
21.0,6.669,28,0
20.0,6.167,35,0
21.0,6.16,57,0
21.0,6.666,30,0
20.0,6.19,35,1
20.0,6.006,68,0
20.0,6.161,40,3
20.0,6.615,25,0
21.0,6.672,37,0
21.0,5.7,40,1
20.0,6.438,72,0
20.0,6.637,30,1
21.0,6.655,25,0
21.0,6.203,27,0
21.0,5.693,42,0
21.0,6.957,98,0
21.0,7.089,32,2
21.0,6.141,28,0
21.0,6.673,53,1
21.0,5.515,29,0
20.0,6.16,31,0
21.0,6.174,28,1
21.0,6.673,31,0
20.0,6.153,44,0
21.0,6.142,37,0
20.0,6.143,26,0
21.0,5.136,106,1
21.0,5.666,88,0
20.0,6.405,76,1
21.0,5.683,76,0
21.0,6.63,25,0
20.0,6.164,34,0
20.0,6.166,35,2
20.0,6.188,30,0
20.0,6.158,40,0
20.0,5.7,58,0
20.0,6.654,27,1
20.0,6.201,42,1
21.0,5.686,70,0
20.0,6.177,35,0
20.0,5.684,45,0
20.0,6.644,45,1
20.0,6.595,29,2
20.0,6.036,50,1
20.0,6.165,30,1
20.0,6.187,29,1
21.0,5.073,238,1
20.0,6.174,52,0
20.0,6.193,34,1
20.0,5.689,38,0
20.0,6.187,28,0
20.0,6.116,41,0
20.0,6.668,28,1
20.0,6.196,26,0
20.0,5.682,33,2
20.0,5.119,194,1
20.0,6.694,29,0
20.0,6.188,33,1
20.0,5.687,39,0
20.0,5.134,151,0
20.0,6.15,25,1
20.0,5.694,31,0
20.0,6.638,32,1
20.0,6.174,40,0
20.0,6.057,26,0
20.0,6.182,30,0
20.0,5.694,54,0
20.0,6.664,26,0
20.0,6.003,40,0
20.0,6.184,42,0
20.0,6.196,25,0
20.0,6.145,30,2
20.0,6.175,38,1
20.0,5.718,32,1
20.0,6.092,25,0
20.0,5.69,41,0
20.0,5.538,40,1
20.0,6.388,29,0
20.0,6.602,50,1
20.0,6.18,33,0
20.0,5.668,55,0
20.0,6.195,36,1
20.0,6.185,25,0
20.0,6.667,25,0
20.0,6.63,25,0
20.0,6.675,83,0
20.0,6.648,54,1
20.0,6.146,41,1
20.0,6.445,61,0
20.0,5.561,43,0
20.0,5.694,26,0
20.0,6.2,25,0
20.0,6.174,30,0
20.0,6.181,27,0
20.0,5.672,58,1
20.0,5.699,47,3
20.0,6.165,25,0
20.0,6.161,32,0
20.0,6.184,32,1
20.0,6.026,36,2
19.0,6.194,35,1
19.0,6.165,27,0
20.0,6.681,31,0
20.0,6.173,34,0
20.0,6.637,31,0
20.0,6.621,38,0
20.0,6.162,35,0
19.0,6.182,30,0
19.0,6.166,45,0
20.0,5.705,39,1
20.0,6.125,31,0
19.0,6.154,43,1
20.0,6.157,30,0
19.0,5.62,26,0
19.0,6.179,25,0
19.0,6.627,34,0
19.0,6.135,40,0
19.0,6.162,25,1
19.0,6.141,30,0
20.0,5.669,40,0
20.0,6.646,27,0
19.0,6.645,29,1
20.0,5.622,31,0
20.0,7.018,35,1
20.0,5.658,45,1
20.0,5.691,44,1
19.0,6.43,41,1
18.0,6.165,33,0
19.0,6.387,64,0
17.0,6.354,67,0
17.0,6.17,31,0
16.0,6.409,43,0
15.0,6.583,51,0
14.0,6.588,51,0
13.0,6.48,51,0
12.0,6.506,59,0
11.0,6.483,69,1
11.0,6.47,80,0
10.0,6.458,89,0
8.0,6.384,89,0
7.0,6.204,51,0
8.0,6.354,27,0
7.0,6.178,74,0
5.0,6.061,81,0
20.0,6.422,78,0
22.0,6.666,27,0
22.0,6.706,61,1
21.0,6.709,25,1
21.0,6.704,52,1
20.0,6.016,31,0
22.0,6.202,63,0
22.0,6.209,26,0
22.0,6.736,25,0
22.0,6.204,32,1
22.0,6.197,32,0
22.0,6.194,30,1
22.0,6.2,33,0
22.0,6.19,60,0
22.0,6.207,49,0
22.0,6.725,30,0
21.0,6.189,28,0
21.0,6.037,32,1
22.0,6.392,37,3
22.0,6.449,49,0
21.0,5.95,67,2
21.0,6.345,101,1
20.0,5.988,53,1
20.0,5.544,50,0
19.0,5.898,52,0
19.0,5.511,32,0
19.0,6.001,133,1
22.0,6.674,72,2
22.0,6.638,26,0
21.0,6.576,31,0
22.0,6.999,27,0
21.0,6.57,34,2
21.0,6.777,25,1
21.0,6.83,28,0
21.0,6.701,58,0
20.0,5.676,40,0
21.0,6.157,45,0
20.0,6.181,49,1
20.0,6.165,43,0
20.0,6.181,30,0
22.0,6.365,25,0
23.0,6.75,32,0
22.0,7.0,109,2
22.0,7.33,36,0
22.0,6.75,35,0
22.0,6.875,25,1
22.0,6.298,30,0
22.0,5.528,40,0
20.0,5.647,25,0
23.0,7.477,41,0
21.0,7.032,29,0
21.0,7.326,36,2
22.0,6.385,27,1
21.0,6.893,30,0
19.0,6.039,66,0
19.0,5.69,29,1
19.0,5.625,32,0
19.0,5.582,36,0
19.0,6.554,35,1
19.0,6.629,26,1
19.0,5.991,26,0
19.0,6.133,40,1
19.0,6.418,85,1
19.0,5.557,27,0
19.0,6.129,56,1
19.0,6.648,35,0
19.0,6.157,46,0
19.0,6.636,42,0
19.0,6.682,37,0
19.0,6.641,29,0
19.0,6.667,28,1
19.0,6.012,53,0
19.0,6.416,53,0
18.0,5.967,49,1
18.0,6.412,46,0
19.0,6.879,32,0
19.0,6.569,34,0
19.0,6.177,40,0
19.0,6.547,25,0
18.0,6.064,38,0
18.0,6.105,44,0
18.0,6.568,52,0
18.0,6.166,50,0
18.0,6.516,49,0
18.0,6.171,75,1
18.0,6.168,90,0
18.0,6.174,53,0
18.0,6.161,81,0
22.0,6.699,97,1
22.0,6.22,38,0
21.0,6.187,64,0
21.0,6.701,49,1
21.0,6.204,184,3
21.0,6.164,28,1
22.0,7.318,34,1
22.0,7.775,25,1
21.0,7.296,32,1
20.0,7.274,25,0
19.0,7.308,53,0
21.0,6.092,28,0
21.0,6.066,33,1
21.0,6.022,33,2
20.0,6.09,25,0
20.0,5.59,30,0
22.0,6.27,25,0
22.0,6.919,28,0
22.0,6.092,31,0
22.0,7.086,25,2
22.0,6.961,29,0
21.0,6.59,42,0
21.0,6.593,40,0
21.0,6.587,36,0
22.0,6.578,26,0
21.0,6.088,39,0
22.0,6.609,46,2
22.0,6.052,49,0
21.0,7.063,27,1
21.0,6.569,32,0
21.0,6.61,26,0
21.0,6.087,30,1
21.0,6.084,32,1
21.0,6.089,36,0
22.0,6.574,29,0
22.0,6.082,44,1
21.0,6.034,25,1
21.0,6.092,27,1
21.0,7.042,28,2
21.0,6.56,29,0
21.0,6.597,37,0
21.0,6.568,36,0
21.0,6.542,38,0
21.0,6.579,33,0
21.0,6.575,38,0
21.0,6.592,27,0
21.0,6.591,44,0
21.0,6.55,32,0
22.0,6.562,29,1
21.0,6.052,26,0
20.0,5.571,48,0
20.0,6.058,25,0
20.0,6.061,38,0
20.0,6.081,46,1
20.0,6.085,51,1
20.0,6.07,53,1
20.0,6.089,65,3
20.0,6.094,72,0
20.0,6.052,65,0
20.0,6.057,32,0
20.0,6.079,41,0
20.0,6.041,85,1
19.0,6.087,72,0
19.0,6.561,27,0
19.0,6.081,73,2
19.0,6.094,32,0
19.0,6.098,26,0
20.0,5.592,189,2
20.0,7.02,25,1
21.0,6.041,30,0
21.0,6.584,30,0
21.0,6.564,26,1
20.0,6.075,27,0
19.0,6.526,47,0
19.0,6.551,50,1
19.0,6.571,49,1
19.0,5.919,65,1
19.0,5.99,48,0
19.0,5.455,57,1
19.0,5.029,35,0
19.0,5.46,72,0
19.0,6.539,32,0
19.0,6.529,36,1
19.0,6.537,32,0
19.0,5.93,60,1
19.0,6.033,43,1
19.0,5.009,28,0
21.0,7.042,31,2
21.0,7.059,59,0
21.0,7.049,44,1
19.0,5.957,36,0
20.0,7.028,27,1
20.0,6.596,33,0
20.0,6.579,45,2
20.0,6.546,64,0
20.0,6.54,58,1
20.0,6.573,36,0
20.0,6.036,99,2
20.0,6.053,42,0
20.0,6.011,27,2
20.0,5.574,99,3
21.0,6.164,30,0
21.0,6.219,30,0
21.0,6.199,122,1
21.0,6.714,46,0
21.0,6.75,60,0
20.0,6.5,26,0
20.0,6.5,27,0
20.0,6.594,128,1
21.0,6.75,81,0
19.0,5.75,32,0
20.0,6.5,28,0
19.0,6.25,51,0
20.0,6.588,125,0
21.0,6.75,80,0
19.0,6.203,38,2
19.0,6.991,175,0
19.0,5.723,174,0
19.0,6.215,72,1
19.0,6.232,80,2
19.0,7.386,91,0
19.0,6.593,66,0
18.0,5.719,128,2
19.0,5.693,89,0
19.0,5.654,178,0
19.0,6.135,128,0
19.0,6.579,107,1
19.0,6.25,35,0
20.0,6.565,63,0
21.0,6.756,61,0
19.0,5.75,28,0
19.0,6.601,32,0
19.0,6.754,27,0
18.0,6.218,57,0
18.0,6.202,53,1
18.0,7.439,128,0
18.0,7.444,71,0
18.0,6.934,85,0
18.0,6.938,176,0
18.0,6.985,53,0
19.0,6.545,27,1
18.0,6.557,74,0
17.0,6.38,40,2
20.0,6.14,47,0
20.0,6.199,42,0
21.0,6.136,29,0
20.0,6.17,37,0
20.0,6.072,26,0
20.0,6.076,26,1
20.0,6.143,71,0
20.0,6.731,48,0
20.0,6.738,30,0
21.0,6.58,31,1
21.0,6.561,31,2
20.0,6.843,27,0
19.0,5.914,46,1
21.0,6.539,37,0
22.0,7.0,32,1
21.0,6.024,31,2
21.0,6.065,32,0
22.0,6.035,40,0
21.0,6.406,27,0
21.0,7.072,40,0
21.0,7.087,25,1
20.0,5.632,33,0
20.0,6.623,38,2
20.0,6.701,27,0
21.0,6.177,47,0
21.0,6.164,50,0
21.0,6.22,64,2
21.0,6.179,68,2
21.0,6.206,101,1
21.0,6.189,46,1
21.0,6.191,141,2
21.0,7.24,31,0
21.0,6.199,39,0
21.0,6.205,50,0
21.0,6.21,65,0
21.0,6.228,49,1
21.0,5.686,28,0
21.0,6.198,123,2
21.0,6.729,57,0
21.0,6.723,34,1
21.0,5.198,98,0
21.0,5.7,58,0
21.0,5.709,31,0
21.0,5.697,67,2
21.0,6.227,60,0
21.0,6.226,30,0
21.0,6.213,44,1
21.0,6.717,25,1
21.0,6.721,30,0
21.0,6.736,29,0
21.0,5.719,41,1
21.0,5.705,76,0
21.0,5.703,67,1
21.0,6.724,26,0
20.0,6.449,26,0
19.0,6.442,26,0
16.0,6.416,30,0
15.0,6.76,29,0
15.0,6.325,27,0
14.0,6.754,27,0
14.0,6.376,34,0
13.0,6.316,28,0
12.0,6.351,39,0
12.0,6.757,25,0
12.0,5.816,26,0
10.0,6.351,33,0
18.0,7.447,26,0
20.0,6.239,26,1
20.0,6.546,36,1
20.0,5.599,42,0
20.0,6.191,32,0
20.0,6.226,28,0
20.0,5.652,26,0
21.0,7.187,29,0
20.0,6.55,50,0
20.0,6.241,27,0
20.0,6.208,30,0
20.0,6.2,30,0
20.0,5.723,206,0
20.0,5.167,29,0
21.0,6.733,26,0
20.0,6.226,118,0
21.0,5.188,27,0
21.0,6.224,51,0
22.0,6.846,34,1
22.0,6.875,39,0
22.0,5.75,116,0
21.0,6.75,42,0
22.0,6.875,46,0
21.0,5.75,69,0
20.0,6.5,26,0
12.0,5.0,29,0
22.0,6.971,66,1
21.0,6.0,25,0
21.0,6.75,34,0
21.0,6.976,62,0
22.0,6.952,29,0
22.0,6.54,25,0
21.0,6.971,77,0
20.0,5.702,102,0
20.0,5.716,75,1
19.0,5.699,27,0
20.0,6.22,45,0
19.0,6.513,32,1
19.0,6.668,30,0
22.0,6.565,37,1
21.0,6.542,35,0
22.0,6.636,31,1
21.0,7.462,77,2
21.0,8.081,69,0
21.0,6.981,34,1
21.0,7.511,85,4
21.0,8.006,70,4
20.0,6.975,34,0
20.0,7.459,57,0
20.0,7.966,37,1
20.0,7.745,25,0
20.0,6.908,27,0
20.0,7.41,39,0
20.0,7.792,29,1
19.0,5.447,40,1
21.0,5.703,28,0
21.0,6.205,43,1
21.0,5.224,31,0
21.0,6.225,33,1
21.0,6.731,32,2
20.0,5.702,29,0
21.0,5.71,68,2
20.0,5.726,110,0
20.0,6.209,47,1
21.0,6.212,59,2
20.0,6.215,29,1
21.0,6.202,68,2
20.0,5.201,44,1
20.0,5.181,110,1
20.0,5.658,25,0
20.0,5.692,34,0
20.0,5.702,82,0
20.0,5.702,131,1
20.0,6.216,116,2
20.0,6.206,96,0
21.0,7.377,26,1
20.0,7.32,60,0
18.0,6.649,40,1
20.0,6.843,38,0
18.0,5.75,25,0
19.0,6.25,45,0
17.0,5.75,35,0
17.0,6.25,29,0
18.0,6.75,29,0
16.0,5.781,32,0
16.0,6.25,36,0
16.0,5.782,38,0
16.0,6.27,31,0
16.0,6.822,27,0
14.0,5.804,43,0
15.0,6.318,34,0
14.0,6.846,28,0
13.0,5.76,41,0
14.0,6.25,29,0
13.0,6.787,37,0
12.0,5.75,43,0
13.0,6.287,42,0
12.0,5.76,54,0
11.0,6.781,29,0
12.0,6.25,26,0
10.0,5.75,59,0
11.0,6.26,25,0
11.0,6.811,33,0
19.0,5.548,107,2
19.0,5.547,91,0
19.0,5.541,50,0
20.0,5.708,207,2
20.0,5.691,74,2
20.0,6.73,39,1
20.0,5.711,32,0
20.0,6.204,28,0
20.0,6.21,25,0
20.0,5.19,46,0
20.0,5.186,226,2
20.0,5.697,89,1
20.0,5.695,85,0
20.0,5.707,136,1
20.0,5.722,212,1
20.0,6.206,119,0
20.0,6.203,59,2
20.0,5.195,40,0
20.0,5.196,34,0
20.0,5.705,49,0
20.0,5.715,40,2
20.0,5.706,58,0
20.0,5.719,61,0
20.0,5.713,45,4
20.0,6.232,36,0
20.0,6.212,37,0
20.0,6.222,36,1
20.0,6.231,40,2
20.0,6.213,58,0
21.0,6.661,72,1
20.0,6.535,27,0
21.0,6.504,25,1
20.0,6.934,25,0
20.0,6.199,42,0
20.0,6.179,37,0
20.0,5.996,25,0
20.0,6.417,30,1
20.0,6.47,34,0
20.0,6.413,39,1
19.0,5.931,25,1
19.0,6.26,38,1
20.0,6.607,40,0
20.0,6.25,27,0
20.0,6.137,52,1
22.0,6.561,31,0
21.0,6.565,57,0
21.0,6.04,32,1
21.0,6.076,30,0
21.0,6.58,31,0
21.0,6.066,35,0
21.0,6.11,28,1
21.0,6.096,73,0
21.0,6.514,35,0
21.0,7.071,27,1
21.0,6.112,25,0
21.0,6.081,36,0
21.0,6.018,44,0
21.0,6.086,25,0
22.0,6.431,47,0
20.0,6.386,25,0
20.0,6.315,29,0
19.0,6.351,30,0
20.0,6.906,26,2
20.0,6.884,27,2
19.0,5.51,29,0
19.0,6.057,25,0
19.0,6.042,34,1
21.0,6.376,28,0
21.0,6.386,25,0
21.0,6.328,34,0
20.0,6.402,44,0
21.0,6.411,25,0
20.0,6.348,34,1
20.0,6.371,32,1
21.0,6.313,51,0
20.0,5.944,38,1
20.0,5.869,64,0
20.0,5.518,29,0
20.0,6.55,30,0
20.0,6.384,64,2
20.0,5.953,32,0
20.0,5.936,57,0
20.0,5.898,53,0
20.0,5.936,27,0
20.0,5.888,79,0
20.0,6.428,29,0
20.0,6.425,40,0
20.0,6.383,40,1
20.0,6.398,61,0
20.0,6.418,69,2
20.0,6.354,42,0
20.0,6.3,33,0
20.0,6.329,74,0
20.0,6.899,33,0
20.0,6.884,25,0
20.0,5.514,27,0
19.0,5.498,45,0
20.0,5.531,75,0
20.0,5.899,27,0
20.0,5.859,35,0
20.0,5.946,51,2
20.0,5.825,43,0
19.0,5.901,27,0
19.0,6.391,29,0
19.0,5.494,44,1
19.0,5.587,231,1
20.0,5.89,27,0
19.0,5.814,30,0
19.0,5.868,39,0
19.0,5.896,65,0
20.0,5.968,55,0
20.0,5.946,33,0
19.0,5.906,101,0
19.0,6.413,47,1
19.0,5.917,28,0
19.0,5.859,52,0
19.0,6.433,58,0
19.0,6.476,25,0
19.0,6.501,30,0
18.0,5.924,27,0
18.0,5.91,54,0
18.0,5.854,27,0
18.0,5.466,29,0
19.0,5.542,33,1
21.0,6.75,38,1
21.0,6.948,58,0
21.0,5.418,25,0
20.0,6.924,53,0
19.0,6.591,28,0
20.0,7.06,31,0
19.0,7.165,27,0
17.0,6.046,31,0
20.0,6.015,37,0
20.0,6.744,27,1
20.0,5.189,95,0
20.0,5.728,42,0
20.0,5.692,91,1
20.0,6.21,28,0
20.0,5.684,28,1
20.0,6.207,40,2
20.0,6.219,27,0
19.0,6.008,25,0
20.0,6.805,25,0
21.0,6.25,88,0
20.0,6.25,30,0
20.0,5.86,50,0
19.0,5.5,28,0
19.0,5.5,110,1
18.0,5.5,147,0
17.0,5.5,61,0
16.0,5.75,110,0
19.0,6.004,43,0
19.0,6.131,43,0
19.0,6.125,43,1
19.0,5.661,49,1
19.0,6.703,29,0
19.0,5.971,42,0
19.0,6.222,38,0
19.0,6.187,28,0
19.0,6.198,26,0
19.0,6.148,28,1
19.0,6.459,57,0
19.0,6.217,112,1
19.0,6.185,46,0
19.0,6.175,42,0
19.0,6.185,58,0
19.0,6.173,36,0
19.0,6.21,37,0
19.0,6.182,54,0
19.0,5.577,37,0
19.0,5.649,66,0
19.0,5.716,30,0
19.0,6.076,31,0
19.0,6.464,27,0
19.0,5.398,29,0
19.0,5.934,31,0
19.0,5.997,40,0
19.0,5.97,40,0
20.0,6.631,43,1
20.0,6.935,67,1
20.0,6.877,29,0
20.0,6.0,32,1
19.0,5.878,28,0
19.0,6.615,28,0
20.0,6.919,36,1
16.0,8.135,43,0
16.0,7.847,41,1
16.0,7.378,25,2
17.0,8.225,67,0
17.0,7.851,26,0
19.0,7.75,26,2
19.0,7.329,34,0
19.0,8.25,48,0
20.0,7.293,30,2
20.0,7.813,30,2
20.0,8.163,29,0
19.0,5.706,29,0
19.0,5.707,27,0
19.0,5.578,67,0
21.0,6.085,39,0
20.0,6.573,25,0
20.0,6.551,37,0
20.0,6.553,44,0
20.0,6.578,60,1
20.0,6.575,76,1
20.0,6.58,98,2
20.0,6.587,93,0
20.0,6.577,117,0
20.0,6.584,88,4
20.0,6.589,55,0
20.0,6.587,35,2
20.0,6.089,186,1
20.0,6.573,60,1
20.0,6.048,33,0
20.0,6.446,149,1
20.0,6.1,83,1
19.0,6.393,42,0
20.0,6.084,25,0
19.0,5.889,28,0
19.0,6.565,33,0
19.0,6.563,26,0
20.0,6.088,29,1
19.0,6.561,25,0
20.0,6.071,45,1
20.0,6.084,40,1
19.0,6.106,42,0
19.0,6.091,34,0
19.0,6.064,27,0
20.0,6.575,26,0
20.0,6.575,26,0
19.0,6.083,35,0
19.0,6.567,39,0
19.0,6.422,27,1
20.0,6.605,53,0
19.0,6.538,30,1
19.0,6.564,33,0
19.0,6.097,43,0
19.0,6.579,27,0
19.0,6.1,46,0
19.0,6.648,33,0
18.0,6.135,81,0
18.0,6.085,77,2
18.0,6.113,26,0
18.0,6.108,50,0
18.0,6.107,47,0
18.0,5.611,71,0
18.0,6.139,64,2
18.0,6.138,72,1
18.0,6.115,73,1
18.0,6.126,58,1
18.0,6.124,57,0
18.0,6.101,48,1
18.0,6.58,46,0
18.0,6.573,55,0
18.0,6.562,37,0
19.0,6.57,39,0
19.0,6.573,31,0
18.0,6.651,43,0
18.0,5.66,206,0
19.0,6.62,33,1
18.0,5.674,40,0
19.0,5.671,27,0
18.0,5.676,48,2
18.0,5.649,52,0
18.0,6.511,38,1
18.0,6.553,51,1
18.0,6.183,28,0
18.0,6.188,31,0
18.0,6.175,37,0
18.0,6.168,46,0
18.0,6.659,34,0
18.0,6.636,44,0
18.0,6.665,29,0
18.0,6.14,44,0
18.0,6.16,31,0
18.0,6.649,58,1
18.0,6.637,83,1
18.0,6.631,61,1
18.0,6.029,69,1
18.0,6.63,30,1
18.0,6.632,27,3
18.0,6.181,32,1
18.0,6.162,48,0
18.0,6.615,38,1
18.0,5.982,45,1
18.0,6.438,48,0
18.0,6.612,43,0
18.0,6.386,50,0
18.0,6.94,54,0
18.0,6.159,29,0
18.0,6.135,33,0
18.0,6.645,25,0
18.0,6.139,38,0
18.0,6.603,35,1
18.0,6.111,29,0
18.0,6.171,53,0
18.0,6.179,35,1
17.0,6.425,49,1
18.0,6.607,30,1
17.0,6.157,31,0
18.0,6.032,41,0
18.0,6.661,27,0
17.0,6.155,43,0
18.0,6.076,45,1
18.0,6.66,25,0
18.0,6.643,32,0
18.0,6.652,34,0
17.0,6.559,37,2
17.0,6.203,32,0
18.0,6.636,41,0
18.0,6.078,39,3
17.0,6.667,26,2
17.0,6.684,32,0
18.0,6.194,36,0
18.0,6.156,40,0
17.0,6.658,35,1
18.0,6.67,28,0
18.0,6.608,30,0
17.0,6.671,35,0
17.0,6.157,28,0
17.0,6.177,50,0
18.0,6.091,41,0
17.0,6.149,59,1
17.0,6.18,42,0
17.0,6.164,27,1
17.0,6.471,54,0
17.0,6.168,44,0
17.0,6.022,27,0
18.0,6.007,44,0
17.0,6.055,35,0
17.0,6.155,32,0
18.0,6.033,34,1
17.0,6.586,32,3
17.0,6.031,30,1
17.0,6.154,47,0
17.0,6.665,28,0
17.0,6.157,45,2
18.0,7.035,27,0
18.0,6.975,42,2
17.0,6.165,25,0
17.0,6.172,42,0
17.0,6.617,30,1
17.0,6.196,25,0
17.0,6.141,36,0
17.0,6.048,29,0
17.0,6.986,40,1
17.0,6.618,38,1
17.0,6.437,44,0
17.0,6.192,26,0
17.0,6.109,41,0
17.0,6.15,59,0
17.0,6.651,46,0
17.0,6.61,26,0
17.0,6.636,38,0
17.0,6.646,51,0
17.0,6.59,36,0
17.0,6.668,37,0
17.0,6.157,43,0
17.0,6.05,56,1
17.0,6.621,45,0
17.0,6.148,46,2
17.0,6.081,36,0
17.0,6.163,35,0
17.0,6.62,27,0
17.0,6.653,26,0
17.0,6.652,33,0
17.0,6.632,38,1
17.0,6.172,58,1
17.0,6.165,28,0
17.0,6.141,36,1
17.0,6.153,43,0
18.0,5.577,29,1
17.0,6.192,96,0
17.0,6.184,25,0
17.0,6.188,121,2
17.0,6.055,27,0
17.0,6.63,37,1
17.0,6.487,44,1
17.0,6.109,64,1
17.0,6.132,49,0
17.0,6.161,33,0
17.0,6.163,33,0
17.0,6.621,33,0
17.0,6.642,29,0
17.0,6.595,47,0
17.0,6.601,32,0
17.0,6.646,40,2
17.0,6.041,26,1
17.0,6.11,42,1
17.0,6.637,28,0
17.0,6.132,27,0
17.0,6.615,25,0
17.0,6.639,29,1
17.0,5.939,29,0
17.0,6.619,26,2
17.0,6.087,44,0
17.0,6.011,27,1
17.0,6.053,32,0
17.0,6.158,45,1
17.0,6.111,36,1
17.0,6.459,39,1
17.0,6.649,33,1
17.0,6.649,37,0
17.0,6.655,47,2
17.0,6.647,54,1
17.0,6.649,40,1
17.0,6.606,47,0
17.0,6.933,31,1
17.0,5.655,148,1
17.0,6.643,31,1
17.0,6.666,35,1
17.0,6.14,52,2
17.0,6.132,46,1
17.0,6.14,33,0
17.0,6.152,57,0
17.0,6.152,54,0
17.0,6.151,41,0
17.0,6.033,48,0
17.0,6.135,25,1
17.0,6.14,68,1
17.0,6.108,27,1
17.0,6.634,44,1
17.0,6.633,32,0
17.0,6.638,33,0
17.0,6.613,44,1
17.0,6.635,26,1
17.0,6.481,53,0
17.0,6.608,39,1
17.0,6.171,34,2
17.0,6.64,35,1
17.0,6.635,26,1
17.0,6.187,38,0
17.0,6.628,27,1
17.0,6.166,34,0
16.0,6.142,59,1
17.0,6.625,27,0
16.0,6.026,45,0
17.0,6.143,44,0
16.0,6.106,53,0
16.0,6.16,37,0
17.0,6.133,48,1
16.0,6.137,26,0
16.0,6.056,41,0
16.0,6.479,73,1
17.0,6.938,75,1
16.0,6.639,54,0
17.0,6.655,26,0
17.0,6.642,30,0
16.0,6.67,56,1
16.0,6.146,54,1
16.0,6.127,68,2
16.0,6.13,67,0
16.0,6.134,124,0
16.0,6.141,122,0
16.0,6.144,78,0
16.0,6.126,46,1
16.0,6.618,87,2
16.0,6.645,70,1
16.0,6.607,57,0
16.0,6.639,43,0
16.0,6.63,72,1
16.0,6.607,84,2
16.0,6.635,94,2
16.0,6.628,82,0
16.0,6.641,34,2
20.0,6.726,56,1
19.0,6.577,30,0
18.0,7.051,42,0
17.0,5.947,35,0
17.0,6.434,26,2
15.0,6.426,37,0
17.0,6.531,52,1
18.0,6.529,29,0
18.0,5.922,32,0
18.0,5.991,51,1
18.0,6.658,28,1
19.0,5.466,45,0
19.0,5.461,34,0
18.0,5.968,28,0
18.0,5.964,34,1
18.0,5.979,33,1
18.0,5.992,68,1
19.0,5.979,40,1
19.0,5.957,41,0
19.0,5.948,36,3
19.0,5.969,26,0
20.0,5.945,51,2
18.0,6.597,33,0
19.0,6.521,32,0
18.0,6.47,39,2
19.0,6.46,51,0
18.0,6.995,28,0
19.0,4.948,29,0
19.0,5.471,35,0
19.0,7.036,25,1
17.0,6.412,26,2
17.0,5.959,50,1
18.0,5.975,43,0
18.0,6.46,31,1
17.0,6.488,52,2
17.0,6.446,36,1
17.0,6.972,33,1
18.0,6.918,34,1
18.0,6.941,49,1
18.0,6.91,38,1
17.0,6.575,34,0
17.0,6.411,32,1
17.0,7.127,30,1
17.0,6.059,69,0
17.0,6.566,50,0
17.0,6.543,34,1
17.0,6.465,28,0
17.0,6.536,25,0
16.0,6.002,31,0
16.0,6.555,28,0
19.0,5.985,32,1
19.0,6.024,28,0
18.0,5.687,45,0
18.0,6.152,49,1
18.0,6.177,33,0
18.0,6.174,68,0
18.0,6.146,28,1
18.0,6.658,60,0
17.0,6.114,78,2
17.0,6.142,35,0
17.0,6.65,63,0
18.0,6.037,40,2
17.0,6.097,35,0
19.0,6.145,71,1
19.0,5.75,97,1
18.0,5.75,26,0
17.0,5.75,41,0
18.0,5.75,35,0
17.0,5.75,116,0
15.0,6.25,35,0
15.0,6.25,77,0
16.0,6.6,30,2
16.0,6.164,38,1
16.0,6.154,32,0
17.0,6.654,30,0
16.0,6.577,31,0
16.0,6.168,40,0
16.0,6.155,39,0
16.0,6.123,29,0
16.0,6.182,29,0
16.0,6.133,25,0
16.0,6.646,25,0
16.0,6.119,32,0
16.0,6.026,30,1
16.0,6.437,34,0
16.0,6.133,27,0
16.0,6.157,53,0
16.0,6.158,47,0
16.0,6.152,47,0
16.0,6.617,35,0
16.0,6.621,31,0
16.0,6.612,39,0
16.0,6.617,34,0
16.0,6.629,32,2
16.0,6.673,31,2
16.0,6.19,34,0
16.0,6.453,69,2
16.0,6.681,49,0
16.0,6.634,44,0
16.0,6.121,30,0
16.0,6.16,43,0
15.0,6.143,37,0
16.0,6.182,32,0
16.0,6.134,52,0
16.0,6.594,46,0
16.0,6.637,32,2
16.0,6.015,44,0
16.0,6.17,47,1
16.0,6.164,56,1
15.0,6.426,43,1
16.0,6.144,43,0
16.0,6.602,49,0
16.0,6.144,47,0
15.0,6.622,41,1
15.0,6.149,40,1
15.0,6.153,32,0
16.0,6.138,56,2
16.0,6.144,43,0
16.0,6.136,42,0
16.0,6.657,34,0
16.0,6.62,48,1
15.0,6.163,41,0
16.0,6.622,44,2
16.0,6.64,28,1
16.0,7.083,26,1
15.0,6.163,50,0
15.0,6.647,32,0
15.0,6.58,53,3
15.0,6.633,39,0
16.0,6.153,44,0
15.0,6.655,34,1
16.0,6.633,45,0
16.0,6.865,91,0
15.0,6.657,31,0
15.0,6.597,30,1
15.0,6.643,34,0
15.0,6.632,38,1
15.0,6.608,35,0
15.0,6.105,47,2
20.0,6.19,30,0
18.0,6.19,26,0
17.0,6.19,26,0
19.0,7.384,30,0
19.0,7.75,29,0
19.0,6.958,31,0
19.0,7.336,29,0
18.0,6.93,43,1
18.0,7.372,46,1
18.0,7.849,29,1
19.0,5.115,32,0
19.0,5.73,27,1
19.0,6.452,41,0
19.0,6.491,45,1
19.0,6.409,48,0
19.0,6.556,28,2
19.0,6.539,29,0
19.0,6.131,26,0
20.0,6.964,29,0
20.0,6.002,33,1
20.0,5.29,32,0
19.0,5.5,28,0
19.0,6.125,27,0
20.0,6.879,29,0
19.0,6.619,25,1
19.0,6.457,25,2
19.0,6.447,26,0
19.0,6.429,28,0
19.0,6.489,25,0
19.0,5.933,38,0
19.0,6.269,27,0
19.0,5.99,32,1
19.0,5.982,40,0
19.0,6.44,28,2
18.0,6.461,31,1
18.0,6.87,26,0
18.0,6.867,25,1
20.0,6.455,28,0
19.0,6.827,27,1
20.0,6.171,59,2
20.0,6.638,42,1
19.0,6.25,31,0
20.0,6.493,29,0
20.0,5.5,72,0
21.0,5.75,28,0
19.0,6.25,68,0
18.0,6.405,27,0
18.0,5.25,60,0
17.0,6.5,29,0
18.0,6.25,47,0
18.0,6.011,34,0
17.0,5.997,26,0
17.0,6.542,30,1
17.0,6.504,25,0
18.0,6.005,83,0
18.0,6.346,28,0
18.0,6.898,28,1
18.0,7.307,59,2
19.0,7.778,40,2
17.0,6.373,31,0
17.0,7.373,29,3
17.0,7.785,40,1
16.0,6.427,27,0
19.0,5.348,30,1
21.0,7.763,32,1
20.0,6.931,62,0
20.0,7.294,119,6
19.0,7.796,34,3
20.0,7.762,33,2
19.0,5.514,52,2
19.0,6.418,61,0
19.0,5.902,77,1
19.0,5.46,51,1
17.0,6.998,30,0
17.0,6.939,48,1
17.0,6.921,55,0
17.0,6.981,37,0
17.0,6.49,27,0
17.0,6.507,64,2
17.0,6.491,49,1
17.0,6.485,57,1
17.0,5.985,66,1
18.0,5.987,63,0
18.0,7.037,30,0
18.0,7.026,48,1
18.0,6.515,27,1
18.0,6.534,27,2
18.0,6.572,43,2
18.0,6.536,26,1
18.0,5.991,54,1
18.0,6.06,27,0
18.0,6.536,32,1
18.0,6.544,50,3
18.0,6.53,29,1
18.0,5.916,50,0
18.0,5.995,47,1
18.0,5.49,38,2
9.0,6.004,87,2
16.0,6.435,32,1
16.0,6.511,34,0
15.0,6.535,38,2
15.0,6.552,32,0
15.0,6.95,25,0
15.0,6.509,51,2
15.0,6.511,28,3
16.0,6.458,31,2
18.0,5.726,38,0
18.0,6.697,53,2
19.0,5.419,91,1
19.0,5.813,114,0
18.0,6.377,96,1
19.0,5.544,32,0
18.0,6.48,106,3
19.0,6.478,26,0
19.0,6.866,40,0
19.0,6.466,25,0
18.0,5.52,27,0
18.0,6.586,126,3
17.0,7.0,38,0
18.0,5.75,126,2
17.0,6.566,80,0
17.0,6.885,77,0
17.0,6.546,31,0
17.0,6.929,34,0
17.0,5.56,27,0
17.0,5.9,29,0
17.0,6.582,184,0
17.0,6.899,62,0
17.0,5.75,42,0
17.0,5.875,37,0
17.0,5.875,26,0
17.0,6.75,26,0
17.0,6.982,25,0
17.0,7.125,30,0
17.0,6.0,27,1
16.0,5.0,29,0
17.0,5.75,152,0
19.0,6.607,42,0
19.0,6.946,56,1
19.0,7.012,27,0
18.0,7.001,56,0
18.0,5.976,44,0
17.0,6.663,35,2
17.0,6.054,32,0
18.0,6.102,64,0
18.0,6.107,29,0
18.0,6.148,35,0
18.0,6.115,33,0
18.0,6.146,35,0
17.0,6.671,30,2
17.0,6.677,31,0
17.0,6.158,29,0
18.0,5.987,35,0
17.0,6.192,236,5
17.0,6.157,38,0
17.0,6.18,35,1
17.0,6.159,39,0
17.0,6.162,32,0
17.0,6.192,48,0
18.0,6.102,41,1
18.0,6.182,127,1
18.0,5.712,109,0
18.0,6.554,38,0
18.0,6.065,52,0
18.0,6.194,215,2
18.0,6.111,32,0
18.0,6.148,36,0
18.0,6.164,28,0
18.0,6.144,29,1
18.0,6.174,35,0
18.0,6.597,39,0
18.0,6.228,34,0
18.0,6.661,28,0
18.0,6.102,65,1
18.0,6.163,45,2
18.0,6.14,59,0
18.0,6.17,41,0
18.0,6.152,44,0
19.0,6.14,61,0
18.0,6.142,47,0
18.0,5.621,36,0
17.0,6.446,29,0
18.0,6.424,26,0
18.0,6.029,45,0
18.0,6.069,60,0
18.0,6.35,78,0
17.0,6.01,39,0
17.0,6.005,75,0
17.0,6.411,77,2
16.0,6.038,40,0
16.0,6.422,93,2
15.0,6.037,56,0
15.0,6.425,96,0
15.0,6.926,39,1
17.0,7.75,25,0
18.0,7.294,32,1
18.0,7.814,40,1
17.0,7.776,29,2
16.0,7.357,28,0
16.0,7.81,37,1
20.0,7.761,31,1
18.0,6.184,121,0
18.0,6.701,34,1
18.0,6.685,65,2
18.0,6.213,39,1
18.0,6.189,47,0
18.0,6.194,49,1
18.0,6.181,80,1
17.0,6.54,39,0
18.0,6.09,31,0
18.0,5.59,39,0
19.0,7.108,25,0
18.0,6.487,25,0
17.0,7.015,38,3
18.0,6.091,51,0
18.0,6.533,52,1
18.0,6.556,30,1
18.0,6.501,29,1
18.0,7.038,34,0
18.0,6.982,31,1
18.0,6.437,31,0
17.0,6.356,25,0
15.0,6.373,25,0
17.0,5.706,35,0
17.0,5.685,70,1
17.0,6.177,60,0
17.0,6.215,51,0
17.0,6.169,68,1
17.0,6.166,62,2
17.0,6.18,57,4
17.0,6.191,124,1
17.0,6.169,59,1
17.0,6.686,30,0
18.0,6.7,56,2
18.0,6.074,35,1
17.0,6.607,31,1
17.0,6.59,31,1
17.0,6.046,43,0
17.0,5.506,28,0
17.0,5.999,34,0
16.0,5.961,27,0
18.0,5.48,193,2
18.0,5.856,50,0
18.0,5.922,61,1
19.0,5.898,28,0
18.0,5.92,79,0
18.0,5.959,83,1
18.0,5.95,88,0
18.0,5.96,32,1
19.0,5.977,27,0
18.0,5.954,74,0
18.0,6.321,38,1
18.0,6.339,32,0
18.0,6.362,29,1
18.0,6.352,25,0
18.0,6.5,125,1
18.0,5.941,31,0
18.0,6.503,47,0
18.0,6.996,42,1
18.0,5.593,40,0
18.0,5.934,28,0
18.0,6.078,68,1
18.0,6.469,25,0
18.0,6.394,26,0
18.0,6.456,36,0
18.0,6.442,44,1
18.0,6.447,44,0
18.0,6.552,37,0
17.0,6.386,26,0
17.0,6.433,55,1
18.0,6.87,48,0
17.0,5.851,41,0
17.0,5.93,58,0
17.0,5.939,36,1
17.0,5.928,72,0
17.0,5.944,58,0
18.0,5.962,32,0
18.0,5.903,32,0
17.0,5.978,232,3
17.0,6.444,28,0
17.0,6.371,70,0
17.0,6.415,33,0
17.0,6.37,41,0
17.0,6.438,51,0
17.0,6.452,54,1
17.0,6.421,56,1
17.0,6.422,43,1
17.0,6.421,30,1
17.0,6.467,225,0
17.0,6.937,26,0
17.0,6.931,27,0
17.0,6.875,119,1
17.0,5.487,31,0
17.0,5.495,38,0
17.0,5.414,33,0
17.0,5.481,152,2
17.0,5.985,100,0
17.0,6.426,26,0
17.0,6.439,74,0
17.0,6.907,33,0
17.0,6.397,33,0
16.0,6.496,28,0
16.0,6.434,27,1
16.0,6.44,61,0
16.0,5.472,47,0
16.0,5.954,37,0
17.0,5.959,37,1
17.0,5.92,37,0
17.0,5.973,36,0
17.0,5.989,25,0
16.0,5.941,136,0
16.0,6.393,28,0
17.0,6.398,27,0
16.0,6.474,62,0
16.0,6.016,37,0
16.0,6.44,58,0
16.0,6.849,25,0
16.0,6.409,25,0
16.0,6.433,37,1
16.0,6.451,29,1
16.0,5.468,45,0
16.0,5.957,34,0
16.0,5.921,38,0
17.0,5.967,41,0
16.0,5.933,65,1
16.0,6.508,37,0
16.0,6.496,32,0
16.0,6.441,26,0
16.0,6.43,29,0
16.0,6.505,31,0
16.0,6.499,30,1
16.0,6.454,49,1
16.0,6.908,30,0
16.0,6.535,25,1
16.0,6.549,28,0
15.0,6.428,55,1
15.0,6.886,31,0
15.0,5.544,29,1
16.0,5.956,25,1
16.0,5.935,73,0
15.0,6.504,28,1
15.0,6.52,25,1
15.0,6.47,46,2
18.0,6.059,26,0
18.0,5.614,44,1
18.0,6.113,108,1
19.0,6.591,33,1
18.0,6.164,29,0
18.0,6.143,47,0
18.0,6.608,29,0
18.0,5.696,50,0
18.0,6.053,27,0
18.0,6.628,37,0
19.0,6.09,76,0
19.0,6.538,26,1
18.0,6.139,33,2
18.0,6.61,40,0
18.0,6.159,32,0
18.0,5.66,40,1
18.0,6.12,25,0
18.0,5.647,130,0
17.0,6.567,61,3
17.0,6.556,29,0
19.0,5.5,53,0
19.0,6.125,64,1
18.0,6.984,72,2
18.0,6.32,25,0
18.0,5.987,35,0
18.0,5.331,39,0
18.0,5.5,34,0
18.0,6.125,48,0
17.0,6.995,62,0
18.0,6.076,25,0
18.0,6.655,28,1
17.0,5.847,29,1
17.0,6.56,26,0
16.0,7.059,31,0
16.0,6.689,29,0
16.0,6.192,60,0
16.0,6.593,91,0
17.0,6.676,27,0
16.0,6.655,33,0
16.0,6.668,40,0
16.0,6.146,26,0
16.0,6.098,63,0
16.0,6.176,143,1
17.0,6.194,53,2
17.0,7.035,39,1
17.0,6.537,76,0
17.0,6.008,30,0
17.0,7.145,25,0
17.0,6.509,104,0
17.0,6.511,28,1
17.0,6.174,92,0
17.0,6.156,28,0
17.0,6.194,28,1
17.0,6.107,36,0
17.0,6.111,38,1
17.0,7.085,41,0
18.0,6.457,39,0
17.0,6.641,37,0
17.0,6.176,67,1
17.0,6.481,116,0
17.0,6.719,26,1
17.0,5.701,44,0
17.0,5.691,32,1
17.0,6.706,25,1
18.0,6.714,28,0
17.0,5.676,32,0
17.0,5.693,41,1
17.0,5.681,37,0
17.0,6.188,30,0
17.0,6.201,50,0
17.0,6.199,26,0
17.0,6.178,32,0
17.0,6.122,26,0
17.0,6.726,33,0
17.0,5.69,53,2
17.0,6.174,26,0
17.0,6.026,37,1
18.0,7.597,46,0
17.0,7.037,36,0
17.0,6.098,56,0
17.0,6.073,51,0
17.0,6.594,34,0
16.0,6.09,39,1
16.0,6.628,53,1
15.0,6.595,33,0
15.0,6.616,43,0
15.0,6.615,30,2
15.0,6.594,30,1
15.0,6.588,94,1
15.0,6.134,28,0
15.0,6.11,32,0
15.0,6.595,30,1
16.0,5.968,43,0
16.0,6.533,25,1
16.0,6.47,26,0
16.0,6.497,26,0
16.0,6.932,27,0
16.0,6.942,34,1
9.0,5.953,44,0
15.0,7.428,29,1
14.0,6.51,26,0
14.0,6.501,32,0
14.0,6.47,55,1
14.0,6.448,51,0
14.0,6.032,41,2
14.0,5.993,37,1
9.0,6.516,29,0
14.0,7.404,29,0
17.0,6.152,59,0
17.0,6.492,53,0
17.0,6.506,40,1
16.0,6.581,26,1
17.0,6.38,25,1
16.0,6.383,32,1
15.0,6.382,37,0
11.0,4.875,82,0
10.0,4.926,27,0
16.0,6.094,33,0
17.0,6.705,25,0
17.0,6.012,43,0
17.0,6.144,35,0
18.0,6.364,30,1
16.0,6.378,31,0
14.0,5.79,30,0
17.0,6.157,33,0
17.0,6.193,29,0
17.0,6.108,26,0
17.0,5.675,28,0
17.0,6.193,38,0
17.0,6.168,98,2
15.0,6.519,30,1
15.0,6.51,33,0
15.0,6.545,28,0
14.0,6.013,26,0
14.0,6.521,36,0
15.0,6.521,50,0
15.0,7.406,30,2
16.0,6.513,39,0
16.0,6.529,52,2
15.0,6.526,56,1
15.0,5.966,32,1
16.0,5.984,45,0
16.0,5.981,30,0
17.0,5.924,34,1
15.0,6.451,29,1
16.0,5.951,25,1
16.0,6.037,26,0
17.0,5.949,44,2
17.0,5.965,35,1
17.0,5.973,36,1
16.0,6.506,41,0
17.0,6.432,31,1
16.0,6.527,63,1
16.0,6.541,25,0
16.0,6.566,40,0
16.0,6.542,43,1
15.0,6.838,47,0
16.0,6.476,25,0
17.0,6.414,30,1
15.0,5.973,69,1
18.0,7.512,29,0
18.0,6.163,54,0
18.0,6.189,36,0
18.0,6.529,152,0
18.0,7.484,33,0
17.0,5.75,44,0
17.0,6.648,32,0
17.0,6.119,52,1
17.0,6.051,54,2
17.0,6.615,25,1
17.0,6.033,48,1
17.0,6.553,43,0
17.0,6.981,89,1
17.0,5.75,33,1
17.0,7.462,101,0
17.0,6.095,40,0
17.0,6.367,65,0
17.0,6.384,60,0
16.0,5.75,25,0
16.0,6.21,26,3
16.0,6.19,27,0
16.0,7.384,70,1
16.0,6.992,28,0
16.0,6.97,77,0
16.0,7.417,45,0
16.0,6.983,42,0
16.0,7.408,43,0
16.0,6.111,42,0
16.0,6.559,78,0
15.0,6.119,29,0
15.0,7.345,97,1
15.0,7.309,29,0
15.0,6.936,52,0
15.0,6.503,76,0
15.0,6.515,60,1
14.0,6.652,27,1
15.0,6.532,35,1
15.0,7.323,35,1
12.0,6.47,32,0
2.0,5.551,31,0
15.0,6.434,34,0
17.0,6.342,27,0
17.0,6.971,44,0
17.0,5.875,28,0
18.0,6.125,26,0
18.0,6.46,28,0
18.0,5.25,55,0
17.0,5.5,45,1
17.0,6.625,41,0
17.0,6.75,32,0
17.0,5.5,32,0
16.0,6.625,29,0
17.0,6.563,30,0
17.0,6.483,32,0
16.0,5.5,26,0
16.0,5.5,94,0
16.0,6.75,28,0
16.0,6.705,33,1
15.0,6.75,31,0
14.0,7.474,32,0
15.0,7.453,26,1
17.0,6.968,34,0
17.0,6.489,56,3
17.0,7.044,36,0
17.0,5.959,28,0
17.0,6.517,55,0
17.0,6.417,43,0
16.0,5.976,26,1
16.0,6.503,35,0
16.0,6.429,38,1
17.0,6.347,81,0
15.0,6.54,35,0
16.0,6.444,26,1
16.0,6.425,32,0
18.0,7.293,25,1
17.0,6.538,29,0
17.0,6.562,37,0
18.0,6.103,102,1
17.0,6.076,54,0
17.0,6.162,33,0
17.0,6.156,44,0
17.0,6.134,27,0
17.0,6.101,27,0
17.0,6.589,32,1
17.0,6.568,35,0
17.0,6.084,26,0
17.0,6.577,41,0
17.0,6.119,38,0
17.0,6.563,44,0
17.0,6.573,47,1
17.0,6.051,86,0
17.0,6.421,35,0
18.0,5.667,37,0
17.0,5.996,50,0
17.0,6.118,57,0
17.0,6.133,59,0
16.0,6.542,36,0
17.0,6.538,38,0
16.0,6.554,34,0
17.0,6.529,40,0
17.0,6.235,76,1
17.0,6.644,34,0
17.0,6.162,59,1
17.0,6.138,54,0
17.0,6.127,63,0
17.0,6.161,63,0
17.0,6.139,49,0
17.0,6.137,60,0
17.0,6.046,100,0
17.0,6.56,35,1
17.0,6.084,49,0
17.0,6.563,38,2
16.0,6.128,25,1
17.0,6.139,35,0
16.0,6.536,35,1
16.0,6.567,39,0
17.0,6.133,73,1
16.0,6.526,59,2
16.0,6.559,74,3
16.0,6.517,37,0
16.0,6.547,81,1
16.0,6.55,25,1
17.0,6.235,104,0
17.0,6.166,40,0
16.0,6.538,27,0
16.0,6.147,51,1
16.0,6.122,65,0
16.0,6.192,34,1
16.0,6.129,47,0
16.0,6.543,33,0
16.0,6.132,46,0
16.0,6.174,62,1
16.0,6.55,38,0
16.0,6.154,54,2
16.0,6.553,33,0
16.0,6.126,179,2
17.0,6.067,25,0
16.0,6.551,39,1
16.0,6.543,53,0
16.0,6.58,67,1
16.0,6.61,50,1
16.0,6.04,42,0
15.0,6.175,57,0
15.0,6.176,63,0
15.0,6.558,29,2
16.0,6.15,35,0
15.0,6.56,41,1
15.0,6.145,35,0
15.0,6.582,26,0
15.0,6.581,27,0
15.0,6.209,31,0
15.0,6.562,26,0
15.0,6.198,30,1
15.0,6.589,50,1
15.0,6.198,57,0
15.0,6.593,28,0
15.0,6.183,261,1
15.0,6.549,63,1
15.0,6.179,26,0
15.0,6.492,56,0
15.0,7.067,25,0
15.0,6.153,45,0
15.0,6.045,103,1
15.0,6.237,95,0
16.0,7.11,26,1
15.0,6.466,38,0
15.0,6.494,43,0
16.0,6.937,31,0
15.0,6.55,47,2
15.0,6.486,37,0
15.0,6.516,36,0
15.0,6.55,34,0
15.0,6.53,40,0
15.0,6.507,34,0
15.0,6.496,31,0
15.0,6.951,25,2
15.0,6.502,54,1
15.0,6.566,51,0
15.0,6.524,54,1
15.0,6.503,30,0
15.0,6.537,54,1
15.0,6.525,31,1
15.0,6.498,61,1
15.0,6.17,54,0
15.0,6.164,76,1
15.0,6.521,37,0
15.0,6.531,32,1
15.0,6.556,31,0
15.0,6.47,27,0
15.0,6.625,69,0
13.0,6.549,28,1
16.0,6.563,87,0
17.0,6.894,39,0
16.0,5.906,30,0
17.0,6.514,52,0
16.0,6.957,119,2
15.0,5.0,30,0
15.0,5.75,36,0
15.0,5.75,57,0
15.0,6.439,81,0
17.0,7.006,32,1
17.0,7.395,48,2
17.0,8.015,36,1
16.0,6.994,27,0
16.0,7.385,41,2
16.0,7.894,46,1
17.0,6.037,29,1
17.0,6.634,65,0
16.0,6.133,58,0
16.0,6.068,71,0
16.0,6.147,71,0
15.0,6.389,29,0
16.0,5.996,33,0
15.0,6.124,27,1
15.0,6.146,33,0
16.0,6.132,29,0
15.0,6.634,27,0
15.0,6.642,45,2
15.0,6.159,26,1
15.0,6.641,38,1
15.0,6.128,46,0
16.0,6.625,39,1
15.0,6.111,31,1
15.0,6.656,35,1
15.0,6.14,56,0
15.0,6.612,29,0
15.0,6.655,40,2
15.0,6.102,43,3
15.0,6.178,37,0
15.0,6.673,34,0
15.0,6.62,30,2
15.0,6.15,44,1
15.0,5.998,38,0
15.0,6.468,60,0
15.0,6.625,26,0
15.0,6.165,31,0
15.0,6.173,29,0
15.0,6.656,28,0
16.0,6.652,30,1
15.0,6.196,37,2
15.0,6.16,41,0
15.0,6.124,25,0
15.0,6.497,64,0
15.0,6.622,27,0
14.0,6.06,43,0
14.0,6.46,50,0
14.0,6.449,26,1
14.0,6.461,42,0
15.0,6.6,30,0
15.0,6.121,27,0
15.0,6.158,44,0
14.0,6.122,40,0
14.0,6.143,39,0
15.0,6.187,26,0
15.0,6.148,26,1
15.0,6.167,115,0
15.0,6.18,36,0
15.0,6.142,33,0
15.0,6.149,54,1
15.0,6.146,51,1
15.0,6.174,34,1
15.0,6.118,54,1
15.0,6.161,31,0
15.0,6.181,45,0
15.0,6.14,46,0
15.0,6.62,26,1
14.0,6.612,48,0
15.0,6.586,27,1
15.0,6.642,30,0
15.0,6.631,42,0
15.0,6.606,26,0
15.0,6.59,25,0
14.0,6.618,25,1
15.0,6.636,71,3
15.0,6.599,35,1
15.0,6.606,33,1
15.0,6.644,49,3
15.0,6.666,32,1
15.0,6.62,59,0
15.0,6.651,42,0
15.0,6.612,49,1
15.0,6.639,32,0
15.0,6.624,28,0
15.0,6.153,32,0
15.0,6.038,42,0
15.0,6.165,31,1
15.0,6.125,54,2
15.0,6.614,37,1
15.0,6.593,32,0
15.0,6.638,29,0
14.0,6.147,32,2
14.0,6.121,47,0
14.0,6.133,67,1
15.0,6.609,31,1
15.0,6.631,42,2
15.0,6.634,26,0
14.0,6.591,30,0
15.0,6.629,81,2
15.0,6.644,26,0
15.0,6.659,67,1
15.0,6.621,35,0
15.0,6.622,47,2
15.0,6.641,32,1
15.0,6.637,67,0
15.0,6.93,167,1
15.0,7.038,40,1
15.0,7.059,45,1
15.0,7.06,26,0
14.0,6.645,31,0
14.0,6.181,33,0
15.0,6.636,38,0
15.0,6.124,45,2
15.0,6.634,31,2
15.0,6.623,37,0
14.0,6.479,100,0
15.0,6.111,61,0
15.0,6.143,48,0
15.0,6.168,34,0
15.0,6.615,27,2
15.0,6.155,78,1
15.0,6.153,25,0
14.0,6.151,62,0
14.0,6.172,39,0
14.0,6.179,37,1
14.0,6.158,131,0
15.0,6.626,62,0
14.0,6.626,49,1
14.0,6.173,35,0
14.0,6.171,48,0
14.0,6.625,25,0
14.0,6.625,77,3
15.0,6.621,49,0
15.0,6.131,34,1
14.0,6.04,64,1
14.0,6.63,25,1
14.0,6.16,48,1
14.0,6.155,26,0
14.0,6.151,43,1
14.0,6.126,80,0
14.0,6.146,33,0
14.0,6.159,64,0
14.0,6.139,123,3
14.0,6.155,29,0
14.0,6.63,26,0
14.0,6.65,31,0
14.0,6.639,44,1
14.0,6.122,60,1
14.0,6.649,47,0
14.0,6.168,71,1
14.0,6.488,83,0
14.0,6.61,35,1
14.0,6.654,31,0
14.0,6.651,40,1
14.0,6.639,75,0
14.0,6.598,34,1
14.0,6.127,60,2
14.0,6.152,79,0
14.0,6.138,54,1
14.0,6.152,71,0
14.0,6.127,61,0
14.0,6.218,31,0
16.0,6.614,41,0
15.0,6.64,43,0
15.0,6.144,48,0
16.0,7.067,44,0
15.0,6.582,84,0
15.0,6.675,28,0
15.0,6.67,36,1
15.0,6.671,27,0
16.0,6.69,41,1
15.0,6.676,47,1
15.0,6.665,36,2
15.0,6.653,43,2
15.0,6.183,95,0
16.0,6.14,32,0
16.0,6.19,41,1
16.0,6.174,29,0
16.0,6.59,100,1
16.0,6.66,30,0
16.0,6.693,32,1
16.0,6.117,48,0
16.0,6.191,70,0
15.0,6.511,26,2
15.0,6.53,25,0
15.0,6.478,37,0
17.0,5.5,28,0
17.0,6.503,31,0
17.0,6.988,88,0
17.0,6.5,27,0
17.0,6.063,27,1
17.0,5.425,35,0
16.0,6.966,50,0
16.0,6.978,58,0
16.0,6.175,96,1
16.0,6.193,25,0
16.0,6.664,26,0
16.0,6.075,36,1
16.0,6.132,43,1
16.0,6.697,27,0
16.0,6.707,28,0
16.0,6.493,27,0
17.0,6.022,25,0
16.0,6.087,29,0
16.0,6.663,25,2
16.0,6.155,121,2
16.0,6.668,84,0
16.0,6.178,35,0
17.0,7.893,34,1
16.0,7.372,26,1
16.0,7.865,51,1
16.0,6.551,34,2
14.0,5.75,31,0
15.0,6.19,25,0
15.0,6.39,39,0
13.0,6.646,30,1
13.0,6.178,34,0
15.0,7.383,69,0
14.0,7.319,74,0
14.0,6.951,26,0
14.0,6.923,119,0
14.0,6.928,87,2
14.0,6.958,82,0
13.0,6.684,25,2
14.0,6.551,104,0
14.0,6.914,51,0
14.0,6.961,31,0
13.0,6.586,88,3
13.0,6.124,32,0
14.0,6.417,88,0
14.0,6.092,31,0
14.0,6.39,38,0
13.0,5.7,45,0
13.0,5.7,125,0
13.0,6.449,39,4
12.0,6.445,41,1
12.0,6.445,28,0
13.0,5.75,74,0
13.0,7.297,81,0
12.0,6.445,44,2
12.0,6.41,32,1
16.0,6.681,25,0
16.0,6.177,40,0
16.0,6.151,29,2
16.0,6.732,25,0
16.0,6.147,121,0
16.0,6.656,70,2
16.0,6.648,34,0
14.0,6.089,31,1
14.0,6.165,64,0
14.0,6.965,57,0
14.0,6.625,45,1
14.0,6.616,31,0
14.0,6.615,39,1
14.0,6.074,26,0
14.0,6.608,54,1
14.0,6.588,33,0
14.0,6.623,43,1
14.0,6.47,35,0
14.0,6.128,28,0
14.0,6.147,38,0
14.0,6.65,25,0
14.0,6.024,32,0
14.0,6.245,26,0
14.0,6.591,31,0
14.0,6.07,31,0
14.0,6.661,32,1
14.0,6.163,35,0
14.0,6.164,26,0
14.0,6.591,26,1
14.0,6.641,25,0
14.0,6.496,26,1
14.0,6.114,29,0
14.0,6.171,34,0
14.0,6.149,28,0
14.0,6.155,28,0
14.0,6.165,34,0
13.0,5.996,66,0
13.0,6.024,41,0
13.0,6.606,27,0
13.0,6.453,62,0
13.0,6.138,32,0
14.0,6.136,52,1
13.0,6.123,105,0
13.0,6.135,45,1
13.0,6.11,60,0
13.0,6.594,51,0
14.0,6.573,28,1
13.0,6.633,28,0
14.0,6.122,54,2
13.0,6.134,46,1
14.0,6.595,29,0
13.0,6.151,41,0
14.0,6.138,91,0
14.0,6.146,26,0
13.0,6.147,49,0
13.0,6.124,57,0
13.0,6.581,55,3
13.0,6.584,25,1
13.0,6.614,28,1
13.0,6.613,33,0
14.0,6.134,34,1
13.0,6.148,31,0
13.0,6.506,43,0
13.0,6.589,48,1
13.0,6.565,25,2
13.0,6.602,31,0
13.0,6.615,39,1
12.0,6.885,58,0
11.0,6.87,56,0
11.0,6.497,25,0
15.0,5.985,38,0
15.0,6.646,32,0
15.0,5.968,25,0
14.0,6.409,34,0
14.0,6.576,32,1
16.0,5.949,32,0
15.0,6.969,27,0
15.0,6.129,26,0
15.0,6.158,35,0
15.0,6.622,26,0
15.0,6.143,96,0
15.0,6.148,33,0
14.0,6.527,28,0
14.0,6.481,30,0
14.0,6.556,36,1
13.0,6.547,33,2
13.0,6.432,27,0
13.0,6.437,35,0
13.0,6.49,28,1
14.0,5.945,25,0
10.0,6.513,27,0
10.0,6.75,40,0
10.0,5.932,27,0
10.0,6.75,40,0
10.0,6.456,28,0
10.0,6.875,28,0
10.0,6.689,25,0
10.0,6.25,49,0
10.0,6.125,32,0
10.0,6.125,40,0
10.0,6.364,32,0
9.0,4.869,39,1
10.0,7.542,49,0
10.0,7.612,26,0
10.0,6.817,111,0
11.0,6.509,31,0
11.0,6.52,98,0
10.0,6.625,96,0
11.0,6.375,87,0
11.0,6.875,31,0
11.0,7.566,60,0
11.0,7.589,29,0
11.0,7.568,37,0
11.0,7.595,38,0
10.0,6.875,25,1
11.0,6.75,50,1
11.0,6.625,34,0
11.0,6.625,26,0
11.0,6.625,27,0
11.0,6.625,42,0
11.0,6.5,29,0
11.0,6.375,28,0
11.0,6.5,40,0
11.0,6.375,55,0
11.0,6.125,28,0
11.0,6.875,42,0
11.0,6.803,37,0
12.0,6.429,45,0
12.0,6.426,190,1
11.0,6.375,62,0
12.0,6.375,37,0
12.0,6.375,26,0
12.0,5.625,25,0
11.0,6.875,36,0
12.0,6.875,30,0
12.0,7.557,115,0
12.0,7.547,37,0
12.0,6.625,27,0
12.0,6.625,29,0
12.0,6.625,39,0
12.0,6.625,30,0
12.0,6.375,30,0
12.0,6.125,39,0
12.0,6.0,27,0
12.0,6.0,28,0
13.0,6.386,66,0
13.0,6.103,52,0
12.0,6.375,42,0
12.0,6.0,40,0
13.0,6.0,42,0
13.0,5.625,57,0
12.0,6.875,29,0
13.0,6.75,28,1
13.0,6.75,35,0
13.0,6.625,26,0
13.0,6.625,37,0
13.0,6.625,35,0
13.0,6.5,34,1
13.0,6.035,26,0
13.0,5.998,38,0
13.0,7.475,64,0
13.0,7.459,28,0
13.0,7.441,34,0
13.0,7.462,40,0
13.0,6.815,25,0
12.0,6.0,26,0
13.0,5.625,35,0
13.0,5.5,49,0
14.0,6.3,41,0
14.0,6.324,108,1
13.0,6.122,37,0
13.0,6.0,33,0
14.0,5.75,82,1
13.0,5.625,50,0
14.0,6.75,30,0
14.0,5.993,25,0
14.0,7.397,49,0
14.0,7.376,27,0
14.0,7.417,26,0
14.0,7.419,30,0
13.0,5.375,27,0
14.0,5.375,35,0
14.0,6.363,32,1
14.0,6.335,137,3
14.0,6.0,54,0
14.0,5.75,148,0
14.0,5.0,41,0
15.0,7.0,32,0
15.0,7.267,71,0
14.0,7.259,30,1
15.0,6.929,27,0
14.0,5.5,27,0
14.0,5.375,28,0
16.0,6.375,30,0
16.0,7.006,62,0
16.0,6.125,25,0
16.0,6.625,35,0
15.0,6.42,25,0
14.0,6.887,27,1
15.0,6.894,33,2
15.0,7.013,49,2
15.0,7.004,26,0
15.0,6.629,40,0
15.0,6.608,31,1
15.0,6.628,28,1
15.0,6.603,39,0
14.0,6.457,39,1
14.0,6.427,46,0
14.0,6.442,42,1
14.0,6.543,34,0
12.0,7.046,30,1
12.0,6.972,98,4
13.0,7.12,25,0
13.0,7.153,60,4
14.0,6.661,25,1
14.0,6.143,42,1
14.0,6.164,63,1
14.0,6.163,25,0
14.0,6.638,57,0
15.0,6.636,29,0
14.0,6.669,25,0
14.0,6.156,106,3
15.0,6.531,130,1
15.0,6.704,32,0
15.0,6.674,30,0
15.0,6.648,26,0
15.0,6.652,38,1
15.0,6.663,73,0
15.0,6.638,54,0
15.0,6.684,41,0
15.0,6.017,34,1
15.0,6.185,69,3
15.0,6.585,34,0
15.0,6.202,56,0
15.0,6.186,56,0
13.0,6.884,66,0
13.0,6.117,66,1
13.0,6.114,103,0
14.0,6.109,34,0
13.0,6.125,86,0
13.0,6.417,58,1
13.0,6.136,27,0
14.0,6.136,124,0
13.0,6.132,59,0
14.0,6.604,29,0
14.0,6.131,34,1
13.0,6.583,44,1
13.0,6.121,39,1
13.0,6.134,40,0
13.0,6.12,48,0
13.0,6.168,90,1
13.0,6.107,64,0
13.0,6.601,69,0
13.0,6.59,68,3
13.0,6.007,67,0
13.0,6.19,33,1
13.0,6.13,102,0
13.0,6.171,76,0
13.0,6.094,55,1
13.0,6.573,30,0
14.0,6.622,26,2
13.0,5.583,27,0
13.0,6.132,44,1
13.0,6.142,71,0
13.0,6.181,37,0
13.0,6.151,111,0
13.0,6.871,76,3
13.0,7.059,25,1
13.0,7.06,27,0
13.0,6.614,74,2
13.0,6.595,77,1
13.0,6.458,57,0
13.0,6.154,92,0
13.0,6.134,105,0
13.0,6.146,84,0
13.0,6.123,73,0
13.0,6.142,83,1
13.0,6.621,55,1
13.0,6.584,94,0
13.0,6.139,66,1
13.0,6.517,29,0
13.0,6.138,62,0
13.0,6.584,96,0
13.0,6.534,30,0
13.0,6.138,51,0
14.0,6.116,42,1
13.0,6.115,43,0
13.0,5.995,72,0
13.0,6.17,38,0
13.0,6.139,28,0
13.0,6.136,42,1
13.0,6.133,53,0
14.0,6.618,62,0
14.0,6.121,26,0
13.0,6.065,34,1
13.0,6.534,31,1
13.0,6.592,31,1
13.0,6.614,51,1
13.0,6.594,27,1
13.0,6.006,61,0
13.0,6.06,27,0
14.0,6.593,27,0
13.0,6.059,40,2
13.0,6.427,89,1
13.0,6.855,41,1
13.0,6.557,33,2
13.0,6.612,28,1
13.0,6.148,51,0
13.0,6.161,77,1
13.0,6.171,76,1
13.0,6.145,75,1
13.0,6.147,71,0
13.0,6.109,80,0
13.0,6.156,51,1
13.0,6.6,33,1
13.0,6.588,68,0
13.0,6.57,30,0
13.0,6.592,46,1
13.0,6.596,57,0
13.0,6.576,60,2
13.0,6.098,47,0
13.0,6.13,56,0
13.0,6.606,53,1
12.0,6.583,59,1
12.0,6.55,59,2
12.0,6.523,34,1
13.0,6.135,65,0
13.0,6.578,32,0
16.0,6.526,40,0
16.0,6.484,67,4
15.0,6.507,30,0
16.0,6.45,44,0
16.0,6.443,37,0
16.0,6.464,38,0
15.0,6.452,38,0
16.0,6.484,35,0
16.0,6.999,28,0
15.0,6.885,35,1
15.0,6.909,47,0
15.0,6.875,40,0
15.0,6.922,37,3
15.0,6.904,39,0
16.0,6.976,43,2
15.0,6.999,44,3
16.0,6.931,52,1
14.0,6.424,36,0
15.0,6.448,30,1
15.0,6.583,29,0
15.0,6.023,34,1
14.0,6.433,33,1
14.0,6.459,25,1
15.0,6.486,28,0
15.0,6.392,95,0
15.0,6.969,28,0
15.0,6.808,56,0
15.0,6.037,26,0
15.0,5.961,27,0
15.0,6.5,37,0
14.0,6.416,70,1
15.0,6.435,26,0
15.0,6.506,56,1
15.0,6.466,34,0
14.0,6.452,37,3
15.0,6.44,44,0
14.0,6.431,48,0
15.0,6.422,30,1
15.0,6.422,55,0
14.0,6.421,25,0
15.0,6.971,37,1
15.0,7.053,25,1
15.0,6.969,32,1
15.0,7.028,37,1
15.0,6.981,26,0
15.0,6.964,26,1
15.0,6.96,58,2
15.0,6.637,100,3
15.0,6.621,40,1
15.0,6.133,44,0
15.0,6.61,28,1
15.0,6.604,31,0
15.0,6.568,25,0
15.0,6.596,40,0
15.0,6.113,30,0
15.0,6.114,96,1
15.0,6.581,82,0
15.0,6.591,32,1
13.0,6.469,26,1
13.0,6.497,39,0
15.0,6.587,33,0
15.0,7.038,27,2
14.0,6.599,27,0
14.0,6.601,76,0
14.0,6.131,73,0
14.0,6.657,30,2
14.0,6.167,37,0
14.0,6.587,35,0
14.0,6.58,30,0
14.0,6.674,25,0
14.0,6.643,29,0
14.0,6.154,48,0
14.0,6.12,25,0
13.0,6.147,29,0
13.0,6.141,29,0
13.0,6.142,25,0
13.0,6.166,117,2
13.0,6.62,39,0
13.0,6.633,28,0
13.0,6.636,42,1
13.0,6.624,26,0
13.0,6.629,33,1
13.0,6.647,35,1
13.0,6.606,29,0
13.0,6.622,99,1
13.0,6.647,29,0
14.0,6.447,25,0
11.0,6.404,40,0
11.0,6.434,42,0
11.0,6.437,54,1
11.0,6.419,43,0
11.0,6.429,28,0
11.0,6.443,31,0
11.0,6.447,27,1
11.0,6.403,75,1
14.0,6.435,27,0
14.0,6.41,29,0
14.0,6.439,42,1
14.0,6.425,35,0
14.0,6.424,64,1
14.0,6.418,26,0
14.0,6.481,28,0
13.0,6.371,27,0
15.0,6.838,33,2
15.0,6.004,31,0
15.0,6.455,31,1
15.0,6.469,32,1
15.0,6.46,26,0
15.0,6.467,27,0
15.0,6.453,33,0
15.0,6.852,28,1
15.0,5.991,29,0
15.0,5.939,48,0
15.0,6.009,53,0
15.0,6.474,41,0
15.0,6.523,46,0
15.0,6.515,32,2
15.0,6.477,33,0
15.0,6.503,30,0
15.0,6.454,30,0
15.0,6.498,123,0
15.0,6.94,36,0
15.0,6.958,28,1
15.0,6.962,41,3
15.0,6.921,51,1
15.0,6.917,49,2
15.0,6.881,44,2
15.0,6.92,34,2
15.0,6.942,57,2
15.0,6.879,33,1
15.0,6.886,87,0
14.0,6.458,26,0
14.0,6.533,34,0
14.0,6.503,48,0
14.0,6.489,49,0
14.0,6.446,37,0
14.0,6.473,40,2
14.0,6.465,57,0
14.0,6.503,33,0
14.0,6.515,132,1
14.0,7.003,28,0
15.0,6.967,38,2
15.0,6.873,25,2
15.0,6.873,90,2
15.0,5.952,29,1
14.0,5.996,153,2
14.0,6.493,35,1
14.0,6.531,25,0
14.0,6.513,38,0
14.0,6.534,27,1
14.0,6.549,32,1
14.0,6.557,39,0
14.0,6.465,108,0
14.0,6.993,29,2
14.0,6.89,60,1
14.0,5.478,38,0
14.0,5.993,129,2
14.0,6.437,28,0
14.0,6.495,175,3
14.0,6.854,69,2
14.0,5.491,59,0
14.0,5.96,32,0
14.0,6.003,30,0
14.0,5.97,51,0
14.0,5.973,45,0
14.0,5.988,47,2
14.0,5.996,86,0
14.0,5.99,63,0
14.0,5.98,122,1
14.0,6.39,25,0
14.0,6.373,33,0
14.0,6.512,48,0
14.0,6.498,82,0
14.0,6.511,134,3
14.0,6.473,77,0
14.0,6.518,145,0
14.0,6.485,117,1
14.0,6.489,130,2
14.0,6.469,113,2
14.0,6.477,139,1
14.0,7.015,30,0
14.0,6.963,42,1
14.0,6.874,71,1
14.0,6.881,54,0
14.0,6.901,35,1
14.0,6.908,26,1
14.0,6.831,38,0
14.0,6.874,30,3
14.0,6.888,76,3
13.0,6.335,34,0
14.0,6.398,34,0
13.0,6.461,27,1
13.0,6.395,29,1
13.0,6.402,30,1
13.0,6.371,25,0
13.0,6.415,31,0
14.0,6.412,53,0
13.0,6.907,34,1
13.0,5.608,89,0
13.0,6.154,44,0
13.0,6.079,31,1
13.0,6.083,29,0
13.0,6.1,55,0
13.0,6.107,49,1
13.0,6.042,84,2
13.0,6.04,58,0
13.0,6.065,65,1
13.0,6.072,180,1
13.0,6.486,37,0
13.0,6.565,27,0
13.0,6.584,125,1
13.0,7.025,37,2
13.0,5.474,49,0
13.0,6.575,49,2
13.0,5.908,45,0
13.0,5.951,40,0
13.0,5.958,47,2
13.0,5.963,55,0
13.0,5.98,42,0
13.0,6.025,37,0
13.0,5.993,129,1
13.0,6.388,79,0
13.0,6.376,28,0
13.0,6.464,53,0
13.0,6.505,65,0
13.0,6.443,51,1
13.0,6.447,63,0
13.0,6.484,61,0
13.0,6.51,82,0
13.0,6.475,56,1
13.0,6.503,172,3
13.0,6.997,33,0
13.0,6.881,43,2
13.0,6.979,52,1
13.0,6.917,46,2
13.0,6.871,30,1
13.0,7.017,35,0
13.0,6.912,27,0
13.0,7.01,80,7
15.0,6.114,28,1
15.0,6.646,27,0
15.0,6.609,30,2
15.0,6.54,38,0
15.0,6.07,35,0
15.0,6.574,32,0
15.0,6.557,63,0
15.0,6.08,29,0
15.0,6.565,26,0
15.0,6.567,43,2
15.0,6.056,136,1
15.0,6.567,44,1
15.0,6.532,50,0
15.0,6.069,33,0
14.0,6.09,32,0
14.0,6.046,25,0
14.0,6.561,33,0
15.0,5.827,118,0
14.0,5.992,123,2
13.0,6.491,26,0
14.0,5.997,130,0
13.0,6.25,27,1
13.0,6.0,120,1
12.0,6.33,132,0
12.0,6.0,32,0
12.0,6.847,31,0
11.0,6.847,26,0
11.0,6.335,145,2
10.0,6.818,35,0
10.0,6.814,37,0
9.0,6.0,44,0
10.0,6.274,66,0
15.0,7.016,49,0
15.0,6.983,42,0
15.0,6.625,25,0
15.0,7.017,98,1
14.0,6.984,47,1
15.0,6.107,26,0
14.0,5.486,40,0
13.0,7.331,33,0
14.0,7.059,25,2
13.0,6.531,25,1
13.0,6.502,32,3
13.0,6.437,59,2
9.0,6.456,36,2
13.0,6.471,27,3
9.0,6.499,122,5
13.0,6.017,52,1
9.0,6.498,90,3
9.0,6.491,64,0
9.0,6.473,67,2
14.0,6.472,38,4
14.0,6.463,25,0
14.0,6.464,46,0
15.0,6.754,33,3
15.0,6.776,28,0
15.0,6.345,77,0
15.0,6.352,97,0
14.0,6.357,57,0
14.0,6.309,33,1
14.0,6.369,28,0
15.0,7.324,59,3
14.0,7.784,33,1
14.0,7.301,38,1
14.0,7.773,41,1
12.0,7.276,30,0
13.0,7.766,39,1
10.0,6.862,26,0
14.0,6.044,26,0
14.0,6.082,27,1
14.0,6.082,30,1
14.0,6.528,30,0
14.0,6.565,26,0
14.0,6.559,25,0
15.0,6.549,26,0
14.0,6.539,27,1
14.0,6.545,25,0
14.0,6.078,26,1
14.0,6.067,129,0
14.0,7.84,30,0
13.0,7.889,28,0
13.0,5.75,25,0
14.0,5.875,66,0
14.0,6.375,63,1
14.0,6.5,33,0
14.0,6.625,43,0
13.0,6.128,50,0
13.0,6.148,68,1
13.0,6.611,37,0
12.0,6.58,70,0
12.0,6.537,46,0
12.0,6.549,61,0
12.0,7.004,26,0
12.0,6.557,28,0
12.0,6.096,49,0
12.0,6.115,90,1
12.0,6.475,59,2
12.0,6.128,62,0
12.0,6.129,116,0
12.0,6.127,95,0
12.0,5.998,132,0
12.0,6.134,97,2
12.0,6.14,127,1
12.0,6.425,157,0
12.0,6.144,91,0
12.0,6.545,26,1
12.0,6.905,86,0
12.0,6.52,35,1
13.0,6.068,73,0
12.0,6.572,43,0
12.0,6.584,68,2
12.0,6.114,32,1
12.0,6.106,28,0
12.0,6.128,65,0
12.0,6.594,77,1
12.0,6.584,53,1
12.0,6.568,45,0
12.0,6.572,28,0
12.0,6.087,55,2
13.0,6.593,53,0
12.0,6.533,27,0
12.0,6.097,40,0
12.0,6.625,54,1
12.0,6.141,29,0
12.0,6.126,33,0
12.0,6.157,56,0
12.0,6.583,34,0
12.0,6.11,48,1
12.0,6.079,42,0
12.0,6.574,40,0
12.0,6.576,28,0
12.0,6.574,42,0
12.0,6.145,58,0
12.0,6.577,65,2
12.0,6.591,64,0
12.0,6.542,27,0
12.0,7.026,47,0
12.0,6.98,26,0
13.0,6.986,39,0
13.0,5.534,30,0
12.0,6.118,65,0
12.0,6.126,41,1
12.0,6.535,28,0
12.0,6.113,58,0
12.0,6.58,28,0
12.0,6.423,71,0
12.0,6.56,47,0
12.0,6.533,37,0
12.0,6.543,40,0
12.0,6.607,50,2
12.0,6.534,27,0
12.0,6.04,65,0
12.0,6.569,27,0
12.0,6.556,49,2
12.0,6.135,31,0
12.0,6.124,44,0
12.0,6.135,40,0
12.0,6.063,30,0
12.0,6.553,42,4
12.0,6.118,92,0
12.0,6.112,33,0
12.0,6.098,53,0
12.0,6.119,30,0
12.0,6.1,33,0
12.0,6.148,41,0
12.0,6.596,28,2
12.0,6.554,52,0
12.0,6.567,25,0
12.0,6.586,50,0
12.0,6.586,57,0
12.0,6.576,68,1
12.0,6.569,89,2
12.0,6.432,73,2
15.0,5.5,91,0
14.0,6.875,25,0
15.0,6.711,38,0
15.0,5.5,57,1
14.0,5.5,60,0
14.0,6.75,43,0
13.0,6.625,34,0
14.0,5.5,25,0
14.0,6.545,37,0
14.0,5.5,44,0
13.0,5.75,85,0
13.0,6.625,55,0
14.0,5.5,32,1
13.0,6.625,62,0
13.0,5.5,25,1
13.0,6.507,62,1
12.0,6.625,37,0
13.0,5.5,35,0
14.0,6.354,25,0
13.0,6.418,30,0
13.0,6.399,36,0
13.0,6.407,51,2
13.0,6.376,38,0
13.0,6.385,65,0
13.0,6.355,37,0
13.0,6.357,28,0
13.0,6.36,25,0
13.0,6.383,86,1
13.0,6.472,41,0
14.0,6.531,109,1
14.0,6.541,51,0
14.0,6.512,27,0
14.0,6.073,102,0
14.0,6.521,83,1
14.0,6.075,30,0
14.0,6.078,51,0
12.0,6.566,56,1
12.0,6.112,116,2
12.0,6.124,29,1
12.0,6.104,81,1
12.0,6.081,27,0
12.0,6.993,27,1
12.0,6.156,28,0
12.0,6.575,68,1
12.0,6.539,71,2
12.0,6.567,116,4
12.0,6.999,27,1
12.0,6.987,39,2
12.0,6.14,87,0
12.0,6.904,58,1
12.0,6.99,32,2
11.0,6.566,37,1
12.0,6.569,102,0
11.0,6.432,122,1
11.0,6.097,59,2
12.0,6.979,42,1
11.0,6.102,83,1
12.0,6.109,76,0
12.0,6.988,46,1
11.0,6.548,34,0
11.0,6.113,35,0
11.0,6.58,100,2
11.0,6.574,108,2
11.0,6.574,63,1
11.0,6.569,71,1
11.0,6.543,63,2
12.0,6.11,106,1
11.0,6.52,55,2
11.0,6.112,42,0
11.0,6.561,108,3
12.0,6.577,42,0
11.0,6.543,81,1
12.0,6.108,89,0
11.0,6.074,43,1
11.0,6.55,83,1
12.0,6.594,89,0
11.0,6.58,87,1
11.0,6.012,55,0
12.0,6.117,73,1
11.0,6.123,78,1
11.0,6.532,27,0
11.0,6.413,70,0
11.0,6.584,31,0
11.0,6.092,92,0
11.0,6.589,88,2
11.0,6.502,31,0
11.0,6.573,82,0
11.0,6.558,45,0
11.0,6.604,79,0
11.0,6.58,112,1
11.0,6.047,76,0
11.0,6.096,76,0
11.0,6.139,97,0
11.0,6.576,69,1
11.0,6.049,25,0
11.0,6.995,39,1
11.0,6.061,41,0
11.0,6.134,32,1
11.0,6.106,28,0
11.0,6.89,49,0
11.0,7.036,27,3
11.0,6.981,32,2
11.0,7.009,37,0
11.0,7.003,32,0
11.0,6.994,27,1
12.0,7.035,46,1
11.0,6.547,109,2
11.0,6.107,99,0
11.0,6.107,91,0
11.0,6.561,78,2
13.0,6.148,84,0
13.0,6.127,29,0
11.0,6.578,47,2
11.0,6.133,31,0
11.0,6.578,54,2
11.0,6.582,110,1
12.0,6.591,35,0
11.0,6.127,36,0
11.0,6.063,36,0
11.0,6.077,46,1
11.0,6.093,36,0
11.0,6.132,28,0
11.0,6.554,49,0
11.0,6.553,130,2
11.0,6.062,33,0
11.0,6.421,119,0
11.0,6.55,32,0
11.0,6.157,33,0
11.0,6.21,42,1
11.0,6.432,153,0
11.0,6.114,36,1
11.0,6.882,27,0
11.0,6.575,101,0
11.0,6.586,45,0
11.0,6.585,100,0
11.0,6.032,35,1
11.0,6.087,44,0
11.0,6.427,43,0
11.0,6.998,30,1
11.0,6.15,34,0
11.0,6.558,44,1
11.0,6.08,72,1
11.0,6.145,42,0
11.0,6.567,41,2
11.0,6.553,80,1
10.0,6.14,28,0
10.0,6.12,31,0
10.0,6.524,77,1
11.0,6.972,50,2
11.0,6.541,89,0
11.0,6.069,62,0
11.0,6.888,28,0
11.0,6.551,34,0
10.0,6.537,37,1
11.0,6.078,99,0
11.0,6.123,46,0
11.0,6.554,28,0
11.0,6.595,70,4
11.0,6.546,44,1
11.0,7.001,32,0
10.0,6.078,79,2
11.0,6.561,68,1
11.0,6.595,90,0
11.0,6.05,86,2
10.0,6.562,86,2
11.0,6.545,88,0
11.0,6.518,29,0
10.0,6.56,46,0
10.0,6.57,41,0
11.0,6.101,52,1
10.0,6.546,126,2
10.0,6.538,84,0
11.0,6.989,32,1
10.0,6.067,38,1
10.0,6.585,69,2
11.0,6.995,38,1
10.0,6.423,214,0
11.0,6.063,91,0
10.0,6.014,40,0
10.0,6.117,27,1
10.0,6.566,51,1
10.0,6.098,68,0
10.0,6.552,28,0
11.0,6.554,41,0
10.0,6.077,44,0
10.0,6.09,73,0
11.0,6.988,27,1
11.0,6.998,42,1
10.0,6.092,37,0
10.0,6.515,40,0
10.0,6.103,72,1
10.0,6.945,60,1
10.0,6.114,31,0
11.0,7.018,38,1
11.0,6.586,40,0
11.0,6.108,72,1
10.0,6.011,37,1
10.0,6.06,30,0
10.0,6.428,98,0
11.0,6.975,35,0
10.0,6.069,30,0
10.0,6.538,36,0
10.0,6.526,61,1
10.0,6.559,74,3
10.0,6.57,88,2
10.0,6.052,40,0
10.0,6.533,37,0
10.0,6.067,34,0
10.0,7.015,25,0
11.0,6.556,52,0
10.0,6.132,55,0
11.0,6.124,38,0
10.0,6.076,74,0
10.0,6.088,38,1
10.0,6.565,69,1
10.0,6.542,78,1
10.0,6.408,123,2
10.0,6.552,114,1
10.0,6.529,43,0
10.0,6.973,30,1
10.0,6.535,26,1
10.0,6.575,27,0
10.0,6.544,101,2
10.0,6.053,28,0
10.0,6.591,44,0
10.0,6.443,154,0
10.0,6.559,77,0
10.0,6.521,29,1
10.0,6.038,45,0
10.0,6.071,46,0
10.0,6.586,54,0
10.0,6.071,30,1
10.0,6.111,41,0
10.0,6.569,77,1
10.0,6.096,29,1
10.0,6.577,49,1
10.0,6.622,40,0
10.0,6.916,111,1
10.0,6.994,35,1
10.0,7.002,33,2
10.0,7.006,38,0
10.0,6.986,42,2
10.0,6.975,31,3
10.0,6.974,46,3
10.0,6.988,27,0
10.0,6.557,54,1
10.0,6.4,139,0
10.0,6.528,51,0
9.0,6.066,71,0
9.0,6.395,87,0
10.0,6.548,78,1
10.0,6.042,36,0
10.0,6.565,92,1
10.0,6.544,59,1
10.0,6.08,73,2
10.0,6.554,55,0
10.0,6.08,38,0
10.0,6.083,48,0
10.0,6.514,59,1
10.0,6.089,38,0
9.0,6.004,43,0
10.0,6.01,59,2
9.0,6.061,59,0
9.0,6.525,39,0
9.0,6.534,70,0
9.0,6.083,55,0
9.0,6.515,48,0
16.0,6.994,30,1
15.0,7.059,33,2
15.0,6.559,25,0
15.0,6.155,99,1
15.0,6.532,42,1
14.0,6.535,37,1
14.0,6.568,31,0
14.0,6.536,29,1
14.0,6.556,34,1
14.0,6.548,33,2
14.0,6.571,46,4
14.0,6.557,42,0
14.0,6.153,38,0
14.0,6.182,35,0
14.0,6.091,94,1
14.0,6.134,57,0
14.0,6.095,27,1
14.0,6.136,30,0
14.0,6.12,41,0
14.0,6.132,25,0
14.0,6.25,33,0
14.0,6.157,40,0
14.0,6.485,60,0
14.0,6.141,50,0
14.0,6.152,35,0
14.0,6.159,27,0
14.0,6.207,48,0
14.0,6.344,25,0
13.0,6.071,26,2
14.0,6.537,49,1
14.0,6.625,35,1
14.0,6.534,53,0
14.0,6.542,69,1
14.0,6.584,62,1
14.0,6.577,56,2
14.0,6.552,53,2
14.0,6.552,41,0
13.0,6.528,36,3
14.0,6.415,84,0
14.0,6.509,27,0
14.0,6.011,50,0
14.0,6.508,44,2
14.0,6.506,40,0
13.0,6.517,30,0
14.0,5.976,58,0
14.0,6.676,27,0
14.0,5.936,33,0
13.0,5.983,99,0
13.0,6.649,29,1
11.0,7.378,61,0
12.0,8.183,31,0
12.0,7.364,55,1
13.0,7.368,37,0
13.0,8.099,28,1
14.0,7.362,35,1
15.0,8.184,30,0
8.0,5.35,33,0
7.0,4.79,25,0
5.0,4.776,25,0
14.0,5.95,95,3
14.0,6.492,75,2
14.0,5.972,38,3
15.0,6.439,58,5
14.0,7.031,29,2
16.0,6.495,29,0
15.0,5.961,67,2
14.0,5.906,67,0
14.0,5.963,43,0
14.0,5.95,31,1
14.0,6.432,54,1
14.0,6.453,50,0
14.0,6.879,80,1
16.0,6.908,42,2
15.0,6.936,44,2
15.0,6.936,59,1
15.0,6.961,41,3
15.0,6.987,30,1
16.0,7.058,32,2
14.0,7.408,51,0
13.0,6.44,49,0
13.0,6.95,56,1
13.0,6.972,25,2
13.0,6.993,27,0
15.0,6.984,27,0
15.0,7.432,70,0
15.0,7.903,36,1
14.0,6.954,34,0
14.0,7.404,65,1
14.0,7.921,40,2
13.0,6.949,45,0
13.0,7.345,56,2
13.0,6.928,61,0
13.0,7.343,48,1
16.0,5.947,44,0
16.0,6.427,37,1
15.0,5.992,34,0
14.0,6.505,25,0
14.0,6.475,162,5
14.0,6.024,30,0
15.0,6.918,32,0
14.0,6.472,34,0
14.0,6.429,31,0
14.0,6.927,28,0
14.0,6.893,34,1
13.0,6.892,155,3
13.0,6.435,140,2
13.0,6.019,48,1
13.0,6.624,34,0
13.0,6.647,37,2
13.0,6.134,37,0
13.0,6.176,86,0
13.0,6.164,31,0
13.0,6.131,40,1
14.0,7.166,32,0
13.0,6.606,35,0
14.0,6.654,48,0
13.0,6.673,29,0
13.0,6.634,40,0
14.0,6.635,51,3
13.0,6.63,49,0
13.0,6.636,27,1
13.0,6.647,54,4
13.0,6.649,41,0
13.0,6.653,32,0
13.0,6.667,30,1
13.0,6.657,29,1
13.0,6.154,51,1
13.0,6.104,48,0
13.0,6.142,34,1
13.0,6.172,43,0
13.0,6.133,44,0
13.0,6.177,40,0
13.0,6.175,39,0
14.0,6.165,35,0
14.0,6.544,33,0
14.0,6.635,40,1
14.0,6.153,71,0
14.0,6.159,30,0
14.0,7.131,30,0
14.0,6.653,25,0
14.0,6.187,93,0
14.0,6.66,41,0
14.0,6.697,32,0
14.0,5.991,98,0
14.0,6.281,87,0
14.0,6.928,28,0
14.0,6.431,40,1
13.0,6.474,32,1
13.0,5.955,25,0
13.0,6.016,105,0
13.0,6.325,57,0
13.0,6.883,28,1
12.0,6.45,34,1
12.0,6.857,36,0
12.0,6.023,59,0
12.0,6.447,148,0
11.0,6.88,31,0
11.0,6.027,62,1
11.0,6.435,184,0
11.0,6.892,36,0
10.0,6.354,106,0
14.0,5.903,29,0
14.0,6.404,26,0
14.0,6.11,27,1
14.0,6.061,67,0
14.0,6.529,74,2
14.0,6.519,38,1
14.0,6.056,128,0
15.0,5.83,34,0
14.0,5.83,25,0
13.0,6.58,29,0
14.0,6.099,32,0
14.0,6.079,70,0
14.0,6.544,50,0
14.0,5.603,63,0
14.0,6.054,65,0
14.0,6.023,37,1
14.0,6.542,51,0
13.0,6.181,46,0
13.0,6.16,25,0
13.0,6.606,28,0
13.0,6.567,29,0
14.0,6.603,27,0
14.0,6.942,27,0
13.0,6.627,59,0
14.0,6.906,53,0
14.0,6.275,32,0
14.0,6.0,29,0
13.0,5.43,31,0
13.0,6.586,57,1
13.0,6.91,27,0
14.0,5.975,32,0
14.0,6.367,35,0
13.0,5.929,28,1
13.0,6.375,37,1
12.0,6.459,26,0
11.0,6.451,52,0
13.0,6.499,33,0
12.0,6.037,26,1
14.0,6.465,42,0
14.0,6.47,40,0
14.0,6.533,39,0
14.0,6.396,79,0
14.0,6.636,31,1
12.0,6.538,35,1
12.0,6.051,28,0
11.0,6.536,30,0
12.0,5.927,28,0
14.0,6.072,60,0
13.0,6.079,60,0
14.0,6.065,196,1
13.0,6.535,72,0
13.0,6.543,71,1
13.0,6.524,130,0
13.0,6.523,53,1
13.0,6.046,58,0
13.0,6.044,71,2
13.0,6.101,36,0
13.0,6.557,58,1
13.0,6.552,74,0
13.0,6.522,28,0
13.0,6.052,46,0
13.0,6.041,28,0
13.0,6.054,33,0
13.0,6.572,57,2
13.0,6.578,27,0
13.0,6.078,74,2
14.0,6.595,30,0
14.0,6.816,28,1
13.0,6.012,26,0
13.0,6.056,30,0
13.0,6.464,27,0
13.0,6.452,29,0
13.0,6.422,39,0
13.0,6.441,51,2
13.0,6.419,42,0
13.0,6.46,36,0
13.0,6.616,27,0
13.0,6.488,27,0
12.0,6.133,39,0
12.0,6.539,27,0
12.0,6.568,31,0
12.0,6.529,40,1
12.0,6.573,34,0
12.0,6.55,30,0
12.0,6.548,38,0
12.0,6.617,54,3
12.0,6.488,29,2
12.0,6.463,27,0
12.0,6.396,25,1
12.0,6.403,79,1
12.0,6.406,46,0
12.0,6.424,43,0
12.0,6.399,49,1
12.0,6.426,41,0
12.0,6.416,50,1
12.0,6.431,32,0
10.0,6.463,37,0
10.0,6.402,41,0
10.0,6.417,38,0
10.0,6.453,51,0
10.0,6.451,69,3
10.0,6.395,45,2
10.0,6.368,34,0
10.0,6.398,28,1
10.0,6.428,71,1
10.0,6.496,27,0
10.0,6.896,67,0
12.0,6.983,39,0
13.0,6.479,44,0
13.0,6.451,35,1
13.0,6.428,28,0
12.0,6.418,36,1
12.0,6.457,30,0
12.0,6.458,27,1
12.0,6.466,45,1
12.0,6.486,25,0
12.0,6.43,35,1
12.0,6.451,43,1
12.0,6.439,58,0
12.0,6.451,46,0
12.0,6.427,31,0
12.0,6.506,35,0
11.0,6.028,25,0
11.0,6.509,66,1
13.0,5.956,35,0
13.0,5.973,40,0
13.0,5.972,30,0
12.0,5.995,26,0
13.0,6.031,25,0
13.0,6.081,25,0
13.0,6.57,25,0
13.0,6.575,33,0
13.0,5.979,26,0
13.0,6.076,31,0
13.0,6.1,25,0
13.0,6.042,33,0
13.0,6.522,133,1
13.0,6.05,36,0
13.0,6.069,40,1
13.0,6.549,38,0
13.0,6.512,36,0
13.0,6.52,62,0
13.0,6.011,30,2
13.0,6.043,37,0
13.0,6.057,129,0
13.0,6.575,33,0
13.0,6.533,32,2
13.0,6.528,36,1
13.0,6.057,34,0
13.0,6.553,36,0
13.0,6.06,69,0
13.0,6.508,169,2
13.0,6.038,31,0
13.0,6.045,32,1
13.0,6.525,38,0
13.0,6.531,35,1
14.0,4.988,126,0
12.0,6.976,32,4
14.0,4.98,117,0
13.0,4.922,50,0
12.0,6.9,86,3
12.0,7.262,51,0
14.0,6.408,27,0
14.0,6.471,32,0
14.0,6.447,34,2
14.0,6.459,42,4
14.0,6.444,45,0
14.0,6.425,42,2
13.0,6.382,49,0
14.0,6.892,26,1
13.0,6.879,27,2
13.0,6.882,30,2
13.0,6.838,31,0
13.0,5.983,45,1
13.0,6.517,41,1
14.0,6.452,54,2
14.0,6.371,39,1
13.0,6.006,29,0
13.0,6.452,47,0
13.0,6.497,51,2
13.0,6.453,28,0
14.0,6.423,56,1
13.0,6.414,32,0
13.0,6.903,36,0
13.0,6.978,42,3
13.0,6.893,61,0
13.0,5.998,70,3
13.0,5.484,25,0
12.0,6.37,36,1
13.0,7.458,30,0
13.0,6.475,33,0
14.0,7.432,37,0
12.0,7.025,36,0
13.0,7.41,27,0
8.0,7.004,30,0
12.0,6.464,26,1
13.0,6.063,81,0
13.0,6.877,32,0
13.0,6.885,220,0
13.0,6.537,27,0
13.0,6.496,98,1
13.0,6.425,84,0
13.0,6.883,84,0
13.0,6.516,40,0
13.0,6.493,35,0
13.0,6.901,68,0
13.0,6.925,55,0
13.0,6.92,40,0
13.0,6.95,33,0
13.0,5.7,43,0
12.0,5.75,32,0
13.0,6.39,58,0
12.0,6.583,27,0
12.0,6.557,38,2
12.0,6.603,43,1
12.0,5.7,26,0
12.0,6.09,30,0
12.0,6.163,32,1
12.0,6.152,42,0
12.0,6.126,34,1
12.0,7.052,30,2
12.0,7.106,39,0
12.0,7.37,77,0
12.0,6.531,51,0
12.0,6.907,362,1
12.0,5.998,27,0
12.0,6.92,31,0
12.0,6.954,33,0
12.0,6.514,170,0
12.0,7.358,30,0
12.0,6.895,38,0
13.0,5.958,51,0
13.0,5.96,32,0
12.0,6.676,28,0
12.0,5.974,40,0
12.0,6.647,36,0
13.0,6.071,41,0
13.0,6.064,44,0
13.0,6.052,44,0
13.0,6.082,27,1
13.0,6.564,30,0
13.0,6.494,39,0
13.0,6.569,25,0
13.0,6.565,39,1
13.0,6.093,39,0
13.0,6.052,30,0
13.0,6.068,30,1
13.0,6.004,26,0
13.0,6.108,25,0
11.0,6.639,28,0
13.0,6.446,36,0
13.0,6.448,52,1
13.0,6.385,26,1
13.0,6.34,47,1
13.0,6.297,36,0
13.0,6.346,43,1
13.0,6.286,30,0
13.0,6.266,56,0
13.0,6.289,26,0
13.0,6.316,48,1
12.0,6.345,40,0
12.0,6.302,78,0
12.0,6.324,33,1
12.0,6.292,45,0
12.0,6.324,44,0
12.0,6.28,57,1
12.0,6.452,63,1
13.0,5.992,54,0
13.0,6.079,36,1
14.0,6.658,25,1
12.0,6.515,30,0
12.0,6.622,29,1
12.0,6.652,42,0
12.0,6.127,34,0
12.0,6.144,27,2
12.0,7.092,41,4
12.0,6.575,50,3
12.0,6.574,46,1
12.0,6.585,41,2
12.0,6.625,27,0
12.0,6.629,28,0
12.0,6.642,45,1
12.0,6.588,41,0
12.0,6.601,37,1
12.0,6.135,28,2
12.0,6.036,40,1
12.0,6.102,27,0
13.0,7.1,29,1
12.0,6.517,34,0
12.0,6.114,25,2
12.0,6.166,45,0
12.0,6.137,28,0
12.0,6.436,26,0
12.0,6.42,37,1
12.0,6.593,55,0
12.0,6.625,52,1
12.0,6.592,55,1
12.0,6.596,27,0
12.0,6.602,57,2
13.0,6.638,35,0
12.0,6.634,64,0
12.0,6.532,87,1
12.0,6.528,98,0
12.0,6.51,48,2
12.0,6.584,34,0
13.0,6.148,26,0
13.0,7.182,27,0
13.0,6.549,33,0
13.0,6.517,27,0
13.0,6.645,33,2
13.0,6.12,26,0
13.0,6.561,54,1
13.0,6.484,51,0
13.0,6.575,49,0
13.0,6.582,29,0
13.0,6.624,41,0
13.0,6.571,26,1
13.0,6.617,48,0
13.0,6.583,55,0
13.0,6.618,31,1
13.0,6.151,32,0
13.0,6.169,42,0
13.0,6.12,33,0
13.0,6.163,28,0
13.0,6.161,25,0
12.0,6.114,94,1
12.0,6.603,153,3
12.0,6.62,35,1
12.0,6.636,35,0
12.0,6.583,26,0
12.0,6.621,33,1
12.0,6.628,29,0
12.0,6.654,32,0
12.0,6.633,29,1
12.0,6.121,31,0
12.0,6.596,29,0
12.0,6.618,41,1
12.0,7.109,29,1
12.0,6.656,28,0
12.0,6.159,40,0
12.0,6.651,26,0
12.0,6.617,37,2
12.0,6.135,25,0
11.0,6.122,73,0
11.0,6.568,32,1
11.0,6.606,38,0
11.0,6.654,30,1
11.0,6.615,26,1
11.0,6.597,171,7
11.0,6.626,50,1
11.0,6.608,42,0
11.0,6.636,31,0
11.0,6.628,32,0
11.0,6.633,34,0
11.0,6.154,26,0
11.0,6.651,29,0
11.0,6.603,31,0
13.0,6.092,26,0
13.0,6.538,36,1
13.0,6.563,29,1
13.0,6.058,201,5
13.0,6.555,30,0
13.0,6.518,182,3
13.0,6.084,25,1
13.0,6.069,26,0
12.0,6.076,31,1
12.0,6.073,27,0
13.0,6.526,28,1
12.0,6.536,26,0
13.0,6.531,66,0
12.0,6.351,53,1
13.0,6.435,28,0
13.0,6.406,32,0
12.0,6.972,33,2
12.0,6.399,26,0
12.0,7.072,25,1
11.0,6.964,27,0
11.0,6.43,42,1
11.0,6.933,45,4
11.0,7.138,36,0
11.0,7.06,35,0
10.0,6.431,32,0
10.0,7.134,43,3
10.0,6.984,37,0
10.0,7.034,29,0
10.0,7.021,26,2
10.0,7.072,28,0
10.0,6.997,31,1
12.0,6.502,49,1
12.0,6.471,45,2
12.0,6.477,28,1
11.0,6.052,38,1
12.0,6.018,26,0
12.0,6.937,35,2
9.0,6.493,40,1
12.0,6.448,42,1
12.0,6.444,46,2
12.0,6.973,27,2
12.0,7.018,50,0
12.0,7.02,25,1
12.0,6.453,29,3
12.0,6.47,30,1
12.0,6.476,49,1
12.0,5.942,39,1
13.0,7.316,31,2
13.0,7.033,40,2
13.0,7.024,66,3
13.0,6.471,60,1
13.0,6.479,28,0
13.0,6.011,61,1
13.0,5.962,29,2
11.0,5.948,26,0
11.0,6.423,29,0
11.0,6.414,29,0
10.0,6.387,30,0
4.0,6.009,26,0
12.0,6.567,51,0
13.0,6.534,60,0
13.0,6.542,72,0
13.0,6.953,68,0
13.0,5.39,42,0
12.0,6.969,51,0
13.0,5.75,26,0
12.0,6.976,75,0
12.0,5.959,38,0
13.0,6.0,81,1
13.0,6.0,78,0
12.0,6.25,82,0
10.0,6.25,42,0
11.0,6.25,63,0
9.0,6.25,27,0
10.0,6.25,47,0
14.0,6.508,47,1
13.0,6.508,60,1
13.0,6.383,56,2
13.0,6.391,77,4
13.0,6.368,57,0
14.0,6.432,68,0
13.0,6.423,43,2
14.0,6.625,66,1
14.0,6.48,113,1
13.0,6.531,28,2
14.0,6.493,41,2
13.0,6.573,37,1
14.0,6.937,28,0
14.0,6.512,59,1
14.0,6.524,47,1
13.0,6.551,48,2
13.0,6.519,39,0
14.0,6.97,25,1
14.0,6.625,43,0
14.0,6.568,70,2
14.0,6.569,75,2
14.0,6.619,58,1
14.0,6.527,94,1
13.0,6.133,100,0
13.0,6.096,35,0
13.0,6.142,26,0
13.0,6.152,36,0
13.0,6.498,64,0
13.0,6.1,50,0
13.0,6.132,31,0
13.0,6.48,78,1
13.0,6.162,29,0
13.0,6.5,56,2
13.0,6.512,42,1
13.0,6.126,36,0
13.0,6.15,125,0
13.0,6.478,40,1
14.0,6.465,50,2
13.0,6.41,71,0
13.0,6.088,30,0
13.0,6.119,25,0
12.0,6.086,41,0
13.0,6.43,49,1
12.0,6.408,40,0
12.0,6.109,26,0
13.0,6.149,35,0
12.0,6.418,41,0
12.0,6.422,34,0
13.0,6.474,148,0
12.0,6.518,82,2
13.0,6.588,90,2
13.0,6.586,94,0
13.0,6.575,91,0
13.0,6.625,80,2
12.0,6.46,113,0
12.0,6.113,48,0
12.0,6.176,39,0
13.0,6.441,44,0
12.0,6.423,28,0
13.0,6.515,32,0
13.0,6.456,45,0
12.0,6.132,29,0
12.0,6.161,35,1
13.0,6.527,66,2
13.0,6.522,93,2
13.0,6.441,30,0
13.0,6.496,42,0
13.0,6.082,26,0
12.0,6.127,26,0
12.0,6.167,41,0
13.0,6.607,28,0
13.0,6.625,29,1
12.0,6.114,26,0
13.0,6.559,33,0
13.0,6.512,40,0
13.0,6.073,29,0
12.0,6.423,95,0
13.0,6.526,87,0
12.0,6.541,69,3
12.0,6.522,98,1
12.0,6.401,33,0
13.0,6.961,29,3
12.0,6.176,81,1
14.0,7.066,28,1
14.0,6.884,34,0
13.0,6.817,28,1
12.0,6.567,26,0
12.0,6.495,33,1
12.0,6.455,25,0
12.0,6.547,57,1
12.0,7.019,30,1
13.0,6.973,36,3
13.0,6.951,34,2
13.0,6.929,32,1
0.0,5.773,28,0
12.0,6.576,27,0
12.0,6.081,34,0
12.0,6.065,34,1
12.0,6.059,138,0
12.0,6.538,131,1
12.0,6.538,31,1
12.0,5.969,29,0
12.0,5.914,36,0
11.0,6.428,27,0
11.0,6.388,31,0
12.0,6.405,27,0
12.0,6.411,47,1
12.0,6.395,67,2
11.0,6.454,38,1
11.0,6.496,46,0
11.0,6.483,42,0
11.0,6.512,40,0
11.0,6.463,60,1
11.0,6.442,50,1
11.0,6.503,42,0
11.0,6.488,32,0
11.0,6.494,41,0
11.0,6.536,32,0
11.0,6.534,25,0
10.0,6.107,46,0
10.0,6.444,27,0
10.0,6.449,33,0
10.0,6.446,28,0
10.0,6.54,44,0
10.0,6.486,27,1
10.0,6.074,27,0
13.0,5.75,30,0
13.0,6.25,29,0
13.0,6.5,49,0
13.0,6.625,28,0
12.0,6.75,27,0
14.0,6.0,62,0
11.0,4.967,35,0
12.0,4.99,37,1
12.0,6.499,44,1
13.0,6.41,42,1
12.0,6.407,54,0
13.0,6.399,59,1
12.0,6.906,41,1
12.0,6.918,29,0
12.0,6.959,26,2
13.0,6.922,36,2
13.0,6.954,27,2
12.0,6.984,77,1
12.0,6.478,38,0
13.0,5.943,57,4
13.0,5.938,28,1
13.0,5.951,54,2
13.0,5.937,70,2
13.0,5.939,27,0
13.0,5.913,38,1
13.0,6.403,26,0
12.0,6.445,52,1
11.0,4.983,68,0
11.0,4.946,40,0
11.0,6.492,46,2
11.0,6.932,35,1
12.0,6.917,44,0
12.0,5.957,31,4
12.0,5.893,42,0
11.0,6.483,55,1
11.0,6.379,47,2
12.0,6.404,33,1
11.0,6.395,61,2
11.0,6.448,58,1
12.0,6.447,49,2
11.0,6.429,32,1
12.0,6.052,32,1
12.0,6.086,34,0
12.0,6.579,29,1
12.0,6.568,32,0
12.0,6.539,25,0
12.0,6.571,28,0
12.0,6.078,134,0
12.0,6.072,32,0
12.0,6.114,27,0
12.0,6.553,28,0
12.0,6.549,25,0
12.0,6.557,34,0
12.0,7.015,57,2
12.0,7.995,25,0
12.0,7.315,57,1
11.0,8.0,34,0
11.0,7.333,44,1
11.0,7.868,45,0
11.0,6.001,26,0
12.0,6.48,32,1
12.0,6.484,30,0
12.0,6.45,36,1
12.0,6.436,40,1
12.0,6.415,47,2
12.0,6.42,48,0
12.0,6.471,32,1
12.0,6.488,118,0
12.0,7.031,38,1
12.0,5.993,40,0
12.0,5.982,31,1
12.0,5.997,29,0
12.0,6.003,52,4
12.0,6.004,59,1
12.0,6.042,70,1
12.0,6.014,46,0
12.0,6.027,26,1
12.0,5.987,142,0
12.0,6.539,37,0
12.0,6.468,66,0
12.0,6.528,79,0
12.0,6.498,124,2
12.0,6.489,198,6
12.0,6.47,31,0
12.0,6.489,28,0
12.0,6.472,43,1
12.0,6.46,42,0
12.0,6.51,64,1
12.0,6.5,82,3
12.0,6.535,90,1
12.0,6.562,86,1
12.0,6.524,105,2
12.0,6.935,40,0
12.0,6.973,54,2
12.0,6.905,71,1
12.0,6.921,70,3
12.0,6.947,38,3
12.0,6.976,39,1
12.0,6.979,28,3
12.0,6.999,78,3
12.0,5.999,50,0
12.0,5.979,26,0
12.0,6.032,38,0
12.0,6.022,26,0
12.0,6.478,39,0
12.0,6.503,106,3
12.0,6.483,149,3
12.0,6.494,203,4
12.0,6.525,178,3
12.0,6.569,74,2
12.0,6.558,47,0
12.0,6.377,27,0
12.0,6.489,77,1
12.0,6.904,37,0
12.0,6.578,44,1
12.0,6.508,33,2
12.0,6.439,42,0
11.0,6.493,35,1
12.0,6.508,48,0
12.0,6.513,65,2
12.0,6.475,61,1
12.0,7.015,27,1
11.0,6.926,26,1
11.0,6.02,31,1
11.0,6.004,33,0
11.0,6.002,31,0
11.0,6.098,43,1
11.0,6.059,35,0
11.0,6.087,106,0
11.0,6.557,37,0
11.0,6.366,26,0
11.0,6.472,48,1
11.0,6.513,48,0
11.0,6.523,64,2
11.0,6.536,80,2
11.0,6.517,76,1
11.0,6.556,72,1
11.0,6.568,60,0
11.0,7.083,48,1
11.0,6.551,34,0
11.0,6.568,59,2
11.0,6.51,47,0
11.0,6.507,67,1
11.0,6.525,119,1
11.0,6.554,141,1
11.0,6.516,152,2
11.0,6.503,65,1
11.0,6.6,141,6
11.0,6.477,36,1
11.0,6.578,127,2
11.0,6.604,129,2
11.0,7.041,25,0
11.0,7.01,35,1
11.0,6.904,56,2
11.0,6.961,74,3
11.0,6.947,48,2
11.0,7.043,29,1
11.0,6.994,36,0
11.0,6.903,57,2
11.0,7.041,47,1
11.0,5.616,40,0
11.0,6.009,33,0
11.0,5.994,34,0
11.0,6.012,31,0
11.0,5.999,35,1
11.0,6.146,111,0
11.0,6.545,31,0
11.0,6.522,55,3
11.0,6.54,55,0
11.0,6.539,68,1
11.0,6.625,46,0
11.0,6.576,62,3
11.0,6.542,133,2
11.0,6.431,32,1
11.0,6.131,27,0
11.0,6.585,28,0
11.0,6.597,31,2
11.0,6.552,43,1
11.0,6.542,40,0
11.0,6.55,45,1
11.0,6.576,50,1
11.0,6.657,28,0
11.0,6.536,126,2
11.0,7.07,25,0
11.0,7.06,34,0
11.0,7.036,68,2
11.0,7.076,26,1
11.0,7.072,46,4
11.0,7.072,29,0
11.0,7.067,26,0
10.0,6.527,30,1
11.0,6.546,46,1
11.0,6.534,50,0
10.0,6.535,60,1
10.0,6.552,85,0
10.0,6.525,70,0
10.0,6.565,77,0
10.0,6.569,74,3
10.0,6.523,192,4
11.0,6.923,25,1
11.0,7.01,31,1
10.0,7.043,30,1
10.0,7.036,30,2
11.0,7.032,38,0
10.0,7.009,28,0
10.0,7.007,26,0
10.0,7.004,46,2
10.0,6.003,32,2
10.0,6.071,25,1
10.0,6.051,65,0
11.0,6.578,40,1
10.0,6.527,41,1
10.0,6.577,46,0
10.0,6.588,42,1
10.0,6.582,67,1
10.0,6.541,56,3
10.0,6.547,52,0
10.0,6.543,184,2
10.0,6.078,28,0
10.0,6.087,27,0
10.0,6.019,26,0
10.0,6.02,28,0
10.0,6.154,106,0
10.0,6.512,31,0
10.0,6.44,29,1
10.0,6.553,34,0
11.0,6.584,44,0
10.0,6.561,74,0
10.0,6.589,85,2
10.0,6.604,88,1
10.0,6.601,86,2
10.0,6.572,113,2
10.0,6.568,111,1
10.0,6.63,30,1
10.0,6.633,35,0
10.0,6.61,232,8
12.0,6.97,76,2
12.0,6.934,31,0
12.0,6.963,26,0
12.0,6.968,27,0
12.0,7.406,41,0
12.0,6.063,34,0
12.0,6.069,27,0
12.0,6.553,32,0
12.0,6.546,129,3
12.0,6.505,64,2
12.0,6.062,34,2
12.0,6.073,32,0
12.0,7.102,25,1
12.0,6.059,31,0
12.0,6.078,133,2
12.0,6.588,32,0
12.0,6.598,35,1
12.0,6.578,28,0
12.0,6.579,34,0
12.0,6.563,29,0
12.0,6.071,34,0
12.0,6.09,30,1
12.0,6.021,30,0
12.0,6.07,27,0
12.0,6.584,27,0
12.0,6.594,26,0
12.0,6.554,130,3
12.0,7.352,26,0
12.0,7.789,36,0
11.0,7.31,25,0
11.0,7.32,33,0
11.0,7.329,35,0
10.0,7.297,26,0
11.0,6.548,31,0
11.0,6.488,34,0
11.0,6.496,56,1
11.0,6.578,45,1
11.0,6.525,50,0
11.0,6.558,55,1
10.0,6.541,44,0
11.0,6.561,25,0
11.0,6.529,26,0
11.0,6.544,35,0
11.0,6.54,31,2
11.0,6.568,40,1
10.0,6.298,32,0
10.0,6.266,41,0
10.0,6.286,52,0
10.0,6.271,63,2
9.0,6.253,42,0
9.0,6.255,39,0
9.0,6.253,37,0
12.0,6.948,67,1
12.0,7.376,45,0
12.0,6.937,60,0
12.0,7.374,65,2
11.0,6.969,66,0
11.0,7.402,72,0
11.0,7.832,30,0
11.0,6.99,48,1
11.0,7.377,63,0
11.0,7.853,28,1
10.0,7.129,68,1
10.0,7.041,85,2
10.0,7.167,34,5
11.0,7.05,63,0
11.0,7.107,31,2
11.0,7.036,59,1
11.0,6.996,107,6
12.0,6.267,40,0
13.0,4.96,44,0
12.0,6.294,81,2
12.0,6.297,36,0
12.0,6.275,32,1
12.0,6.255,46,1
12.0,6.26,62,1
12.0,6.28,56,1
13.0,4.985,52,0
6.0,5.482,31,0
6.0,6.004,70,0
6.0,6.497,80,0
13.0,5.504,41,0
12.0,6.462,41,1
12.0,6.437,30,0
12.0,6.42,38,0
12.0,6.456,28,0
12.0,6.451,76,0
11.0,6.884,26,1
12.0,6.96,35,1
12.0,6.89,52,1
12.0,6.879,96,0
6.0,6.99,89,2
12.0,4.926,149,0
11.0,7.05,29,1
11.0,6.436,26,0
11.0,6.594,50,1
11.0,6.588,33,1
11.0,6.586,43,0
11.0,6.542,36,1
11.0,6.572,36,0
11.0,6.111,29,0
11.0,6.521,42,0
12.0,6.574,35,0
11.0,6.61,26,0
11.0,6.641,32,0
11.0,6.677,36,0
11.0,6.135,27,0
12.0,7.09,54,6
11.0,7.107,38,0
12.0,7.094,29,1
12.0,6.656,32,0
11.0,6.644,59,0
11.0,6.604,32,0
11.0,6.59,35,1
11.0,6.622,49,2
11.0,6.606,44,1
11.0,6.609,33,0
11.0,6.639,31,0
11.0,7.178,31,0
12.0,6.643,28,3
11.0,6.528,58,0
11.0,6.647,48,2
11.0,6.652,39,3
11.0,6.654,48,2
11.0,6.643,54,1
11.0,6.61,73,3
11.0,6.626,58,2
11.0,6.62,59,1
11.0,6.662,43,2
12.0,6.607,54,1
11.0,6.66,39,1
11.0,6.617,58,3
11.0,6.64,34,1
11.0,6.144,32,0
12.0,6.176,33,0
11.0,6.177,38,0
11.0,6.165,33,0
11.0,6.197,33,0
11.0,6.148,50,0
11.0,6.09,30,0
11.0,6.14,38,1
12.0,6.183,25,0
12.0,7.136,26,1
12.0,6.672,26,1
12.0,6.593,36,0
12.0,6.635,43,0
12.0,6.609,38,0
12.0,6.636,30,0
12.0,6.63,54,0
12.0,6.623,48,0
10.0,6.258,31,0
9.0,6.264,33,0
11.0,6.565,36,0
11.0,6.599,28,0
11.0,6.585,30,0
11.0,6.579,28,0
12.0,6.463,30,0
11.0,6.523,28,1
12.0,6.54,28,0
11.0,6.438,28,1
11.0,6.097,35,0
12.0,6.061,122,2
11.0,6.581,44,0
11.0,6.586,38,0
11.0,6.538,36,0
11.0,6.601,34,0
12.0,6.566,78,0
12.0,6.074,47,1
11.0,6.051,47,1
11.0,6.078,44,1
11.0,6.078,42,0
11.0,6.119,47,1
12.0,6.609,31,0
11.0,6.555,32,1
11.0,6.552,31,0
11.0,6.568,33,1
11.0,6.581,29,0
11.0,6.583,30,0
11.0,6.049,25,2
11.0,6.568,30,1
11.0,6.992,25,0
11.0,6.081,25,0
11.0,6.099,48,0
12.0,6.585,25,1
13.0,5.75,94,0
12.0,6.5,38,0
12.0,5.5,33,0
12.0,5.75,44,0
12.0,5.75,35,0
11.0,6.0,36,0
11.0,6.75,25,0
11.0,6.875,61,0
12.0,5.5,39,0
11.0,6.75,52,0
12.0,5.75,33,0
11.0,6.0,92,0
10.0,5.75,33,0
11.0,6.875,44,0
10.0,5.75,41,0
11.0,6.6,35,1
11.0,7.675,25,1
10.0,6.136,39,0
10.0,6.604,55,1
10.0,6.583,45,1
10.0,6.588,36,1
10.0,6.604,154,4
10.0,6.606,35,0
10.0,6.614,47,1
10.0,6.63,48,0
10.0,6.647,40,0
10.0,6.593,36,0
10.0,6.583,37,1
10.0,7.173,33,1
10.0,6.614,29,1
10.0,6.646,28,0
10.0,6.615,26,0
10.0,6.653,25,0
10.0,6.629,25,0
10.0,6.103,29,0
10.0,6.671,30,0
10.0,6.637,40,0
10.0,6.191,25,0
10.0,6.654,25,0
9.0,6.62,90,0
9.0,6.138,36,1
9.0,6.632,40,0
9.0,6.604,32,1
9.0,6.596,42,0
9.0,6.635,39,0
9.0,6.64,33,0
9.0,6.587,76,1
9.0,6.606,58,1
9.0,6.622,36,0
9.0,6.585,35,0
9.0,6.535,29,0
9.0,6.552,25,0
9.0,6.136,35,0
9.0,6.594,38,0
9.0,6.637,43,2
9.0,6.156,30,0
9.0,6.631,25,0
9.0,6.589,31,2
9.0,6.194,28,0
9.0,6.637,39,0
9.0,6.16,25,0
10.0,6.536,112,3
9.0,6.514,100,1
9.0,6.529,90,1
9.0,6.551,38,0
9.0,6.515,37,0
9.0,6.414,43,0
9.0,6.528,59,1
9.0,6.065,83,1
9.0,6.532,30,0
9.0,6.063,76,0
9.0,6.077,35,0
9.0,6.538,36,0
9.0,6.534,57,0
9.0,6.456,73,0
9.0,6.039,33,0
9.0,6.049,64,0
9.0,6.571,49,0
9.0,6.023,30,1
9.0,6.556,34,0
9.0,6.049,65,0
9.0,6.05,82,1
10.0,6.059,119,0
9.0,6.077,32,0
9.0,6.557,31,1
9.0,7.008,76,1
9.0,6.989,27,2
9.0,6.063,100,0
9.0,6.527,28,0
9.0,6.039,53,1
10.0,6.041,87,1
9.0,6.548,26,0
9.0,6.517,45,0
9.0,6.539,36,0
9.0,6.049,29,0
9.0,6.518,32,1
9.0,6.048,57,0
9.0,6.509,32,1
9.0,6.522,28,1
9.0,6.544,26,0
9.0,6.422,136,0
9.0,6.546,26,1
9.0,6.082,26,1
9.0,6.059,36,0
9.0,6.063,26,1
9.0,6.535,41,2
9.0,6.532,43,0
9.0,6.558,88,1
11.0,6.628,43,2
11.0,6.487,32,1
11.0,6.5,34,1
11.0,6.291,26,0
10.0,6.505,26,0
10.0,6.987,26,0
10.0,6.092,33,0
10.0,6.573,39,0
10.0,6.539,35,0
10.0,6.592,30,2
8.0,6.144,37,1
10.0,6.492,27,0
10.0,6.304,30,0
10.0,7.034,32,0
9.0,6.086,82,0
9.0,6.077,64,0
9.0,6.54,60,1
9.0,6.28,37,0
8.0,6.656,35,3
8.0,6.112,68,0
8.0,6.094,96,0
8.0,6.089,44,0
11.0,6.523,26,1
11.0,7.028,62,2
11.0,6.495,36,1
11.0,6.978,27,0
11.0,6.964,28,2
11.0,6.942,27,0
10.0,6.989,26,0
10.0,4.98,29,0
10.0,4.958,37,0
10.0,5.929,32,1
10.0,6.595,44,1
11.0,6.544,36,2
10.0,5.977,29,0
10.0,5.938,38,1
10.0,5.905,37,0
10.0,5.915,28,0
10.0,6.55,34,0
10.0,6.5,43,1
10.0,6.515,42,3
10.0,6.486,44,1
12.0,6.454,27,0
12.0,6.25,26,0
12.0,6.5,40,0
12.0,6.75,28,0
10.0,7.037,47,0
11.0,6.992,31,0
12.0,6.475,31,0
12.0,6.959,74,1
12.0,5.502,40,0
11.0,6.997,60,1
11.0,7.025,82,0
11.0,6.081,268,0
11.0,6.553,26,1
11.0,6.108,30,0
11.0,6.077,26,0
11.0,6.559,45,0
11.0,6.581,30,1
11.0,6.562,253,5
11.0,6.586,25,1
11.0,6.621,29,1
11.0,6.576,60,0
11.0,6.096,168,1
11.0,6.058,34,0
11.0,6.575,26,0
11.0,6.946,46,0
11.0,6.577,32,1
11.0,6.108,26,2
11.0,6.071,36,1
11.0,6.09,32,0
11.0,6.571,29,1
11.0,6.575,30,0
9.0,4.875,65,0
8.0,4.875,41,0
5.0,4.875,30,0
12.0,6.517,32,2
12.0,6.509,27,1
12.0,6.509,44,3
12.0,6.404,67,0
12.0,6.954,37,2
12.0,6.82,48,1
11.0,6.517,76,3
11.0,6.497,32,1
11.0,6.16,53,1
11.0,6.182,48,0
12.0,6.213,56,2
11.0,6.192,48,0
12.0,6.184,29,0
12.0,6.163,30,0
11.0,6.522,51,0
11.0,6.526,46,1
11.0,6.542,63,1
12.0,6.178,33,1
11.0,6.522,43,0
11.0,6.189,51,0
11.0,6.541,49,0
11.0,7.013,27,2
11.0,6.199,48,1
11.0,6.172,89,1
11.0,6.518,48,2
11.0,7.058,38,2
11.0,6.192,57,0
11.0,6.501,59,2
11.0,7.051,38,3
11.0,6.207,117,0
11.0,6.492,96,3
12.0,7.021,28,3
11.0,6.513,131,4
11.0,7.04,43,0
11.0,6.182,93,0
11.0,6.509,118,2
11.0,7.008,29,2
11.0,7.009,27,3
11.0,6.145,46,0
11.0,6.529,198,8
11.0,7.005,122,4
11.0,6.439,105,2
11.0,6.853,51,0
11.0,6.497,113,2
11.0,6.499,39,2
11.0,6.188,85,1
11.0,6.454,51,0
11.0,6.023,27,0
11.0,6.172,34,0
11.0,6.17,57,0
11.0,6.998,25,1
8.0,6.42,31,0
10.0,6.805,57,0
10.0,6.467,31,0
10.0,6.443,27,0
10.0,6.456,31,0
10.0,6.485,45,0
10.0,6.463,33,1
10.0,6.576,27,0
9.0,6.148,58,0
9.0,6.55,28,0
9.0,6.171,25,0
9.0,6.182,27,0
9.0,6.119,30,0
9.0,6.196,44,0
9.0,6.133,27,1
9.0,6.178,38,0
9.0,6.114,52,0
9.0,6.629,28,0
9.0,6.594,36,0
9.0,6.627,33,0
9.0,6.619,28,1
9.0,6.574,29,0
9.0,6.668,27,0
9.0,6.575,27,0
8.0,5.61,35,0
8.0,6.179,28,1
11.0,6.549,44,0
11.0,6.97,72,1
11.0,6.95,35,0
11.0,6.979,26,0
12.0,6.976,28,0
11.0,7.427,35,1
11.0,6.969,77,1
10.0,7.084,73,1
11.0,6.482,59,1
11.0,7.002,39,0
11.0,6.549,44,1
11.0,7.002,35,0
10.0,6.004,32,2
10.0,6.551,41,1
10.0,7.033,41,4
9.0,6.443,28,0
9.0,6.468,39,0
9.0,6.449,51,0
9.0,6.447,65,1
9.0,6.395,51,0
9.0,6.422,59,0
9.0,6.396,60,0
9.0,6.421,25,0
9.0,6.394,28,1
9.0,6.408,60,2
9.0,6.505,30,0
11.0,6.007,37,0
11.0,6.587,25,1
10.0,5.994,47,1
10.0,6.585,46,0
10.0,5.981,26,0
11.0,6.086,50,1
11.0,6.539,36,0
11.0,6.562,131,0
11.0,6.971,25,0
11.0,6.063,35,0
11.0,6.09,217,1
11.0,6.578,26,0
11.0,6.581,39,1
11.0,6.583,46,0
11.0,6.582,106,1
11.0,6.097,28,0
11.0,6.096,38,0
11.0,6.612,34,1
11.0,6.011,39,0
11.0,6.094,28,0
11.0,6.062,43,0
11.0,6.1,46,0
11.0,6.604,28,0
11.0,6.574,37,2
11.0,6.602,39,0
11.0,6.597,28,0
10.0,7.11,66,5
10.0,6.474,40,3
10.0,6.463,31,0
10.0,6.498,67,1
10.0,6.488,121,5
10.0,6.467,47,2
10.0,6.494,74,4
10.0,6.489,83,1
10.0,6.563,41,0
10.0,6.029,62,1
10.0,6.014,44,1
11.0,5.997,30,1
11.0,7.083,96,3
10.0,6.505,26,3
10.0,6.544,35,0
10.0,6.486,78,3
9.0,7.034,34,1
10.0,6.059,44,1
11.0,7.093,25,0
11.0,7.108,56,3
11.0,7.042,82,1
12.0,6.513,28,1
11.0,6.459,44,1
12.0,6.456,59,1
9.0,7.09,30,0
11.0,6.437,25,0
11.0,6.029,48,1
11.0,7.071,33,0
11.0,7.048,41,1
11.0,6.458,42,0
11.0,6.489,35,0
11.0,6.511,33,0
10.0,6.034,92,0
10.0,6.523,35,2
10.0,6.037,47,0
10.0,6.44,56,2
9.0,6.542,48,0
9.0,6.01,37,0
9.0,6.423,101,0
9.0,6.937,52,0
9.0,6.033,69,0
9.0,6.421,61,0
9.0,6.523,46,2
8.0,6.526,36,3
8.0,6.04,89,3
8.0,6.046,104,1
9.0,6.031,94,0
8.0,6.894,55,0
8.0,6.035,77,1
8.0,6.073,30,1
8.0,6.505,57,1
8.0,6.434,197,0
8.0,6.026,133,0
9.0,6.508,61,1
9.0,6.524,56,2
8.0,6.032,69,1
8.0,6.492,54,1
8.0,6.499,76,1
9.0,6.505,36,0
8.0,6.507,52,2
8.0,6.506,48,0
8.0,6.048,116,2
9.0,6.522,54,1
8.0,6.472,56,2
8.0,6.447,64,0
8.0,6.473,73,2
8.0,6.511,45,1
8.0,6.037,74,0
8.0,6.515,27,1
8.0,6.023,52,1
8.0,6.511,57,1
8.0,6.509,40,0
8.0,6.004,111,1
9.0,6.52,38,0
8.0,6.022,95,2
8.0,6.497,51,4
8.0,6.002,104,0
8.0,6.035,156,0
9.0,5.985,59,1
8.0,5.996,110,0
8.0,6.504,45,0
8.0,6.536,35,1
8.0,6.029,118,1
8.0,6.009,64,2
10.0,5.529,31,0
8.0,6.555,26,2
8.0,6.032,110,1
8.0,6.028,63,0
8.0,6.497,86,4
8.0,6.513,40,2
8.0,5.516,28,0
8.0,6.025,63,0
8.0,6.064,37,0
8.0,6.037,45,0
8.0,6.028,35,0
8.0,6.029,38,1
9.0,6.516,28,0
8.0,6.009,26,0
9.0,6.031,26,1
8.0,6.453,53,1
8.0,6.384,126,1
8.0,6.01,111,0
8.0,6.52,73,0
8.0,6.014,55,0
8.0,6.033,89,0
8.0,6.047,114,1
8.0,6.048,95,0
8.0,6.046,72,1
8.0,6.414,58,0
8.0,6.04,82,1
8.0,6.04,55,0
8.0,6.495,74,1
8.0,6.507,31,0
8.0,6.099,25,1
8.0,6.504,49,0
8.0,6.533,38,1
8.0,6.022,57,0
8.0,6.035,118,1
8.0,6.481,56,1
8.0,6.542,44,1
8.0,6.533,34,0
8.0,6.522,66,4
8.0,6.037,59,0
8.0,6.893,87,0
8.0,6.027,36,0
8.0,6.542,64,1
8.0,6.52,117,2
8.0,6.504,53,5
7.0,6.043,58,1
8.0,6.024,50,1
8.0,6.384,85,0
7.0,6.003,46,0
7.0,6.043,69,0
7.0,6.028,81,1
7.0,6.025,73,1
7.0,6.029,103,0
8.0,6.506,78,2
7.0,6.021,106,0
8.0,6.502,42,3
7.0,6.017,57,1
7.0,6.03,84,1
8.0,6.524,28,1
8.0,6.528,27,1
7.0,6.032,71,0
7.0,5.606,32,0
7.0,5.992,56,0
7.0,6.026,35,1
7.0,6.513,35,0
7.0,6.503,45,1
8.0,6.037,48,0
7.0,6.043,91,2
7.0,6.526,47,1
7.0,6.513,41,1
8.0,6.495,35,4
7.0,6.555,32,1
7.0,6.478,46,0
7.0,6.036,30,1
7.0,6.035,90,0
7.0,6.037,67,2
7.0,6.006,101,0
7.0,5.994,105,0
7.0,5.997,98,0
8.0,6.005,36,0
7.0,6.512,35,0
7.0,6.022,33,1
7.0,5.578,39,1
7.0,5.559,57,0
8.0,6.433,45,0
8.0,6.042,112,0
8.0,6.504,86,1
7.0,6.04,55,0
8.0,5.976,234,0
7.0,5.566,61,0
7.0,5.546,45,0
7.0,6.049,25,0
8.0,6.542,26,0
7.0,6.533,42,0
7.0,5.996,92,0
7.0,6.042,53,1
7.0,6.015,96,2
7.0,6.03,141,0
7.0,5.996,35,0
7.0,6.004,140,1
7.0,6.517,33,0
7.0,6.015,170,0
7.0,6.054,127,0
7.0,6.522,46,1
7.0,6.499,39,1
7.0,6.511,34,2
7.0,6.038,114,0
7.0,6.485,26,0
7.0,6.034,62,0
7.0,6.516,37,0
7.0,6.037,57,0
7.0,5.565,52,0
7.0,6.52,31,0
7.0,5.611,29,0
7.0,6.016,31,0
7.0,5.564,87,2
7.0,6.031,102,2
7.0,6.506,32,0
7.0,6.509,53,0
7.0,5.552,94,0
7.0,6.013,113,0
6.0,5.549,77,0
7.0,6.5,57,0
7.0,5.545,61,0
7.0,6.065,27,0
7.0,6.016,85,0
7.0,5.551,94,0
7.0,6.019,72,1
7.0,6.53,33,0
7.0,5.558,28,0
7.0,6.506,51,0
7.0,6.019,120,0
6.0,6.015,111,1
7.0,6.53,37,0
6.0,6.515,38,0
7.0,6.504,48,0
7.0,6.52,83,2
6.0,6.554,33,1
7.0,6.024,73,0
7.0,6.046,38,0
6.0,6.542,39,1
7.0,6.522,47,0
6.0,6.531,31,0
7.0,6.506,33,1
6.0,6.047,110,2
7.0,6.044,81,1
6.0,6.507,28,0
6.0,6.004,129,0
7.0,6.016,158,0
6.0,6.557,28,0
7.0,6.516,78,1
6.0,6.04,105,0
6.0,6.031,64,0
6.0,6.024,158,0
6.0,5.62,26,0
7.0,6.026,126,0
7.0,6.011,98,0
7.0,6.051,57,0
6.0,5.584,105,0
6.0,5.568,106,0
6.0,5.578,81,0
6.0,5.604,57,0
6.0,6.048,103,0
6.0,6.039,76,0
6.0,5.562,48,0
6.0,5.585,70,0
6.0,6.042,144,0
6.0,5.572,73,0
6.0,6.049,60,0
6.0,6.042,146,0
6.0,5.547,43,1
7.0,6.061,45,0
6.0,5.625,45,1
6.0,6.531,31,0
6.0,6.067,44,0
6.0,6.574,32,0
8.0,5.559,58,0
6.0,6.032,37,0
6.0,5.558,30,0
6.0,5.603,35,0
6.0,6.536,39,0
6.0,6.528,30,0
6.0,6.559,26,1
6.0,6.051,29,0
6.0,6.052,34,0
6.0,6.054,73,1
6.0,5.621,27,0
6.0,5.576,38,0
6.0,6.556,31,0
6.0,6.041,38,0
7.0,5.98,47,1
7.0,6.058,34,0
6.0,5.59,53,0
6.0,5.635,47,0
6.0,5.637,70,1
6.0,5.633,78,0
6.0,5.605,52,0
6.0,5.601,73,0
6.0,5.631,41,0
6.0,5.599,35,0
6.0,5.622,25,0
6.0,6.024,33,0
6.0,6.097,40,0
6.0,6.477,25,0
6.0,6.54,27,0
6.0,6.044,56,0
6.0,6.056,93,0
6.0,6.068,128,0
6.0,6.083,61,0
6.0,6.1,48,0
6.0,6.058,143,0
6.0,6.044,105,0
6.0,6.039,76,0
6.0,6.096,84,0
9.0,6.421,42,0
8.0,6.091,35,0
9.0,6.497,25,1
7.0,5.64,28,0
8.0,6.106,29,0
6.0,5.933,46,1
13.0,4.977,46,0
11.0,4.982,43,0
8.0,6.615,115,4
8.0,6.608,34,1
8.0,6.598,39,0
8.0,6.59,39,1
8.0,6.144,151,2
8.0,6.191,33,0
8.0,6.622,30,1
8.0,6.636,25,2
8.0,6.148,33,0
8.0,6.137,27,0
8.0,6.63,69,1
8.0,6.147,31,0
8.0,5.623,32,1
8.0,6.601,28,0
8.0,6.16,60,0
8.0,6.613,57,2
8.0,6.129,41,1
8.0,6.137,30,0
8.0,6.17,44,1
8.0,6.157,40,1
8.0,6.585,25,2
8.0,6.139,26,0
8.0,6.139,38,0
9.0,5.75,52,0
10.0,6.25,31,0
9.0,6.772,26,1
8.0,5.75,50,0
9.0,6.763,26,0
7.0,5.78,52,0
7.0,6.295,26,0
7.0,6.771,31,0
6.0,5.763,54,0
5.0,5.761,68,0
5.0,6.767,25,0
4.0,5.75,51,0
3.0,5.75,43,0
2.0,5.75,48,0
9.0,6.601,61,2
9.0,6.611,60,2
9.0,6.616,62,0
9.0,6.689,25,2
9.0,6.146,49,7
9.0,6.019,72,0
9.0,6.155,33,0
9.0,6.105,49,0
9.0,6.064,71,1
9.0,6.126,66,0
9.0,6.142,38,1
9.0,6.616,28,2
10.0,6.511,31,0
10.0,6.638,25,0
10.0,6.112,35,1
10.0,6.609,27,1
10.0,6.096,25,0
10.0,6.447,36,0
10.0,6.595,39,1
10.0,6.108,47,0
10.0,6.636,44,0
10.0,6.612,31,0
10.0,6.605,32,1
10.0,6.64,34,0
10.0,6.577,41,1
10.0,6.538,30,2
10.0,6.566,37,0
10.0,7.079,25,2
10.0,6.657,26,0
11.0,7.09,34,0
11.0,7.096,28,0
11.0,6.541,79,0
10.0,6.629,49,0
10.0,6.597,118,4
10.0,6.591,32,0
10.0,6.568,56,0
10.0,6.615,80,2
10.0,6.589,82,0
10.0,6.595,59,1
10.0,6.569,87,2
10.0,6.601,56,1
11.0,6.637,79,2
10.0,6.662,33,1
10.0,6.657,39,1
10.0,6.144,43,3
10.0,6.119,34,0
10.0,6.122,30,0
10.0,6.091,26,0
10.0,6.154,32,0
10.0,6.193,34,1
11.0,7.15,27,0
8.0,6.002,27,0
8.0,6.453,33,0
8.0,6.433,44,0
8.0,6.377,57,0
8.0,6.448,47,1
8.0,6.397,48,1
8.0,6.405,41,0
8.0,6.427,57,0
8.0,6.533,28,0
11.0,6.09,56,0
11.0,6.125,57,0
11.0,6.39,43,0
11.0,6.09,34,0
11.0,6.125,53,0
10.0,6.624,41,3
10.0,6.508,31,2
10.0,6.515,33,1
11.0,6.584,31,1
11.0,6.168,26,0
11.0,6.926,298,0
11.0,6.909,160,1
11.0,7.091,28,2
11.0,6.504,143,1
11.0,6.569,26,0
11.0,6.546,131,1
10.0,6.085,32,0
10.0,6.084,49,1
10.0,6.062,35,0
10.0,6.623,31,0
10.0,6.577,30,0
10.0,6.571,39,0
10.0,6.567,29,0
10.0,6.546,27,1
11.0,6.573,66,0
10.0,6.053,26,0
10.0,6.096,27,0
10.0,6.601,28,1
10.0,6.571,137,3
10.0,6.558,31,0
9.0,7.377,52,0
9.0,6.906,40,0
9.0,8.191,26,0
9.0,7.637,48,0
9.0,7.25,29,0
9.0,7.402,47,0
9.0,6.913,51,0
10.0,6.999,26,0
10.0,7.4,65,0
10.0,7.669,32,0
11.0,6.895,63,0
11.0,7.291,28,2
10.0,6.441,29,0
10.0,6.386,57,0
10.0,6.935,40,0
10.0,6.404,28,3
11.0,4.973,164,1
10.0,5.754,26,0
9.0,7.044,33,4
6.0,7.467,30,0
10.0,4.983,65,0
9.0,6.477,26,3
9.0,6.408,59,0
9.0,6.969,31,0
10.0,6.078,25,0
10.0,6.059,27,1
10.0,6.056,25,1
10.0,6.08,62,1
10.0,6.548,29,0
10.0,6.561,30,0
10.0,6.575,26,0
10.0,6.558,25,0
10.0,6.575,28,0
10.0,6.499,25,0
10.0,6.555,137,2
10.0,6.949,25,0
10.0,6.608,31,0
10.0,6.073,25,0
10.0,6.072,26,0
10.0,6.589,29,1
10.0,6.573,26,0
10.0,6.534,67,1
11.0,7.418,26,0
11.0,7.396,76,0
10.0,6.125,41,0
10.0,7.243,35,0
10.0,6.66,32,4
10.0,6.625,35,0
10.0,6.615,25,2
10.0,6.122,27,0
10.0,6.897,308,0
12.0,6.902,182,0
10.0,6.912,188,0
11.0,6.913,120,0
10.0,6.546,54,0
10.0,6.927,55,0
10.0,6.949,31,0
10.0,7.374,26,0
10.0,7.377,65,0
10.0,6.398,153,0
10.0,7.348,28,0
10.0,6.59,45,0
10.0,6.125,84,1
9.0,6.149,52,2
9.0,6.159,30,0
9.0,6.629,39,4
12.0,6.625,50,0
11.0,6.25,31,0
11.0,6.5,33,0
11.0,6.75,37,0
11.0,6.5,31,0
11.0,6.625,64,0
10.0,6.25,31,0
10.0,6.5,41,0
9.0,7.078,32,0
10.0,7.647,30,0
11.0,6.989,26,0
11.0,7.039,36,0
11.0,7.042,35,0
10.0,7.403,77,0
10.0,7.528,27,0
10.0,6.373,26,0
9.0,6.387,34,0
10.0,6.954,43,0
10.0,6.959,28,0
11.0,7.07,120,0
11.0,5.514,30,0
10.0,6.307,36,0
11.0,5.573,53,0
10.0,6.403,44,1
11.0,5.985,25,0
10.0,7.068,95,0
11.0,6.323,26,0
11.0,6.327,25,0
11.0,6.36,29,0
11.0,6.306,34,2
11.0,6.316,70,1
11.0,6.334,46,0
11.0,6.35,78,1
11.0,6.766,32,0
12.0,4.899,74,0
11.0,4.957,25,0
10.0,6.301,26,0
10.0,6.333,34,1
10.0,6.293,37,0
10.0,6.333,66,1
10.0,6.33,45,0
10.0,6.307,45,0
10.0,6.308,47,0
10.0,6.285,39,0
11.0,4.911,82,0
9.0,5.832,40,0
9.0,6.318,27,0
9.0,6.304,43,1
9.0,6.923,25,0
10.0,7.325,40,0
10.0,7.812,33,0
9.0,7.963,26,0
10.0,6.433,37,2
10.0,6.486,47,1
10.0,6.468,35,2
10.0,6.526,67,0
10.0,7.054,64,1
10.0,7.013,25,1
11.0,6.975,36,0
10.0,6.983,25,2
10.0,6.493,41,0
10.0,6.415,27,1
10.0,5.947,28,0
9.0,6.489,29,1
9.0,6.067,38,1
9.0,6.047,93,1
9.0,6.022,38,1
9.0,5.997,29,1
9.0,6.539,70,1
9.0,6.512,33,1
9.0,6.489,32,0
2.0,3.875,35,0
9.0,6.577,80,1
10.0,6.583,72,0
10.0,6.578,30,0
10.0,6.569,29,1
9.0,6.569,27,0
9.0,6.621,36,0
10.0,6.602,39,0
10.0,6.595,29,0
9.0,6.165,49,0
9.0,6.204,40,0
11.0,6.446,64,1
11.0,6.559,79,2
11.0,6.516,33,0
11.0,6.529,40,0
7.0,5.491,26,0
7.0,5.548,28,0
7.0,6.057,38,0
7.0,6.421,26,0
7.0,6.444,33,0
7.0,6.421,36,0
7.0,6.442,28,0
7.0,6.411,42,1
7.0,6.414,38,0
10.0,6.081,29,1
10.0,6.965,60,1
10.0,6.086,27,0
10.0,6.074,28,0
10.0,6.55,55,0
10.0,6.057,38,0
10.0,6.585,27,1
10.0,6.069,34,0
10.0,6.057,40,0
10.0,6.082,25,0
10.0,6.079,37,0
10.0,6.08,84,0
10.0,6.585,30,0
10.0,6.609,29,0
10.0,6.989,58,0
10.0,7.395,26,2
11.0,7.396,30,0
11.0,7.437,70,1
11.0,7.849,44,1
10.0,7.386,84,0
10.0,7.851,54,0
10.0,6.986,56,0
9.0,7.381,37,0
9.0,7.395,65,1
11.0,6.099,42,0
11.0,6.566,35,1
11.0,6.578,47,1
11.0,6.196,47,0
11.0,6.6,42,2
10.0,6.154,69,1
10.0,6.309,61,0
11.0,6.248,58,0
10.0,6.492,84,0
10.0,6.519,85,5
10.0,6.169,75,0
10.0,6.485,27,2
11.0,6.501,52,0
11.0,6.125,82,0
10.0,6.182,58,0
10.0,6.184,52,0
11.0,6.148,126,0
11.0,6.453,54,3
10.0,6.52,27,1
10.0,6.186,36,0
10.0,6.164,48,1
10.0,6.187,79,1
10.0,6.216,41,0
10.0,6.526,107,2
10.0,6.243,37,1
11.0,7.018,25,1
10.0,6.173,64,0
10.0,6.161,51,0
10.0,6.518,62,1
10.0,6.187,32,0
10.0,6.445,59,1
10.0,6.528,175,5
10.0,6.573,106,4
10.0,6.146,34,0
10.0,6.461,47,0
10.0,6.157,39,0
10.0,6.462,84,0
10.0,6.122,50,1
10.0,6.143,61,0
10.0,6.206,34,0
10.0,6.456,42,1
10.0,6.173,31,0
10.0,6.446,38,0
10.0,6.45,40,1
10.0,6.468,36,0
10.0,6.158,47,0
10.0,6.487,42,1
10.0,6.45,39,0
10.0,6.435,36,1
10.0,6.444,27,0
10.0,6.45,30,2
10.0,6.452,28,1
10.0,6.495,31,0
10.0,6.347,40,0
10.0,6.185,49,0
10.0,6.138,52,0
9.0,6.25,30,0
9.0,6.25,33,0
10.0,6.131,65,0
10.0,6.115,69,0
10.0,6.144,105,0
10.0,6.118,106,0
10.0,6.132,100,0
10.0,6.122,129,1
10.0,6.108,50,0
9.0,6.095,78,0
10.0,6.131,58,0
9.0,6.097,142,0
10.0,6.138,27,0
10.0,6.509,41,2
10.0,6.504,31,0
9.0,6.549,33,0
10.0,6.566,52,1
9.0,6.542,92,2
9.0,6.521,119,2
9.0,6.523,73,1
10.0,6.547,32,0
9.0,6.495,28,2
10.0,6.531,51,0
9.0,6.518,63,2
10.0,6.535,63,1
9.0,6.53,87,2
9.0,6.496,51,0
9.0,6.127,45,0
9.0,6.515,25,0
9.0,6.545,33,0
10.0,6.512,31,1
9.0,6.536,45,1
9.0,6.533,37,0
10.0,6.556,69,4
9.0,6.545,67,2
10.0,6.554,81,2
10.0,6.553,43,1
9.0,6.537,30,0
9.0,6.522,80,5
10.0,6.559,132,4
9.0,6.53,140,2
9.0,6.588,105,0
9.0,6.504,52,2
9.0,6.521,118,5
9.0,6.516,134,3
9.0,6.546,57,1
9.0,6.544,84,3
10.0,5.75,27,0
9.0,5.79,25,0
9.0,6.774,27,0
8.0,5.778,25,0
8.0,5.757,32,0
7.0,6.316,28,0
7.0,5.791,26,0
6.0,5.774,31,0
6.0,6.379,32,0
5.0,5.845,27,0
5.0,5.808,26,0
5.0,5.795,39,0
4.0,5.845,31,0
4.0,5.818,36,0
3.0,5.835,26,0
3.0,5.884,27,0
2.0,5.858,33,0
10.0,6.593,25,0
10.0,6.014,26,0
10.0,6.59,25,0
9.0,5.988,39,0
10.0,6.589,38,0
10.0,6.563,46,1
10.0,6.597,61,0
10.0,6.535,51,0
10.0,6.63,48,1
10.0,6.646,25,1
9.0,6.184,27,0
9.0,6.097,27,0
9.0,6.159,25,0
9.0,6.105,30,0
9.0,6.676,27,0
9.0,6.612,33,0
9.0,6.623,41,0
9.0,6.598,33,0
8.0,6.125,35,0
8.0,6.091,25,0
8.0,6.17,25,0
8.0,6.485,26,0
10.0,6.07,25,1
10.0,6.073,83,0
10.0,6.531,80,1
10.0,6.59,53,0
10.0,6.076,28,1
10.0,6.094,27,1
10.0,6.089,45,0
10.0,6.078,35,1
10.0,6.07,30,1
10.0,6.076,27,0
10.0,6.585,26,0
10.0,6.547,28,0
10.0,6.072,26,0
10.0,6.581,30,0
10.0,6.069,114,0
10.0,6.579,39,0
7.0,5.824,29,0
8.0,5.99,37,0
9.0,6.48,44,1
8.0,6.608,29,0
8.0,7.172,25,2
8.0,6.147,35,0
10.0,6.51,32,0
10.0,6.021,81,0
10.0,6.495,33,2
9.0,6.04,65,0
9.0,6.414,28,0
9.0,6.388,28,0
9.0,6.422,36,0
9.0,6.001,32,0
9.0,6.564,35,0
10.0,6.99,28,0
10.0,7.085,44,1
10.0,7.042,42,3
10.0,7.019,28,0
10.0,7.015,49,2
10.0,7.084,27,2
10.0,7.029,83,6
10.0,5.617,30,0
10.0,6.181,87,1
10.0,6.438,26,0
10.0,6.599,27,1
10.0,6.653,25,2
10.0,6.594,171,7
10.0,7.071,35,2
10.0,6.069,27,0
10.0,6.076,32,0
10.0,6.078,33,0
10.0,6.049,29,0
10.0,6.198,46,0
10.0,6.557,40,2
10.0,6.578,59,0
10.0,6.571,81,1
10.0,6.612,73,2
10.0,6.551,85,1
10.0,6.561,112,0
10.0,6.544,83,3
10.0,6.639,29,1
10.0,6.613,63,1
10.0,7.005,40,2
9.0,6.088,33,1
9.0,6.152,99,1
9.0,6.573,45,0
9.0,6.575,47,2
9.0,6.533,55,2
9.0,6.532,80,2
9.0,6.551,83,0
9.0,6.519,84,3
9.0,6.547,47,2
9.0,6.553,217,9
9.0,5.651,28,0
9.0,5.98,29,0
9.0,6.006,29,0
9.0,5.988,29,1
9.0,6.069,63,1
9.0,6.102,45,0
9.0,6.078,29,1
9.0,6.138,165,1
9.0,6.61,42,1
9.0,6.564,55,1
9.0,6.5,74,0
9.0,6.488,87,0
9.0,6.522,79,1
9.0,6.504,84,4
9.0,6.573,85,4
9.0,6.602,39,0
9.0,6.584,30,0
9.0,6.597,241,11
9.0,7.017,28,1
9.0,7.071,30,1
9.0,7.067,50,6
9.0,6.614,25,0
9.0,6.54,39,0
9.0,6.557,48,0
9.0,6.587,57,0
9.0,6.631,25,1
9.0,6.604,45,0
9.0,6.6,70,2
9.0,6.65,51,2
9.0,6.608,49,4
9.0,6.56,257,15
9.0,6.178,73,1
9.0,7.058,50,9
9.0,6.145,25,0
9.0,6.161,31,0
9.0,6.179,45,0
9.0,6.144,45,0
9.0,6.168,27,1
9.0,6.202,46,0
9.0,6.186,45,1
9.0,6.177,46,0
9.0,6.164,56,0
9.0,6.174,79,0
9.0,6.177,51,1
9.0,6.141,47,0
9.0,6.18,103,1
9.0,6.49,27,1
9.0,6.621,29,0
9.0,6.592,28,1
9.0,6.57,88,5
9.0,7.021,29,0
9.0,7.022,40,0
9.0,7.068,30,1
9.0,7.08,30,4
9.0,7.056,30,1
9.0,7.025,25,3
8.0,6.012,27,0
8.0,5.982,31,0
8.0,5.954,31,0
8.0,5.948,53,0
8.0,5.941,37,0
8.0,5.918,32,0
8.0,5.944,107,0
8.0,6.451,35,0
8.0,6.443,60,1
8.0,6.462,56,3
8.0,6.426,66,5
8.0,6.361,75,4
9.0,6.4,74,3
8.0,6.417,73,2
9.0,6.424,51,0
8.0,6.432,243,3
9.0,6.831,27,1
9.0,7.063,25,2
8.0,5.595,26,0
8.0,5.644,39,0
8.0,5.681,37,0
8.0,5.502,39,0
8.0,5.471,50,0
8.0,5.495,35,0
8.0,6.124,40,0
8.0,6.104,85,0
8.0,6.599,40,0
8.0,6.605,31,0
8.0,6.51,38,0
8.0,6.539,74,6
8.0,6.536,37,6
8.0,6.48,26,0
8.0,5.652,62,0
8.0,6.122,126,0
8.0,5.502,42,0
8.0,6.541,107,2
8.0,7.072,29,1
9.0,6.944,26,1
9.0,6.841,43,1
8.0,6.905,65,7
8.0,6.005,42,0
8.0,5.982,51,1
8.0,5.96,63,0
8.0,5.951,69,1
8.0,5.977,44,1
7.0,5.518,27,0
6.0,6.457,41,0
7.0,6.985,115,3
7.0,6.979,146,0
7.0,6.975,77,1
7.0,6.453,41,0
8.0,7.025,118,26
8.0,7.039,120,25
8.0,7.085,74,15
8.0,6.969,42,7
9.0,7.009,83,7
9.0,7.041,136,9
9.0,7.12,44,9
9.0,6.094,27,0
9.0,6.055,140,2
9.0,6.564,27,0
9.0,6.075,27,0
9.0,6.049,28,1
9.0,6.051,27,0
9.0,6.088,35,0
10.0,5.611,26,0
10.0,6.06,34,1
9.0,6.06,70,0
10.0,6.576,35,0
9.0,6.581,29,0
9.0,6.531,108,2
10.0,7.012,29,0
9.0,6.119,25,0
9.0,6.077,26,0
9.0,6.048,25,0
9.0,6.087,32,0
9.0,6.565,28,0
9.0,6.579,25,0
10.0,7.062,85,0
10.0,7.056,93,0
9.0,6.408,26,0
8.0,6.008,31,0
8.0,6.0,31,1
8.0,6.105,61,0
8.0,6.613,40,1
8.0,5.607,35,0
8.0,6.187,33,0
8.0,6.56,25,0
8.0,6.162,34,0
8.0,6.566,30,0
7.0,5.669,48,0
12.0,6.573,71,0
12.0,6.137,108,2
11.0,6.055,25,0
11.0,6.585,50,2
11.0,7.038,31,0
10.0,5.654,31,0
10.0,4.883,40,0
11.0,7.016,66,2
10.0,6.163,44,0
10.0,6.55,113,2
8.0,5.718,33,0
10.0,6.557,30,0
9.0,6.176,27,1
10.0,6.535,31,0
9.0,6.103,27,0
9.0,6.551,230,1
8.0,6.139,152,1
7.0,5.689,98,0
10.0,6.53,30,0
9.0,6.468,72,0
10.0,6.496,35,0
10.0,6.537,41,0
9.0,6.124,28,1
8.0,6.521,104,0
8.0,6.11,66,0
9.0,6.457,35,0
7.0,5.688,27,0
7.0,6.533,73,1
7.0,6.065,249,0
7.0,6.061,34,0
7.0,6.09,43,0
7.0,6.03,49,0
7.0,6.089,40,2
7.0,5.6,159,0
7.0,5.594,41,0
7.0,6.095,33,0
7.0,5.611,33,0
7.0,6.067,35,1
7.0,5.981,44,0
5.0,6.057,80,0
5.0,5.596,43,0
5.0,5.653,204,1
6.0,5.999,25,0
4.0,6.004,46,0
4.0,5.586,105,0
4.0,6.025,358,1
4.0,6.009,32,0
5.0,5.944,31,0
4.0,5.997,27,0
4.0,5.987,64,0
3.0,5.606,88,0
3.0,5.987,108,0
3.0,5.97,58,0
4.0,5.982,58,0
3.0,5.94,38,0
3.0,5.94,33,0
2.0,5.96,62,0
7.0,5.136,26,0
8.0,6.961,25,2
8.0,7.037,32,0
8.0,6.465,40,12
8.0,6.498,40,0
8.0,6.469,92,1
8.0,6.478,48,1
8.0,6.052,89,9
9.0,5.981,54,1
8.0,6.011,140,2
8.0,5.989,41,0
8.0,5.599,40,0
8.0,7.113,29,18
8.0,7.056,33,1
8.0,7.025,63,6
8.0,7.039,31,0
8.0,6.569,49,21
9.0,6.48,25,2
8.0,6.484,61,2
8.0,6.495,82,3
8.0,6.492,26,0
8.0,6.495,63,2
8.0,6.038,80,9
9.0,6.051,44,0
8.0,5.982,65,3
8.0,5.607,30,0
9.0,5.586,33,0
9.0,7.091,35,1
9.0,7.071,75,1
9.0,6.991,28,0
9.0,6.506,29,3
8.0,5.557,38,0
9.0,6.479,48,1
9.0,6.518,74,3
9.0,6.501,72,1
9.0,6.05,49,4
9.0,6.041,34,1
9.0,6.041,62,1
9.0,6.006,35,0
9.0,7.034,44,4
6.0,5.604,25,0
6.0,6.538,48,0
6.0,6.557,52,0
6.0,6.557,26,0
6.0,6.558,30,0
6.0,6.534,48,0
6.0,6.565,40,0
6.0,6.516,39,0
6.0,6.545,63,0
6.0,6.592,27,0
6.0,6.554,29,0
6.0,6.067,39,0
6.0,6.062,62,1
6.0,6.613,25,0
9.0,6.973,30,0
9.0,7.394,67,0
10.0,7.449,51,0
10.0,7.484,37,0
10.0,7.457,31,0
9.0,7.429,26,0
9.0,6.343,28,0
8.0,7.126,76,0
9.0,6.558,25,1
9.0,6.071,33,0
9.0,6.055,27,2
9.0,6.078,28,0
9.0,6.085,32,0
9.0,6.065,30,1
9.0,6.039,29,0
9.0,7.003,54,2
9.0,6.083,25,0
9.0,6.081,71,1
9.0,6.528,25,0
9.0,6.56,67,0
9.0,6.552,26,0
9.0,6.056,29,2
9.0,6.536,25,1
9.0,6.538,53,0
9.0,6.067,32,0
9.0,6.074,29,0
9.0,6.56,25,1
10.0,7.314,48,0
10.0,7.79,38,0
10.0,7.286,34,0
9.0,7.319,33,0
10.0,7.78,26,0
10.0,7.774,33,0
9.0,7.299,29,0
8.0,7.76,26,1
7.0,6.972,27,0
8.0,7.012,38,0
9.0,6.486,43,1
10.0,7.076,25,0
8.0,6.022,40,0
9.0,6.556,54,1
9.0,7.023,27,3
8.0,6.081,41,5
8.0,6.575,64,15
8.0,6.631,25,0
9.0,6.47,52,3
9.0,6.435,43,6
9.0,6.459,36,1
9.0,6.502,46,1
9.0,6.508,31,0
9.0,6.597,31,0
9.0,6.528,32,0
9.0,7.061,51,1
9.0,7.012,26,4
9.0,7.017,27,3
9.0,7.018,25,0
9.0,6.983,32,0
9.0,6.527,80,1
8.0,6.088,74,3
8.0,6.541,70,5
8.0,6.447,33,1
8.0,6.429,27,1
8.0,6.526,70,0
8.0,6.056,71,3
8.0,6.01,28,1
8.0,5.994,72,2
8.0,6.038,46,3
8.0,6.059,52,1
8.0,6.031,37,2
8.0,6.016,47,1
8.0,6.04,52,0
8.0,6.069,44,2
8.0,6.239,69,0
9.0,6.372,52,0
9.0,6.582,46,0
8.0,6.506,145,0
8.0,6.174,133,0
8.0,6.425,106,0
7.0,6.085,123,0
6.0,6.186,30,0
7.0,6.406,51,0
7.0,6.394,63,1
6.0,5.619,31,0
6.0,6.046,90,0
6.0,6.078,71,0
6.0,6.206,43,0
6.0,6.416,37,0
6.0,6.31,64,0
5.0,6.093,111,0
5.0,6.155,27,0
5.0,6.375,71,0
4.0,6.053,108,0
4.0,6.306,66,0
3.0,5.604,31,0
3.0,5.997,76,0
2.0,5.983,74,0
2.0,6.139,44,0
2.0,6.258,86,0
2.0,5.526,32,0
1.0,6.031,115,0
2.0,6.162,34,0
1.0,6.532,28,0
1.0,6.351,114,0
1.0,6.134,96,0
1.0,6.389,65,0
1.0,6.159,25,0
0.0,6.597,38,0
0.0,6.526,69,0
9.0,6.07,26,0
9.0,6.58,28,0
9.0,6.54,41,0
9.0,6.078,29,0
9.0,6.053,30,1
9.0,6.062,33,0
9.0,6.077,138,0
9.0,6.54,68,2
9.0,6.045,33,1
9.0,6.089,29,0
9.0,6.071,27,1
8.0,6.161,27,0
8.0,6.643,42,9
9.0,6.61,96,0
8.0,6.644,42,4
8.0,6.628,31,0
8.0,6.624,29,1
8.0,6.107,62,7
8.0,6.127,57,0
8.0,5.629,25,0
8.0,6.659,39,0
8.0,6.586,39,1
9.0,6.568,52,1
8.0,6.616,49,3
9.0,6.59,43,2
8.0,6.606,38,3
9.0,6.658,34,0
9.0,6.631,33,0
8.0,6.166,214,0
8.0,6.166,45,0
8.0,6.173,43,0
8.0,6.191,28,0
8.0,6.176,29,0
8.0,6.181,29,0
8.0,6.159,36,0
8.0,6.165,49,1
8.0,6.153,57,2
8.0,6.113,55,0
8.0,6.133,51,1
8.0,6.134,26,0
9.0,6.553,31,0
9.0,6.07,40,0
9.0,6.082,38,0
9.0,6.142,25,1
9.0,5.672,92,0
9.0,6.609,45,2
9.0,6.609,26,1
9.0,6.573,32,0
9.0,6.541,48,2
9.0,6.542,67,0
9.0,6.568,38,0
9.0,6.14,80,2
9.0,6.119,30,0
9.0,6.08,50,0
9.0,6.55,41,2
9.0,6.61,59,4
9.0,6.62,54,0
9.0,6.088,44,0
9.0,6.08,26,0
9.0,6.103,25,0
9.0,6.616,39,1
9.0,6.585,34,1
9.0,6.562,28,0
9.0,6.593,44,0
9.0,6.067,26,1
10.0,7.162,35,0
10.0,7.099,32,0
9.0,6.622,34,5
9.0,6.574,90,1
9.0,6.549,46,0
9.0,6.635,32,2
9.0,6.663,27,1
9.0,6.634,26,1
9.0,6.618,39,3
7.0,6.074,33,1
7.0,5.545,32,0
7.0,5.996,34,0
7.0,6.109,28,1
7.0,5.565,53,1
7.0,6.001,65,0
9.0,6.003,88,0
9.0,6.28,108,0
8.0,6.02,123,0
5.0,5.835,32,0
10.0,6.608,36,0
10.0,6.634,39,0
9.0,6.605,37,0
8.0,5.96,46,1
8.0,6.613,28,1
8.0,5.954,29,0
8.0,5.942,34,0
9.0,6.495,26,1
9.0,6.492,32,0
10.0,6.0,29,1
10.0,6.25,49,0
10.0,6.5,50,0
9.0,6.932,29,0
9.0,6.125,43,0
9.0,6.25,32,0
9.0,6.375,41,0
9.0,6.866,29,0
8.0,5.875,25,0
8.0,6.125,28,0
10.0,6.74,52,0
10.0,6.0,83,0
10.0,5.75,36,1
10.0,6.875,56,0
10.0,6.75,47,0
9.0,5.75,61,0
10.0,6.875,25,0
9.0,6.75,70,1
9.0,6.618,27,0
9.0,5.75,50,0
9.0,6.75,49,0
8.0,6.625,30,0
9.0,6.0,108,3
8.0,6.625,36,0
8.0,6.625,27,1
7.0,6.5,33,0
8.0,6.0,53,1
7.0,5.5,26,0
7.0,6.5,34,0
3.0,5.69,26,0
9.0,6.641,34,0
8.0,6.35,30,0
9.0,6.485,29,0
9.0,6.815,43,0
9.0,6.1,31,1
9.0,6.066,37,0
9.0,6.093,30,1
9.0,6.077,25,1
9.0,6.058,29,0
9.0,6.042,31,0
9.0,6.066,168,0
9.0,6.57,27,1
9.0,6.577,28,0
9.0,6.559,70,1
9.0,6.559,30,0
9.0,6.046,25,0
9.0,6.067,26,1
9.0,6.106,25,1
9.0,6.081,25,0
9.0,6.601,27,2
9.0,6.585,26,3
8.0,6.07,37,0
8.0,6.089,55,1
8.0,6.067,55,0
8.0,6.089,43,0
8.0,6.042,45,1
9.0,6.067,110,0
9.0,6.598,39,0
8.0,6.59,32,3
9.0,6.536,28,2
9.0,6.563,55,1
9.0,7.339,33,0
8.0,7.969,30,0
8.0,6.88,25,0
8.0,5.937,31,0
10.0,5.607,36,0
10.0,6.362,40,0
9.0,7.025,72,0
10.0,6.25,32,0
9.0,7.004,76,0
8.0,6.161,26,1
8.0,6.626,27,0
8.0,6.121,30,0
8.0,6.152,42,0
8.0,6.628,38,0
8.0,6.143,26,0
7.0,5.671,142,1
7.0,5.676,94,0
7.0,6.186,31,0
7.0,6.142,53,1
7.0,6.635,34,1
7.0,6.188,36,0
7.0,6.643,26,1
7.0,6.159,45,0
7.0,6.638,27,0
7.0,6.143,42,0
7.0,6.167,39,0
7.0,6.152,36,0
7.0,6.138,35,0
7.0,6.152,27,1
7.0,6.157,25,0
7.0,6.131,95,0
7.0,6.612,35,0
7.0,6.153,53,0
7.0,6.663,45,0
7.0,6.148,27,0
7.0,6.179,34,0
7.0,6.136,38,0
7.0,5.642,26,0
7.0,6.149,33,0
7.0,6.654,25,0
7.0,6.137,37,0
7.0,6.17,35,0
7.0,5.729,37,0
7.0,6.658,30,1
7.0,5.669,28,0
7.0,6.155,45,0
7.0,5.651,38,0
7.0,5.689,62,0
7.0,6.173,29,0
8.0,5.986,25,0
9.0,6.476,31,1
9.0,6.496,32,2
9.0,6.018,90,0
10.0,4.993,42,0
9.0,4.99,42,0
8.0,4.989,44,0
7.0,4.987,43,0
8.0,3.99,28,0
7.0,3.99,28,0
7.0,6.043,27,0
6.0,6.087,30,0
5.0,6.024,31,0
3.0,5.528,45,0
3.0,6.105,27,0
9.0,6.329,79,0
9.0,7.053,29,1
10.0,7.017,38,3
9.0,7.025,37,5
10.0,7.055,44,2
9.0,7.02,56,3
10.0,7.041,42,0
10.0,7.03,43,5
10.0,7.006,39,1
9.0,7.003,38,4
9.0,6.996,46,4
9.0,6.898,63,0
9.0,6.474,25,0
9.0,6.528,39,1
9.0,6.487,32,2
9.0,6.608,68,1
9.0,6.614,48,0
9.0,6.493,39,0
9.0,6.449,34,0
9.0,6.559,31,1
9.0,6.068,37,0
9.0,6.026,47,0
10.0,6.422,45,1
9.0,6.405,64,1
9.0,6.413,36,0
9.0,6.451,48,0
9.0,6.413,72,0
9.0,6.43,96,3
9.0,6.495,74,2
9.0,6.067,38,0
9.0,6.02,38,0
9.0,6.057,53,0
9.0,6.06,46,1
8.0,6.048,222,2
9.0,7.04,33,0
9.0,6.5,27,1
9.0,6.514,42,0
9.0,6.503,45,1
9.0,6.492,54,2
9.0,6.465,53,0
9.0,6.476,44,0
9.0,6.476,42,1
9.0,6.462,32,2
9.0,6.545,28,0
9.0,6.001,43,0
9.0,6.498,30,2
9.0,6.477,41,0
8.0,6.095,26,0
8.0,6.04,51,0
8.0,6.058,49,1
8.0,6.046,72,2
8.0,6.034,94,1
8.0,6.033,73,0
8.0,5.943,95,0
8.0,6.039,54,0
8.0,6.025,83,0
8.0,6.453,62,1
8.0,5.526,55,0
8.0,6.034,94,0
8.0,6.412,82,3
8.0,6.314,44,0
8.0,5.515,26,1
8.0,6.507,81,0
8.0,6.453,90,4
8.0,6.47,143,2
8.0,6.433,167,3
8.0,6.466,149,3
8.0,6.438,140,3
8.0,6.47,128,2
8.0,6.451,79,2
8.0,5.997,26,0
8.0,6.047,33,0
8.0,6.015,127,3
8.0,5.55,30,0
8.0,6.518,121,5
8.0,6.084,28,0
8.0,6.063,36,0
8.0,6.541,97,1
9.0,6.625,32,0
9.0,6.625,31,0
10.0,6.524,31,0
9.0,6.832,123,0
8.0,6.0,38,0
9.0,6.25,25,0
8.0,6.625,31,0
9.0,4.918,51,0
9.0,5.414,26,0
9.0,6.46,28,0
9.0,6.432,26,0
9.0,6.405,51,0
8.0,6.625,26,0
8.0,6.625,106,0
8.0,6.599,63,0
8.0,6.759,49,0
7.0,5.75,79,0
8.0,6.0,35,0
8.0,6.558,30,0
8.0,6.542,30,0
8.0,6.494,67,0
8.0,6.84,31,0
8.0,6.792,30,0
8.0,6.849,73,0
8.0,5.492,34,0
8.0,5.869,41,0
8.0,6.375,31,0
7.0,6.5,83,0
8.0,6.625,41,0
8.0,6.5,26,0
10.0,4.946,60,0
8.0,6.065,26,0
8.0,6.091,32,1
8.0,6.564,35,0
8.0,6.064,31,0
8.0,6.069,34,0
8.0,6.065,29,0
8.0,6.057,27,2
9.0,6.566,33,0
8.0,6.557,30,0
8.0,6.545,28,2
8.0,6.087,28,6
8.0,6.078,37,2
8.0,5.608,37,0
8.0,6.087,26,0
8.0,6.05,27,3
8.0,6.082,33,1
8.0,6.072,29,0
8.0,7.628,26,0
8.0,7.637,28,0
8.0,7.652,25,0
9.0,7.598,25,0
7.0,5.907,29,0
8.0,6.425,32,0
7.0,7.122,85,0
7.0,6.947,30,0
7.0,6.998,32,0
7.0,6.996,29,0
8.0,6.994,36,1
8.0,7.025,27,0
8.0,7.645,26,1
9.0,6.979,96,0
9.0,5.605,29,0
9.0,6.338,35,0
8.0,6.141,25,0
8.0,6.966,46,0
8.0,6.086,41,1
8.0,6.076,28,1
8.0,6.07,68,0
8.0,6.563,27,0
8.0,6.547,31,3
8.0,6.561,68,1
8.0,6.089,42,0
8.0,6.084,43,1
8.0,6.071,34,1
8.0,6.043,141,2
8.0,6.587,27,0
8.0,5.604,30,3
8.0,6.028,33,0
8.0,6.067,34,0
8.0,6.55,30,1
8.0,6.561,30,0
8.0,6.565,29,0
8.0,5.639,26,1
8.0,5.605,25,0
8.0,6.076,43,0
8.0,7.031,27,1
8.0,6.052,36,1
7.0,6.375,50,0
8.0,6.625,26,0
7.0,6.518,107,0
8.0,6.809,31,0
6.0,5.625,36,0
7.0,5.75,63,0
7.0,6.773,45,0
7.0,6.77,81,0
7.0,6.5,46,0
7.0,6.375,27,0
7.0,6.25,31,0
7.0,6.375,73,0
6.0,6.445,97,0
6.0,6.577,56,0
6.0,6.784,56,0
6.0,5.625,45,0
6.0,5.625,34,0
6.0,5.75,32,0
7.0,5.571,28,0
6.0,6.375,45,0
5.0,6.375,25,0
5.0,6.125,32,0
6.0,6.375,35,0
5.0,6.25,81,0
6.0,6.375,48,0
5.0,6.393,126,0
5.0,6.758,26,0
5.0,5.5,55,0
5.0,5.5,29,0
5.0,5.625,53,0
5.0,6.125,33,0
5.0,6.375,52,0
5.0,6.375,70,0
5.0,6.6,32,0
5.0,6.589,67,0
4.0,6.125,33,0
5.0,6.375,26,0
5.0,6.25,37,0
5.0,6.25,46,0
4.0,6.25,25,0
4.0,6.361,92,0
4.0,6.25,48,0
4.0,6.375,70,0
4.0,6.593,36,0
4.0,6.563,95,0
3.0,5.375,35,0
4.0,5.5,65,0
8.0,6.073,35,0
8.0,6.058,35,1
8.0,5.567,27,0
8.0,6.023,44,3
8.0,6.547,36,5
8.0,6.542,30,2
8.0,6.509,43,4
8.0,6.502,34,1
8.0,6.406,27,2
8.0,6.454,28,0
8.0,7.102,34,2
7.0,6.1,71,0
7.0,6.014,39,0
7.0,5.557,29,0
7.0,6.524,45,0
7.0,5.571,34,0
7.0,5.545,35,0
7.0,6.119,87,2
7.0,5.947,29,2
7.0,5.893,25,3
7.0,5.991,70,1
7.0,6.004,53,1
7.0,5.986,52,2
7.0,6.06,46,0
7.0,6.07,35,0
7.0,6.031,49,0
7.0,6.011,46,0
7.0,6.398,28,0
7.0,6.476,58,1
8.0,6.422,36,3
8.0,6.521,36,4
7.0,6.479,56,1
7.0,6.645,30,1
7.0,6.686,44,1
7.0,6.153,28,0
7.0,6.119,41,0
7.0,6.147,25,0
7.0,5.663,29,0
7.0,6.105,34,0
7.0,6.144,32,0
7.0,6.159,34,0
7.0,6.16,34,0
7.0,6.101,41,0
7.0,6.149,39,1
7.0,6.115,51,0
7.0,6.111,48,0
7.0,5.633,25,0
7.0,5.633,25,0
7.0,5.625,31,0
7.0,5.643,43,0
7.0,5.652,30,0
7.0,5.683,31,0
7.0,6.586,26,0
7.0,6.174,60,0
7.0,6.195,28,0
7.0,6.182,28,0
7.0,6.167,30,1
7.0,6.153,30,0
7.0,6.162,33,0
7.0,6.155,37,1
7.0,6.199,37,0
7.0,6.626,32,0
8.0,6.626,36,0
7.0,6.656,31,0
7.0,6.113,51,1
8.0,6.145,32,0
7.0,6.126,38,1
7.0,6.123,26,0
7.0,6.112,50,0
7.0,6.133,66,0
7.0,6.122,54,0
7.0,6.107,32,0
7.0,6.17,35,0
7.0,5.621,40,0
7.0,5.694,25,0
7.0,5.638,28,0
7.0,5.65,49,0
7.0,5.71,38,0
7.0,5.635,36,0
7.0,6.602,30,0
7.0,6.633,30,0
7.0,6.151,59,0
7.0,6.113,25,0
7.0,6.17,30,0
7.0,6.135,41,0
7.0,5.703,36,0
7.0,5.683,25,1
8.0,6.597,29,1
8.0,6.138,25,0
8.0,6.118,27,1
8.0,7.163,28,0
8.0,6.088,36,0
8.0,6.151,72,0
8.0,6.14,36,0
8.0,6.113,32,0
8.0,6.148,26,0
8.0,6.622,29,0
8.0,6.635,26,0
8.0,6.127,36,6
8.0,6.167,59,1
8.0,6.152,27,0
8.0,6.178,30,0
9.0,6.601,26,0
9.0,6.542,29,1
8.0,6.255,46,0
8.0,6.081,50,0
8.0,6.112,43,2
8.0,6.285,29,0
8.0,6.111,55,0
7.0,6.451,34,3
8.0,6.266,25,0
7.0,6.078,70,0
7.0,6.11,28,1
7.0,5.64,71,0
7.0,6.129,50,0
7.0,6.08,32,1
7.0,6.479,25,0
8.0,6.523,103,2
8.0,6.514,141,4
8.0,6.476,62,1
8.0,6.546,65,2
8.0,6.409,25,0
8.0,6.54,93,4
8.0,6.523,105,2
7.0,5.578,36,1
7.0,5.581,35,1
7.0,5.572,34,0
7.0,5.528,110,1
7.0,6.053,95,0
8.0,6.557,50,0
7.0,5.539,40,0
7.0,6.007,150,2
8.0,6.513,144,5
7.0,5.984,86,1
7.0,5.979,81,2
7.0,5.986,60,0
7.0,5.884,97,0
8.0,6.56,67,3
8.0,6.506,104,0
8.0,6.537,63,0
7.0,6.516,128,6
7.0,6.513,109,4
7.0,6.487,121,4
7.0,6.492,70,2
7.0,6.478,43,1
11.0,6.086,30,0
11.0,6.049,28,0
11.0,5.999,31,0
11.0,6.404,30,0
10.0,6.432,49,1
11.0,6.415,57,0
11.0,6.416,75,0
11.0,6.453,72,1
10.0,6.404,58,1
11.0,6.442,58,1
11.0,6.445,53,1
10.0,6.451,31,0
11.0,6.429,66,1
7.0,6.043,95,0
7.0,6.13,68,0
7.0,6.558,106,1
7.0,6.484,39,1
7.0,6.539,78,2
7.0,5.521,43,0
7.0,5.524,47,0
7.0,5.538,54,0
7.0,5.538,49,0
7.0,5.542,44,0
7.0,5.531,57,0
7.0,5.508,49,0
7.0,5.519,26,0
7.0,5.518,134,0
7.0,6.033,43,0
7.0,6.028,79,1
7.0,6.033,126,0
7.0,6.03,41,1
7.0,6.104,95,0
7.0,6.125,33,0
7.0,6.115,78,0
7.0,6.118,34,0
7.0,6.126,43,0
7.0,6.108,25,0
7.0,6.125,32,0
7.0,5.973,86,1
7.0,5.918,78,0
6.0,5.939,53,0
7.0,5.974,46,0
7.0,5.961,55,0
7.0,5.951,39,0
7.0,5.995,62,0
7.0,5.951,77,0
7.0,5.932,52,0
7.0,5.916,81,0
7.0,5.981,59,0
7.0,5.951,42,1
7.0,5.957,84,0
7.0,5.963,103,0
7.0,6.44,33,2
7.0,6.54,85,1
7.0,6.524,149,2
7.0,6.512,174,1
7.0,6.501,155,4
6.0,6.091,39,0
6.0,6.026,51,0
6.0,6.054,26,0
7.0,6.09,165,1
7.0,6.454,59,1
7.0,5.958,102,1
7.0,5.942,93,0
6.0,6.01,30,0
6.0,6.009,42,0
7.0,6.462,93,2
6.0,5.595,32,1
6.0,6.079,57,1
6.0,5.584,31,0
6.0,6.028,64,0
6.0,6.029,58,0
6.0,6.041,26,0
6.0,6.01,40,0
8.0,6.03,35,0
7.0,5.498,134,0
7.0,6.046,42,0
7.0,6.026,64,1
7.0,5.51,38,0
7.0,6.043,25,0
8.0,5.619,144,2
8.0,6.067,114,5
7.0,5.496,87,1
7.0,7.072,33,1
8.0,7.009,47,5
8.0,7.028,76,2
8.0,7.007,135,4
7.0,6.983,39,1
8.0,7.076,26,2
8.0,7.002,26,0
7.0,6.512,55,2
8.0,6.452,83,1
8.0,6.504,134,3
8.0,6.455,51,2
7.0,6.46,29,1
4.0,5.541,72,0
7.0,6.016,176,1
8.0,6.034,149,4
7.0,5.978,38,0
8.0,6.007,123,3
8.0,6.008,170,4
8.0,6.021,120,2
7.0,5.587,149,3
5.0,5.501,42,0
7.0,5.549,31,0
8.0,6.04,67,0
7.0,5.554,63,1
7.0,6.11,39,0
7.0,5.682,35,0
7.0,5.629,28,0
7.0,5.638,29,0
7.0,6.136,33,1
7.0,6.181,37,0
7.0,6.141,48,1
7.0,6.136,32,0
7.0,6.179,53,1
7.0,6.152,36,0
7.0,6.121,50,0
7.0,6.176,40,1
7.0,6.611,28,0
7.0,6.581,29,1
6.0,5.627,59,0
6.0,6.043,29,0
6.0,6.128,27,0
6.0,5.994,57,0
8.0,6.362,28,0
9.0,6.87,25,0
9.0,6.934,83,0
9.0,6.932,57,0
9.0,6.906,118,0
9.0,6.972,55,0
9.0,6.493,36,0
9.0,6.516,78,0
9.0,6.938,28,0
9.0,6.55,25,0
9.0,6.949,63,0
9.0,6.397,51,1
8.0,6.109,108,0
9.0,6.991,27,0
8.0,6.59,46,0
8.0,6.25,26,0
8.0,6.343,53,0
8.0,6.25,32,0
8.0,6.121,58,2
8.0,6.582,64,3
8.0,6.127,175,5
8.0,6.598,71,4
8.0,6.162,98,4
8.0,6.592,27,1
8.0,6.138,50,0
8.0,5.728,44,0
8.0,5.716,70,1
8.0,6.112,39,4
8.0,6.164,46,0
8.0,7.046,26,4
8.0,6.585,38,3
8.0,6.602,33,2
8.0,6.624,39,2
8.0,6.597,35,1
8.0,6.633,42,2
8.0,6.178,35,0
8.0,6.13,31,0
8.0,6.123,50,0
8.0,6.305,53,0
8.0,7.115,28,0
8.0,6.431,26,1
7.0,6.561,38,2
8.0,6.502,122,0
8.0,6.526,38,0
7.0,6.509,83,0
8.0,6.52,30,0
8.0,6.896,152,0
8.0,6.062,73,0
8.0,6.907,122,0
8.0,6.944,51,0
8.0,6.964,25,0
8.0,6.91,30,0
7.0,5.678,103,0
8.0,6.524,31,0
7.0,6.577,31,4
7.0,5.72,64,0
7.0,5.723,26,1
7.0,6.117,71,0
7.0,6.134,42,1
7.0,6.117,56,0
7.0,6.278,77,0
7.0,6.884,25,0
7.0,6.097,64,0
7.0,6.105,140,2
7.0,6.57,96,3
7.0,6.141,75,0
7.0,7.027,64,1
7.0,6.149,32,0
7.0,6.092,62,1
7.0,6.25,37,0
7.0,6.567,98,2
7.0,6.111,39,0
7.0,6.072,31,1
7.0,6.143,29,1
7.0,6.572,38,0
7.0,6.581,25,0
9.0,6.629,25,2
9.0,6.153,51,4
9.0,6.613,74,4
9.0,6.168,28,0
9.0,6.177,83,6
9.0,6.644,34,2
9.0,6.601,72,2
9.0,6.618,25,0
9.0,6.138,31,0
9.0,7.912,36,0
9.0,6.95,41,0
8.0,6.864,27,0
8.0,7.471,25,0
8.0,6.951,47,0
8.0,7.429,38,1
8.0,7.894,26,0
7.0,6.956,36,0
7.0,7.427,31,0
7.0,7.404,43,0
7.0,6.939,78,0
6.0,6.08,85,1
6.0,5.661,56,0
6.0,6.067,61,0
6.0,5.601,33,0
6.0,6.074,35,1
6.0,6.062,32,0
6.0,6.015,85,1
5.0,6.559,32,0
5.0,6.055,86,0
6.0,6.049,26,0
5.0,5.592,135,1
5.0,5.527,37,0
5.0,5.59,148,1
5.0,5.603,118,0
5.0,5.574,122,1
5.0,6.061,78,0
5.0,6.032,52,0
5.0,5.974,63,0
5.0,6.054,123,1
5.0,5.594,114,0
5.0,6.046,135,2
5.0,5.587,38,0
5.0,6.041,33,0
5.0,6.51,36,0
5.0,6.499,30,0
5.0,6.533,32,0
5.0,6.02,113,0
5.0,6.046,166,2
5.0,6.033,34,0
5.0,6.033,187,0
5.0,6.041,82,0
5.0,6.034,150,1
5.0,5.611,46,0
5.0,6.522,32,0
5.0,6.069,93,0
5.0,6.051,93,0
5.0,6.058,111,0
5.0,6.039,105,0
5.0,5.594,45,0
5.0,6.038,49,0
5.0,6.523,38,0
5.0,5.598,69,0
5.0,6.015,76,0
6.0,5.603,133,1
5.0,5.597,50,0
5.0,6.416,126,0
5.0,6.552,26,0
5.0,6.544,28,0
5.0,6.565,32,0
5.0,6.545,25,0
5.0,5.616,31,1
5.0,5.589,28,0
5.0,5.615,40,0
5.0,5.597,135,0
5.0,5.581,82,0
5.0,5.6,25,0
5.0,5.595,39,0
5.0,6.54,37,0
5.0,6.522,61,0
5.0,6.561,30,0
5.0,6.534,66,0
5.0,6.041,34,0
5.0,6.04,49,0
5.0,6.062,37,0
5.0,6.042,34,1
5.0,6.079,29,0
5.0,6.076,67,0
5.0,6.052,41,0
5.0,5.55,63,0
5.0,5.988,126,0
5.0,6.039,41,0
5.0,6.05,81,0
5.0,6.554,26,0
5.0,6.025,28,0
5.0,6.054,94,0
5.0,6.559,27,0
5.0,6.441,71,0
5.0,5.603,75,0
5.0,5.611,50,1
5.0,5.624,126,0
5.0,5.608,79,0
5.0,5.606,72,0
5.0,6.533,35,0
5.0,6.55,25,0
5.0,6.552,31,0
5.0,6.015,25,0
5.0,6.542,25,0
5.0,5.634,28,0
5.0,5.945,130,0
5.0,6.052,73,0
5.0,6.056,41,0
5.0,6.051,35,0
5.0,6.043,39,1
5.0,5.541,75,0
5.0,5.967,76,0
5.0,6.073,151,0
5.0,5.595,53,0
5.0,6.049,134,0
5.0,6.038,38,0
5.0,6.021,29,1
5.0,6.064,104,0
5.0,6.06,62,1
5.0,5.612,51,0
5.0,6.145,30,0
5.0,6.073,25,0
5.0,6.573,31,0
5.0,5.981,60,0
5.0,6.454,40,0
5.0,6.094,38,0
4.0,6.025,60,0
5.0,5.59,45,0
5.0,6.043,47,0
4.0,6.028,70,0
5.0,6.051,55,0
5.0,6.07,152,0
4.0,6.034,47,0
5.0,6.04,97,0
5.0,5.597,45,0
5.0,5.609,136,0
4.0,6.037,25,0
5.0,6.054,136,1
4.0,6.038,34,0
4.0,5.498,46,0
4.0,5.967,126,0
4.0,6.066,43,1
5.0,6.05,116,0
5.0,5.61,42,0
4.0,5.597,113,0
4.0,6.017,27,0
5.0,6.047,48,0
5.0,5.583,76,0
5.0,5.609,117,0
5.0,6.055,122,0
5.0,6.075,72,0
5.0,5.587,113,0
5.0,5.604,81,0
5.0,5.617,48,0
4.0,6.046,109,0
4.0,6.056,88,0
4.0,6.064,47,0
4.0,6.02,114,0
4.0,5.616,81,0
5.0,6.072,122,0
4.0,6.41,36,0
4.0,6.529,25,0
4.0,6.506,30,0
4.0,6.541,25,0
4.0,5.594,145,0
5.0,5.595,48,0
4.0,5.615,102,0
4.0,6.035,90,0
4.0,5.585,76,0
5.0,5.594,99,0
4.0,5.605,58,0
4.0,5.521,76,0
4.0,5.958,68,0
4.0,6.048,27,0
4.0,6.55,29,0
4.0,6.406,75,0
4.0,6.03,45,0
4.0,5.564,39,0
4.0,5.57,46,0
4.0,5.595,66,0
4.0,6.521,30,0
4.0,6.512,26,0
4.0,6.499,43,0
4.0,6.041,44,0
4.0,6.035,45,0
4.0,5.578,56,1
4.0,5.594,25,0
3.0,5.964,167,0
3.0,6.019,29,0
4.0,6.932,57,0
3.0,6.0,39,0
3.0,6.028,47,0
4.0,5.994,87,0
3.0,6.005,80,1
4.0,6.007,32,0
3.0,6.01,25,0
4.0,6.018,73,0
4.0,5.534,69,0
3.0,5.53,104,0
4.0,5.537,60,0
4.0,5.963,52,0
4.0,5.982,77,0
3.0,5.552,92,0
4.0,6.016,55,0
4.0,5.991,49,0
4.0,5.997,76,0
4.0,5.964,94,0
4.0,5.984,85,0
4.0,6.029,62,0
4.0,5.496,51,0
4.0,5.961,124,1
4.0,6.005,55,0
4.0,5.95,64,0
4.0,5.543,43,0
3.0,5.543,99,0
3.0,5.55,74,0
4.0,6.01,26,0
3.0,5.541,68,0
4.0,5.983,54,0
4.0,6.004,107,0
4.0,5.984,64,1
4.0,5.54,67,0
4.0,5.556,65,0
4.0,5.976,57,0
4.0,6.008,42,0
4.0,6.037,42,0
4.0,6.019,63,0
4.0,5.516,48,0
4.0,5.98,95,0
4.0,6.395,70,0
4.0,6.444,25,0
4.0,6.394,27,0
4.0,6.436,35,0
4.0,6.419,34,0
4.0,6.413,29,0
4.0,6.366,29,0
4.0,6.473,25,0
3.0,5.551,74,0
3.0,6.042,25,0
3.0,5.986,74,0
3.0,5.992,45,0
3.0,6.007,52,0
3.0,6.014,49,0
3.0,5.974,60,0
3.0,5.999,65,0
3.0,5.521,40,0
4.0,6.019,40,0
3.0,5.536,64,0
3.0,5.559,57,0
3.0,5.52,70,0
3.0,5.542,85,0
3.0,5.561,106,0
3.0,5.944,131,1
3.0,5.999,31,0
3.0,6.04,44,0
3.0,6.045,41,0
3.0,6.035,45,0
3.0,5.575,45,0
3.0,5.968,77,0
3.0,5.991,113,0
3.0,5.972,76,0
3.0,6.014,66,0
3.0,5.986,60,0
3.0,6.004,73,1
3.0,5.518,26,0
3.0,5.554,48,0
3.0,5.546,46,0
3.0,5.989,52,0
3.0,5.554,34,0
3.0,5.907,136,0
3.0,5.484,47,0
3.0,6.973,30,0
3.0,5.96,31,0
3.0,5.972,97,0
3.0,6.388,131,1
3.0,6.552,26,0
3.0,6.514,46,0
3.0,6.533,37,0
3.0,6.495,30,0
3.0,6.486,34,0
3.0,6.569,25,0
3.0,6.515,46,1
3.0,5.955,118,1
3.0,5.531,132,0
3.0,5.932,153,0
3.0,5.53,118,0
2.0,5.949,66,0
3.0,5.963,132,0
3.0,5.995,67,0
2.0,5.545,91,1
3.0,5.546,85,0
3.0,5.99,32,0
3.0,5.981,149,0
2.0,5.988,75,0
3.0,5.986,37,0
3.0,6.01,62,0
3.0,5.554,109,0
3.0,6.022,53,0
3.0,5.996,32,0
2.0,6.004,73,1
2.0,6.002,74,0
2.0,5.964,128,0
2.0,6.057,38,0
2.0,5.984,175,0
3.0,5.981,115,0
2.0,5.96,105,0
9.0,6.016,38,2
7.0,6.695,25,0
7.0,5.497,27,0
7.0,5.682,65,0
6.0,5.661,26,0
7.0,6.611,36,0
7.0,6.135,53,0
7.0,6.122,37,1
7.0,6.152,26,0
7.0,6.145,25,0
8.0,5.672,78,0
8.0,5.68,35,0
8.0,6.598,28,0
8.0,6.574,38,0
9.0,6.119,49,0
8.0,6.12,36,0
5.0,5.959,62,0
3.0,5.994,35,0
2.0,5.897,51,0
1.0,5.891,51,0
0.0,5.878,43,0
7.0,5.389,32,0
7.0,5.755,145,0
7.0,5.75,30,0
7.0,5.75,33,0
7.0,6.801,30,1
6.0,4.977,104,0
7.0,4.974,63,0
7.0,5.944,28,1
7.0,5.44,25,0
7.0,5.992,57,1
7.0,6.493,85,10
7.0,6.986,77,7
7.0,7.454,52,10
8.0,5.406,31,0
8.0,5.751,157,0
8.0,5.75,25,0
8.0,5.755,47,0
8.0,5.75,46,0
8.0,4.963,50,0
8.0,7.513,35,25
8.0,6.958,84,52
8.0,6.481,63,30
8.0,5.974,38,10
9.0,4.983,70,0
8.0,6.398,25,0
9.0,6.433,27,0
8.0,6.432,26,0
9.0,6.426,26,1
8.0,6.441,31,0
9.0,6.935,35,0
9.0,5.75,25,0
9.0,5.753,42,0
9.0,5.754,132,0
7.0,6.512,74,0
7.0,6.501,28,0
7.0,6.548,35,1
6.0,6.008,29,0
6.0,5.573,29,0
6.0,5.458,97,0
6.0,6.002,51,1
7.0,6.047,25,0
7.0,5.982,28,0
7.0,6.057,30,0
7.0,6.061,41,0
7.0,6.11,34,0
7.0,6.082,37,0
7.0,6.111,49,0
6.0,6.063,35,0
7.0,5.592,29,0
8.0,6.066,29,0
7.0,6.421,30,0
7.0,6.388,50,0
6.0,5.537,33,0
6.0,6.048,31,0
6.0,6.039,27,0
6.0,6.031,25,0
6.0,6.051,29,0
6.0,6.024,46,0
6.0,6.437,26,0
6.0,6.457,26,0
6.0,6.139,25,0
6.0,6.073,33,0
6.0,5.632,33,0
6.0,5.654,36,0
6.0,6.178,61,0
6.0,6.163,25,0
6.0,6.115,38,0
6.0,6.158,26,0
6.0,6.129,41,1
6.0,5.673,30,0
6.0,6.116,29,0
6.0,5.641,34,0
7.0,6.593,31,0
7.0,6.609,25,0
7.0,6.599,29,0
7.0,6.59,29,0
7.0,6.634,26,0
7.0,6.626,26,0
6.0,6.665,34,0
7.0,6.113,26,0
6.0,5.659,32,0
6.0,5.712,30,0
6.0,5.686,29,0
7.0,6.158,26,0
6.0,6.07,25,0
6.0,6.123,34,0
7.0,6.101,29,0
7.0,6.152,32,0
6.0,6.102,30,0
7.0,5.667,32,0
7.0,5.606,28,0
6.0,5.637,36,0
6.0,5.682,32,0
6.0,5.68,28,0
6.0,5.696,29,0
6.0,5.696,28,0
7.0,6.582,40,1
7.0,6.632,47,0
7.0,6.67,61,1
7.0,6.666,31,0
7.0,6.121,65,2
7.0,6.163,29,0
7.0,6.145,38,0
7.0,6.083,28,0
7.0,6.099,37,0
7.0,6.14,63,0
7.0,6.134,89,0
7.0,6.14,51,0
7.0,6.135,32,0
7.0,6.129,35,0
7.0,5.643,60,0
6.0,5.634,38,1
7.0,7.493,26,0
7.0,7.687,25,0
8.0,7.53,50,0
8.0,7.078,43,0
8.0,6.696,32,0
7.0,7.199,25,0
7.0,6.128,31,0
7.0,6.162,47,0
6.0,6.172,28,0
6.0,6.66,26,0
6.0,6.156,34,0
8.0,5.863,39,3
8.0,6.296,31,12
8.0,5.844,29,1
8.0,5.889,46,0
9.0,4.915,103,0
8.0,5.907,36,0
8.0,5.849,36,1
7.0,6.126,37,0
7.0,5.692,26,0
8.0,6.566,26,0
6.0,5.622,30,0
5.0,5.651,47,0
6.0,6.022,72,0
6.0,6.033,32,0
6.0,6.038,39,0
6.0,6.053,25,0
6.0,6.123,25,0
6.0,6.122,66,0
5.0,5.638,45,0
5.0,5.659,25,0
5.0,5.667,28,0
5.0,6.089,53,0
5.0,6.044,26,0
5.0,6.048,44,0
5.0,6.087,56,0
5.0,6.041,45,0
5.0,6.093,63,0
5.0,6.084,53,0
5.0,6.099,44,0
5.0,6.091,42,0
5.0,6.095,31,0
5.0,6.072,62,0
7.0,6.079,27,0
4.0,5.657,36,0
4.0,6.055,77,0
4.0,6.007,32,0
4.0,5.987,33,0
4.0,6.025,28,0
4.0,6.041,36,0
4.0,6.03,49,0
4.0,6.049,59,0
4.0,6.052,25,0
4.0,6.02,36,0
4.0,6.058,26,0
3.0,6.044,98,0
3.0,5.629,93,0
3.0,6.036,46,1
3.0,6.02,41,0
3.0,6.017,49,0
3.0,6.029,40,0
3.0,6.031,38,0
3.0,6.037,39,2
3.0,6.054,37,0
3.0,6.043,58,1
2.0,5.55,55,0
2.0,5.952,48,0
2.0,5.944,40,0
2.0,5.932,69,0
2.0,5.984,27,1
2.0,5.939,131,0
2.0,5.964,32,1
9.0,6.0,127,0
7.0,6.303,26,0
7.0,6.307,37,0
8.0,5.966,129,0
6.0,6.25,30,0
6.0,6.254,36,0
7.0,5.892,129,1
5.0,6.25,36,0
6.0,5.875,115,0
5.0,6.25,30,0
5.0,5.862,120,0
3.0,6.008,31,0
3.0,5.765,87,0
2.0,5.756,70,0
4.0,5.609,25,0
1.0,6.131,42,0
1.0,5.75,27,0
1.0,5.625,91,0
8.0,6.948,46,0
8.0,6.0,30,0
6.0,5.75,39,0
7.0,5.663,25,0
8.0,5.943,34,0
7.0,5.951,32,0
7.0,5.99,30,0
7.0,5.984,25,0
8.0,6.119,25,2
8.0,6.593,25,2
8.0,5.637,45,0
8.0,5.618,58,0
8.0,5.597,45,0
8.0,6.095,77,2
8.0,6.063,200,1
8.0,6.579,29,1
8.0,5.597,37,0
8.0,5.637,76,0
8.0,6.094,43,0
8.0,6.098,43,0
8.0,6.074,89,1
8.0,6.088,88,2
8.0,6.095,80,1
8.0,6.594,32,1
8.0,6.586,39,0
8.0,6.586,34,1
7.0,5.638,36,0
7.0,5.65,37,0
7.0,5.628,40,0
8.0,6.061,37,0
7.0,6.12,27,0
7.0,6.077,27,0
7.0,6.089,28,0
8.0,6.583,36,2
8.0,6.566,34,1
8.0,6.07,57,1
7.0,5.604,28,0
8.0,6.092,28,0
8.0,5.9,29,2
6.0,6.028,25,0
8.0,6.595,29,0
8.0,6.935,91,0
7.0,6.923,60,1
7.0,6.921,41,0
5.0,6.953,39,0
5.0,6.951,81,0
5.0,6.975,75,0
5.0,6.475,43,0
6.0,6.975,55,0
6.0,6.947,79,0
6.0,7.014,40,0
7.0,5.623,26,0
7.0,5.632,27,0
7.0,6.096,32,0
7.0,5.611,141,0
7.0,6.079,25,0
8.0,5.973,25,0
8.0,5.947,27,1
8.0,5.812,28,0
8.0,5.939,136,0
8.0,6.367,60,0
8.0,6.497,26,0
8.0,6.482,45,1
8.0,6.459,52,3
8.0,6.433,103,3
8.0,6.416,104,4
8.0,6.375,77,2
8.0,6.387,98,2
8.0,6.361,63,1
8.0,6.449,28,1
8.0,6.424,135,8
8.0,6.017,41,0
8.0,5.968,27,1
8.0,5.997,25,0
8.0,5.96,40,0
8.0,5.982,29,0
8.0,6.006,89,0
8.0,6.399,35,0
8.0,6.366,30,2
8.0,6.359,41,1
8.0,6.361,41,2
8.0,6.329,37,1
8.0,6.333,44,2
8.0,6.311,55,2
8.0,6.365,70,1
8.0,7.042,32,1
8.0,6.998,27,4
8.0,6.944,33,3
7.0,5.494,49,0
7.0,5.551,32,0
7.0,5.561,32,0
8.0,5.564,31,0
7.0,5.522,78,0
7.0,5.97,29,0
7.0,5.957,49,0
7.0,5.909,69,0
7.0,5.938,72,0
7.0,5.939,65,1
7.0,5.944,66,0
8.0,5.939,57,0
7.0,5.926,33,0
7.0,5.9,32,0
7.0,5.924,153,0
7.0,6.364,27,0
7.0,6.422,31,0
7.0,6.416,44,0
7.0,6.342,49,0
7.0,6.421,43,0
7.0,6.424,57,3
7.0,6.418,60,0
7.0,6.393,47,0
8.0,6.467,136,1
7.0,5.517,30,0
7.0,5.637,51,0
7.0,6.053,110,0
7.0,6.113,30,0
7.0,6.09,40,0
7.0,6.084,116,0
7.0,6.569,65,1
7.0,5.67,52,0
7.0,5.633,72,0
7.0,5.622,102,0
7.0,5.604,106,0
7.0,5.622,95,1
7.0,5.662,224,2
7.0,6.079,35,0
7.0,6.118,33,0
7.0,6.056,73,1
7.0,6.096,73,0
7.0,6.595,27,0
7.0,6.574,38,1
7.0,6.54,31,0
7.0,6.521,31,2
7.0,6.58,25,0
7.0,5.592,35,0
7.0,5.561,27,0
7.0,5.608,30,0
7.0,5.64,33,0
7.0,5.62,60,0
7.0,5.673,51,0
7.0,6.081,25,0
7.0,6.064,28,0
7.0,6.089,60,0
7.0,6.049,83,0
7.0,6.132,34,0
7.0,6.032,42,0
7.0,6.035,50,0
7.0,6.099,38,1
7.0,6.091,58,0
7.0,6.596,34,1
7.0,6.018,76,1
7.0,5.917,28,0
7.0,5.905,26,0
7.0,5.991,74,0
7.0,6.369,26,0
7.0,6.424,44,1
7.0,5.938,32,0
7.0,5.986,33,0
6.0,5.957,45,0
6.0,5.967,52,1
6.0,5.943,39,0
7.0,5.919,63,0
6.0,5.927,55,0
7.0,5.961,36,0
6.0,5.94,109,0
7.0,6.443,30,0
7.0,6.51,38,0
7.0,6.487,32,0
7.0,6.434,30,0
6.0,6.468,30,0
7.0,6.479,43,2
6.0,5.921,37,0
6.0,5.56,41,0
6.0,5.569,46,1
6.0,5.516,60,1
6.0,5.549,62,0
6.0,5.544,60,1
6.0,5.546,57,1
6.0,5.587,47,0
6.0,6.0,113,0
6.0,5.954,73,0
6.0,5.986,59,0
6.0,5.982,42,0
6.0,5.553,71,1
6.0,5.603,368,0
6.0,6.065,81,0
6.0,6.032,109,0
6.0,6.04,127,0
6.0,6.025,338,0
6.0,6.011,73,0
6.0,6.107,50,0
6.0,6.026,48,0
6.0,6.094,342,0
6.0,6.553,166,2
6.0,6.564,51,0
6.0,6.571,47,0
6.0,6.61,35,0
6.0,6.57,97,2
6.0,5.467,26,0
6.0,5.46,42,0
6.0,5.491,36,0
6.0,5.484,39,0
6.0,5.538,182,0
6.0,5.995,34,0
6.0,5.983,50,0
6.0,5.993,43,2
6.0,5.989,53,0
6.0,6.004,36,0
6.0,5.942,144,0
6.0,6.372,25,0
6.0,6.453,27,0
6.0,6.436,70,0
8.0,6.125,43,0
7.0,5.875,25,0
5.0,5.75,31,0
4.0,5.75,68,0
5.0,5.75,62,0
2.0,5.625,32,0
7.0,5.658,29,0
7.0,5.555,33,1
5.0,5.486,36,0
6.0,6.103,28,0
8.0,4.946,33,0
8.0,4.897,107,0
7.0,6.458,38,0
7.0,6.476,29,0
7.0,6.952,33,1
8.0,4.947,39,0
6.0,6.402,52,0
7.0,4.951,31,0
7.0,4.969,41,0
7.0,5.502,26,0
6.0,5.552,75,0
6.0,5.502,39,0
6.0,6.038,28,0
6.0,5.946,32,0
6.0,5.875,52,1
6.0,5.893,32,0
7.0,6.402,44,0
6.0,6.392,58,1
6.0,6.431,34,0
6.0,6.346,36,0
6.0,6.443,26,0
6.0,6.35,38,0
6.0,6.84,28,0
7.0,5.518,34,0
7.0,5.521,29,1
7.0,5.526,38,0
6.0,5.519,27,0
6.0,5.529,32,0
6.0,5.6,41,0
6.0,5.906,26,0
6.0,5.897,35,0
6.0,5.985,32,0
6.0,5.946,64,0
7.0,5.621,25,0
7.0,5.62,27,0
7.0,5.621,32,0
7.0,6.066,25,0
7.0,6.146,29,0
7.0,5.614,25,0
7.0,5.592,82,0
7.0,6.098,84,1
7.0,5.619,26,1
7.0,6.081,25,0
7.0,6.078,26,0
7.0,5.622,86,0
7.0,6.073,25,0
7.0,5.592,113,1
7.0,6.079,86,0
7.0,6.807,39,0
6.0,7.961,25,0
6.0,6.821,28,0
7.0,5.662,37,0
7.0,6.569,33,0
7.0,7.049,33,0
7.0,5.923,121,0
7.0,6.91,126,0
7.0,6.504,40,0
7.0,6.512,42,0
7.0,6.527,122,0
7.0,6.524,31,0
7.0,5.542,42,0
7.0,6.478,30,0
7.0,6.545,47,0
7.0,6.96,28,0
6.0,6.108,30,0
6.0,6.25,29,0
6.0,6.123,62,0
6.0,6.397,49,0
7.0,6.125,25,0
7.0,6.308,26,0
6.0,6.072,196,2
6.0,6.112,123,0
6.0,6.55,210,1
6.0,6.574,153,1
6.0,6.56,49,2
6.0,6.6,64,0
6.0,6.592,40,0
6.0,6.648,43,0
6.0,6.635,33,0
6.0,6.648,36,0
6.0,7.068,26,0
6.0,6.622,50,0
6.0,6.109,65,1
6.0,6.138,63,1
6.0,6.12,41,1
6.0,6.156,35,0
6.0,5.689,181,0
6.0,6.144,37,0
6.0,6.145,26,0
6.0,5.72,55,0
6.0,5.642,33,1
6.0,7.06,45,1
6.0,5.993,27,0
6.0,6.527,52,0
6.0,6.125,32,0
5.0,6.553,32,0
5.0,6.067,115,1
5.0,6.128,84,0
5.0,5.686,202,1
5.0,6.188,29,0
5.0,6.136,32,0
5.0,5.714,54,0
5.0,6.131,45,1
5.0,6.159,39,0
5.0,6.152,26,0
5.0,6.646,30,1
6.0,6.523,48,0
6.0,6.492,212,0
6.0,5.549,106,0
6.0,6.94,97,0
6.0,6.856,83,0
7.0,5.961,39,0
7.0,6.489,27,3
6.0,5.575,69,0
7.0,5.961,43,0
7.0,5.941,36,0
6.0,5.721,33,0
6.0,6.157,36,0
6.0,5.592,56,0
6.0,5.916,33,0
6.0,5.909,29,0
5.0,5.535,63,0
6.0,5.99,54,0
5.0,5.582,27,0
5.0,6.099,70,0
5.0,5.977,26,0
5.0,6.046,39,0
5.0,6.378,26,0
5.0,5.714,58,0
5.0,6.171,33,0
5.0,6.078,52,0
5.0,6.531,36,0
6.0,6.404,30,0
6.0,7.013,68,0
6.0,6.845,39,0
7.0,7.02,31,0
7.0,6.993,27,0
8.0,6.439,28,0
8.0,5.875,34,0
8.0,6.125,55,0
8.0,6.375,27,0
7.0,6.414,27,0
7.0,5.875,31,0
7.0,6.125,48,0
7.0,6.0,44,0
7.0,6.125,53,0
6.0,6.125,44,0
6.0,5.75,34,0
6.0,6.0,34,0
6.0,6.125,94,0
7.0,5.55,27,0
7.0,5.974,47,0
6.0,6.018,40,0
6.0,5.956,40,0
5.0,5.969,108,0
7.0,5.637,27,1
7.0,6.101,32,0
7.0,6.097,27,0
7.0,5.621,36,0
7.0,6.092,26,0
7.0,6.091,27,0
7.0,6.625,25,3
7.0,5.628,25,0
7.0,5.619,143,1
7.0,6.089,25,0
7.0,6.098,28,0
7.0,6.094,87,1
7.0,5.631,27,0
7.0,5.628,32,0
7.0,5.612,34,0
7.0,6.114,25,0
7.0,6.606,30,0
7.0,5.486,132,1
7.0,6.554,27,0
6.0,5.487,115,0
6.0,6.071,44,0
6.0,6.046,25,0
6.0,6.052,29,0
6.0,6.033,26,0
6.0,6.028,31,0
5.0,6.015,25,0
5.0,6.088,36,0
7.0,5.6,27,0
7.0,5.627,30,0
7.0,6.118,28,0
7.0,6.089,28,0
7.0,6.599,25,0
7.0,5.601,28,1
7.0,5.627,26,0
6.0,5.635,36,0
7.0,5.627,37,0
7.0,5.596,101,0
7.0,6.101,27,0
7.0,6.068,86,1
7.0,6.604,41,1
7.0,6.127,29,1
7.0,6.127,27,0
7.0,6.629,25,0
5.0,6.049,27,0
5.0,6.045,80,0
5.0,6.04,39,0
5.0,6.027,36,0
5.0,6.056,27,0
5.0,5.581,45,0
1.0,6.844,33,0
1.0,6.872,25,0
0.0,6.501,25,0
0.0,6.496,28,0
0.0,6.052,59,0
0.0,6.06,34,0
0.0,6.06,35,0
0.0,6.017,41,0
0.0,6.028,31,0
0.0,6.024,34,0
0.0,5.568,27,0
6.0,6.068,26,1
6.0,6.124,25,1
6.0,6.62,25,0
7.0,5.89,42,1
7.0,6.333,45,0
7.0,4.898,55,0
6.0,6.141,36,0
6.0,5.639,25,0
6.0,6.144,41,0
6.0,5.679,29,0
6.0,6.139,50,0
6.0,6.14,31,0
6.0,6.664,25,0
6.0,6.162,34,0
6.0,5.644,36,0
6.0,6.129,27,0
6.0,5.649,79,0
6.0,6.155,73,0
6.0,5.627,38,0
6.0,6.144,38,0
6.0,6.145,31,0
6.0,6.115,33,0
6.0,6.652,37,0
6.0,6.642,40,0
6.0,6.141,76,0
6.0,6.16,38,1
6.0,6.166,25,0
6.0,5.655,109,1
6.0,6.173,28,0
6.0,6.165,25,0
6.0,5.667,42,0
6.0,6.148,56,0
6.0,5.671,40,0
6.0,6.154,32,0
6.0,5.659,36,0
6.0,6.162,26,0
6.0,5.651,26,0
6.0,5.656,39,1
6.0,6.156,54,0
6.0,6.619,29,0
6.0,6.137,35,0
6.0,6.657,39,0
6.0,6.192,28,0
6.0,6.101,68,0
6.0,6.582,27,0
6.0,6.156,42,0
6.0,5.686,32,0
5.0,6.146,45,0
5.0,5.635,35,0
5.0,6.15,47,0
5.0,6.12,39,0
5.0,6.18,42,0
5.0,5.656,140,0
5.0,6.137,69,0
5.0,6.643,47,0
5.0,6.134,33,0
5.0,6.145,35,0
5.0,6.169,47,0
5.0,6.156,41,0
5.0,6.167,36,0
5.0,5.616,29,0
5.0,6.658,27,0
5.0,5.662,37,0
5.0,6.129,39,0
5.0,6.66,27,0
5.0,5.975,31,0
5.0,5.674,29,0
5.0,5.657,54,0
5.0,6.156,53,0
5.0,6.649,39,0
5.0,5.675,33,0
5.0,6.173,29,0
5.0,5.659,31,0
5.0,6.671,25,0
5.0,5.687,32,1
5.0,6.152,51,0
5.0,6.632,38,0
5.0,6.144,52,0
5.0,5.675,52,0
5.0,6.114,41,0
5.0,5.678,30,1
5.0,6.152,32,0
5.0,6.131,55,0
4.0,6.177,33,0
4.0,6.151,30,0
4.0,6.646,29,0
4.0,5.689,29,0
4.0,6.145,32,0
4.0,6.121,32,0
4.0,5.676,27,0
4.0,6.144,32,0
4.0,6.118,32,0
4.0,6.129,28,0
4.0,5.662,86,0
4.0,6.136,106,0
4.0,6.017,28,0
4.0,6.141,25,0
4.0,6.593,29,0
4.0,6.15,32,0
4.0,5.647,26,0
4.0,6.637,28,0
6.0,5.641,29,0
7.0,6.629,25,0
6.0,5.637,27,0
6.0,6.103,27,0
6.0,5.633,25,0
7.0,6.269,26,0
7.0,6.289,28,0
6.0,5.75,58,0
5.0,5.25,40,0
5.0,6.25,57,0
5.0,5.25,28,0
5.0,6.25,67,1
6.0,5.647,37,0
6.0,6.088,33,0
6.0,6.114,28,0
6.0,6.108,25,0
6.0,6.106,29,0
6.0,6.095,29,0
6.0,6.079,72,1
6.0,5.613,28,0
6.0,5.64,69,0
6.0,6.087,70,0
7.0,4.881,40,0
5.0,5.641,74,0
5.0,5.602,29,0
5.0,5.64,69,0
5.0,6.686,26,0
6.0,6.137,41,1
5.0,6.121,38,0
6.0,6.213,28,0
6.0,5.611,62,0
6.0,5.661,71,0
7.0,6.613,28,0
7.0,6.114,63,0
6.0,6.124,40,0
7.0,6.563,31,0
7.0,6.909,56,0
6.0,5.675,28,0
7.0,6.586,28,0
6.0,6.976,28,0
6.0,5.687,26,0
6.0,6.6,34,0
6.0,5.677,25,0
7.0,3.994,40,0
6.0,3.99,38,0
5.0,3.99,50,0
5.0,3.992,63,0
5.0,3.99,115,0
5.0,3.99,52,0
5.0,3.99,83,0
5.0,4.942,42,0
7.0,5.472,27,0
6.0,5.581,70,0
7.0,5.935,77,2
6.0,5.986,109,2
7.0,5.982,117,0
7.0,5.998,56,0
7.0,5.974,43,0
7.0,5.944,109,1
7.0,5.957,47,0
6.0,6.007,77,0
7.0,6.446,60,0
6.0,6.49,72,0
6.0,6.487,61,1
7.0,6.456,112,3
7.0,6.459,31,0
7.0,6.498,76,0
6.0,7.05,29,1
7.0,7.006,25,0
6.0,7.064,43,1
6.0,5.107,26,0
6.0,5.496,31,1
6.0,5.604,87,0
6.0,5.976,41,0
6.0,5.922,123,1
6.0,5.965,77,0
6.0,5.99,29,0
6.0,5.993,36,0
6.0,5.996,51,1
6.0,5.974,93,0
6.0,5.975,85,0
6.0,6.006,97,0
6.0,6.457,43,0
6.0,6.535,29,0
6.0,6.479,27,0
6.0,6.51,27,0
5.0,5.169,28,0
5.0,5.599,81,0
5.0,6.019,95,0
5.0,6.527,27,0
5.0,7.023,25,0
6.0,5.539,36,0
6.0,5.492,142,0
6.0,5.512,161,1
5.0,5.545,60,0
6.0,6.136,118,0
6.0,5.997,66,0
6.0,5.986,69,1
5.0,6.038,47,0
6.0,5.992,139,0
5.0,6.065,48,0
6.0,6.581,28,0
5.0,6.453,57,0
5.0,6.452,26,0
4.0,6.041,26,0
4.0,6.945,46,0
4.0,6.99,27,0
4.0,6.981,66,0
6.0,5.966,35,0
6.0,5.977,27,0
6.0,5.946,54,0
6.0,6.085,73,1
5.0,5.514,86,0
5.0,6.021,73,0
5.0,6.432,42,0
5.0,5.987,47,0
5.0,5.506,81,0
5.0,4.981,39,0
5.0,5.583,60,0
5.0,5.53,36,0
5.0,5.994,40,0
5.0,6.034,59,0
5.0,6.003,79,0
5.0,5.98,35,0
5.0,6.028,35,0
5.0,6.305,85,0
5.0,6.44,51,0
5.0,6.866,33,0
5.0,6.358,45,1
5.0,6.349,41,0
5.0,6.401,28,0
7.0,6.819,31,0
6.0,6.769,51,0
6.0,7.324,31,0
6.0,6.789,31,1
5.0,6.839,25,0
6.0,7.75,25,0
5.0,6.79,30,0
4.0,6.788,36,0
6.0,5.998,26,0
6.0,5.482,115,0
5.0,6.021,25,0
5.0,5.55,32,0
5.0,5.955,40,0
5.0,6.516,28,0
5.0,6.564,35,0
6.0,5.608,32,0
6.0,5.647,36,1
6.0,5.642,34,0
6.0,5.587,37,0
6.0,5.655,30,0
6.0,6.114,27,0
6.0,6.089,32,0
6.0,6.106,28,1
6.0,5.624,33,0
6.0,5.648,36,0
6.0,5.63,32,0
6.0,5.642,30,0
6.0,5.661,31,0
6.0,6.083,32,0
6.0,5.613,26,2
6.0,5.614,31,0
6.0,5.636,30,0
6.0,6.618,27,0
6.0,6.606,25,0
5.0,5.674,32,0
5.0,6.019,32,0
5.0,5.654,32,0
5.0,5.919,31,0
6.0,6.414,37,0
6.0,6.511,25,0
5.0,6.948,38,0
5.0,6.978,40,0
7.0,6.926,26,0
6.0,6.954,90,0
6.0,7.314,37,0
5.0,6.937,49,0
5.0,7.376,25,0
5.0,6.923,25,0
5.0,6.906,70,0
5.0,7.355,48,0
5.0,6.464,25,0
5.0,6.467,62,0
4.0,6.921,41,0
4.0,7.311,30,0
4.0,6.453,35,0
4.0,6.913,72,0
6.0,5.925,32,0
6.0,5.987,37,0
6.0,5.994,50,0
6.0,6.055,32,0
6.0,6.05,27,0
6.0,6.109,31,0
5.0,5.674,33,0
5.0,5.67,57,0
5.0,5.703,32,0
6.0,6.097,44,0
5.0,6.195,26,0
5.0,6.125,37,0
5.0,6.134,49,0
5.0,6.178,28,0
5.0,6.141,50,1
4.0,6.04,37,0
4.0,5.947,25,0
4.0,6.023,26,0
6.0,5.847,28,1
7.0,4.905,54,0
5.0,5.947,51,0
5.0,5.946,28,0
4.0,5.864,25,0
2.0,5.536,26,0
3.0,5.834,35,0
6.0,6.108,28,0
6.0,5.655,26,0
6.0,5.648,100,1
6.0,6.099,26,1
6.0,6.076,98,0
6.0,6.603,57,0
5.0,5.63,27,0
4.0,6.143,25,0
4.0,6.099,48,0
5.0,5.549,35,0
4.0,5.553,34,0
4.0,6.145,28,0
4.0,6.159,45,0
5.0,6.051,27,0
4.0,5.565,26,0
5.0,6.023,32,0
5.0,6.034,39,0
5.0,6.071,34,0
5.0,6.074,35,0
4.0,6.084,40,0
4.0,6.056,31,0
4.0,5.607,35,0
5.0,5.572,27,0
5.0,6.592,30,0
5.0,6.045,43,0
5.0,6.025,45,0
5.0,5.997,48,0
5.0,6.041,46,0
5.0,5.521,37,0
5.0,6.047,30,0
5.0,6.007,26,0
5.0,6.027,31,0
5.0,6.033,31,0
5.0,6.036,35,0
5.0,6.067,33,0
5.0,6.023,39,0
5.0,5.61,26,0
5.0,6.629,25,0
5.0,6.07,32,0
5.0,5.565,28,0
5.0,6.057,29,0
5.0,6.104,34,0
5.0,6.073,36,0
5.0,6.063,45,0
5.0,6.037,41,1
5.0,6.054,40,0
5.0,5.584,36,0
5.0,6.63,25,0
5.0,6.084,35,0
5.0,6.109,43,0
5.0,6.046,62,0
5.0,6.654,26,0
5.0,6.687,28,0
5.0,6.11,49,0
5.0,6.1,26,0
5.0,6.129,46,1
5.0,6.104,26,0
5.0,6.079,28,1
5.0,6.097,44,0
5.0,6.083,41,0
5.0,6.054,56,0
6.0,6.136,59,1
5.0,6.095,28,0
5.0,6.111,25,0
5.0,6.093,45,0
6.0,6.079,36,0
5.0,5.662,48,0
6.0,5.652,31,0
5.0,5.672,25,0
5.0,6.058,65,0
5.0,6.038,49,0
5.0,6.05,50,0
5.0,6.081,26,0
5.0,5.594,28,0
5.0,5.637,29,0
5.0,5.663,31,0
6.0,6.626,34,0
5.0,6.094,40,0
5.0,6.106,41,0
5.0,6.116,36,0
6.0,6.166,37,0
6.0,6.134,26,0
6.0,6.136,28,0
6.0,6.089,26,0
5.0,6.087,37,0
6.0,5.608,29,0
6.0,6.08,29,0
6.0,6.057,33,0
6.0,6.119,38,0
6.0,6.078,31,0
6.0,6.1,31,0
6.0,6.062,28,1
6.0,5.637,50,0
5.0,6.834,25,0
5.0,6.846,39,0
5.0,7.336,47,0
5.0,7.796,25,0
3.0,6.841,40,0
4.0,6.23,28,0
6.0,5.64,86,0
6.0,6.119,42,0
5.0,5.612,26,0
5.0,5.624,27,0
5.0,5.627,28,0
5.0,5.64,27,0
5.0,5.637,26,0
5.0,5.787,31,0
6.0,6.342,34,0
6.0,6.415,32,1
6.0,6.416,27,1
6.0,6.399,31,1
6.0,6.396,34,0
5.0,4.99,56,0
5.0,5.924,27,0
5.0,5.968,26,0
5.0,5.941,29,0
5.0,5.892,26,0
5.0,5.976,33,0
5.0,5.894,33,0
5.0,5.942,27,1
5.0,5.916,38,0
5.0,6.375,29,0
5.0,6.41,40,0
5.0,6.423,31,0
5.0,6.435,65,0
5.0,7.01,30,0
5.0,5.386,28,0
5.0,5.984,59,0
5.0,6.498,108,0
5.0,7.01,102,1
6.0,5.754,29,0
6.0,5.754,52,0
6.0,5.755,27,0
6.0,5.75,32,0
5.0,4.977,126,0
5.0,5.75,31,0
5.0,5.758,32,0
5.0,5.76,25,0
5.0,5.75,31,0
4.0,6.413,25,0
4.0,6.498,48,0
4.0,5.922,39,0
4.0,6.566,71,0
4.0,7.077,67,0
5.0,5.618,33,0
4.0,6.25,29,0
3.0,6.25,34,0
3.0,6.004,39,0
3.0,6.318,38,0
2.0,5.25,67,0
3.0,5.375,66,0
3.0,5.5,31,0
3.0,6.25,62,0
3.0,6.25,38,0
3.0,5.484,29,0
3.0,6.441,119,0
3.0,6.0,27,0
2.0,5.907,98,1
2.0,5.984,26,0
2.0,5.25,59,0
2.0,5.25,34,0
2.0,5.375,25,0
1.0,5.5,40,0
2.0,6.0,39,0
2.0,6.25,62,0
2.0,6.25,37,0
2.0,6.344,118,0
1.0,5.875,93,0
1.0,5.88,164,0
1.0,6.085,43,0
1.0,6.25,49,0
1.0,6.375,58,0
1.0,6.379,43,0
1.0,5.5,70,0
0.0,5.625,97,0
1.0,6.477,33,0
1.0,6.468,33,0
1.0,6.468,90,0
1.0,5.875,32,0
1.0,5.875,46,0
0.0,5.875,48,0
1.0,5.883,28,0
6.0,6.002,41,0
5.0,6.457,39,0
5.0,6.441,41,0
6.0,5.963,35,0
5.0,6.531,28,0
5.0,5.912,85,0
5.0,6.028,25,0
5.0,6.027,43,0
5.0,6.009,74,0
5.0,5.581,34,0
5.0,6.009,121,0
5.0,5.577,42,0
5.0,5.547,51,0
5.0,5.585,28,0
5.0,5.969,182,1
5.0,5.583,33,0
5.0,5.565,39,1
5.0,5.982,188,0
5.0,5.573,39,0
5.0,5.54,41,0
5.0,5.996,68,1
6.0,6.408,47,0
5.0,5.908,202,0
5.0,6.294,93,0
5.0,6.011,159,0
5.0,6.01,83,0
5.0,6.005,106,0
5.0,5.995,107,0
5.0,6.477,79,1
5.0,6.506,94,0
5.0,6.49,106,2
5.0,6.535,69,1
5.0,6.561,46,1
5.0,6.535,55,0
5.0,5.892,115,1
4.0,5.966,104,0
5.0,5.926,113,2
5.0,5.906,101,0
5.0,5.915,93,0
5.0,6.544,93,1
5.0,6.5,94,0
5.0,6.565,32,0
5.0,6.497,39,0
5.0,6.465,25,0
5.0,6.531,56,1
5.0,6.462,81,0
4.0,5.558,36,0
4.0,5.57,33,1
5.0,6.605,26,0
5.0,5.971,68,0
5.0,5.971,68,0
5.0,5.971,68,0
5.0,6.034,103,0
5.0,6.012,140,1
5.0,5.859,49,0
5.0,6.868,35,0
4.0,5.948,119,0
4.0,5.944,125,0
4.0,5.956,52,0
4.0,6.03,52,0
4.0,6.016,92,0
4.0,6.055,90,0
4.0,5.577,28,0
4.0,5.553,27,0
4.0,5.569,27,0
3.0,5.589,29,0
4.0,5.559,27,0
4.0,5.98,125,0
4.0,5.976,103,1
3.0,5.97,97,0
4.0,5.988,56,0
4.0,5.996,38,0
4.0,5.945,70,0
4.0,5.936,69,0
3.0,5.97,52,0
4.0,5.889,112,0
4.0,5.897,95,0
3.0,5.872,88,0
3.0,5.873,30,0
3.0,5.928,56,0
3.0,5.902,27,0
3.0,5.913,53,0
3.0,5.895,26,0
4.0,5.877,72,0
3.0,5.862,61,0
4.0,6.018,54,0
4.0,6.56,38,0
4.0,6.557,43,0
4.0,6.508,66,0
4.0,6.5,81,0
4.0,6.584,27,0
4.0,6.106,26,0
3.0,6.04,42,0
4.0,6.064,111,0
3.0,6.06,46,0
3.0,6.007,68,0
3.0,5.989,67,0
3.0,6.021,68,0
4.0,6.01,68,0
3.0,6.007,68,0
4.0,6.349,49,1
3.0,5.968,71,0
4.0,6.452,85,0
4.0,6.449,77,0
4.0,6.468,52,0
4.0,6.423,49,0
4.0,6.483,30,0
4.0,6.416,53,0
3.0,5.987,54,0
3.0,5.976,63,0
3.0,5.912,30,0
3.0,5.912,42,0
5.0,5.639,30,0
5.0,5.622,111,0
5.0,6.085,87,0
5.0,6.608,29,0
5.0,5.625,47,0
5.0,5.646,53,0
5.0,5.648,54,1
5.0,5.607,55,1
5.0,6.11,41,1
5.0,6.098,39,0
4.0,6.04,30,0
4.0,6.049,30,0
4.0,6.034,27,0
4.0,5.988,37,0
3.0,6.082,30,0
3.0,6.093,26,0
6.0,5.587,32,0
6.0,6.109,37,0
5.0,5.964,34,0
5.0,5.981,30,0
5.0,5.948,68,0
5.0,5.965,61,0
5.0,5.924,59,0
5.0,5.951,77,0
5.0,5.865,54,0
5.0,5.942,27,0
5.0,5.911,25,1
5.0,5.929,180,1
5.0,6.406,29,0
5.0,6.445,48,0
5.0,5.889,60,0
5.0,5.514,25,0
5.0,5.537,30,0
5.0,5.531,39,0
5.0,5.56,43,0
5.0,5.562,32,0
5.0,5.571,308,0
5.0,5.891,36,0
5.0,5.996,26,0
5.0,5.9,42,0
5.0,5.953,80,0
5.0,5.93,67,1
5.0,5.96,122,0
5.0,5.959,115,0
5.0,5.936,111,1
5.0,5.94,107,0
5.0,5.938,56,0
5.0,5.91,45,0
5.0,5.953,304,1
5.0,6.346,69,0
5.0,6.495,69,0
5.0,6.454,48,0
5.0,6.528,47,0
5.0,6.489,78,1
5.0,6.467,77,0
5.0,6.502,66,0
5.0,6.506,57,0
5.0,6.48,118,0
5.0,6.977,33,0
5.0,5.478,34,0
5.0,5.517,26,0
5.0,5.531,30,0
5.0,5.539,39,0
5.0,5.472,44,0
5.0,5.535,32,0
5.0,5.525,34,1
5.0,5.52,41,0
5.0,5.543,279,1
5.0,5.888,42,0
5.0,5.953,27,0
5.0,5.931,30,0
5.0,5.95,99,0
5.0,5.575,66,0
5.0,5.953,27,0
5.0,6.032,38,0
5.0,5.997,44,0
5.0,5.997,48,0
5.0,6.005,45,0
5.0,6.005,116,0
5.0,6.526,31,0
5.0,6.456,36,0
5.0,6.504,26,0
5.0,6.543,63,0
5.0,5.564,27,0
5.0,6.031,30,0
5.0,5.966,49,0
4.0,5.943,29,0
4.0,5.948,46,0
4.0,5.944,50,0
4.0,5.961,88,0
4.0,5.912,44,0
4.0,5.896,66,0
4.0,5.93,43,0
4.0,5.875,100,0
5.0,6.45,25,0
4.0,5.569,28,0
4.0,5.541,27,0
4.0,5.543,27,0
4.0,5.536,43,0
4.0,5.529,140,0
4.0,5.873,35,0
4.0,5.897,50,0
4.0,5.922,51,0
4.0,5.89,41,0
4.0,5.906,65,0
4.0,5.889,53,0
4.0,5.95,40,0
4.0,5.971,86,0
4.0,5.924,122,0
4.0,5.533,69,0
4.0,5.884,102,1
4.0,5.521,32,0
4.0,5.547,36,1
4.0,5.531,32,0
4.0,5.57,32,0
4.0,5.55,34,0
4.0,5.843,38,0
4.0,5.851,34,0
4.0,5.951,41,0
4.0,5.866,37,0
4.0,5.931,45,0
4.0,5.91,62,0
4.0,5.916,75,0
4.0,5.916,68,0
4.0,5.936,77,1
4.0,5.907,58,0
4.0,5.895,37,0
4.0,5.946,117,0
4.0,6.311,26,0
4.0,6.471,33,1
4.0,5.525,28,0
4.0,5.518,34,0
4.0,5.546,32,0
4.0,5.549,89,1
4.0,5.848,43,0
4.0,6.099,35,0
4.0,6.02,39,0
4.0,5.994,58,1
4.0,5.977,49,0
4.0,6.024,55,0
4.0,5.941,49,0
4.0,5.997,52,0
4.0,5.998,36,0
4.0,5.96,137,0
4.0,6.982,25,0
4.0,6.428,27,0
4.0,6.502,35,1
4.0,6.5,34,0
4.0,6.464,54,0
4.0,6.484,29,1
4.0,6.51,60,0
4.0,6.422,27,0
4.0,6.502,35,0
3.0,5.847,29,0
3.0,5.832,50,0
3.0,5.828,43,0
3.0,5.839,46,0
3.0,5.888,74,0
3.0,5.872,36,0
3.0,5.856,70,0
3.0,5.466,30,0
3.0,5.491,40,0
3.0,5.509,49,0
3.0,5.517,42,0
3.0,5.528,50,0
3.0,5.51,30,0
3.0,5.526,31,0
3.0,5.506,148,0
3.0,5.866,62,0
3.0,5.863,37,0
3.0,5.883,36,0
3.0,5.858,54,0
3.0,5.889,60,0
3.0,5.883,89,0
3.0,5.873,122,0
3.0,5.904,106,0
3.0,5.904,151,0
3.0,5.922,79,0
3.0,5.876,72,0
3.0,5.914,259,1
3.0,6.425,40,0
4.0,6.155,36,0
4.0,6.044,26,0
4.0,6.048,61,0
4.0,6.06,67,0
4.0,6.053,36,0
4.0,6.055,55,0
4.0,6.105,45,0
4.0,6.087,72,0
4.0,6.074,60,0
4.0,6.106,53,0
4.0,6.078,32,0
4.0,5.578,33,0
4.0,5.546,32,0
4.0,5.551,31,0
4.0,5.571,51,0
4.0,5.565,26,0
4.0,6.577,27,0
4.0,6.082,28,0
4.0,6.045,37,0
4.0,6.034,33,0
4.0,6.094,32,0
4.0,6.051,40,0
4.0,6.064,51,1
4.0,5.6,39,0
4.0,5.608,26,0
4.0,6.616,25,0
5.0,6.132,36,0
4.0,6.083,26,0
4.0,6.095,26,0
4.0,6.599,25,0
4.0,6.04,29,0
4.0,6.122,30,0
4.0,6.064,41,0
6.0,6.571,29,0
6.0,6.584,57,0
6.0,5.75,34,0
5.0,6.529,56,0
5.0,6.498,63,0
6.0,6.48,64,0
6.0,6.485,39,0
6.0,6.534,26,0
6.0,5.869,26,0
6.0,5.838,88,0
6.0,5.826,73,0
6.0,6.48,89,0
6.0,6.556,26,0
6.0,6.118,30,0
6.0,6.25,54,0
5.0,6.115,52,0
5.0,6.536,25,0
5.0,6.415,30,0
5.0,6.551,39,0
5.0,6.591,41,0
5.0,6.056,223,0
5.0,6.125,144,0
5.0,6.19,46,0
5.0,6.577,31,0
5.0,6.592,25,0
5.0,6.147,56,0
5.0,6.166,50,0
5.0,6.145,31,0
5.0,6.548,25,0
5.0,6.097,34,0
5.0,5.383,32,0
5.0,6.433,47,0
5.0,6.412,183,0
5.0,6.44,29,0
5.0,6.439,58,0
5.0,5.882,108,0
5.0,6.826,68,0
4.0,6.08,25,0
4.0,6.057,36,0
4.0,6.0,31,0
4.0,6.053,54,0
4.0,6.142,26,0
4.0,6.037,46,0
4.0,6.099,37,0
4.0,6.082,29,0
4.0,5.705,159,0
4.0,6.171,25,1
4.0,6.018,27,0
4.0,6.097,41,1
4.0,5.703,48,0
4.0,6.09,41,0
4.0,5.734,39,0
4.0,6.157,47,0
3.0,5.75,29,0
3.0,5.664,93,0
4.0,6.106,77,0
4.0,5.733,68,0
3.0,5.72,68,0
4.0,6.126,47,0
3.0,6.167,32,0
4.0,6.162,34,0
4.0,6.148,43,0
4.0,6.144,27,0
4.0,5.975,46,0
4.0,6.017,33,0
3.0,6.095,41,0
4.0,6.478,45,0
4.0,6.399,133,0
4.0,5.901,29,0
4.0,6.45,42,0
4.0,6.472,36,0
4.0,6.5,28,0
4.0,6.19,30,0
3.0,5.947,26,0
3.0,5.964,40,0
3.0,6.543,99,1
3.0,6.51,46,0
3.0,6.023,51,0
3.0,6.041,101,1
3.0,6.019,119,0
3.0,6.055,164,0
2.0,6.079,81,0
3.0,6.582,26,0
3.0,6.094,103,0
3.0,6.094,115,1
3.0,6.139,87,0
2.0,6.943,25,0
5.0,4.984,30,0
4.0,5.935,86,0
4.0,5.472,39,0
4.0,5.932,36,0
5.0,5.531,27,0
5.0,5.515,32,0
4.0,5.904,30,0
4.0,6.003,47,0
4.0,5.966,32,0
4.0,5.924,34,0
4.0,5.919,45,0
4.0,5.855,44,0
4.0,5.868,43,0
4.0,5.87,50,0
5.0,5.903,42,0
5.0,5.875,42,0
4.0,6.357,28,0
4.0,6.37,30,0
5.0,6.425,43,0
5.0,6.404,31,1
4.0,6.29,29,0
4.0,6.313,42,1
4.0,6.303,37,0
4.0,6.797,28,0
3.0,4.969,27,0
3.0,5.923,107,0
3.0,6.33,37,0
3.0,6.779,31,0
3.0,5.426,34,0
3.0,5.928,29,0
3.0,5.961,42,0
5.0,5.607,44,0
5.0,5.645,39,0
5.0,5.61,37,0
5.0,6.11,46,0
5.0,6.12,45,0
5.0,5.579,48,0
5.0,5.6,47,0
5.0,5.664,33,0
5.0,5.643,29,0
5.0,5.613,35,0
5.0,5.635,37,0
5.0,6.112,34,0
5.0,6.115,39,0
5.0,6.096,47,1
5.0,6.088,31,0
5.0,6.148,30,0
5.0,6.605,28,0
5.0,6.608,28,0
5.0,5.091,26,0
5.0,5.576,27,1
5.0,5.658,25,1
5.0,5.622,26,0
5.0,6.984,30,0
5.0,5.632,40,0
5.0,5.591,29,0
5.0,5.621,41,1
5.0,6.1,27,0
5.0,5.537,29,0
5.0,5.52,32,0
5.0,5.958,33,0
5.0,5.93,43,0
6.0,6.355,25,0
3.0,5.5,28,0
3.0,5.513,37,0
2.0,5.531,153,0
2.0,5.973,124,0
2.0,5.991,61,0
2.0,5.524,78,1
2.0,5.975,97,0
2.0,5.53,114,0
2.0,5.528,66,0
2.0,5.96,34,0
2.0,5.978,97,1
2.0,5.517,122,1
3.0,5.985,84,0
2.0,5.514,91,1
2.0,5.966,154,0
2.0,5.52,103,0
2.0,5.551,77,0
2.0,5.926,143,0
2.0,5.98,27,0
2.0,5.997,114,0
2.0,5.986,81,1
2.0,5.995,47,0
2.0,5.523,43,0
2.0,5.978,114,0
2.0,5.955,108,0
2.0,5.985,35,0
2.0,5.93,30,1
2.0,5.497,36,0
2.0,5.534,30,0
2.0,5.939,75,0
2.0,5.523,150,1
2.0,6.371,73,0
2.0,6.538,35,0
2.0,6.546,31,0
2.0,6.537,26,0
2.0,6.547,26,0
2.0,6.516,29,0
2.0,6.514,29,0
2.0,6.488,28,0
2.0,6.032,61,0
2.0,6.041,34,0
2.0,5.957,79,0
2.0,5.959,48,0
2.0,5.941,83,0
2.0,5.972,170,0
2.0,5.964,161,0
2.0,5.963,159,0
2.0,5.967,102,0
2.0,5.505,47,0
2.0,5.523,97,0
2.0,5.521,42,0
5.0,5.637,26,0
5.0,5.633,87,0
5.0,6.099,58,0
5.0,6.614,37,0
5.0,5.615,28,0
5.0,5.636,28,0
4.0,5.586,28,0
5.0,5.599,37,0
4.0,5.614,40,0
5.0,5.62,38,0
4.0,5.607,34,0
5.0,6.116,26,1
4.0,5.611,44,0
4.0,6.095,26,0
4.0,6.03,61,0
4.0,6.045,27,0
4.0,6.108,26,0
4.0,5.987,26,0
4.0,5.961,34,0
4.0,5.775,25,0
4.0,6.56,28,0
4.0,6.024,32,0
4.0,6.02,26,0
3.0,6.076,62,0
3.0,6.052,54,0
3.0,6.012,30,0
3.0,5.978,45,0
3.0,5.991,60,0
3.0,6.049,30,0
3.0,5.981,65,0
3.0,5.943,59,0
3.0,6.027,62,0
3.0,5.971,39,0
3.0,6.006,33,0
3.0,5.808,27,0
2.0,6.588,29,0
3.0,6.491,30,1
4.0,6.987,38,0
4.0,6.974,49,0
4.0,6.991,25,0
5.0,5.996,33,0
4.0,6.052,35,0
3.0,5.996,27,0
5.0,6.4,25,0
5.0,5.875,103,0
5.0,6.0,60,0
5.0,6.125,53,0
4.0,5.75,39,0
4.0,5.875,58,0
3.0,5.75,42,0
3.0,5.875,57,0
3.0,5.625,43,0
3.0,5.75,118,0
3.0,5.875,31,0
3.0,5.596,38,0
2.0,5.564,31,0
2.0,5.577,84,0
2.0,5.567,54,0
2.0,5.55,52,0
2.0,5.578,46,0
2.0,5.543,27,0
5.0,5.501,41,0
3.0,5.97,51,0
3.0,6.0,39,0
3.0,5.952,45,0
3.0,5.93,33,0
3.0,5.891,44,0
3.0,5.964,54,0
2.0,5.835,57,1
3.0,6.402,35,0
2.0,5.487,31,0
2.0,5.96,25,0
2.0,5.877,78,0
2.0,5.852,28,0
2.0,6.335,42,0
2.0,6.789,28,0
2.0,3.791,31,0
2.0,4.987,47,0
2.0,5.525,51,0
2.0,5.498,29,1
2.0,5.885,25,0
2.0,5.906,37,0
2.0,5.914,35,0
2.0,5.877,27,0
2.0,5.836,48,0
2.0,5.908,36,0
2.0,5.885,58,0
2.0,5.895,53,0
2.0,5.864,40,0
3.0,6.367,29,0
3.0,6.369,28,0
3.0,5.588,48,0
2.0,5.665,25,0
6.0,4.886,107,0
5.0,5.929,26,0
4.0,5.634,26,0
5.0,6.098,35,0
4.0,5.637,29,0
4.0,5.598,25,0
4.0,5.65,35,0
4.0,5.608,31,0
4.0,5.536,26,1
4.0,6.02,70,0
5.0,6.419,56,0
4.0,6.041,31,1
4.0,6.017,25,0
4.0,6.534,27,0
4.0,6.452,26,0
4.0,5.719,25,0
3.0,5.548,42,0
4.0,5.996,50,0
3.0,6.153,28,0
3.0,6.003,27,0
3.0,5.965,49,0
3.0,6.017,25,0
3.0,5.92,35,0
2.0,5.534,87,0
2.0,5.555,40,0
4.0,6.113,37,0
4.0,6.138,38,0
4.0,6.131,27,0
4.0,6.157,28,0
4.0,6.077,27,0
4.0,5.703,34,0
4.0,6.637,33,0
3.0,6.114,48,0
3.0,6.125,30,0
3.0,5.66,34,0
3.0,5.668,38,0
3.0,6.127,29,0
3.0,5.657,27,0
3.0,6.119,36,0
3.0,5.66,130,0
3.0,6.141,31,0
3.0,5.626,33,0
3.0,6.133,40,0
3.0,5.673,26,0
3.0,6.13,40,0
3.0,5.672,28,0
3.0,6.159,34,0
3.0,6.127,36,0
3.0,5.657,35,0
3.0,6.139,30,0
3.0,6.133,25,0
3.0,6.134,25,0
3.0,6.077,31,0
3.0,6.17,36,0
3.0,6.124,45,0
3.0,6.125,37,0
3.0,6.11,27,0
3.0,6.154,29,0
3.0,5.654,48,0
3.0,6.138,29,0
3.0,5.654,63,0
3.0,5.658,41,0
3.0,6.094,27,0
3.0,5.65,36,0
3.0,5.634,31,0
3.0,6.132,33,0
2.0,6.147,50,0
2.0,6.135,46,0
2.0,5.668,45,0
2.0,5.657,45,1
2.0,6.109,35,0
2.0,5.659,32,0
2.0,5.638,85,0
2.0,6.04,109,0
2.0,6.161,38,0
2.0,5.686,28,0
2.0,6.119,49,0
2.0,5.65,45,0
2.0,6.143,36,0
2.0,5.674,35,0
2.0,6.124,42,0
2.0,5.637,29,0
2.0,6.069,29,0
2.0,6.0,40,0
2.0,6.154,39,0
2.0,5.602,30,0
2.0,5.665,29,0
2.0,5.643,88,0
2.0,6.129,49,0
2.0,6.626,26,0
2.0,6.086,25,0
2.0,6.154,39,0
2.0,6.094,28,0
2.0,6.126,38,0
2.0,6.138,39,0
3.0,6.841,28,0
3.0,6.818,29,0
3.0,6.796,46,0
3.0,6.812,49,0
3.0,7.279,27,0
2.0,6.794,26,0
3.0,6.591,29,0
3.0,6.479,31,0
3.0,6.491,96,0
3.0,6.497,74,0
3.0,6.026,60,0
3.0,6.0,39,0
3.0,5.992,29,0
3.0,6.01,173,0
3.0,6.021,94,0
3.0,6.033,62,0
3.0,6.032,42,0
3.0,5.542,61,0
4.0,5.551,48,0
4.0,5.492,29,0
3.0,5.532,31,0
4.0,5.591,34,0
0.0,6.556,57,0
4.0,6.026,42,0
4.0,6.011,38,0
4.0,6.011,28,0
4.0,6.104,32,0
4.0,5.589,43,0
4.0,5.485,29,0
1.0,6.51,36,0
1.0,6.505,89,0
4.0,6.527,51,0
4.0,6.415,32,0
4.0,6.035,93,0
4.0,5.988,30,0
5.0,6.456,33,0
5.0,6.466,28,0
5.0,7.019,25,0
5.0,7.075,43,0
5.0,7.019,27,0
5.0,6.939,32,0
3.0,5.865,26,0
5.0,4.896,88,0
4.0,5.588,28,0
4.0,5.633,26,0
4.0,5.622,25,0
4.0,6.103,57,0
4.0,6.625,29,0
3.0,6.496,30,0
3.0,6.512,33,0
4.0,5.638,30,0
4.0,5.633,35,0
4.0,5.619,25,0
4.0,6.11,30,0
4.0,6.094,26,0
2.0,6.056,35,0
2.0,5.959,43,0
2.0,6.006,25,0
2.0,6.004,51,0
2.0,5.972,33,0
2.0,6.011,38,0
2.0,6.036,74,0
3.0,5.577,60,0
4.0,6.099,28,0
3.0,5.644,64,0
3.0,5.676,40,0
5.0,6.064,35,0
5.0,6.084,45,0
4.0,6.115,29,0
4.0,6.139,28,0
5.0,6.156,26,0
4.0,6.929,33,0
5.0,5.75,29,0
5.0,6.502,42,0
5.0,5.875,27,0
4.0,6.478,28,0
4.0,5.896,90,0
3.0,5.493,27,0
3.0,5.889,79,0
2.0,5.534,28,0
2.0,5.935,144,0
2.0,6.361,36,0
1.0,5.953,63,0
5.0,4.876,67,0
4.0,5.876,28,0
2.0,5.535,105,0
2.0,5.517,97,0
2.0,5.526,140,0
2.0,5.529,32,0
2.0,6.981,30,0
2.0,5.498,44,0
2.0,5.5,69,0
2.0,5.521,93,0
2.0,5.505,77,0
2.0,5.493,48,0
2.0,5.493,67,0
2.0,5.487,76,0
2.0,5.516,44,0
2.0,5.459,26,0
2.0,5.491,35,0
2.0,5.958,83,0
2.0,5.929,117,0
2.0,5.95,54,0
2.0,5.881,161,0
2.0,5.977,74,0
2.0,5.945,106,0
2.0,5.948,79,0
1.0,5.5,117,0
2.0,5.917,39,0
1.0,5.511,87,0
1.0,5.509,97,0
2.0,5.937,114,0
2.0,5.942,190,0
2.0,5.965,76,0
2.0,5.927,123,0
1.0,5.931,91,1
2.0,5.931,169,0
1.0,5.935,122,0
1.0,5.944,91,0
2.0,5.922,98,0
2.0,5.961,77,0
1.0,5.521,125,0
1.0,5.889,118,0
1.0,5.522,103,0
2.0,5.933,107,1
1.0,5.953,87,0
1.0,5.963,26,0
1.0,5.927,135,1
2.0,5.978,25,0
2.0,5.915,149,0
1.0,5.486,39,0
2.0,5.91,114,0
2.0,5.455,52,0
1.0,5.925,142,1
1.0,5.493,88,0
1.0,5.925,92,0
2.0,5.933,43,0
1.0,5.878,172,1
1.0,5.943,128,0
1.0,5.943,47,0
1.0,5.494,38,0
1.0,5.938,97,0
1.0,5.935,135,0
1.0,5.934,152,0
1.0,5.945,80,0
1.0,5.96,123,0
1.0,5.938,87,0
1.0,5.953,50,0
1.0,5.92,105,0
1.0,5.51,95,0
1.0,5.935,93,0
1.0,5.498,44,0
2.0,5.917,33,0
1.0,5.938,99,0
2.0,5.97,37,0
1.0,5.512,62,0
1.0,5.968,86,0
1.0,5.5,82,0
1.0,5.492,78,0
1.0,5.959,63,0
1.0,5.917,163,0
1.0,5.944,70,0
1.0,5.506,65,1
1.0,5.486,48,0
1.0,5.934,133,0
1.0,5.481,35,0
1.0,5.46,29,0
1.0,5.958,56,0
1.0,5.486,119,0
1.0,5.975,48,0
1.0,5.519,66,0
1.0,5.892,179,0
1.0,5.945,43,0
1.0,5.946,94,0
1.0,5.933,110,0
1.0,5.928,202,0
1.0,5.929,333,1
2.0,6.506,32,0
1.0,5.918,98,0
2.0,6.496,29,0
1.0,5.452,30,0
1.0,5.496,37,0
1.0,5.5,29,0
1.0,5.517,30,0
1.0,5.964,100,1
1.0,5.962,98,0
1.0,5.958,39,0
1.0,5.95,25,0
1.0,5.948,196,1
1.0,5.942,110,0
1.0,5.936,301,2
1.0,5.944,175,0
1.0,5.916,127,0
1.0,5.936,90,0
1.0,5.916,91,0
2.0,6.377,60,0
2.0,6.482,31,0
2.0,6.485,40,0
2.0,6.514,41,0
2.0,6.522,44,0
2.0,6.478,38,0
2.0,6.489,26,0
2.0,6.492,38,0
1.0,5.488,25,0
1.0,5.924,47,0
1.0,5.497,72,0
0.0,5.937,54,0
1.0,5.891,173,0
1.0,5.478,56,0
1.0,5.928,106,0
0.0,5.932,125,0
0.0,5.981,49,0
0.0,5.923,93,0
0.0,5.941,114,0
1.0,5.947,88,0
0.0,5.942,90,0
0.0,5.939,121,0
1.0,5.925,151,0
1.0,5.947,98,0
1.0,5.937,137,0
0.0,5.909,132,0
0.0,5.937,72,0
0.0,5.935,98,0
1.0,5.954,83,0
0.0,5.939,186,0
1.0,5.937,85,0
0.0,5.958,74,0
0.0,5.918,150,0
1.0,5.488,66,0
0.0,5.962,44,0
1.0,5.953,168,0
0.0,5.951,81,0
1.0,5.473,62,0
0.0,5.469,118,0
0.0,5.913,104,1
1.0,5.474,30,0
1.0,5.472,51,0
0.0,5.873,147,0
0.0,5.914,114,0
0.0,5.936,37,0
0.0,5.928,101,0
1.0,5.475,43,0
0.0,5.915,44,0
1.0,5.461,50,0
0.0,5.486,65,0
1.0,5.491,37,0
0.0,6.407,48,0
1.0,6.379,114,0
1.0,6.887,70,0
1.0,6.464,42,0
1.0,6.449,43,0
1.0,6.466,29,0
1.0,6.46,35,0
1.0,6.461,46,0
1.0,6.467,40,0
1.0,6.455,46,0
1.0,6.451,40,0
1.0,6.466,50,0
1.0,6.432,68,0
1.0,6.454,57,0
1.0,6.426,70,0
0.0,5.883,58,0
0.0,5.954,39,0
0.0,5.941,50,0
0.0,5.956,46,0
0.0,5.939,45,0
0.0,5.51,35,0
0.0,5.957,51,0
0.0,5.953,49,1
0.0,5.469,41,0
0.0,5.915,36,0
0.0,5.927,46,0
0.0,5.952,36,0
0.0,5.922,58,0
0.0,5.962,46,1
0.0,5.935,52,0
0.0,5.907,40,0
1.0,5.953,28,0
0.0,5.963,25,0
0.0,5.48,67,0
0.0,5.465,54,0
0.0,5.491,113,0
0.0,5.954,71,0
0.0,5.47,91,0
0.0,5.486,86,0
0.0,5.874,172,0
0.0,6.433,93,1
0.0,6.426,129,0
0.0,6.425,125,0
0.0,5.489,36,0
0.0,5.93,27,0
0.0,5.919,93,0
0.0,5.92,135,0
0.0,5.922,37,0
0.0,5.936,88,0
0.0,5.913,143,0
0.0,5.921,220,0
0.0,5.914,181,0
0.0,5.913,197,0
0.0,5.913,163,0
0.0,5.908,61,0
0.0,6.345,201,0
0.0,6.423,64,0
0.0,6.43,51,0
0.0,6.459,44,0
0.0,6.431,103,0
0.0,6.429,101,0
0.0,6.431,164,0
0.0,6.431,139,0
0.0,6.421,160,0
0.0,6.432,155,0
0.0,6.438,150,0
0.0,5.947,34,0
0.0,5.898,75,0
0.0,5.953,36,0
0.0,5.93,27,0
0.0,5.918,36,0
0.0,5.905,31,0
0.0,5.908,25,0
0.0,5.942,30,0
0.0,5.899,33,0
0.0,5.925,33,0
2.0,6.165,28,0
2.0,6.11,36,0
2.0,6.024,67,0
2.0,6.033,35,0
2.0,6.015,26,0
2.0,5.53,25,0
2.0,5.569,67,0
2.0,5.551,44,0
2.0,5.544,33,0
3.0,6.049,59,0
3.0,6.04,31,0
3.0,5.537,58,0
3.0,5.573,38,0
3.0,5.586,39,0
4.0,6.469,28,0
4.0,6.464,25,0
4.0,6.031,41,1
4.0,5.552,33,0
2.0,6.003,41,1
2.0,5.914,60,0
2.0,5.877,41,0
2.0,6.028,42,0
2.0,5.957,41,0
2.0,5.94,38,0
2.0,5.964,33,0
2.0,5.899,29,0
1.0,5.691,82,0
1.0,6.056,84,0
1.0,5.986,42,0
1.0,5.923,45,0
1.0,5.97,64,0
1.0,5.913,36,0
1.0,5.905,33,0
1.0,5.984,62,0
0.0,5.96,30,0
0.0,5.96,29,0
0.0,5.931,25,0
0.0,5.995,87,0
1.0,5.883,30,0
1.0,5.897,42,0
1.0,5.894,44,0
1.0,5.916,33,0
1.0,5.889,41,0
1.0,5.947,86,0
1.0,5.986,36,0
1.0,6.032,31,0
1.0,6.29,25,0
0.0,6.344,28,0
0.0,5.933,27,0
0.0,5.869,37,0
0.0,5.88,44,0
0.0,5.898,56,0
0.0,5.885,54,0
0.0,5.868,48,0
0.0,5.905,48,0
0.0,5.893,32,0
0.0,6.334,30,0
5.0,6.256,33,0
4.0,6.25,45,0
5.0,5.75,59,0
5.0,5.25,29,0
4.0,6.25,36,0
4.0,6.236,35,0
4.0,5.25,31,0
4.0,6.25,28,0
3.0,6.125,42,0
4.0,5.75,43,0
3.0,6.125,27,0
3.0,5.75,33,0
2.0,6.0,26,0
3.0,5.342,27,0
2.0,5.365,29,0
1.0,5.328,42,0
0.0,5.337,36,0
5.0,3.99,124,0
5.0,3.996,40,0
5.0,3.99,70,0
5.0,4.941,69,0
4.0,3.99,234,0
4.0,3.995,46,0
3.0,3.99,207,0
3.0,3.99,67,0
3.0,3.99,26,0
3.0,3.993,138,0
2.0,3.99,147,0
2.0,3.99,146,0
2.0,3.992,276,0
3.0,6.089,38,0
3.0,5.63,25,0
3.0,5.67,27,0
3.0,6.051,35,0
3.0,6.009,37,0
3.0,5.969,46,1
3.0,5.998,54,0
3.0,5.977,45,0
2.0,5.905,29,0
2.0,5.943,33,0
2.0,5.954,28,0
2.0,5.886,31,0
4.0,5.609,26,0
4.0,5.63,40,0
4.0,6.099,58,0
4.0,5.641,47,0
4.0,6.081,27,0
2.0,5.542,44,0
2.0,6.006,25,0
3.0,6.97,25,0
4.0,6.926,29,0
4.0,7.131,28,0
4.0,7.029,31,0
4.0,7.697,25,0
3.0,5.946,30,0
3.0,6.04,36,0
3.0,5.629,29,0
4.0,6.023,33,0
3.0,6.064,36,0
4.0,6.633,26,0
3.0,6.073,26,0
3.0,6.088,48,0
3.0,6.056,31,0
4.0,6.078,37,0
3.0,6.113,26,0
3.0,6.064,39,0
3.0,6.079,28,0
3.0,6.049,53,0
3.0,6.04,29,0
3.0,6.053,26,0
3.0,6.062,37,0
3.0,6.104,36,0
4.0,6.066,30,0
3.0,5.551,26,0
3.0,6.033,32,1
3.0,6.093,35,0
3.0,6.064,26,0
3.0,6.019,32,0
3.0,6.041,31,0
3.0,6.088,47,0
3.0,6.042,42,0
3.0,6.077,40,0
3.0,6.068,26,0
3.0,6.071,30,0
3.0,6.064,28,0
3.0,6.028,26,0
3.0,6.06,38,1
3.0,6.058,26,0
3.0,5.999,26,0
3.0,6.002,30,0
3.0,6.033,27,0
2.0,5.623,28,0
2.0,6.067,25,0
2.0,6.085,42,0
2.0,6.044,52,0
2.0,6.067,32,0
2.0,6.101,30,0
3.0,5.981,26,0
3.0,6.042,25,0
2.0,5.591,34,0
2.0,6.115,31,0
3.0,6.093,30,0
2.0,6.082,42,0
2.0,6.043,26,0
2.0,5.567,26,0
2.0,6.079,31,0
2.0,6.079,31,1
2.0,6.037,32,0
2.0,6.126,25,0
2.0,5.599,26,0
2.0,5.594,25,0
2.0,5.549,36,0
2.0,5.547,32,0
2.0,5.57,30,0
2.0,5.558,28,0
2.0,5.561,26,0
2.0,6.061,61,0
2.0,6.077,55,0
2.0,6.062,73,0
2.0,6.084,85,0
2.0,6.114,38,0
2.0,6.113,35,0
2.0,6.1,32,0
2.0,6.064,30,0
2.0,6.083,42,0
2.0,6.017,39,0
2.0,6.153,28,0
2.0,5.993,47,0
1.0,5.88,36,0
4.0,4.967,64,0
4.0,5.75,25,0
4.0,5.432,50,0
3.0,5.939,27,0
3.0,6.409,38,0
3.0,6.388,25,0
3.0,6.465,30,1
3.0,6.409,39,0
3.0,5.483,26,0
3.0,5.994,47,0
3.0,6.612,101,0
3.0,6.959,55,0
3.0,5.75,38,0
2.0,5.915,28,1
2.0,5.93,35,0
3.0,5.625,42,0
3.0,5.63,25,0
3.0,6.085,73,0
3.0,5.621,34,0
3.0,5.66,40,2
3.0,5.933,28,0
4.0,5.812,36,1
4.0,5.799,51,0
2.0,5.899,26,0
1.0,5.807,37,0
4.0,6.83,28,0
4.0,6.794,32,0
3.0,6.787,37,0
3.0,6.786,28,0
2.0,6.793,36,0
2.0,6.8,29,0
2.0,6.784,30,0
1.0,6.791,53,0
1.0,6.808,42,0
0.0,6.763,32,0
3.0,6.482,35,0
3.0,6.931,26,0
3.0,6.916,59,0
4.0,7.405,28,0
3.0,6.458,57,0
3.0,6.929,27,0
3.0,6.917,25,0
3.0,6.889,70,0
2.0,6.512,32,0
2.0,6.886,26,0
2.0,6.894,57,0
2.0,6.477,39,0
2.0,6.878,29,0
2.0,6.897,73,0
1.0,6.518,30,0
1.0,6.918,28,0
1.0,6.902,65,0
1.0,6.472,43,0
1.0,6.869,40,0
1.0,6.932,83,0
1.0,7.387,34,0
2.0,5.329,33,0
3.0,6.161,74,0
3.0,6.187,59,0
3.0,6.56,27,0
3.0,6.547,35,0
3.0,6.557,37,0
3.0,6.642,28,0
3.0,7.02,29,0
3.0,6.61,37,0
2.0,5.708,32,0
3.0,5.732,48,0
3.0,6.161,32,0
3.0,6.148,36,0
3.0,6.584,25,0
3.0,5.91,48,0
3.0,5.891,90,0
4.0,5.865,65,0
3.0,6.383,106,0
3.0,6.376,86,0
3.0,6.483,221,0
3.0,5.521,102,0
3.0,6.468,27,0
3.0,5.981,26,0
3.0,5.974,92,0
3.0,6.462,78,0
3.0,6.447,61,0
3.0,6.479,30,0
3.0,6.509,29,0
2.0,6.084,57,0
2.0,6.0,28,0
3.0,5.996,31,0
2.0,5.961,48,0
2.0,5.93,40,0
2.0,5.704,72,0
2.0,5.949,29,0
2.0,6.134,27,0
2.0,5.889,26,0
2.0,5.897,65,0
2.0,6.623,55,0
2.0,6.061,28,0
1.0,6.094,147,0
1.0,6.089,36,0
1.0,6.118,44,0
2.0,6.04,45,0
1.0,6.137,58,0
1.0,5.706,81,0
1.0,6.121,59,0
1.0,6.162,55,0
1.0,6.164,44,0
1.0,5.712,49,0
1.0,6.629,38,0
2.0,5.904,36,0
1.0,6.144,29,0
2.0,6.966,50,0
2.0,5.95,100,0
2.0,5.546,87,0
2.0,6.455,196,0
1.0,6.572,39,0
1.0,6.107,58,0
1.0,6.137,30,0
1.0,5.707,69,0
1.0,6.158,33,0
2.0,6.446,47,0
2.0,6.462,74,0
2.0,6.484,52,0
2.0,6.481,46,0
2.0,6.5,33,0
2.0,5.994,128,0
2.0,6.433,98,0
2.0,5.992,25,0
2.0,6.0,38,0
1.0,5.977,44,0
3.0,5.597,35,0
3.0,5.611,43,0
3.0,5.66,31,0
3.0,5.14,26,0
3.0,6.145,29,0
3.0,5.953,57,0
3.0,5.96,39,0
3.0,5.964,48,1
3.0,6.06,47,1
3.0,5.983,28,0
3.0,5.559,35,0
3.0,5.588,52,0
3.0,6.022,36,0
3.0,6.048,25,0
3.0,5.584,33,0
3.0,5.64,68,0
3.0,5.594,42,0
3.0,5.569,25,0
3.0,6.645,29,0
3.0,6.108,84,0
3.0,5.586,71,0
3.0,5.602,139,0
3.0,5.601,31,0
3.0,6.155,25,0
4.0,6.499,63,0
3.0,6.493,25,0
4.0,5.75,26,0
3.0,6.467,27,0
1.0,6.096,25,0
0.0,6.521,39,0
0.0,6.496,101,0
0.0,5.947,113,0
1.0,5.975,59,0
1.0,5.981,64,0
1.0,6.021,47,0
1.0,5.968,31,0
1.0,6.112,25,0
1.0,6.556,38,0
1.0,6.541,28,0
1.0,6.477,83,0
1.0,6.441,69,0
1.0,6.456,79,0
1.0,6.472,67,0
1.0,6.002,87,0
1.0,6.016,41,0
1.0,5.994,96,0
1.0,5.995,64,0
1.0,5.562,55,0
0.0,5.511,53,0
1.0,6.922,46,0
1.0,6.627,26,0
2.0,6.527,27,0
1.0,5.979,64,0
2.0,6.051,48,0
1.0,5.547,65,0
2.0,6.924,82,0
2.0,6.819,50,0
2.0,6.592,27,0
3.0,6.463,102,0
2.0,5.977,56,0
2.0,5.98,51,0
2.0,5.988,34,0
2.0,5.503,55,0
3.0,6.004,25,0
3.0,5.46,25,0
2.0,6.877,28,0
3.0,6.393,38,0
2.0,5.987,71,0
2.0,5.985,31,0
2.0,6.009,34,0
2.0,5.982,48,0
2.0,5.534,57,0
3.0,6.974,25,0
3.0,6.025,44,0
4.0,6.029,45,1
3.0,6.018,58,0
3.0,5.981,29,0
3.0,6.022,72,1
4.0,6.005,27,0
3.0,5.521,38,0
5.0,4.862,35,0
3.0,6.477,32,0
2.0,6.957,47,0
3.0,7.01,26,0
3.0,6.963,26,0
2.0,7.042,26,0
3.0,7.035,30,0
2.0,7.001,27,0
0.0,5.979,61,0
2.0,5.551,26,0
2.0,5.501,32,0
2.0,5.542,35,0
3.0,6.113,25,0
3.0,5.968,31,0
3.0,6.033,28,0
3.0,6.012,48,0
2.0,6.119,27,0
2.0,5.97,27,0
2.0,6.091,28,0
2.0,6.106,26,0
2.0,6.054,33,0
2.0,5.996,28,0
2.0,5.909,31,0
2.0,5.962,66,0
1.0,6.25,26,0
1.0,6.932,27,0
1.0,6.006,30,0
1.0,6.032,37,0
1.0,6.039,69,0
1.0,6.027,40,0
1.0,6.026,45,0
1.0,6.013,50,0
1.0,6.025,36,0
1.0,6.03,32,0
2.0,6.186,28,0
2.0,6.109,67,0
2.0,5.994,42,0
2.0,5.994,55,0
2.0,6.013,34,1
2.0,5.649,41,0
2.0,5.582,57,0
2.0,5.578,43,1
2.0,5.973,32,0
2.0,5.592,54,1
2.0,5.187,29,0
2.0,5.981,33,0
2.0,5.998,43,1
2.0,5.606,290,0
3.0,7.007,27,0
2.0,5.614,53,0
2.0,5.138,55,0
3.0,5.156,94,0
3.0,5.139,91,1
3.0,5.612,139,0
1.0,5.446,31,0
1.0,5.763,41,0
0.0,5.75,35,0
3.0,5.511,33,0
3.0,5.456,42,0
3.0,5.522,27,0
3.0,5.538,42,0
3.0,5.507,31,0
3.0,5.532,168,0
3.0,5.879,27,0
3.0,5.898,26,0
3.0,5.836,25,0
3.0,5.475,26,0
3.0,5.567,113,0
3.0,5.874,42,0
3.0,5.928,27,0
3.0,5.887,46,0
3.0,5.931,43,0
3.0,5.917,54,0
3.0,5.933,42,0
3.0,5.948,88,0
3.0,6.402,58,0
3.0,6.404,38,0
3.0,6.366,27,0
3.0,6.424,29,0
3.0,6.888,27,0
3.0,5.959,31,0
3.0,6.427,25,0
2.0,5.825,37,0
2.0,5.91,28,0
2.0,5.854,40,0
2.0,5.859,46,0
2.0,5.893,64,0
2.0,5.877,148,0
2.0,5.529,26,0
2.0,5.565,32,0
2.0,5.504,48,0
2.0,5.52,60,0
2.0,5.549,64,0
2.0,5.553,39,0
2.0,5.54,47,0
2.0,5.542,235,0
2.0,5.503,99,0
2.0,5.876,34,0
2.0,5.939,69,0
2.0,5.904,95,1
2.0,5.905,76,0
2.0,5.929,71,0
2.0,5.924,109,0
2.0,5.971,64,0
2.0,5.928,75,0
2.0,5.891,134,0
2.0,5.846,46,0
2.0,5.865,68,0
2.0,5.888,76,1
2.0,5.848,64,0
2.0,5.868,56,0
2.0,5.578,101,0
2.0,5.903,46,0
2.0,5.973,44,0
2.0,5.928,41,0
2.0,6.007,48,0
2.0,5.969,26,0
2.0,5.999,29,0
2.0,5.996,67,0
2.0,6.52,34,0
2.0,5.94,27,0
2.0,5.887,42,0
2.0,5.883,41,0
2.0,5.963,61,0
2.0,5.943,37,0
2.0,5.941,109,0
2.0,5.986,46,0
2.0,5.964,45,0
2.0,5.971,53,0
2.0,5.998,97,0
2.0,5.533,29,0
2.0,5.56,40,0
2.0,5.537,30,0
2.0,5.551,33,0
2.0,5.566,47,0
2.0,5.524,222,0
2.0,5.955,34,1
2.0,5.909,50,0
2.0,5.893,51,0
3.0,5.933,27,0
2.0,5.92,27,0
2.0,5.871,135,0
1.0,5.816,41,0
1.0,5.878,27,0
1.0,5.857,53,0
1.0,5.858,72,0
1.0,5.918,71,0
1.0,5.892,82,0
1.0,5.916,79,0
1.0,5.907,56,0
1.0,5.934,45,0
1.0,5.904,28,0
1.0,5.836,100,0
1.0,5.512,25,0
1.0,5.511,26,0
1.0,5.571,31,0
1.0,5.536,41,0
1.0,5.561,69,0
1.0,5.99,27,0
1.0,5.934,33,0
1.0,5.904,39,0
1.0,5.932,51,0
1.0,5.894,40,1
1.0,5.925,62,0
1.0,5.935,64,0
1.0,5.936,26,0
1.0,5.875,98,0
1.0,5.926,25,0
1.0,5.977,112,0
1.0,5.955,86,0
1.0,5.955,75,0
1.0,5.936,68,0
1.0,5.984,54,0
1.0,5.969,41,0
1.0,5.95,146,0
1.0,6.482,29,0
1.0,6.564,33,0
1.0,5.844,49,0
1.0,5.546,57,0
1.0,5.93,34,0
2.0,6.843,93,0
1.0,5.932,25,0
1.0,5.915,31,0
1.0,6.014,38,0
1.0,6.008,55,0
1.0,5.988,72,0
1.0,5.973,41,0
1.0,5.971,49,0
1.0,6.564,31,0
1.0,6.512,56,0
1.0,6.554,50,0
1.0,6.496,45,0
1.0,6.46,46,0
1.0,6.516,43,0
2.0,6.524,37,0
1.0,6.588,33,0
0.0,5.861,48,0
0.0,5.945,32,0
0.0,5.943,31,0
0.0,5.975,71,0
0.0,5.988,67,0
0.0,6.021,65,0
0.0,5.956,72,0
0.0,5.948,59,0
0.0,5.985,38,0
0.0,6.028,40,0
0.0,6.011,103,0
3.0,5.827,41,0
4.0,4.888,71,0
4.0,5.986,95,0
4.0,6.004,36,0
4.0,6.934,25,0
3.0,5.941,28,0
3.0,5.929,51,0
2.0,5.57,25,0
2.0,5.948,43,0
2.0,5.562,57,0
2.0,5.944,37,0
2.0,5.571,34,0
2.0,5.922,35,0
2.0,5.921,47,0
2.0,5.511,30,0
2.0,5.91,45,0
2.0,5.495,28,0
2.0,5.808,28,0
2.0,5.509,26,0
2.0,5.956,49,1
2.0,5.968,63,0
2.0,5.959,46,0
2.0,5.925,26,0
2.0,5.987,65,0
2.0,5.784,50,0
2.0,5.507,48,0
2.0,5.921,28,0
2.0,5.495,48,0
2.0,5.554,43,0
2.0,5.935,47,0
2.0,5.888,46,0
2.0,5.496,36,0
2.0,6.003,52,0
2.0,5.932,78,0
2.0,5.968,37,1
2.0,5.895,63,0
2.0,5.95,48,0
2.0,5.931,29,0
2.0,5.922,70,0
2.0,5.907,26,0
2.0,5.943,53,0
2.0,5.967,77,0
2.0,5.978,34,0
2.0,5.505,54,0
2.0,5.999,56,0
2.0,5.922,65,0
2.0,5.914,59,0
2.0,5.568,37,0
2.0,5.572,29,0
2.0,5.57,27,0
2.0,5.544,28,0
2.0,5.591,26,0
1.0,5.576,28,0
3.0,5.859,25,0
2.0,5.539,32,0
2.0,5.669,36,0
3.0,6.475,59,0
3.0,5.625,28,0
3.0,5.886,38,0
2.0,6.478,48,0
2.0,6.468,43,0
2.0,5.612,221,0
2.0,5.578,25,0
2.0,6.024,30,1
2.0,5.989,25,0
3.0,6.94,26,0
3.0,6.037,26,0
2.0,6.107,73,0
2.0,5.547,26,0
2.0,5.637,40,0
3.0,5.596,135,1
3.0,5.597,173,0
2.0,6.156,26,0
2.0,6.377,34,1
1.0,5.973,30,0
1.0,5.453,42,0
1.0,5.934,36,0
1.0,5.893,46,0
1.0,6.306,26,0
1.0,4.99,34,0
1.0,5.911,78,0
1.0,5.834,34,0
1.0,5.87,63,0
1.0,5.854,55,0
1.0,5.888,42,0
1.0,5.902,30,0
1.0,5.89,50,1
1.0,5.926,40,0
1.0,6.327,28,0
1.0,6.355,46,0
1.0,6.333,33,0
1.0,6.362,32,0
2.0,6.328,38,0
2.0,6.34,29,0
1.0,6.367,30,0
1.0,6.299,38,0
1.0,6.839,45,0
0.0,5.955,31,0
0.0,6.396,35,0
0.0,6.384,26,0
0.0,6.322,29,0
0.0,6.355,25,0
0.0,6.338,33,0
0.0,5.933,33,0
0.0,5.482,31,0
0.0,6.383,62,0
0.0,5.938,51,0
0.0,6.339,47,0
0.0,6.797,49,0
0.0,5.87,32,0
0.0,5.85,25,0
0.0,5.915,46,0
0.0,5.918,26,0
0.0,5.869,37,0
0.0,5.915,41,0
0.0,5.907,44,0
0.0,5.944,36,0
0.0,5.948,35,0
0.0,5.927,25,0
2.0,5.987,38,0
2.0,5.818,29,0
2.0,5.561,38,0
2.0,5.564,31,0
2.0,5.553,26,0
2.0,6.026,29,0
2.0,6.03,46,0
2.0,6.047,33,0
2.0,6.051,91,0
2.0,6.033,41,0
0.0,6.054,27,0
0.0,6.013,32,0
0.0,6.026,29,0
2.0,5.67,79,0
2.0,6.115,31,0
2.0,5.64,29,0
2.0,5.633,25,0
2.0,5.638,48,0
2.0,5.695,28,0
2.0,6.149,31,0
2.0,6.117,32,0
2.0,6.147,34,0
2.0,6.118,32,0
2.0,5.653,27,0
2.0,5.671,54,0
1.0,6.14,51,0
1.0,6.113,47,0
1.0,6.137,54,0
1.0,6.139,40,0
1.0,6.131,54,0
1.0,6.133,38,0
1.0,6.141,26,0
1.0,6.132,90,0
1.0,5.999,28,0
1.0,6.179,46,0
1.0,5.664,26,0
1.0,6.121,40,0
1.0,6.148,43,0
1.0,5.66,31,0
1.0,5.641,29,0
1.0,6.081,26,0
1.0,6.145,47,0
1.0,6.606,29,0
1.0,6.127,25,0
1.0,7.023,43,0
1.0,6.01,33,0
1.0,6.627,39,0
1.0,6.019,26,0
1.0,6.144,26,0
1.0,5.973,32,0
1.0,6.099,25,0
1.0,6.442,28,0
2.0,5.969,67,0
2.0,5.973,51,0
2.0,6.016,26,0
2.0,6.029,26,0
2.0,6.021,26,0
3.0,5.935,47,0
3.0,5.976,27,0
3.0,5.942,60,0
3.0,6.01,25,0
3.0,6.034,35,0
2.0,6.017,26,0
0.0,6.903,31,0
2.0,6.062,38,0
2.0,6.095,27,0
2.0,5.554,41,0
2.0,5.575,41,0
1.0,5.595,36,0
2.0,5.589,56,0
2.0,5.603,50,0
2.0,5.541,27,0
2.0,6.05,37,0
1.0,6.102,41,0
1.0,6.121,61,0
1.0,6.116,77,0
1.0,6.116,51,0
1.0,6.093,56,0
1.0,6.101,58,0
1.0,6.048,37,0
2.0,6.084,43,0
2.0,6.044,30,0
1.0,6.138,48,0
2.0,6.035,26,0
2.0,6.002,35,0
2.0,6.611,45,0
1.0,6.669,36,0
2.0,6.106,29,0
1.0,5.584,31,0
1.0,6.107,31,0
1.0,6.041,40,0
1.0,6.069,26,0
1.0,6.051,32,0
1.0,6.124,31,0
1.0,6.117,31,0
1.0,6.07,26,0
1.0,6.082,25,0
1.0,6.672,25,0
1.0,6.045,31,0
1.0,6.66,26,0
1.0,6.58,26,0
1.0,6.064,31,0
1.0,6.59,26,0
1.0,5.533,30,0
1.0,5.987,26,0
1.0,6.039,28,0
1.0,6.032,32,0
1.0,5.974,25,0
1.0,6.532,26,0
1.0,6.008,31,0
1.0,6.032,53,0
1.0,6.042,47,0
1.0,6.046,42,0
1.0,6.098,37,0
1.0,6.046,35,0
1.0,5.999,32,0
1.0,5.942,30,0
1.0,5.968,28,0
1.0,6.019,32,0
1.0,6.081,40,0
1.0,5.918,48,0
1.0,6.012,45,0
3.0,5.969,39,0
2.0,5.552,26,0
2.0,6.117,28,0
1.0,6.059,74,0
2.0,6.091,27,0
1.0,6.06,47,0
1.0,6.02,26,0
1.0,6.028,34,0
1.0,6.005,40,0
1.0,6.037,40,0
0.0,6.003,116,0
2.0,5.999,64,0
2.0,6.035,27,0
1.0,6.008,33,0
1.0,6.048,37,0
1.0,6.047,72,0
2.0,5.619,136,0
2.0,5.603,85,0
2.0,6.097,123,0
2.0,6.097,80,0
2.0,6.658,29,0
2.0,6.156,28,0
2.0,6.113,30,0
2.0,5.597,41,0
2.0,5.658,99,1
2.0,5.973,39,0
2.0,6.007,50,0
2.0,6.106,55,0
2.0,6.137,66,0
6.0,4.983,26,0
3.0,4.969,27,0
0.0,6.362,29,0
1.0,6.125,27,0
1.0,6.01,35,0
3.0,5.405,27,0
3.0,5.828,33,0
2.0,6.364,27,0
1.0,5.457,27,0
1.0,6.965,51,0
2.0,6.993,54,0
1.0,6.028,28,0
2.0,5.591,26,0
2.0,6.098,80,0
2.0,5.135,25,0
2.0,5.611,98,0
2.0,6.1,86,0
2.0,6.099,86,0
2.0,6.074,102,0
2.0,5.976,28,0
2.0,5.161,37,0
2.0,5.618,46,0
1.0,5.602,43,0
2.0,5.579,25,0
1.0,5.634,40,0
1.0,5.648,63,0
2.0,6.104,32,0
1.0,6.09,43,0
1.0,6.096,35,0
1.0,6.108,33,0
1.0,6.081,37,0
1.0,6.129,34,0
2.0,6.631,27,0
2.0,5.657,29,0
2.0,5.75,48,0
1.0,5.75,33,0
1.0,5.875,47,0
1.0,5.5,31,0
1.0,5.625,40,0
2.0,5.75,26,0
1.0,5.75,43,0
1.0,5.875,36,0
1.0,5.875,78,0
1.0,6.0,69,0
1.0,5.75,28,0
1.0,5.875,67,0
0.0,6.0,65,0
0.0,6.408,26,0
2.0,6.093,26,0
2.0,3.99,69,0
1.0,3.99,59,0
1.0,3.99,38,0
1.0,3.99,77,0
0.0,6.362,26,0
0.0,6.38,26,0
2.0,5.82,29,0
2.0,5.811,28,0
2.0,5.799,27,0
2.0,5.784,61,0
3.0,4.884,62,0
1.0,5.863,30,0
2.0,5.82,27,0
1.0,6.499,49,0
0.0,6.05,97,0
0.0,6.092,118,0
0.0,5.996,25,0
0.0,6.035,25,0
0.0,6.026,30,0
0.0,6.073,56,1
0.0,6.125,27,0
0.0,6.495,30,0
1.0,6.578,37,1
0.0,6.495,209,0
0.0,6.04,25,0
1.0,6.0,55,0
0.0,5.664,162,0
0.0,5.702,67,0
0.0,6.125,40,0
0.0,6.028,70,0
0.0,6.135,48,0
0.0,6.528,26,0
0.0,6.523,31,0
0.0,6.515,31,0
0.0,6.553,27,0
0.0,6.521,34,0
0.0,6.516,26,0
0.0,6.57,30,0
0.0,6.05,62,0
0.0,6.084,51,0
0.0,6.113,29,0
0.0,6.07,25,0
1.0,6.456,171,0
1.0,6.795,50,0
1.0,6.792,86,0
1.0,6.442,97,0
1.0,6.425,58,0
0.0,6.439,84,0
1.0,6.793,70,0
1.0,6.797,69,0
1.0,6.8,67,0
1.0,6.431,47,0
1.0,6.793,49,0
1.0,6.471,30,0
1.0,5.459,47,0
1.0,5.931,214,0
1.0,5.945,28,0
0.0,6.792,30,0
1.0,6.83,29,0
1.0,5.574,26,0
1.0,5.957,69,0
1.0,5.98,83,0
1.0,5.972,93,0
1.0,6.026,87,0
1.0,5.952,102,0
1.0,5.972,68,0
1.0,5.981,52,0
1.0,6.047,105,0
1.0,6.04,75,0
1.0,5.798,34,0
1.0,5.849,64,0
1.0,5.871,64,0
1.0,5.879,63,0
1.0,5.594,29,0
1.0,5.981,61,0
1.0,6.001,71,0
1.0,5.972,77,0
1.0,5.854,27,0
1.0,5.997,96,0
1.0,5.983,37,0
1.0,5.938,107,0
1.0,5.962,81,0
1.0,5.966,57,0
1.0,5.916,27,0
1.0,5.571,28,0
2.0,6.425,30,0
1.0,6.069,43,0
1.0,5.966,63,0
1.0,5.97,55,0
2.0,6.444,52,0
1.0,5.957,47,0
1.0,5.994,32,0
1.0,6.017,26,0
1.0,5.947,55,0
2.0,6.359,64,0
1.0,5.944,50,0
1.0,5.918,30,0
2.0,6.449,61,0
2.0,6.418,54,0
2.0,6.397,71,0
1.0,6.398,64,0
2.0,6.402,38,0
2.0,6.399,70,0
2.0,6.424,49,0
1.0,6.38,30,0
2.0,6.332,63,0
1.0,5.954,32,0
2.0,6.347,36,0
2.0,6.325,28,0
2.0,6.356,95,0
1.0,5.867,41,0
1.0,5.981,29,0
1.0,5.939,58,0
1.0,5.983,25,0
2.0,6.433,43,0
1.0,5.968,26,0
1.0,6.004,25,0
1.0,5.912,33,0
1.0,5.934,31,0
0.0,5.87,27,0
0.0,5.958,29,0
0.0,5.991,33,0
0.0,5.823,32,0
0.0,5.982,31,0
0.0,5.867,33,0
0.0,5.943,76,0
0.0,5.949,87,0
0.0,5.944,95,0
1.0,5.542,26,0
0.0,5.919,26,0
0.0,5.927,83,0
0.0,5.955,96,0
0.0,5.94,75,0
0.0,5.958,37,0
0.0,5.95,39,0
0.0,5.961,44,0
0.0,5.962,35,0
0.0,5.938,27,0
0.0,5.942,26,0
0.0,5.868,34,0
0.0,5.947,29,0
0.0,5.927,25,0
0.0,5.877,39,0
1.0,6.399,154,0
1.0,6.434,133,1
1.0,6.393,188,0
1.0,6.378,127,0
0.0,6.393,41,0
1.0,6.387,153,0
1.0,6.31,57,0
1.0,6.377,138,0
0.0,6.309,70,0
1.0,6.387,58,0
0.0,5.956,81,0
1.0,6.348,84,0
0.0,5.981,52,0
1.0,6.353,52,0
0.0,5.935,34,0
0.0,5.911,30,0
0.0,5.902,28,0
0.0,5.911,45,0
0.0,5.929,30,0
0.0,5.858,37,0
1.0,6.414,109,0
0.0,6.346,35,0
0.0,6.329,135,0
3.0,5.75,54,0
1.0,5.625,29,0
2.0,5.625,26,0
1.0,5.625,29,0
0.0,5.75,27,0
0.0,5.75,39,0
1.0,5.963,26,0
2.0,6.44,36,0
1.0,7.005,51,0
2.0,7.062,46,0
2.0,7.002,32,0
1.0,6.971,31,0
1.0,7.013,29,0
2.0,5.615,210,0
1.0,6.079,26,0
1.0,6.083,27,0
1.0,5.615,79,0
1.0,6.092,26,0
1.0,6.07,79,0
2.0,6.1,26,0
1.0,6.077,221,0
1.0,6.074,30,0
1.0,6.092,25,0
2.0,5.937,33,0
2.0,5.887,43,0
3.0,6.421,27,0
2.0,6.392,31,1
3.0,6.426,26,0
2.0,6.413,26,0
2.0,6.365,29,0
2.0,5.454,37,0
2.0,5.977,62,0
2.0,6.46,49,0
2.0,6.922,127,0
2.0,5.753,38,0
2.0,5.75,32,0
2.0,5.75,27,0
2.0,5.75,28,0
1.0,5.935,37,0
1.0,6.445,60,0
1.0,6.86,118,0
1.0,5.921,48,0
1.0,6.455,25,0
1.0,6.451,25,0
1.0,6.38,53,0
1.0,6.873,48,0
0.0,5.903,47,0
0.0,6.914,50,0
0.0,6.36,86,0
0.0,5.958,43,0
0.0,6.382,49,0
0.0,6.861,125,0
0.0,7.285,31,0
1.0,5.75,34,0
0.0,5.75,27,0
1.0,5.75,28,0
1.0,5.795,31,0
2.0,6.444,46,0
1.0,5.553,112,0
1.0,6.096,32,0
2.0,6.069,30,0
0.0,6.016,25,0
1.0,5.659,32,0
1.0,5.986,32,0
1.0,6.011,28,0
1.0,5.98,40,0
0.0,5.938,25,0
0.0,5.956,30,0
0.0,5.944,28,0
1.0,5.885,28,0
0.0,5.828,46,0
0.0,5.863,55,0
0.0,5.84,54,0
2.0,5.665,29,0
2.0,6.509,37,0
2.0,5.875,25,0
1.0,5.677,32,0
1.0,5.525,25,0
1.0,5.577,29,0
1.0,6.069,27,0
1.0,6.606,29,0
1.0,6.061,143,0
1.0,6.055,43,0
1.0,5.618,46,0
1.0,5.559,40,0
1.0,6.09,47,0
1.0,6.094,50,0
1.0,6.072,61,0
1.0,6.07,78,0
1.0,6.075,84,0
1.0,6.612,28,0
1.0,6.057,68,0
1.0,5.61,51,0
1.0,5.609,44,0
1.0,5.577,45,0
1.0,5.621,65,0
1.0,6.072,53,0
1.0,5.557,25,0
1.0,5.622,37,0
1.0,6.061,29,0
1.0,6.115,42,0
1.0,6.072,51,0
1.0,6.076,52,0
1.0,6.072,79,0
0.0,6.08,103,0
0.0,6.065,30,0
0.0,5.782,29,0
1.0,6.018,26,0
1.0,5.981,39,0
1.0,5.866,41,0
1.0,5.984,25,0
2.0,4.89,85,0
2.0,6.0,30,0
2.0,6.0,59,0
1.0,6.25,38,0
2.0,5.5,36,0
1.0,5.75,41,0
1.0,6.0,42,0
0.0,6.25,45,0
1.0,5.0,45,0
1.0,5.592,28,0
1.0,5.605,27,0
1.0,6.134,33,0
1.0,6.085,25,0
1.0,6.095,31,0
1.0,6.101,28,0
1.0,6.12,47,0
1.0,6.631,27,0
1.0,6.602,31,0
1.0,6.616,35,0
1.0,6.576,29,0
1.0,5.595,143,0
2.0,6.077,89,0
0.0,5.628,29,0
0.0,5.618,30,0
0.0,6.091,35,0
0.0,6.083,32,0
0.0,6.098,30,0
0.0,6.067,35,0
1.0,6.062,37,0
1.0,6.024,30,0
0.0,6.04,62,0
0.0,6.043,50,0
1.0,6.05,57,0
0.0,6.017,62,0
0.0,6.021,53,0
0.0,6.029,43,0
1.0,6.074,41,0
0.0,6.038,47,0
1.0,6.009,32,0
1.0,5.93,77,0
0.0,6.584,32,0
0.0,6.565,31,0
0.0,6.541,31,0
0.0,6.544,26,0
0.0,6.113,35,0
0.0,6.015,45,0
0.0,6.037,31,0
0.0,6.092,32,0
0.0,5.963,46,0
0.0,6.51,31,0
0.0,5.988,61,0
0.0,5.973,47,0
0.0,6.492,35,0
0.0,6.535,39,0
0.0,6.48,35,0
0.0,6.018,25,0
0.0,5.995,31,0
0.0,6.485,25,0
0.0,5.984,30,0
0.0,5.92,41,0
0.0,5.952,30,0
0.0,5.948,27,0
0.0,5.974,47,0
0.0,5.937,42,0
0.0,5.979,38,0
0.0,6.002,32,0
0.0,5.998,28,0
0.0,5.968,26,0
0.0,5.945,70,0
0.0,6.367,27,0
0.0,6.43,46,0
0.0,6.954,25,0
0.0,6.463,26,0
0.0,6.093,29,0
1.0,5.88,58,0
1.0,6.904,25,0
1.0,6.58,44,0
1.0,6.902,31,0
1.0,6.073,146,1
0.0,6.07,29,0
0.0,6.112,31,0
1.0,6.085,87,0
0.0,5.615,29,0
0.0,7.025,28,0
1.0,7.03,40,0
0.0,6.473,32,0
0.0,6.12,38,0
0.0,6.075,50,0
0.0,6.078,53,0
0.0,6.082,36,0
0.0,6.17,28,0
0.0,6.104,40,0
0.0,6.473,108,1
0.0,6.035,44,0
0.0,6.559,25,0
0.0,6.079,35,0
0.0,6.102,43,0
0.0,6.573,29,0
0.0,6.593,25,0
0.0,6.048,32,0
0.0,6.049,29,0
0.0,6.511,25,0
0.0,6.039,36,0
0.0,6.594,26,0
0.0,6.113,25,0
0.0,6.073,26,0
0.0,6.05,26,0
0.0,6.109,36,0
0.0,6.098,78,0
0.0,6.587,32,0
0.0,6.008,26,0
0.0,6.866,38,0
0.0,6.608,53,0
0.0,5.96,89,0
0.0,5.98,58,0
0.0,5.982,25,0
0.0,5.969,195,0
0.0,5.978,57,0
0.0,6.079,31,0
0.0,5.485,54,0
1.0,5.554,151,0
1.0,5.989,29,0
1.0,5.519,27,0
1.0,6.441,30,0
0.0,5.48,146,0
2.0,6.432,27,0
0.0,6.913,52,0
1.0,6.977,30,0
1.0,6.933,25,0
0.0,6.9,25,0
1.0,5.903,25,0
0.0,6.08,35,0
0.0,6.072,38,0
0.0,6.055,49,0
0.0,6.095,41,0
1.0,6.08,87,0
1.0,6.066,82,0
0.0,6.053,74,0
0.0,5.643,34,0
0.0,5.919,30,0
0.0,6.035,68,0
0.0,5.966,51,0
0.0,5.993,61,0
0.0,6.018,43,0
0.0,6.1,36,0
0.0,5.985,26,0
0.0,6.039,65,0
1.0,6.085,87,0
1.0,6.055,81,0
0.0,6.062,75,0
0.0,6.078,69,0
0.0,6.082,94,0
0.0,6.074,58,0
1.0,5.851,30,0
1.0,5.843,34,0
1.0,5.835,31,0
1.0,5.873,37,0
1.0,5.845,55,0
1.0,5.835,66,0
1.0,5.964,88,0
1.0,5.99,70,0
1.0,6.037,35,0
1.0,6.046,33,0
1.0,6.074,36,0
0.0,6.005,30,0
1.0,5.994,34,0
1.0,6.064,26,0
0.0,5.553,26,0
0.0,5.54,47,0
0.0,5.572,32,0
0.0,5.571,43,0
0.0,5.574,88,0
0.0,5.912,55,0
0.0,5.858,27,0
0.0,5.931,30,0
0.0,5.943,53,0
0.0,5.937,79,0
0.0,5.954,74,0
0.0,5.95,102,1
0.0,5.99,102,0
0.0,5.948,95,0
0.0,5.989,71,0
0.0,5.981,34,0
0.0,5.972,207,0
0.0,5.575,107,0
0.0,5.968,31,0
0.0,5.986,52,0
0.0,5.973,69,1
0.0,5.971,70,0
0.0,5.966,81,0
0.0,5.955,80,1
0.0,5.992,43,0
0.0,6.016,48,0
0.0,5.978,189,1
0.0,6.462,48,0
0.0,6.467,106,0
0.0,6.413,70,0
0.0,6.45,51,0
0.0,6.443,59,0
0.0,6.424,78,0
0.0,6.489,59,0
0.0,6.456,41,0
0.0,6.433,74,0
0.0,6.871,36,0
0.0,6.88,27,0
1.0,6.947,25,0
0.0,5.564,109,0
0.0,5.96,25,0
0.0,5.944,36,0
0.0,5.979,46,0
0.0,5.985,69,0
0.0,5.969,54,0
0.0,5.995,63,0
0.0,6.001,72,0
0.0,6.004,64,0
0.0,6.005,180,0
0.0,6.397,77,0
1.0,7.291,31,0
1.0,6.479,59,0
0.0,6.944,26,0
0.0,6.885,80,0
1.0,7.396,40,0
1.0,7.326,39,0
0.0,5.639,39,0
0.0,6.084,71,1
0.0,6.074,56,0
0.0,6.069,73,0
0.0,6.077,93,0
0.0,6.129,49,0
0.0,6.069,103,0
0.0,6.062,96,0
0.0,6.043,70,0
0.0,6.052,70,0
0.0,6.052,55,0
0.0,6.593,46,0
0.0,6.605,33,0
0.0,5.545,37,0
0.0,6.009,31,0
0.0,7.028,28,0
0.0,6.044,42,0
0.0,6.089,28,0
0.0,6.089,46,0
0.0,6.628,26,0
0.0,6.597,40,0
0.0,6.596,32,0
0.0,6.613,36,0
1.0,5.919,37,0
0.0,6.534,51,0
0.0,5.812,47,0
0.0,5.874,40,0
2.0,6.835,68,0
0.0,5.837,30,0
0.0,6.363,41,0
0.0,5.719,127,0
0.0,6.085,104,0
0.0,6.044,151,0
1.0,6.348,104,0
1.0,6.336,66,0
1.0,6.37,56,0
1.0,6.358,60,0
1.0,6.34,189,0
0.0,6.364,170,0
1.0,6.321,72,0
1.0,6.344,45,0
0.0,6.361,100,0
1.0,6.379,77,0
1.0,6.353,97,0
1.0,6.354,97,0
1.0,6.344,95,0
1.0,6.353,97,0
1.0,6.353,97,0
0.0,5.949,34,0
0.0,5.914,26,0
170.0,2.965,139,14
170.0,3.32,621,42
170.0,3.874,45,4
170.0,3.596,303,0
170.0,3.821,10805,65
171.0,4.307,2088,17
177.0,4.878,172,2
194.0,5.385,71,1
240.0,5.928,43,0
231.0,6.465,29,0
170.0,2.975,216,10
169.0,3.327,588,28
169.0,3.873,47,2
169.0,3.616,314,4
169.0,3.815,11370,57
170.0,4.296,2214,19
179.0,4.885,152,0
205.0,5.433,87,0
236.0,5.962,40,0
230.0,6.437,32,3
169.0,3.086,342,14
168.0,3.36,468,9
168.0,3.868,44,2
168.0,3.604,445,5
168.0,3.816,11566,69
169.0,4.299,2185,16
177.0,4.883,127,2
198.0,5.397,63,1
231.0,6.468,28,0
168.0,2.973,158,1
167.0,3.312,270,13
167.0,3.554,1291,8
167.0,3.803,12145,74
168.0,4.306,1494,10
176.0,4.884,169,1
204.0,5.435,79,0
166.0,2.897,174,9
166.0,3.325,320,7
166.0,3.502,5301,34
167.0,3.798,15097,100
168.0,4.336,1102,3
180.0,4.937,117,0
216.0,5.464,57,1
242.0,5.987,59,1
216.0,6.441,37,1
165.0,2.884,248,18
165.0,3.327,282,8
166.0,3.885,28,0
165.0,3.406,7732,51
165.0,3.795,13500,81
166.0,4.322,757,4
178.0,4.926,80,0
211.0,5.434,37,1
165.0,2.912,352,10
165.0,3.339,263,8
164.0,3.167,71,0
165.0,3.396,12085,68
165.0,3.803,9286,41
166.0,4.343,479,3
177.0,4.926,63,0
213.0,5.451,36,0
248.0,5.945,29,1
164.0,2.462,33,1
163.0,2.904,466,11
163.0,3.345,264,6
164.0,3.891,30,0
163.0,3.076,307,2
163.0,3.368,15829,86
164.0,3.802,7524,49
165.0,4.332,408,3
178.0,4.91,73,0
213.0,5.445,37,0
163.0,2.451,54,2
162.0,2.861,527,25
162.0,3.343,215,8
163.0,3.879,26,0
162.0,3.036,827,2
162.0,3.331,18380,103
163.0,3.81,5515,26
166.0,4.353,300,1
176.0,4.945,53,0
204.0,5.422,41,0
162.0,2.507,44,2
161.0,2.842,581,18
162.0,3.349,190,6
161.0,3.023,960,3
161.0,3.314,18038,106
162.0,3.815,4011,21
168.0,4.401,236,1
179.0,4.948,68,0
206.0,5.386,35,0
161.0,2.457,94,4
160.0,2.83,692,18
160.0,3.335,236,3
161.0,3.019,1263,4
161.0,3.309,18970,130
161.0,3.817,3303,28
167.0,4.378,219,1
182.0,4.903,77,1
202.0,5.388,54,0
249.0,5.939,34,0
220.0,6.46,34,0
160.0,2.459,88,2
159.0,2.836,694,18
159.0,3.35,250,6
160.0,3.037,1118,9
160.0,3.316,15008,88
160.0,3.806,4256,28
170.0,4.393,254,3
183.0,4.927,105,0
207.0,5.453,88,1
242.0,5.977,38,1
229.0,6.474,42,0
239.0,6.883,26,0
159.0,2.459,80,2
158.0,2.852,759,22
158.0,3.361,317,5
159.0,3.027,456,1
159.0,3.336,15947,82
159.0,3.796,5958,31
167.0,4.368,397,0
185.0,4.938,118,0
208.0,5.428,79,2
238.0,5.933,46,0
222.0,6.434,47,1
158.0,2.498,74,3
157.0,2.874,753,20
157.0,3.351,429,22
158.0,3.023,325,2
158.0,3.356,15763,90
158.0,3.803,8992,30
164.0,4.339,300,3
186.0,4.966,100,2
207.0,5.421,97,1
238.0,5.966,77,0
231.0,6.493,76,1
235.0,6.936,40,1
157.0,2.493,66,1
157.0,2.864,682,17
158.0,3.335,584,15
159.0,3.932,30,0
157.0,3.011,394,2
156.0,3.316,17735,107
157.0,3.8,6344,40
164.0,4.364,598,4
182.0,4.954,211,1
189.0,5.341,135,1
244.0,5.969,55,0
235.0,6.425,74,2
254.0,6.931,47,1
298.0,7.441,28,0
156.0,2.448,60,1
155.0,2.847,573,16
155.0,3.319,449,11
155.0,3.89,43,2
155.0,3.032,595,1
156.0,3.325,18029,115
157.0,3.824,9240,52
164.0,4.343,1130,3
179.0,4.888,262,1
200.0,5.395,95,2
245.0,5.991,42,0
220.0,6.485,46,2
155.0,2.483,74,0
154.0,2.868,338,9
154.0,3.344,509,9
154.0,3.849,89,1
155.0,2.996,258,1
155.0,3.338,9075,45
155.0,3.827,10071,54
156.0,4.352,2280,13
165.0,4.857,648,6
186.0,5.352,192,2
233.0,5.94,45,1
226.0,6.447,38,0
245.0,6.917,30,1
154.0,2.498,57,2
154.0,2.914,165,3
154.0,3.337,818,16
153.0,3.87,208,3
153.0,4.371,34,2
154.0,2.994,113,1
154.0,3.396,3632,22
154.0,3.878,8043,44
154.0,4.367,5173,42
156.0,4.826,1662,6
176.0,5.371,190,0
231.0,5.964,47,0
222.0,6.482,48,0
153.0,2.936,80,2
152.0,3.41,360,4
152.0,3.861,287,7
152.0,4.389,49,0
154.0,3.413,1073,3
153.0,3.926,5072,31
153.0,4.382,6817,45
154.0,4.831,2197,13
165.0,5.351,234,2
233.0,5.962,57,0
220.0,6.48,37,0
153.0,2.968,29,2
151.0,3.419,190,4
151.0,3.844,319,7
151.0,4.422,74,4
159.0,3.037,80,2
153.0,3.441,521,2
153.0,3.94,3538,20
152.0,4.374,6779,35
153.0,4.828,2541,13
169.0,5.339,271,0
220.0,5.943,36,0
236.0,6.457,33,0
150.0,3.425,174,0
150.0,3.849,292,5
150.0,4.423,46,0
152.0,3.435,297,3
151.0,3.921,4490,23
151.0,4.358,5792,46
152.0,4.827,1527,11
176.0,5.377,143,0
240.0,6.009,57,0
231.0,6.484,29,0
149.0,3.408,232,3
149.0,3.853,254,5
149.0,4.401,42,1
151.0,3.377,394,0
150.0,3.913,5069,33
150.0,4.354,5546,43
152.0,4.819,1421,8
179.0,5.4,137,0
235.0,5.976,52,2
248.0,6.483,42,0
148.0,3.404,171,4
148.0,3.844,298,7
151.0,3.403,301,2
150.0,3.932,3458,19
149.0,4.359,5325,38
151.0,4.809,1779,14
180.0,5.418,166,2
239.0,5.986,55,0
147.0,3.419,148,1
147.0,3.847,235,4
151.0,3.405,107,1
149.0,3.941,2062,14
148.0,4.358,4289,13
150.0,4.808,1464,8
182.0,5.386,147,0
240.0,6.002,77,0
247.0,6.473,56,0
252.0,7.029,25,1
146.0,3.436,206,4
146.0,3.841,269,4
146.0,4.402,38,1
152.0,3.372,184,0
147.0,3.933,3286,18
147.0,4.352,6250,41
150.0,4.805,1600,15
177.0,5.381,166,0
234.0,5.997,49,1
240.0,6.523,48,1
145.0,3.431,300,7
145.0,3.836,256,8
152.0,3.43,269,1
147.0,3.938,3926,28
147.0,4.36,6116,51
151.0,4.804,1694,14
188.0,5.401,185,5
236.0,5.971,78,0
229.0,6.472,53,1
237.0,6.91,27,0
144.0,3.416,257,10
144.0,3.846,303,0
150.0,3.388,254,1
145.0,3.936,4116,25
146.0,4.362,6951,44
152.0,4.806,1772,9
193.0,5.399,207,1
234.0,5.958,94,2
230.0,6.487,66,2
245.0,6.928,33,1
144.0,2.93,26,0
143.0,3.407,268,6
143.0,3.857,238,3
147.0,3.475,240,1
144.0,3.912,5873,42
144.0,4.361,6557,42
148.0,4.803,1376,10
185.0,5.444,117,0
232.0,5.99,66,1
243.0,6.472,47,1
142.0,2.934,94,1
142.0,3.392,344,3
142.0,3.864,220,1
149.0,3.499,929,6
143.0,3.883,7628,49
144.0,4.356,6125,26
148.0,4.802,1170,6
187.0,5.383,128,2
224.0,5.952,53,1
241.0,6.462,39,0
142.0,2.904,63,1
141.0,3.398,368,6
141.0,3.849,211,7
143.0,3.497,550,0
142.0,3.892,7773,51
143.0,4.353,5420,42
146.0,4.802,931,5
183.0,5.416,110,0
218.0,5.978,30,0
223.0,6.49,30,0
141.0,2.962,66,1
140.0,3.414,508,7
140.0,3.877,213,3
151.0,3.497,2794,20
141.0,3.881,7253,42
141.0,4.352,5378,32
145.0,4.811,942,8
167.0,5.456,106,3
231.0,5.968,40,0
235.0,6.509,25,0
139.0,2.97,70,1
139.0,3.411,496,5
139.0,3.878,153,3
144.0,3.515,1077,8
140.0,3.888,6530,37
140.0,4.351,4605,31
144.0,4.815,804,4
174.0,5.465,112,2
236.0,5.981,72,0
235.0,6.495,45,0
139.0,2.949,100,3
138.0,3.422,601,6
138.0,3.891,126,4
140.0,3.487,2005,9
139.0,3.881,6906,51
140.0,4.351,4071,19
146.0,4.818,617,4
177.0,5.427,102,1
240.0,5.976,36,0
230.0,6.495,39,2
137.0,2.947,156,3
137.0,3.413,559,6
137.0,3.878,117,2
138.0,3.48,2695,20
138.0,3.875,6682,32
139.0,4.35,3675,24
145.0,4.815,542,3
177.0,5.508,78,0
232.0,5.944,31,0
242.0,6.478,26,0
136.0,2.946,197,2
136.0,3.397,503,9
136.0,3.83,121,3
137.0,3.475,3261,17
137.0,3.868,4983,28
139.0,4.351,2865,14
146.0,4.82,384,1
175.0,5.489,77,1
232.0,5.968,35,1
226.0,6.519,27,1
135.0,2.912,309,6
135.0,3.39,445,6
135.0,3.866,77,2
137.0,2.87,126,0
136.0,3.447,5608,35
136.0,3.876,6596,35
139.0,4.358,2938,18
153.0,4.854,438,0
190.0,5.437,113,0
230.0,5.983,53,0
239.0,6.475,50,1
233.0,6.917,30,0
134.0,2.901,348,3
134.0,3.409,458,11
134.0,3.912,59,0
134.0,2.928,164,0
135.0,3.451,8002,47
135.0,3.875,8892,48
139.0,4.364,2670,13
156.0,4.858,561,4
184.0,5.493,158,2
234.0,5.952,61,2
232.0,6.502,44,0
226.0,6.936,39,0
133.0,2.938,362,4
133.0,3.394,537,7
134.0,3.885,65,3
133.0,2.915,138,1
134.0,3.453,7161,48
134.0,3.87,10942,65
136.0,4.37,2535,19
144.0,4.839,441,1
179.0,5.531,155,4
225.0,5.984,65,0
232.0,6.453,61,1
228.0,6.914,36,0
133.0,2.93,320,7
133.0,3.398,611,13
133.0,3.929,65,1
132.0,2.835,201,1
133.0,3.449,9009,53
133.0,3.868,11965,81
135.0,4.368,2641,22
151.0,4.856,448,5
174.0,5.454,132,2
224.0,5.97,44,0
227.0,6.477,45,0
131.0,2.937,329,6
131.0,3.401,578,8
131.0,3.899,88,4
132.0,3.024,68,0
132.0,3.447,9402,60
132.0,3.861,14622,97
133.0,4.361,3030,20
144.0,4.844,509,2
170.0,5.489,174,1
218.0,5.945,46,0
236.0,6.45,35,1
131.0,2.965,258,2
130.0,3.411,750,7
130.0,3.874,158,1
131.0,3.029,28,1
131.0,3.478,5621,33
131.0,3.871,15039,95
131.0,4.355,4026,30
139.0,4.852,634,4
166.0,5.48,163,1
228.0,5.983,44,0
230.0,6.457,43,1
130.0,2.953,192,2
129.0,3.426,654,9
129.0,3.872,205,3
131.0,3.491,2871,20
130.0,3.887,13641,72
131.0,4.365,4257,30
138.0,4.847,691,6
170.0,5.491,167,0
213.0,5.914,47,1
128.0,2.965,143,2
128.0,3.427,663,7
128.0,3.868,201,1
129.0,3.506,2587,14
129.0,3.884,13971,87
130.0,4.377,3955,23
138.0,4.858,612,8
172.0,5.427,152,0
219.0,5.936,45,0
224.0,6.45,27,0
127.0,2.952,220,0
127.0,3.435,764,7
127.0,3.898,169,2
128.0,3.502,3440,23
128.0,3.875,13850,83
129.0,4.37,3332,19
142.0,4.887,509,2
174.0,5.414,89,1
221.0,5.95,52,1
245.0,6.395,30,0
127.0,2.934,278,1
126.0,3.424,663,6
127.0,3.922,147,2
127.0,3.482,3800,25
127.0,3.873,12487,68
128.0,4.369,2918,19
143.0,4.873,371,3
184.0,5.4,100,0
236.0,5.955,63,1
247.0,6.477,62,0
260.0,6.933,25,2
125.0,2.922,311,7
125.0,3.429,737,12
125.0,3.888,145,2
126.0,3.482,3763,22
126.0,3.876,12647,92
127.0,4.365,3072,18
140.0,4.878,386,1
181.0,5.403,103,0
204.0,5.934,36,2
241.0,6.466,50,1
232.0,6.923,34,0
124.0,2.935,290,4
124.0,3.411,711,5
125.0,3.933,147,2
125.0,3.493,3596,14
125.0,3.881,12089,77
127.0,4.379,2765,13
142.0,4.878,406,1
183.0,5.392,100,1
230.0,5.932,35,1
237.0,6.459,40,1
124.0,2.935,293,4
123.0,3.421,756,8
123.0,3.908,126,0
138.0,3.018,65,0
124.0,3.484,4768,30
124.0,3.883,12556,78
128.0,4.388,2585,19
148.0,4.885,460,2
177.0,5.399,118,0
228.0,5.955,35,1
230.0,6.454,44,1
128.0,2.554,28,0
122.0,2.949,446,4
122.0,3.428,684,8
122.0,3.932,142,3
124.0,2.902,136,1
122.0,3.456,9889,68
123.0,3.881,12436,72
125.0,4.399,2118,15
142.0,4.874,354,1
183.0,5.403,102,0
216.0,5.963,44,0
235.0,6.471,42,0
121.0,2.964,501,7
121.0,3.439,610,6
121.0,3.917,123,1
122.0,2.955,252,1
122.0,3.442,12727,78
122.0,3.879,11684,64
125.0,4.39,2123,19
147.0,4.87,392,2
179.0,5.412,153,1
218.0,5.946,58,0
226.0,6.483,47,0
237.0,6.93,31,0
120.0,2.952,453,9
120.0,3.428,660,10
120.0,3.886,114,1
121.0,2.955,364,5
120.0,3.439,15434,98
121.0,3.875,10837,62
124.0,4.394,1746,10
151.0,4.909,277,1
183.0,5.419,113,1
214.0,5.918,50,1
230.0,6.447,59,0
119.0,2.916,607,8
119.0,3.411,595,5
119.0,3.903,101,1
127.0,3.055,731,3
119.0,3.437,17825,96
120.0,3.882,10035,52
122.0,4.403,1532,11
143.0,4.91,183,1
186.0,5.408,117,1
226.0,5.92,36,0
236.0,6.449,37,0
234.0,6.93,29,0
118.0,2.903,708,10
118.0,3.434,490,4
119.0,3.913,82,2
119.0,2.999,576,4
119.0,3.419,19625,117
120.0,3.883,9274,50
126.0,4.393,1617,8
151.0,4.921,193,0
180.0,5.391,95,0
222.0,5.973,41,0
225.0,6.487,35,0
117.0,2.478,51,1
117.0,2.904,1160,13
117.0,3.42,461,6
117.0,3.915,75,0
117.0,2.973,1734,6
118.0,3.393,24560,140
119.0,3.882,8321,41
124.0,4.408,1226,6
166.0,4.934,308,1
197.0,5.429,291,4
227.0,5.963,202,1
230.0,6.422,71,0
117.0,2.534,44,0
116.0,2.901,1087,13
116.0,3.424,410,4
117.0,3.964,39,0
116.0,2.972,2572,13
116.0,3.376,24012,166
117.0,3.878,6842,38
123.0,4.406,988,10
157.0,4.933,189,0
193.0,5.393,100,2
228.0,5.973,59,0
223.0,6.477,128,0
223.0,6.89,48,0
116.0,2.491,43,1
115.0,2.892,1259,16
115.0,3.428,432,3
115.0,3.938,41,0
116.0,2.982,2634,12
116.0,3.369,24688,149
117.0,3.87,6958,34
122.0,4.398,905,6
154.0,4.926,187,0
194.0,5.408,126,0
231.0,5.935,69,1
233.0,6.478,80,0
240.0,6.921,54,0
115.0,2.446,55,1
114.0,2.884,1196,10
114.0,3.406,540,8
114.0,3.89,59,1
115.0,2.95,2238,15
114.0,3.371,26213,165
115.0,3.863,11007,72
120.0,4.382,1184,7
154.0,4.907,234,1
192.0,5.422,104,0
226.0,5.947,53,0
230.0,6.486,66,0
228.0,6.984,30,2
114.0,2.476,42,1
113.0,2.889,963,12
113.0,3.406,490,6
113.0,3.894,126,1
114.0,2.959,1156,6
114.0,3.386,18147,116
114.0,3.862,12809,86
115.0,4.375,2630,24
132.0,4.854,301,3
195.0,5.407,98,0
231.0,5.944,57,1
226.0,6.461,60,0
238.0,6.983,34,0
113.0,2.536,41,0
112.0,2.901,497,7
112.0,3.408,601,9
112.0,3.913,291,0
114.0,2.988,447,3
113.0,3.424,8168,55
113.0,3.871,11299,62
114.0,4.368,3246,20
126.0,4.852,523,4
169.0,5.428,105,0
209.0,5.957,48,0
222.0,6.425,50,0
111.0,2.919,192,0
111.0,3.436,514,6
111.0,3.913,442,6
113.0,3.029,94,0
113.0,3.474,4062,19
112.0,3.878,10950,84
113.0,4.358,3789,18
125.0,4.836,666,1
178.0,5.411,155,1
215.0,5.98,75,0
234.0,6.454,78,2
232.0,6.902,34,0
112.0,2.433,32,1
111.0,2.932,251,3
110.0,3.453,511,2
110.0,3.937,543,7
112.0,2.997,156,0
112.0,3.476,3416,21
111.0,3.882,12322,87
112.0,4.359,4513,28
121.0,4.856,871,1
158.0,5.372,204,0
215.0,5.942,75,0
224.0,6.456,78,0
110.0,2.947,200,3
109.0,3.456,585,7
109.0,3.931,534,2
112.0,3.487,1998,12
110.0,3.893,11746,86
111.0,4.366,5396,32
117.0,4.852,1052,6
146.0,5.361,269,4
215.0,5.946,69,0
217.0,6.433,80,0
244.0,6.873,37,0
108.0,2.946,188,4
108.0,3.436,514,7
108.0,3.931,525,7
111.0,3.479,2605,21
109.0,3.894,13491,90
110.0,4.38,5661,40
118.0,4.861,1014,4
152.0,5.373,253,1
211.0,5.926,75,2
223.0,6.44,75,1
240.0,6.916,33,2
107.0,2.949,245,1
107.0,3.447,520,2
107.0,3.917,424,2
125.0,3.023,32,0
109.0,3.492,3654,27
108.0,3.894,14676,107
109.0,4.388,4706,36
115.0,4.868,847,6
139.0,5.356,190,2
202.0,5.944,54,1
222.0,6.439,60,1
234.0,6.957,29,2
107.0,2.938,294,1
106.0,3.451,511,9
106.0,3.926,367,5
108.0,3.043,29,0
107.0,3.477,4971,31
107.0,3.892,15159,116
108.0,4.398,4970,36
113.0,4.881,835,9
142.0,5.361,223,4
209.0,5.927,67,1
213.0,6.421,37,0
105.0,2.948,288,4
105.0,3.474,588,10
105.0,3.957,407,4
107.0,3.029,30,1
106.0,3.485,4622,35
106.0,3.903,12593,75
107.0,4.41,4590,29
111.0,4.887,949,4
132.0,5.368,219,1
213.0,5.973,63,0
189.0,6.403,51,0
104.0,2.946,290,2
104.0,3.498,523,5
104.0,3.92,328,4
105.0,3.011,41,0
105.0,3.473,4753,38
105.0,3.897,12239,78
106.0,4.409,3769,19
112.0,4.902,791,10
138.0,5.373,202,3
204.0,5.915,56,1
194.0,6.405,46,0
104.0,2.954,272,6
103.0,3.445,578,5
103.0,3.953,340,1
104.0,2.956,49,0
104.0,3.471,5277,33
104.0,3.891,12837,79
105.0,4.403,3538,18
110.0,4.896,912,8
138.0,5.375,207,2
196.0,5.938,62,1
218.0,6.417,46,0
226.0,6.989,31,1
103.0,2.937,207,2
102.0,3.462,502,2
102.0,3.931,348,1
103.0,2.994,29,0
103.0,3.469,4437,28
103.0,3.907,12822,74
105.0,4.412,3207,23
110.0,4.909,896,7
133.0,5.357,245,2
205.0,5.949,60,1
185.0,6.384,59,0
102.0,2.965,121,3
101.0,3.453,340,2
101.0,3.944,324,3
103.0,3.472,3665,16
102.0,3.912,12388,95
104.0,4.433,2864,21
109.0,4.92,710,9
117.0,5.344,311,2
187.0,5.895,73,0
203.0,6.435,45,0
101.0,2.968,122,1
100.0,3.446,262,5
100.0,3.944,359,2
101.0,3.012,26,0
101.0,3.49,2822,18
101.0,3.91,12403,100
103.0,4.433,2973,26
110.0,4.948,652,4
120.0,5.366,304,3
169.0,5.894,59,1
195.0,6.422,55,2
100.0,3.002,79,0
99.0,3.423,242,3
99.0,3.937,412,6
101.0,3.507,1669,9
101.0,3.925,10085,73
102.0,4.429,3917,28
110.0,4.939,987,11
124.0,5.414,372,1
156.0,5.926,93,1
208.0,6.446,79,1
99.0,2.963,47,0
99.0,3.453,153,1
98.0,3.965,508,6
98.0,4.339,26,0
102.0,3.498,803,4
101.0,3.947,6605,47
100.0,4.433,5047,39
104.0,4.938,1726,12
115.0,5.438,551,13
155.0,5.938,136,2
211.0,6.44,66,0
228.0,6.923,31,1
98.0,3.438,121,1
97.0,3.979,469,7
97.0,4.38,34,0
104.0,3.477,502,3
102.0,3.97,4464,34
99.0,4.448,6685,42
101.0,4.932,2525,19
110.0,5.437,747,5
132.0,5.887,146,1
222.0,6.448,67,0
198.0,6.921,41,0
97.0,3.481,89,0
96.0,3.973,526,6
96.0,4.397,57,1
104.0,3.467,418,5
101.0,3.983,3834,24
98.0,4.454,7538,49
99.0,4.933,2768,20
104.0,5.431,898,11
130.0,5.911,155,0
189.0,6.416,42,0
231.0,6.873,27,0
95.0,3.456,56,1
95.0,3.996,411,4
95.0,4.454,68,0
103.0,3.49,316,5
100.0,3.99,2782,18
96.0,4.47,7749,42
97.0,4.951,3191,35
101.0,5.464,1058,15
123.0,5.936,144,1
211.0,6.472,46,0
177.0,6.936,25,0
95.0,3.475,41,0
94.0,3.999,415,9
94.0,4.466,130,1
102.0,3.467,218,4
100.0,3.967,2163,15
95.0,4.472,9099,63
96.0,4.946,3930,19
100.0,5.468,1002,8
118.0,5.979,154,2
209.0,6.529,46,0
177.0,6.968,28,0
94.0,3.508,45,1
93.0,4.01,564,4
93.0,4.492,150,3
124.0,3.083,52,0
105.0,3.502,162,2
101.0,3.982,1937,15
95.0,4.478,8089,42
96.0,4.933,3525,21
99.0,5.472,999,7
115.0,5.93,164,3
216.0,6.504,54,1
92.0,3.481,33,1
92.0,4.001,461,6
93.0,4.517,156,0
101.0,3.492,105,1
95.0,4.002,1513,10
94.0,4.479,7289,37
94.0,4.93,3747,23
97.0,5.478,777,1
104.0,5.955,152,2
231.0,6.429,37,1
92.0,3.509,39,0
91.0,4.006,416,6
91.0,4.498,230,2
107.0,3.492,166,2
95.0,4.014,1442,9
93.0,4.48,5877,46
93.0,4.921,3890,30
97.0,5.468,942,7
106.0,5.965,218,1
205.0,6.46,44,1
194.0,6.884,31,0
90.0,3.459,30,0
91.0,4.009,269,2
90.0,4.502,276,4
109.0,3.472,81,0
99.0,3.987,624,2
93.0,4.494,3589,34
92.0,4.93,3572,31
94.0,5.475,1228,14
100.0,5.957,243,1
189.0,6.438,43,1
90.0,4.023,161,0
89.0,4.544,272,4
104.0,3.497,56,1
108.0,3.984,782,4
92.0,4.53,2937,20
91.0,4.96,3621,25
92.0,5.5,1268,13
94.0,6.006,259,4
156.0,6.35,43,1
89.0,4.044,152,2
89.0,4.499,262,3
108.0,3.522,125,2
99.0,4.017,1091,5
90.0,4.519,3358,24
90.0,4.955,2616,25
93.0,5.512,702,1
98.0,6.005,190,1
165.0,6.41,29,0
88.0,3.501,26,1
87.0,4.023,226,4
87.0,4.523,191,1
100.0,3.504,143,1
91.0,4.026,2170,21
89.0,4.513,4851,38
91.0,4.964,2325,17
95.0,5.51,608,4
107.0,6.012,139,2
194.0,6.446,59,1
86.0,3.98,291,2
86.0,4.559,178,3
104.0,3.535,495,3
90.0,4.019,3981,23
88.0,4.513,5341,49
91.0,4.997,2164,18
96.0,5.513,592,5
107.0,5.922,156,0
172.0,6.38,41,1
207.0,7.002,27,0
87.0,3.501,33,2
85.0,3.961,321,3
85.0,4.553,141,1
90.0,3.551,1152,5
87.0,4.015,6628,51
87.0,4.524,4959,37
90.0,4.995,1788,23
97.0,5.499,614,6
108.0,5.957,126,1
198.0,6.426,51,0
201.0,6.957,27,1
84.0,3.604,106,0
84.0,3.977,301,3
84.0,4.553,149,1
117.0,3.033,65,0
103.0,3.535,3163,19
86.0,4.021,8846,71
87.0,4.533,4427,32
90.0,4.956,2008,18
95.0,5.505,498,7
100.0,5.933,120,2
168.0,6.386,35,0
83.0,3.53,113,0
83.0,3.958,219,0
83.0,4.563,134,0
98.0,3.128,164,0
85.0,3.573,4649,36
85.0,4.016,9223,65
86.0,4.545,4150,19
90.0,4.963,1502,20
101.0,5.526,434,9
114.0,5.913,104,1
148.0,6.361,39,1
82.0,3.494,163,1
82.0,3.954,195,3
82.0,4.568,98,0
85.0,3.087,572,3
83.0,3.545,11444,88
84.0,4.017,10067,69
85.0,4.536,3375,23
90.0,4.975,1117,10
101.0,5.507,312,7
119.0,5.906,98,1
186.0,6.352,45,0
81.0,2.983,33,1
81.0,3.498,250,2
81.0,3.939,117,4
81.0,4.57,60,1
82.0,3.115,1382,5
82.0,3.524,15525,103
82.0,4.004,7684,57
86.0,4.494,2571,18
93.0,4.942,807,11
107.0,5.482,265,2
117.0,5.903,95,0
210.0,6.451,43,1
80.0,2.986,53,0
80.0,3.467,277,2
81.0,3.933,181,1
81.0,4.504,59,0
80.0,3.062,3616,17
80.0,3.51,21004,140
82.0,4.004,6389,54
87.0,4.474,2253,21
95.0,4.948,720,11
113.0,5.459,242,2
144.0,5.935,77,0
191.0,6.48,31,0
80.0,2.973,63,0
79.0,3.444,398,3
80.0,3.948,109,1
79.0,4.505,37,0
79.0,3.024,4980,34
79.0,3.497,20712,160
81.0,4.004,5486,31
85.0,4.484,1937,12
89.0,4.97,664,7
105.0,5.502,180,1
140.0,5.948,55,2
222.0,6.425,29,0
79.0,2.983,56,0
78.0,3.454,378,2
78.0,3.946,98,2
78.0,4.585,32,0
78.0,3.0,5046,24
79.0,3.491,23534,170
80.0,3.998,5479,36
86.0,4.464,1611,16
91.0,4.949,568,1
110.0,5.458,153,2
136.0,5.948,41,1
227.0,6.416,26,0
77.0,3.012,125,2
77.0,3.46,337,3
77.0,3.945,103,2
78.0,4.495,31,0
77.0,2.991,5685,30
78.0,3.486,26784,165
80.0,3.994,5557,49
88.0,4.462,1415,13
90.0,4.933,603,5
104.0,5.464,162,3
176.0,5.948,29,0
76.0,3.003,184,1
76.0,3.452,337,2
76.0,3.931,124,2
77.0,4.521,30,1
76.0,3.041,6666,43
77.0,3.487,18695,123
80.0,3.97,4650,36
89.0,4.459,1278,9
91.0,4.939,560,3
118.0,5.434,185,0
182.0,5.932,29,1
210.0,6.454,28,0
75.0,2.998,216,1
76.0,3.446,337,5
76.0,3.924,115,2
75.0,3.036,9377,58
76.0,3.491,15246,120
80.0,3.948,5184,39
86.0,4.458,1638,22
89.0,4.928,680,8
122.0,5.44,207,1
172.0,5.943,52,1
200.0,6.42,53,0
74.0,2.949,255,3
75.0,3.444,255,2
75.0,3.944,106,2
74.0,2.696,86,0
74.0,2.987,23457,154
75.0,3.506,26350,202
78.0,3.974,8174,72
83.0,4.462,2901,20
87.0,4.942,1088,12
113.0,5.412,211,0
171.0,5.946,51,0
181.0,6.427,39,1
74.0,2.53,63,1
74.0,2.915,363,1
75.0,3.42,199,3
75.0,3.897,79,1
74.0,2.542,311,2
73.0,2.949,37903,260
74.0,3.485,21756,160
78.0,3.944,5248,35
87.0,4.456,1763,15
93.0,4.932,663,6
127.0,5.42,167,2
132.0,5.947,60,0
213.0,6.435,41,0
72.0,2.507,81,1
72.0,2.875,346,2
73.0,3.43,141,0
73.0,3.974,34,1
72.0,2.66,838,2
72.0,2.912,40680,263
73.0,3.449,19771,117
76.0,3.895,4454,37
86.0,4.457,962,10
94.0,4.909,363,4
105.0,5.457,112,1
184.0,5.969,43,1
189.0,6.422,39,0
71.0,2.467,90,0
71.0,2.88,434,9
72.0,3.436,131,1
71.0,2.569,3797,22
71.0,2.899,50617,354
72.0,3.443,20232,159
77.0,3.901,4433,40
88.0,4.443,1098,8
98.0,4.88,358,2
123.0,5.412,130,0
168.0,5.936,62,1
194.0,6.334,25,0
70.0,2.513,136,0
70.0,2.864,457,2
71.0,3.425,134,2
70.0,2.498,18414,95
70.0,2.892,57149,343
71.0,3.46,15112,102
76.0,3.891,3221,26
88.0,4.435,925,12
91.0,4.871,376,2
117.0,5.37,101,0
145.0,5.897,40,1
164.0,6.398,25,0
69.0,2.424,304,2
69.0,2.884,687,6
69.0,3.46,74,0
69.0,2.424,32730,206
69.0,2.886,55083,389
71.0,3.463,9867,65
75.0,3.879,2302,21
83.0,4.439,718,4
98.0,4.883,306,2
147.0,5.361,128,1
170.0,5.927,33,0
68.0,2.404,406,4
68.0,2.878,568,11
69.0,3.489,72,1
68.0,2.42,45841,278
68.0,2.892,42913,262
71.0,3.439,6874,47
81.0,3.875,2374,26
87.0,4.389,1029,9
100.0,4.901,322,2
123.0,5.387,111,4
189.0,5.881,35,2
206.0,6.418,38,0
67.0,2.397,553,4
67.0,2.879,493,7
67.0,3.425,59,0
68.0,2.043,138,2
67.0,2.422,56267,297
67.0,2.914,36037,209
70.0,3.428,4804,40
79.0,3.869,1861,11
80.0,4.38,1007,7
94.0,4.909,268,0
141.0,5.407,54,1
66.0,2.396,600,4
66.0,2.902,366,3
68.0,3.458,58,1
68.0,1.979,119,1
66.0,2.406,74638,439
66.0,2.927,37098,252
69.0,3.425,4935,32
74.0,3.878,1992,11
82.0,4.396,954,6
90.0,4.906,248,4
127.0,5.406,84,0
168.0,5.993,29,0
65.0,2.368,790,7
65.0,2.915,392,5
65.0,3.459,44,1
65.0,1.989,597,5
65.0,2.39,88896,507
65.0,2.922,35230,201
68.0,3.419,4381,27
74.0,3.888,1874,14
82.0,4.419,810,4
99.0,4.915,218,3
120.0,5.405,76,1
134.0,5.914,32,1
64.0,2.361,1263,6
64.0,2.903,390,2
65.0,3.451,43,0
64.0,1.958,2505,11
64.0,2.378,91775,523
64.0,2.924,27680,183
67.0,3.387,4160,30
78.0,3.908,1316,15
88.0,4.438,699,5
96.0,4.894,260,6
141.0,5.387,49,0
66.0,2.038,33,0
64.0,1.831,69,0
63.0,1.852,141,0
63.0,2.337,1637,12
63.0,2.867,393,1
64.0,3.36,54,2
63.0,1.944,3906,19
63.0,2.358,102336,593
63.0,2.883,35056,211
66.0,3.334,5766,34
78.0,3.896,1288,6
86.0,4.432,657,7
92.0,4.913,244,1
113.0,5.416,82,1
62.0,1.853,220,4
62.0,2.343,2176,15
62.0,2.868,693,6
64.0,3.376,71,1
62.0,1.923,2933,15
62.0,2.367,97342,570
62.0,2.878,55530,348
63.0,3.332,10728,83
70.0,3.871,2379,19
82.0,4.409,914,6
93.0,4.899,313,1
119.0,5.382,110,0
216.0,6.448,35,1
61.0,1.855,104,0
61.0,2.356,1822,7
61.0,2.855,1048,9
69.0,3.364,91,1
73.0,3.92,29,0
61.0,1.969,743,4
61.0,2.384,46008,307
61.0,2.89,63631,419
62.0,3.357,18252,115
67.0,3.857,3725,23
80.0,4.396,791,10
92.0,4.893,327,2
140.0,5.417,97,1
181.0,5.91,37,0
206.0,6.485,30,0
61.0,1.862,96,4
60.0,2.356,1427,9
60.0,2.858,861,9
63.0,3.398,111,3
60.0,3.937,29,0
61.0,2.046,383,2
60.0,2.406,37346,223
60.0,2.906,61189,374
61.0,3.374,19439,145
67.0,3.866,3844,32
86.0,4.425,1064,8
103.0,4.925,370,0
138.0,5.413,186,3
185.0,5.954,67,0
200.0,6.441,42,1
59.0,1.905,160,1
59.0,2.362,1522,5
59.0,2.871,813,9
60.0,3.381,94,0
266.0,5.925,39,0
262.0,6.453,25,0
59.0,2.043,519,8
59.0,2.44,43989,298
59.0,2.912,57462,388
60.0,3.386,17955,147
68.0,3.891,3611,29
86.0,4.429,1053,6
90.0,4.923,276,3
103.0,5.358,150,1
58.0,1.941,269,2
58.0,2.376,1592,14
58.0,2.881,621,7
61.0,3.406,80,1
59.0,2.02,408,3
58.0,2.44,43871,267
58.0,2.933,51257,357
59.0,3.408,18299,127
64.0,3.891,3210,24
76.0,4.414,864,10
87.0,4.924,267,2
93.0,5.342,118,0
57.0,1.933,343,2
57.0,2.38,1454,10
57.0,2.891,501,5
58.0,3.419,52,0
58.0,2.037,941,6
57.0,2.433,52319,327
57.0,2.944,46124,282
58.0,3.4,16553,141
62.0,3.886,2709,27
73.0,4.433,758,8
79.0,4.892,303,3
80.0,5.323,170,2
56.0,1.917,439,5
56.0,2.37,1593,10
56.0,2.886,423,5
64.0,3.439,43,1
66.0,3.862,44,0
56.0,2.031,981,4
56.0,2.426,53552,322
56.0,2.936,45980,290
57.0,3.41,15663,133
62.0,3.884,2884,13
71.0,4.418,922,13
78.0,4.918,245,1
76.0,5.305,146,2
55.0,1.929,526,2
55.0,2.369,1410,14
55.0,2.903,389,2
55.0,2.024,717,7
55.0,2.44,50061,331
55.0,2.942,49119,364
56.0,3.409,15547,111
60.0,3.876,2921,32
67.0,4.406,730,5
83.0,4.904,251,2
72.0,5.294,133,1
180.0,5.901,29,0
54.0,1.892,250,1
54.0,2.379,1427,16
54.0,2.886,387,1
56.0,3.409,34,0
54.0,2.026,500,0
54.0,2.475,40978,236
55.0,2.967,55189,333
55.0,3.421,17831,128
60.0,3.885,3300,19
67.0,4.379,976,7
89.0,4.913,331,5
75.0,5.324,185,2
130.0,5.973,35,2
54.0,1.946,305,0
53.0,2.397,1248,7
54.0,2.909,414,3
57.0,3.424,55,1
53.0,2.071,425,1
53.0,2.485,34093,207
54.0,2.985,48595,321
54.0,3.44,17117,122
56.0,3.91,3855,22
59.0,4.394,1165,8
78.0,4.924,270,3
75.0,5.303,140,4
132.0,5.91,26,1
97.0,6.321,36,0
53.0,1.979,245,2
52.0,2.376,991,4
52.0,2.881,543,0
52.0,3.472,68,0
52.0,2.045,263,1
52.0,2.491,28108,174
53.0,2.997,43461,290
53.0,3.439,16100,125
55.0,3.9,5149,43
58.0,4.438,1365,7
75.0,4.914,271,1
69.0,5.322,146,1
107.0,6.325,36,1
52.0,2.02,142,2
51.0,2.378,588,5
51.0,2.884,631,5
52.0,3.487,128,1
52.0,2.008,61,1
51.0,2.512,16103,95
52.0,3.01,42391,312
52.0,3.46,26465,205
52.0,3.928,9416,74
54.0,4.435,2331,23
63.0,4.936,382,2
62.0,5.361,169,2
51.0,1.968,95,0
51.0,2.396,313,0
50.0,2.887,660,2
50.0,3.419,384,3
50.0,3.875,54,0
58.0,2.007,42,0
50.0,2.549,5593,41
51.0,3.025,27036,210
51.0,3.483,36363,291
51.0,3.941,28016,233
51.0,4.44,8132,69
53.0,4.949,1188,16
62.0,5.434,223,2
58.0,5.784,41,1
70.0,6.282,30,0
50.0,1.992,30,1
50.0,2.387,175,0
50.0,2.879,429,6
49.0,3.42,394,3
49.0,3.876,144,4
50.0,2.567,1947,13
51.0,3.001,12321,79
50.0,3.456,23350,206
49.0,3.928,31367,261
49.0,4.449,21577,187
49.0,4.965,6876,77
51.0,5.477,933,11
53.0,5.871,117,1
49.0,2.398,38,0
49.0,2.958,163,1
48.0,3.48,257,1
48.0,3.938,259,3
48.0,4.464,81,0
51.0,2.509,526,4
51.0,2.993,4966,39
50.0,3.448,9334,81
49.0,3.959,18841,165
49.0,4.511,25072,242
48.0,5.023,19369,220
48.0,5.504,5785,53
49.0,5.91,440,11
63.0,6.436,44,2
48.0,2.999,27,0
47.0,3.478,75,0
47.0,3.97,193,2
47.0,4.494,183,3
47.0,4.934,43,0
51.0,2.431,242,1
51.0,2.988,2609,26
50.0,3.444,4787,47
48.0,3.953,7391,73
48.0,4.525,22046,237
47.0,5.04,27248,287
47.0,5.53,13790,162
47.0,5.917,1463,20
52.0,6.403,87,1
47.0,3.436,29,0
46.0,3.989,111,1
47.0,4.528,135,2
49.0,4.942,49,0
49.0,2.431,161,5
51.0,2.995,2017,10
50.0,3.438,2342,25
49.0,4.024,4717,45
47.0,4.589,19255,179
46.0,5.067,23765,260
46.0,5.567,16644,176
46.0,5.979,3944,55
47.0,6.367,272,4
47.0,6.767,56,2
45.0,3.997,104,4
45.0,4.463,143,1
45.0,4.933,154,1
50.0,2.419,97,0
51.0,2.99,1171,15
50.0,3.432,1235,14
47.0,4.037,3914,30
45.0,4.587,19461,155
45.0,5.069,23069,188
45.0,5.571,16161,186
45.0,5.989,5795,81
47.0,6.411,504,9
55.0,6.783,73,3
44.0,3.935,66,2
45.0,4.452,149,2
44.0,4.933,114,2
60.0,5.332,27,0
47.0,2.428,60,1
49.0,3.012,774,5
48.0,3.398,977,7
45.0,4.027,3396,24
44.0,4.544,15742,134
44.0,4.988,24222,221
44.0,5.505,17060,187
44.0,5.932,8524,122
45.0,6.378,855,16
45.0,6.772,76,2
44.0,3.965,41,1
44.0,4.456,100,3
44.0,4.928,90,0
45.0,5.389,65,1
86.0,5.815,27,0
53.0,2.39,46,1
51.0,2.948,659,7
53.0,3.445,680,4
47.0,3.991,2315,14
44.0,4.491,6076,66
44.0,4.935,13835,129
43.0,5.475,19271,206
43.0,5.976,16099,196
43.0,6.503,4291,90
43.0,6.953,897,31
43.0,7.367,66,1
46.0,3.855,25,1
43.0,4.521,56,0
44.0,4.938,58,1
45.0,5.499,45,0
64.0,5.857,42,2
48.0,2.515,41,1
52.0,3.018,685,3
54.0,3.425,850,4
48.0,3.963,1520,11
44.0,4.503,2915,19
43.0,4.97,5594,41
43.0,5.539,8604,109
42.0,6.053,10625,159
42.0,6.573,7086,155
42.0,7.017,3216,64
42.0,7.488,442,10
42.0,5.046,50,0
43.0,5.574,35,2
49.0,2.523,33,0
52.0,2.915,760,6
52.0,3.407,493,4
47.0,3.946,925,3
44.0,4.505,1294,9
42.0,4.986,3724,36
42.0,5.561,7849,89
41.0,6.063,9957,142
41.0,6.584,7162,147
41.0,7.025,2795,87
41.0,7.51,547,19
41.0,7.915,51,2
41.0,5.019,68,3
42.0,5.514,31,1
145.0,5.943,42,0
240.0,6.931,46,0
60.0,2.456,61,0
60.0,3.012,1263,11
67.0,3.491,1227,12
68.0,3.984,1704,11
50.0,4.541,1851,7
41.0,5.062,3939,36
41.0,5.579,9312,101
41.0,6.068,8068,130
41.0,6.572,3717,89
41.0,7.01,1099,29
41.0,7.464,231,3
40.0,7.829,34,1
39.0,4.993,97,1
53.0,5.489,48,1
51.0,2.421,70,1
60.0,3.011,897,5
69.0,3.471,1562,10
65.0,3.97,1719,17
50.0,4.519,2145,22
41.0,5.009,7491,93
40.0,5.564,12441,144
39.0,6.063,8587,143
40.0,6.573,3710,63
40.0,7.0,951,24
41.0,7.39,161,6
39.0,5.023,93,1
43.0,5.546,40,2
53.0,2.49,43,0
57.0,3.007,650,7
76.0,3.477,709,2
86.0,4.007,1541,10
48.0,4.576,1799,13
39.0,5.05,8193,69
39.0,5.591,13025,143
38.0,6.07,12199,164
38.0,6.576,6174,124
38.0,7.012,1936,62
39.0,7.379,212,4
38.0,7.783,56,1
37.0,4.981,59,1
43.0,5.56,46,0
112.0,5.914,48,1
230.0,6.443,32,3
237.0,7.017,28,2
50.0,2.438,28,0
55.0,2.978,488,4
73.0,3.436,960,5
77.0,3.963,1369,8
49.0,4.602,1865,11
38.0,5.055,7054,47
38.0,5.598,14372,157
37.0,6.084,13101,201
38.0,6.576,5776,124
38.0,7.023,2332,56
37.0,7.351,339,14
37.0,7.771,47,5
37.0,5.068,70,0
43.0,5.556,124,2
97.0,5.924,50,0
187.0,6.46,49,1
199.0,6.877,31,1
52.0,2.434,39,0
59.0,2.969,420,7
71.0,3.443,763,6
71.0,4.004,1271,12
49.0,4.562,1859,20
37.0,5.073,8613,71
36.0,5.602,20378,242
36.0,6.086,15292,219
36.0,6.559,6352,114
36.0,7.014,2024,63
36.0,7.391,303,9
35.0,5.041,82,3
36.0,5.541,95,1
37.0,5.978,56,2
49.0,2.4,29,0
58.0,2.992,308,1
77.0,3.462,591,4
74.0,4.018,1023,8
46.0,4.56,1034,6
36.0,5.062,6990,53
35.0,5.592,16808,196
35.0,6.094,15095,220
35.0,6.568,8043,176
35.0,7.018,2873,89
35.0,7.388,445,17
35.0,7.762,31,1
35.0,5.065,85,1
36.0,5.539,112,2
36.0,5.96,92,1
46.0,6.368,39,0
56.0,3.015,341,6
73.0,3.452,500,4
79.0,3.956,602,5
45.0,4.496,939,3
35.0,5.05,4643,33
35.0,5.583,12557,123
34.0,6.093,15808,231
34.0,6.59,9096,180
34.0,7.017,4114,119
34.0,7.406,546,22
34.0,7.804,50,0
117.0,3.388,71,1
109.0,3.882,33,0
43.0,4.567,31,0
34.0,5.071,72,2
33.0,5.548,74,0
38.0,5.993,97,3
44.0,6.494,77,1
52.0,2.451,29,1
56.0,3.011,433,7
74.0,3.477,643,3
86.0,3.934,659,6
45.0,4.438,907,12
35.0,5.021,2967,30
33.0,5.557,8055,80
33.0,6.075,13486,187
33.0,6.593,11502,243
33.0,7.025,4729,133
33.0,7.423,1239,48
33.0,7.795,81,3
32.0,5.072,36,1
32.0,5.577,45,0
34.0,6.011,88,1
35.0,6.57,87,2
54.0,3.014,408,1
71.0,3.436,536,3
85.0,3.922,712,6
54.0,4.429,924,13
35.0,5.014,2503,19
33.0,5.502,6125,55
32.0,6.028,9124,113
32.0,6.557,12520,235
32.0,7.026,6253,190
32.0,7.423,1518,44
32.0,7.865,125,5
35.0,5.6,45,2
32.0,6.058,80,5
42.0,6.566,99,4
53.0,2.998,178,1
69.0,3.446,300,4
74.0,3.914,402,4
44.0,4.424,711,3
33.0,4.972,1913,4
32.0,5.482,3857,27
32.0,5.997,6413,76
31.0,6.554,12056,214
31.0,7.045,8031,189
31.0,7.504,2425,87
31.0,7.924,239,9
52.0,6.002,66,1
43.0,6.547,90,2
54.0,2.972,183,1
77.0,3.429,334,7
85.0,3.922,521,4
43.0,4.424,1083,11
33.0,4.961,2841,17
32.0,5.478,2500,18
31.0,6.009,4146,43
31.0,6.584,5628,101
30.0,7.062,5357,159
30.0,7.541,2944,103
30.0,7.968,459,25
30.0,8.329,44,2
40.0,6.091,35,0
47.0,6.58,51,0
55.0,3.004,160,1
74.0,3.44,279,2
85.0,3.925,276,1
50.0,4.472,541,6
31.0,4.985,2011,11
32.0,5.558,4713,38
29.0,6.046,6701,67
29.0,6.593,5890,123
29.0,7.067,3428,101
30.0,7.53,1702,60
29.0,8.008,395,20
29.0,8.553,28,0
55.0,5.53,66,0
49.0,6.035,69,2
57.0,6.564,55,0
53.0,3.002,134,1
80.0,3.438,257,0
79.0,3.911,295,3
40.0,4.455,738,4
30.0,4.993,3174,21
29.0,5.579,7520,79
29.0,6.04,12444,185
29.0,6.545,5740,112
29.0,7.03,2006,53
29.0,7.508,1054,34
29.0,7.937,173,7
29.0,8.492,25,2
28.0,5.048,32,0
30.0,5.556,96,1
35.0,6.031,104,1
34.0,6.533,38,2
55.0,2.973,182,1
71.0,3.442,222,4
88.0,3.908,316,2
31.0,4.451,1507,8
28.0,4.98,4362,22
27.0,5.591,9258,88
27.0,6.052,13096,199
28.0,6.518,4870,95
28.0,6.97,1650,44
28.0,7.481,463,13
29.0,7.94,152,5
41.0,4.978,33,0
29.0,5.554,129,5
29.0,6.046,98,1
43.0,6.528,53,0
53.0,2.985,148,5
71.0,3.448,243,4
78.0,3.935,298,7
30.0,4.487,1591,5
27.0,4.967,5798,31
27.0,5.577,7140,65
26.0,6.067,14270,209
26.0,6.556,6912,151
27.0,6.992,2522,68
27.0,7.495,767,36
27.0,7.934,166,6
29.0,4.962,60,1
36.0,5.585,85,0
29.0,5.996,143,1
37.0,6.569,39,1
54.0,3.015,89,0
77.0,3.447,203,1
69.0,3.931,275,5
30.0,4.455,876,6
26.0,4.978,4166,22
25.0,5.551,8014,65
25.0,6.049,16359,227
25.0,6.521,17052,324
25.0,6.973,3608,97
25.0,7.446,883,35
26.0,8.022,153,10
26.0,5.007,59,0
27.0,5.587,96,2
30.0,6.037,182,2
30.0,6.518,87,1
59.0,2.948,82,1
71.0,3.42,243,3
69.0,3.932,292,3
34.0,4.436,721,3
26.0,4.96,3231,11
25.0,5.518,5746,41
24.0,6.065,12335,188
24.0,6.551,13253,284
24.0,6.958,4469,160
25.0,7.484,678,26
25.0,7.991,100,6
30.0,4.982,48,2
25.0,5.582,71,2
29.0,6.039,146,2
32.0,6.581,62,0
53.0,2.923,83,0
77.0,3.429,201,6
82.0,3.919,316,6
36.0,4.466,689,3
25.0,4.967,3533,13
24.0,5.539,6158,45
23.0,6.083,13709,191
23.0,6.545,12551,281
24.0,6.954,5585,198
24.0,7.408,985,34
23.0,7.967,138,5
23.0,8.56,30,1
23.0,4.694,26,1
25.0,5.045,54,0
24.0,5.611,80,0
26.0,6.055,163,5
32.0,6.52,66,1
54.0,2.967,80,1
76.0,3.428,232,2
82.0,3.904,287,4
28.0,4.465,1156,3
23.0,4.987,4827,12
22.0,5.586,7904,57
22.0,6.105,17664,235
22.0,6.566,10299,225
23.0,6.949,4734,145
23.0,7.422,817,46
23.0,8.004,82,6
21.0,4.644,29,0
26.0,4.984,96,0
26.0,5.607,159,2
28.0,6.035,147,3
24.0,6.482,58,1
54.0,2.909,83,0
71.0,3.432,154,1
54.0,3.937,316,2
24.0,4.447,1923,6
22.0,5.043,6184,25
21.0,5.615,13659,125
21.0,6.103,18560,264
21.0,6.566,7847,187
22.0,6.96,3298,118
22.0,7.444,723,37
22.0,7.991,91,8
21.0,4.652,83,0
27.0,5.011,139,1
22.0,5.535,167,5
23.0,6.052,92,4
20.0,6.485,25,0
55.0,2.976,66,2
56.0,3.476,192,3
25.0,3.96,1603,5
24.0,4.491,2957,10
20.0,5.087,11448,82
20.0,5.612,24842,230
20.0,6.07,13635,170
21.0,6.566,4567,125
21.0,7.008,1364,50
21.0,7.481,392,28
20.0,4.588,114,3
20.0,5.003,218,4
20.0,5.536,189,7
25.0,6.024,72,5
45.0,2.901,25,0
35.0,3.458,191,0
22.0,3.959,2485,4
20.0,4.57,3593,15
19.0,5.077,21467,171
19.0,5.56,33085,292
19.0,5.99,19094,229
20.0,6.562,3554,68
21.0,6.991,939,36
20.0,7.49,363,14
21.0,7.937,33,2
19.0,4.546,58,2
19.0,5.001,199,0
20.0,5.544,229,1
34.0,5.99,140,4
77.0,6.529,44,1
51.0,2.966,41,0
47.0,3.476,187,0
20.0,3.967,3304,4
20.0,4.493,3266,12
19.0,5.055,11559,86
18.0,5.55,20368,180
18.0,6.009,18581,233
18.0,6.523,4992,128
19.0,6.987,1187,35
19.0,7.504,358,11
19.0,4.61,42,1
19.0,5.017,154,2
17.0,5.56,248,2
20.0,6.035,188,4
33.0,6.513,49,0
47.0,2.946,33,1
44.0,3.488,137,1
19.0,3.972,2631,4
18.0,4.482,2652,9
18.0,5.014,5955,25
17.0,5.573,11687,90
17.0,6.06,16557,220
17.0,6.559,5692,151
18.0,6.997,1793,52
18.0,7.487,513,16
20.0,5.024,67,0
17.0,5.591,173,4
18.0,6.028,137,1
23.0,6.499,50,0
45.0,2.934,36,0
44.0,3.473,162,0
19.0,3.974,1722,6
18.0,4.474,2217,4
17.0,4.985,3783,17
16.0,5.587,8201,58
16.0,6.033,12233,138
16.0,6.508,6043,143
17.0,6.893,2309,70
17.0,7.473,570,22
18.0,5.073,83,0
26.0,5.566,157,1
24.0,6.003,196,1
40.0,6.529,74,2
49.0,2.925,44,1
54.0,3.499,155,2
20.0,3.983,1229,2
17.0,4.475,1987,4
16.0,4.97,3123,6
16.0,5.581,4706,40
15.0,6.076,9284,121
16.0,6.487,8309,196
16.0,6.923,2553,86
16.0,7.472,651,31
16.0,5.05,83,1
15.0,5.548,327,6
20.0,6.021,216,7
31.0,6.468,83,3
34.0,2.937,52,1
56.0,3.455,135,0
18.0,3.993,1049,1
16.0,4.486,2533,7
15.0,4.978,4623,6
14.0,5.563,9152,68
14.0,6.054,14961,179
14.0,6.484,8921,241
15.0,6.915,3084,112
15.0,7.466,753,28
15.0,5.081,119,5
16.0,5.539,316,5
14.0,6.007,179,3
26.0,6.434,54,2
38.0,2.88,90,0
39.0,3.555,153,0
16.0,3.977,1568,2
15.0,4.462,2130,3
14.0,4.988,4794,13
13.0,5.585,15262,129
13.0,6.037,22237,299
13.0,6.484,9369,235
14.0,6.914,2827,124
14.0,7.473,645,46
12.0,5.06,119,2
12.0,5.538,380,9
14.0,5.977,243,6
19.0,6.499,67,2
51.0,3.027,126,0
39.0,3.54,167,0
14.0,3.977,2544,4
15.0,4.464,2525,4
13.0,4.972,4641,12
12.0,5.563,9669,68
12.0,6.022,20373,273
12.0,6.465,11878,297
13.0,6.919,3274,163
14.0,7.489,706,33
12.0,5.055,96,2
11.0,5.544,349,5
14.0,6.03,220,5
16.0,6.465,78,3
38.0,2.955,42,0
28.0,3.601,279,2
13.0,3.981,3086,2
13.0,4.464,2301,3
12.0,4.952,4706,6
12.0,5.549,5620,31
11.0,6.057,18003,221
11.0,6.491,13304,389
12.0,6.936,4973,224
13.0,7.494,676,43
18.0,7.975,26,0
12.0,5.042,140,1
12.0,5.547,509,4
12.0,6.011,370,6
15.0,6.541,72,2
49.0,2.923,53,1
55.0,3.454,137,0
13.0,3.987,2330,2
13.0,4.463,1502,2
11.0,4.95,4195,5
11.0,5.554,5486,28
10.0,6.071,19129,231
10.0,6.504,13438,438
11.0,6.936,4430,239
12.0,7.534,700,37
19.0,7.932,33,1
10.0,5.029,166,1
11.0,5.528,428,9
10.0,6.005,321,4
17.0,6.497,80,2
52.0,2.962,72,1
45.0,3.492,204,5
11.0,3.978,2908,2
12.0,4.462,1561,3
10.0,4.952,3854,5
9.0,5.569,7995,64
9.0,6.056,18793,275
9.0,6.497,12253,457
10.0,6.959,3641,268
11.0,7.567,646,52
20.0,8.017,30,1
8.0,4.603,36,1
8.0,5.035,306,8
10.0,5.53,419,7
11.0,6.011,265,4
9.0,6.477,49,1
54.0,3.074,1341,5
21.0,3.593,234,0
9.0,3.99,3782,2
10.0,4.468,1560,2
9.0,5.003,5229,11
8.0,5.569,17444,177
8.0,6.035,21833,686
9.0,6.51,10388,996
9.0,6.968,2932,426
11.0,7.562,603,127
18.0,8.03,42,17
7.0,4.578,98,0
8.0,5.06,484,3
9.0,5.524,359,5
8.0,5.972,169,4
18.0,6.376,26,1
54.0,3.092,1303,1
23.0,3.548,394,1
9.0,3.982,2544,1
10.0,4.458,1383,2
7.0,5.086,9771,19
7.0,5.559,32873,126
7.0,6.02,17652,178
8.0,6.497,7352,348
9.0,6.963,2417,171
10.0,7.602,618,114
7.0,4.584,103,1
6.0,5.044,421,2
8.0,5.535,308,4
8.0,5.989,164,2
12.0,6.407,51,1
51.0,3.03,204,1
11.0,3.582,340,0
8.0,3.978,2086,0
8.0,4.452,1709,2
6.0,5.074,11130,23
6.0,5.562,32431,82
6.0,6.0,15769,61
7.0,6.472,6236,123
8.0,6.981,2297,83
9.0,7.556,608,33
6.0,4.594,76,1
6.0,5.038,404,0
6.0,5.51,351,4
6.0,5.984,221,0
10.0,6.413,57,1
39.0,2.915,36,1
14.0,3.515,330,1
7.0,3.984,2663,3
7.0,4.44,1708,3
5.0,5.056,10536,18
5.0,5.55,31433,64
5.0,5.97,19166,59
6.0,6.454,6426,52
6.0,6.959,2693,29
8.0,7.58,453,6
5.0,4.589,75,0
5.0,5.049,277,1
6.0,5.53,334,0
7.0,5.997,157,1
8.0,6.431,39,0
20.0,3.147,48,1
12.0,3.545,364,1
6.0,3.983,1664,0
7.0,4.438,1232,0
4.0,5.073,8231,15
4.0,5.558,25231,45
4.0,5.992,12228,22
5.0,6.443,5551,18
5.0,6.944,2594,13
8.0,7.595,376,0
4.0,4.58,141,0
5.0,5.042,384,0
5.0,5.504,279,0
3.0,5.997,133,1
36.0,2.976,38,0
14.0,3.512,292,0
5.0,3.98,2341,1
5.0,4.427,1502,2
3.0,5.068,11005,11
3.0,5.539,31084,45
3.0,5.982,11821,30
4.0,6.474,4084,11
4.0,6.91,2720,20
9.0,7.577,188,1
2.0,4.543,110,0
2.0,5.026,420,0
3.0,5.534,274,1
2.0,6.006,134,0
60.0,2.376,225,1
59.0,3.033,999,4
21.0,3.475,386,0
4.0,3.99,3716,0
4.0,4.457,1758,0
2.0,5.057,15402,23
2.0,5.529,37699,59
2.0,5.964,14133,25
3.0,6.461,5417,16
3.0,6.878,2842,7
10.0,7.485,167,0
2.0,4.509,86,0
1.0,5.037,403,2
2.0,5.52,299,0
4.0,6.008,148,0
55.0,3.018,513,2
21.0,3.491,407,0
2.0,3.984,2587,0
3.0,4.443,1918,2
1.0,5.007,10474,12
1.0,5.54,33757,30
1.0,5.976,17354,23
2.0,6.448,7019,9
2.0,6.882,5292,10
10.0,7.525,130,0
1.0,4.58,40,0
1.0,5.007,299,0
1.0,5.479,483,0
1.0,5.954,173,1
6.0,6.485,31,0
58.0,2.986,484,0
14.0,3.516,460,2
1.0,3.986,3359,0
1.0,4.42,2029,0
0.0,4.979,6901,4
0.0,5.531,29343,7
0.0,5.972,19790,14
1.0,6.437,8972,14
1.0,6.89,6103,3
10.0,7.476,127,1
