x,y,f
0.005208,0.005208,-5.883887
0.015625,0.005208,-5.824384
0.026042,0.005208,-5.764882
0.036458,0.005208,-5.705379
0.046875,0.005208,-5.645877
0.057292,0.005208,-5.586374
0.067708,0.005208,-5.526871
0.078125,0.005208,-5.467369
0.088542,0.005208,-5.407866
0.098958,0.005208,-5.348364
0.109375,0.005208,-5.288861
0.119792,0.005208,-5.229359
0.130208,0.005208,-5.173563
0.140625,0.005208,-5.121474
0.151042,0.005208,-5.069385
0.161458,0.005208,-5.017297
0.171875,0.005208,-4.965208
0.182292,0.005208,-4.913119
0.192708,0.005208,-4.876525
0.203125,0.005208,-4.855427
0.213542,0.005208,-4.834328
0.223958,0.005208,-4.813229
0.234375,0.005208,-4.792131
0.244792,0.005208,-4.771032
0.255208,0.005208,-4.728698
0.265625,0.005208,-4.665128
0.276042,0.005208,-4.601559
0.286458,0.005208,-4.537989
0.296875,0.005208,-4.474419
0.307292,0.005208,-4.410850
0.317708,0.005208,-4.347280
0.328125,0.005208,-4.283711
0.338542,0.005208,-4.220141
0.348958,0.005208,-4.156571
0.359375,0.005208,-4.093002
0.369792,0.005208,-4.029432
0.380208,0.005208,-3.963730
0.390625,0.005208,-3.895896
0.401042,0.005208,-3.828062
0.411458,0.005208,-3.760228
0.421875,0.005208,-3.692393
0.432292,0.005208,-3.624559
0.442708,0.005208,-3.561002
0.453125,0.005208,-3.501723
0.463542,0.005208,-3.442443
0.473958,0.005208,-3.383163
0.484375,0.005208,-3.323883
0.494792,0.005208,-3.264604
0.505208,0.005208,-3.223476
0.515625,0.005208,-3.200502
0.526042,0.005208,-3.177527
0.536458,0.005208,-3.154552
0.546875,0.005208,-3.131577
0.557292,0.005208,-3.108602
0.567708,0.005208,-3.085627
0.578125,0.005208,-3.062653
0.588542,0.005208,-3.039678
0.598958,0.005208,-3.016703
0.609375,0.005208,-2.993728
0.619792,0.005208,-2.970753
0.630208,0.005208,-2.947779
0.640625,0.005208,-2.924804
0.651042,0.005208,-2.901829
0.661458,0.005208,-2.878854
0.671875,0.005208,-2.855879
0.682292,0.005208,-2.832905
0.692708,0.005208,-2.809930
0.703125,0.005208,-2.786955
0.713542,0.005208,-2.763980
0.723958,0.005208,-2.741005
0.734375,0.005208,-2.718031
0.744792,0.005208,-2.695056
0.755208,0.005208,-2.672081
0.765625,0.005208,-2.649106
0.776042,0.005208,-2.626131
0.786458,0.005208,-2.603156
0.796875,0.005208,-2.580182
0.807292,0.005208,-2.557207
0.817708,0.005208,-2.534232
0.828125,0.005208,-2.511257
0.838542,0.005208,-2.488282
0.848958,0.005208,-2.465308
0.859375,0.005208,-2.442333
0.869792,0.005208,-2.419358
0.880208,0.005208,-2.396383
0.890625,0.005208,-2.373408
0.901042,0.005208,-2.350434
0.911458,0.005208,-2.327459
0.921875,0.005208,-2.304484
0.932292,0.005208,-2.281509
0.942708,0.005208,-2.258534
0.953125,0.005208,-2.235559
0.963542,0.005208,-2.212585
0.973958,0.005208,-2.189610
0.984375,0.005208,-2.166635
0.994792,0.005208,-2.143660
0.005208,0.015625,-5.940069
0.015625,0.015625,-5.873081
0.026042,0.015625,-5.806092
0.036458,0.015625,-5.739103
0.046875,0.015625,-5.672115
0.057292,0.015625,-5.605126
0.067708,0.015625,-5.538137
0.078125,0.015625,-5.471148
0.088542,0.015625,-5.404160
0.098958,0.015625,-5.337171
0.109375,0.015625,-5.270182
0.119792,0.015625,-5.203194
0.130208,0.015625,-5.148659
0.140625,0.015625,-5.106577
0.151042,0.015625,-5.064496
0.161458,0.015625,-5.022415
0.171875,0.015625,-4.980334
0.182292,0.015625,-4.938252
0.192708,0.015625,-4.905483
0.203125,0.015625,-4.882026
0.213542,0.015625,-4.858569
0.223958,0.015625,-4.835112
0.234375,0.015625,-4.811655
0.244792,0.015625,-4.788198
0.255208,0.015625,-4.745054
0.265625,0.015625,-4.682225
0.276042,0.015625,-4.619395
0.286458,0.015625,-4.556566
0.296875,0.015625,-4.493736
0.307292,0.015625,-4.430907
0.317708,0.015625,-4.368078
0.328125,0.015625,-4.305248
0.338542,0.015625,-4.242419
0.348958,0.015625,-4.179589
0.359375,0.015625,-4.116760
0.369792,0.015625,-4.053930
0.380208,0.015625,-3.984704
0.390625,0.015625,-3.909081
0.401042,0.015625,-3.833458
0.411458,0.015625,-3.757836
0.421875,0.015625,-3.682213
0.432292,0.015625,-3.606590
0.442708,0.015625,-3.543799
0.453125,0.015625,-3.493839
0.463542,0.015625,-3.443879
0.473958,0.015625,-3.393919
0.484375,0.015625,-3.343960
0.494792,0.015625,-3.294000
0.505208,0.015625,-3.257555
0.515625,0.015625,-3.234624
0.526042,0.015625,-3.211693
0.536458,0.015625,-3.188763
0.546875,0.015625,-3.165832
0.557292,0.015625,-3.142901
0.567708,0.015625,-3.119971
0.578125,0.015625,-3.097040
0.588542,0.015625,-3.074109
0.598958,0.015625,-3.051179
0.609375,0.015625,-3.028248
0.619792,0.015625,-3.005318
0.630208,0.015625,-2.982387
0.640625,0.015625,-2.959456
0.651042,0.015625,-2.936526
0.661458,0.015625,-2.913595
0.671875,0.015625,-2.890664
0.682292,0.015625,-2.867734
0.692708,0.015625,-2.844803
0.703125,0.015625,-2.821872
0.713542,0.015625,-2.798942
0.723958,0.015625,-2.776011
0.734375,0.015625,-2.753081
0.744792,0.015625,-2.730150
0.755208,0.015625,-2.707219
0.765625,0.015625,-2.684289
0.776042,0.015625,-2.661358
0.786458,0.015625,-2.638427
0.796875,0.015625,-2.615497
0.807292,0.015625,-2.592566
0.817708,0.015625,-2.569635
0.828125,0.015625,-2.546705
0.838542,0.015625,-2.523774
0.848958,0.015625,-2.500844
0.859375,0.015625,-2.477913
0.869792,0.015625,-2.454982
0.880208,0.015625,-2.432052
0.890625,0.015625,-2.409121
0.901042,0.015625,-2.386190
0.911458,0.015625,-2.363260
0.921875,0.015625,-2.340329
0.932292,0.015625,-2.317398
0.942708,0.015625,-2.294468
0.953125,0.015625,-2.271537
0.963542,0.015625,-2.248607
0.973958,0.015625,-2.225676
0.984375,0.015625,-2.202745
0.994792,0.015625,-2.179815
0.005208,0.026042,-5.996252
0.015625,0.026042,-5.921777
0.026042,0.026042,-5.847302
0.036458,0.026042,-5.772828
0.046875,0.026042,-5.698353
0.057292,0.026042,-5.623878
0.067708,0.026042,-5.549403
0.078125,0.026042,-5.474928
0.088542,0.026042,-5.400453
0.098958,0.026042,-5.325978
0.109375,0.026042,-5.251503
0.119792,0.026042,-5.177029
0.130208,0.026042,-5.123754
0.140625,0.026042,-5.091680
0.151042,0.026042,-5.059607
0.161458,0.026042,-5.027533
0.171875,0.026042,-4.995459
0.182292,0.026042,-4.963386
0.192708,0.026042,-4.934441
0.203125,0.026042,-4.908625
0.213542,0.026042,-4.882810
0.223958,0.026042,-4.856994
0.234375,0.026042,-4.831178
0.244792,0.026042,-4.805363
0.255208,0.026042,-4.761410
0.265625,0.026042,-4.699321
0.276042,0.026042,-4.637232
0.286458,0.026042,-4.575143
0.296875,0.026042,-4.513053
0.307292,0.026042,-4.450964
0.317708,0.026042,-4.388875
0.328125,0.026042,-4.326786
0.338542,0.026042,-4.264696
0.348958,0.026042,-4.202607
0.359375,0.026042,-4.140518
0.369792,0.026042,-4.078429
0.380208,0.026042,-4.005678
0.390625,0.026042,-3.922267
0.401042,0.026042,-3.838855
0.411458,0.026042,-3.755444
0.421875,0.026042,-3.672032
0.432292,0.026042,-3.588620
0.442708,0.026042,-3.526595
0.453125,0.026042,-3.485955
0.463542,0.026042,-3.445315
0.473958,0.026042,-3.404675
0.484375,0.026042,-3.364036
0.494792,0.026042,-3.323396
0.505208,0.026042,-3.291633
0.515625,0.026042,-3.268746
0.526042,0.026042,-3.245860
0.536458,0.026042,-3.222973
0.546875,0.026042,-3.200087
0.557292,0.026042,-3.177200
0.567708,0.026042,-3.154314
0.578125,0.026042,-3.131428
0.588542,0.026042,-3.108541
0.598958,0.026042,-3.085655
0.609375,0.026042,-3.062768
0.619792,0.026042,-3.039882
0.630208,0.026042,-3.016995
0.640625,0.026042,-2.994109
0.651042,0.026042,-2.971222
0.661458,0.026042,-2.948336
0.671875,0.026042,-2.925449
0.682292,0.026042,-2.902563
0.692708,0.026042,-2.879676
0.703125,0.026042,-2.856790
0.713542,0.026042,-2.833904
0.723958,0.026042,-2.811017
0.734375,0.026042,-2.788131
0.744792,0.026042,-2.765244
0.755208,0.026042,-2.742358
0.765625,0.026042,-2.719471
0.776042,0.026042,-2.696585
0.786458,0.026042,-2.673698
0.796875,0.026042,-2.650812
0.807292,0.026042,-2.627925
0.817708,0.026042,-2.605039
0.828125,0.026042,-2.582152
0.838542,0.026042,-2.559266
0.848958,0.026042,-2.536380
0.859375,0.026042,-2.513493
0.869792,0.026042,-2.490607
0.880208,0.026042,-2.467720
0.890625,0.026042,-2.444834
0.901042,0.026042,-2.421947
0.911458,0.026042,-2.399061
0.921875,0.026042,-2.376174
0.932292,0.026042,-2.353288
0.942708,0.026042,-2.330401
0.953125,0.026042,-2.307515
0.963542,0.026042,-2.284628
0.973958,0.026042,-2.261742
0.984375,0.026042,-2.238856
0.994792,0.026042,-2.215969
0.005208,0.036458,-6.052435
0.015625,0.036458,-5.970474
0.026042,0.036458,-5.888513
0.036458,0.036458,-5.806552
0.046875,0.036458,-5.724591
0.057292,0.036458,-5.642630
0.067708,0.036458,-5.560669
0.078125,0.036458,-5.478708
0.088542,0.036458,-5.396747
0.098958,0.036458,-5.314786
0.109375,0.036458,-5.232824
0.119792,0.036458,-5.150863
0.130208,0.036458,-5.098850
0.140625,0.036458,-5.076784
0.151042,0.036458,-5.054717
0.161458,0.036458,-5.032651
0.171875,0.036458,-5.010585
0.182292,0.036458,-4.988519
0.192708,0.036458,-4.963399
0.203125,0.036458,-4.935225
0.213542,0.036458,-4.907050
0.223958,0.036458,-4.878876
0.234375,0.036458,-4.850702
0.244792,0.036458,-4.822528
0.255208,0.036458,-4.777767
0.265625,0.036458,-4.716418
0.276042,0.036458,-4.655069
0.286458,0.036458,-4.593719
0.296875,0.036458,-4.532370
0.307292,0.036458,-4.471021
0.317708,0.036458,-4.409672
0.328125,0.036458,-4.348323
0.338542,0.036458,-4.286974
0.348958,0.036458,-4.225625
0.359375,0.036458,-4.164276
0.369792,0.036458,-4.102927
0.380208,0.036458,-4.026652
0.390625,0.036458,-3.935452
0.401042,0.036458,-3.844252
0.411458,0.036458,-3.753051
0.421875,0.036458,-3.661851
0.432292,0.036458,-3.570651
0.442708,0.036458,-3.509391
0.453125,0.036458,-3.478071
0.463542,0.036458,-3.446751
0.473958,0.036458,-3.415432
0.484375,0.036458,-3.384112
0.494792,0.036458,-3.352792
0.505208,0.036458,-3.325711
0.515625,0.036458,-3.302869
0.526042,0.036458,-3.280026
0.536458,0.036458,-3.257184
0.546875,0.036458,-3.234342
0.557292,0.036458,-3.211500
0.567708,0.036458,-3.188657
0.578125,0.036458,-3.165815
0.588542,0.036458,-3.142973
0.598958,0.036458,-3.120130
0.609375,0.036458,-3.097288
0.619792,0.036458,-3.074446
0.630208,0.036458,-3.051604
0.640625,0.036458,-3.028761
0.651042,0.036458,-3.005919
0.661458,0.036458,-2.983077
0.671875,0.036458,-2.960234
0.682292,0.036458,-2.937392
0.692708,0.036458,-2.914550
0.703125,0.036458,-2.891708
0.713542,0.036458,-2.868865
0.723958,0.036458,-2.846023
0.734375,0.036458,-2.823181
0.744792,0.036458,-2.800338
0.755208,0.036458,-2.777496
0.765625,0.036458,-2.754654
0.776042,0.036458,-2.731812
0.786458,0.036458,-2.708969
0.796875,0.036458,-2.686127
0.807292,0.036458,-2.663285
0.817708,0.036458,-2.640442
0.828125,0.036458,-2.617600
0.838542,0.036458,-2.594758
0.848958,0.036458,-2.571916
0.859375,0.036458,-2.549073
0.869792,0.036458,-2.526231
0.880208,0.036458,-2.503389
0.890625,0.036458,-2.480546
0.901042,0.036458,-2.457704
0.911458,0.036458,-2.434862
0.921875,0.036458,-2.412020
0.932292,0.036458,-2.389177
0.942708,0.036458,-2.366335
0.953125,0.036458,-2.343493
0.963542,0.036458,-2.320650
0.973958,0.036458,-2.297808
0.984375,0.036458,-2.274966
0.994792,0.036458,-2.252124
0.005208,0.046875,-6.108618
0.015625,0.046875,-6.019171
0.026042,0.046875,-5.929723
0.036458,0.046875,-5.840276
0.046875,0.046875,-5.750829
0.057292,0.046875,-5.661382
0.067708,0.046875,-5.571934
0.078125,0.046875,-5.482487
0.088542,0.046875,-5.393040
0.098958,0.046875,-5.303593
0.109375,0.046875,-5.214146
0.119792,0.046875,-5.124698
0.130208,0.046875,-5.073945
0.140625,0.046875,-5.061887
0.151042,0.046875,-5.049828
0.161458,0.046875,-5.037769
0.171875,0.046875,-5.025711
0.182292,0.046875,-5.013652
0.192708,0.046875,-4.992356
0.203125,0.046875,-4.961824
0.213542,0.046875,-4.931291
0.223958,0.046875,-4.900759
0.234375,0.046875,-4.870226
0.244792,0.046875,-4.839694
0.255208,0.046875,-4.794123
0.265625,0.046875,-4.733514
0.276042,0.046875,-4.672905
0.286458,0.046875,-4.612296
0.296875,0.046875,-4.551687
0.307292,0.046875,-4.491078
0.317708,0.046875,-4.430470
0.328125,0.046875,-4.369861
0.338542,0.046875,-4.309252
0.348958,0.046875,-4.248643
0.359375,0.046875,-4.188034
0.369792,0.046875,-4.127425
0.380208,0.046875,-4.047626
0.390625,0.046875,-3.948637
0.401042,0.046875,-3.849648
0.411458,0.046875,-3.750659
0.421875,0.046875,-3.651670
0.432292,0.046875,-3.552681
0.442708,0.046875,-3.492187
0.453125,0.046875,-3.470187
0.463542,0.046875,-3.448187
0.473958,0.046875,-3.426188
0.484375,0.046875,-3.404188
0.494792,0.046875,-3.382188
0.505208,0.046875,-3.359789
0.515625,0.046875,-3.336991
0.526042,0.046875,-3.314193
0.536458,0.046875,-3.291395
0.546875,0.046875,-3.268597
0.557292,0.046875,-3.245799
0.567708,0.046875,-3.223001
0.578125,0.046875,-3.200202
0.588542,0.046875,-3.177404
0.598958,0.046875,-3.154606
0.609375,0.046875,-3.131808
0.619792,0.046875,-3.109010
0.630208,0.046875,-3.086212
0.640625,0.046875,-3.063414
0.651042,0.046875,-3.040616
0.661458,0.046875,-3.017818
0.671875,0.046875,-2.995019
0.682292,0.046875,-2.972221
0.692708,0.046875,-2.949423
0.703125,0.046875,-2.926625
0.713542,0.046875,-2.903827
0.723958,0.046875,-2.881029
0.734375,0.046875,-2.858231
0.744792,0.046875,-2.835433
0.755208,0.046875,-2.812635
0.765625,0.046875,-2.789836
0.776042,0.046875,-2.767038
0.786458,0.046875,-2.744240
0.796875,0.046875,-2.721442
0.807292,0.046875,-2.698644
0.817708,0.046875,-2.675846
0.828125,0.046875,-2.653048
0.838542,0.046875,-2.630250
0.848958,0.046875,-2.607452
0.859375,0.046875,-2.584653
0.869792,0.046875,-2.561855
0.880208,0.046875,-2.539057
0.890625,0.046875,-2.516259
0.901042,0.046875,-2.493461
0.911458,0.046875,-2.470663
0.921875,0.046875,-2.447865
0.932292,0.046875,-2.425067
0.942708,0.046875,-2.402269
0.953125,0.046875,-2.379470
0.963542,0.046875,-2.356672
0.973958,0.046875,-2.333874
0.984375,0.046875,-2.311076
0.994792,0.046875,-2.288278
0.005208,0.057292,-6.164800
0.015625,0.057292,-6.067867
0.026042,0.057292,-5.970934
0.036458,0.057292,-5.874000
0.046875,0.057292,-5.777067
0.057292,0.057292,-5.680134
0.067708,0.057292,-5.583200
0.078125,0.057292,-5.486267
0.088542,0.057292,-5.389333
0.098958,0.057292,-5.292400
0.109375,0.057292,-5.195467
0.119792,0.057292,-5.098533
0.130208,0.057292,-5.049041
0.140625,0.057292,-5.046990
0.151042,0.057292,-5.044939
0.161458,0.057292,-5.042888
0.171875,0.057292,-5.040836
0.182292,0.057292,-5.038785
0.192708,0.057292,-5.021314
0.203125,0.057292,-4.988423
0.213542,0.057292,-4.955532
0.223958,0.057292,-4.922641
0.234375,0.057292,-4.889750
0.244792,0.057292,-4.856859
0.255208,0.057292,-4.810479
0.265625,0.057292,-4.750610
0.276042,0.057292,-4.690742
0.286458,0.057292,-4.630873
0.296875,0.057292,-4.571004
0.307292,0.057292,-4.511136
0.317708,0.057292,-4.451267
0.328125,0.057292,-4.391398
0.338542,0.057292,-4.331530
0.348958,0.057292,-4.271661
0.359375,0.057292,-4.211792
0.369792,0.057292,-4.151924
0.380208,0.057292,-4.068600
0.390625,0.057292,-3.961823
0.401042,0.057292,-3.855045
0.411458,0.057292,-3.748267
0.421875,0.057292,-3.641490
0.432292,0.057292,-3.534712
0.442708,0.057292,-3.474983
0.453125,0.057292,-3.462303
0.463542,0.057292,-3.449624
0.473958,0.057292,-3.436944
0.484375,0.057292,-3.424264
0.494792,0.057292,-3.411584
0.505208,0.057292,-3.393867
0.515625,0.057292,-3.371113
0.526042,0.057292,-3.348360
0.536458,0.057292,-3.325606
0.546875,0.057292,-3.302852
0.557292,0.057292,-3.280098
0.567708,0.057292,-3.257344
0.578125,0.057292,-3.234590
0.588542,0.057292,-3.211836
0.598958,0.057292,-3.189082
0.609375,0.057292,-3.166328
0.619792,0.057292,-3.143574
0.630208,0.057292,-3.120820
0.640625,0.057292,-3.098066
0.651042,0.057292,-3.075312
0.661458,0.057292,-3.052558
0.671875,0.057292,-3.029804
0.682292,0.057292,-3.007051
0.692708,0.057292,-2.984297
0.703125,0.057292,-2.961543
0.713542,0.057292,-2.938789
0.723958,0.057292,-2.916035
0.734375,0.057292,-2.893281
0.744792,0.057292,-2.870527
0.755208,0.057292,-2.847773
0.765625,0.057292,-2.825019
0.776042,0.057292,-2.802265
0.786458,0.057292,-2.779511
0.796875,0.057292,-2.756757
0.807292,0.057292,-2.734003
0.817708,0.057292,-2.711249
0.828125,0.057292,-2.688495
0.838542,0.057292,-2.665741
0.848958,0.057292,-2.642988
0.859375,0.057292,-2.620234
0.869792,0.057292,-2.597480
0.880208,0.057292,-2.574726
0.890625,0.057292,-2.551972
0.901042,0.057292,-2.529218
0.911458,0.057292,-2.506464
0.921875,0.057292,-2.483710
0.932292,0.057292,-2.460956
0.942708,0.057292,-2.438202
0.953125,0.057292,-2.415448
0.963542,0.057292,-2.392694
0.973958,0.057292,-2.369940
0.984375,0.057292,-2.347186
0.994792,0.057292,-2.324432
0.005208,0.067708,-6.220694
0.015625,0.067708,-6.115695
0.026042,0.067708,-6.010696
0.036458,0.067708,-5.905698
0.046875,0.067708,-5.800699
0.057292,0.067708,-5.695701
0.067708,0.067708,-5.590702
0.078125,0.067708,-5.485703
0.088542,0.067708,-5.380705
0.098958,0.067708,-5.275706
0.109375,0.067708,-5.170707
0.119792,0.067708,-5.065709
0.130208,0.067708,-5.017402
0.140625,0.067708,-5.025788
0.151042,0.067708,-5.034173
0.161458,0.067708,-5.042559
0.171875,0.067708,-5.050945
0.182292,0.067708,-5.059330
0.192708,0.067708,-5.046263
0.203125,0.067708,-5.011742
0.213542,0.067708,-4.977222
0.223958,0.067708,-4.942701
0.234375,0.067708,-4.908180
0.244792,0.067708,-4.873660
0.255208,0.067708,-4.826835
0.265625,0.067708,-4.767707
0.276042,0.067708,-4.708578
0.286458,0.067708,-4.649450
0.296875,0.067708,-4.590321
0.307292,0.067708,-4.531193
0.317708,0.067708,-4.472064
0.328125,0.067708,-4.412936
0.338542,0.067708,-4.353807
0.348958,0.067708,-4.294679
0.359375,0.067708,-4.235550
0.369792,0.067708,-4.176422
0.380208,0.067708,-4.089575
0.390625,0.067708,-3.975008
0.401042,0.067708,-3.860442
0.411458,0.067708,-3.745875
0.421875,0.067708,-3.631309
0.432292,0.067708,-3.516742
0.442708,0.067708,-3.457779
0.453125,0.067708,-3.454420
0.463542,0.067708,-3.451060
0.473958,0.067708,-3.447700
0.484375,0.067708,-3.444340
0.494792,0.067708,-3.440980
0.505208,0.067708,-3.427946
0.515625,0.067708,-3.405236
0.526042,0.067708,-3.382526
0.536458,0.067708,-3.359816
0.546875,0.067708,-3.337107
0.557292,0.067708,-3.314397
0.567708,0.067708,-3.291687
0.578125,0.067708,-3.268977
0.588542,0.067708,-3.246268
0.598958,0.067708,-3.223558
0.609375,0.067708,-3.200848
0.619792,0.067708,-3.178138
0.630208,0.067708,-3.155429
0.640625,0.067708,-3.132719
0.651042,0.067708,-3.110009
0.661458,0.067708,-3.087299
0.671875,0.067708,-3.064589
0.682292,0.067708,-3.041880
0.692708,0.067708,-3.019170
0.703125,0.067708,-2.996460
0.713542,0.067708,-2.973750
0.723958,0.067708,-2.951041
0.734375,0.067708,-2.928331
0.744792,0.067708,-2.905621
0.755208,0.067708,-2.882911
0.765625,0.067708,-2.860202
0.776042,0.067708,-2.837492
0.786458,0.067708,-2.814782
0.796875,0.067708,-2.792072
0.807292,0.067708,-2.769363
0.817708,0.067708,-2.746653
0.828125,0.067708,-2.723943
0.838542,0.067708,-2.701233
0.848958,0.067708,-2.678524
0.859375,0.067708,-2.655814
0.869792,0.067708,-2.633104
0.880208,0.067708,-2.610394
0.890625,0.067708,-2.587684
0.901042,0.067708,-2.564975
0.911458,0.067708,-2.542265
0.921875,0.067708,-2.519555
0.932292,0.067708,-2.496845
0.942708,0.067708,-2.474136
0.953125,0.067708,-2.451426
0.963542,0.067708,-2.428716
0.973958,0.067708,-2.406006
0.984375,0.067708,-2.383297
0.994792,0.067708,-2.360587
0.005208,0.078125,-6.276297
0.015625,0.078125,-6.162654
0.026042,0.078125,-6.049011
0.036458,0.078125,-5.935369
0.046875,0.078125,-5.821726
0.057292,0.078125,-5.708083
0.067708,0.078125,-5.594440
0.078125,0.078125,-5.480797
0.088542,0.078125,-5.367154
0.098958,0.078125,-5.253511
0.109375,0.078125,-5.139868
0.119792,0.078125,-5.026225
0.130208,0.078125,-4.979029
0.140625,0.078125,-4.998281
0.151042,0.078125,-5.017532
0.161458,0.078125,-5.036784
0.171875,0.078125,-5.056036
0.182292,0.078125,-5.075287
0.192708,0.078125,-5.067202
0.203125,0.078125,-5.031781
0.213542,0.078125,-4.996360
0.223958,0.078125,-4.960939
0.234375,0.078125,-4.925517
0.244792,0.078125,-4.890096
0.255208,0.078125,-4.843191
0.265625,0.078125,-4.784803
0.276042,0.078125,-4.726415
0.286458,0.078125,-4.668026
0.296875,0.078125,-4.609638
0.307292,0.078125,-4.551250
0.317708,0.078125,-4.492862
0.328125,0.078125,-4.434473
0.338542,0.078125,-4.376085
0.348958,0.078125,-4.317697
0.359375,0.078125,-4.259309
0.369792,0.078125,-4.200920
0.380208,0.078125,-4.110549
0.390625,0.078125,-3.988194
0.401042,0.078125,-3.865838
0.411458,0.078125,-3.743483
0.421875,0.078125,-3.621128
0.432292,0.078125,-3.498773
0.442708,0.078125,-3.440576
0.453125,0.078125,-3.446536
0.463542,0.078125,-3.452496
0.473958,0.078125,-3.458456
0.484375,0.078125,-3.464416
0.494792,0.078125,-3.470377
0.505208,0.078125,-3.462024
0.515625,0.078125,-3.439358
0.526042,0.078125,-3.416693
0.536458,0.078125,-3.394027
0.546875,0.078125,-3.371362
0.557292,0.078125,-3.348696
0.567708,0.078125,-3.326030
0.578125,0.078125,-3.303365
0.588542,0.078125,-3.280699
0.598958,0.078125,-3.258034
0.609375,0.078125,-3.235368
0.619792,0.078125,-3.212702
0.630208,0.078125,-3.190037
0.640625,0.078125,-3.167371
0.651042,0.078125,-3.144706
0.661458,0.078125,-3.122040
0.671875,0.078125,-3.099374
0.682292,0.078125,-3.076709
0.692708,0.078125,-3.054043
0.703125,0.078125,-3.031378
0.713542,0.078125,-3.008712
0.723958,0.078125,-2.986047
0.734375,0.078125,-2.963381
0.744792,0.078125,-2.940715
0.755208,0.078125,-2.918050
0.765625,0.078125,-2.895384
0.776042,0.078125,-2.872719
0.786458,0.078125,-2.850053
0.796875,0.078125,-2.827387
0.807292,0.078125,-2.804722
0.817708,0.078125,-2.782056
0.828125,0.078125,-2.759391
0.838542,0.078125,-2.736725
0.848958,0.078125,-2.714059
0.859375,0.078125,-2.691394
0.869792,0.078125,-2.668728
0.880208,0.078125,-2.646063
0.890625,0.078125,-2.623397
0.901042,0.078125,-2.600732
0.911458,0.078125,-2.578066
0.921875,0.078125,-2.555400
0.932292,0.078125,-2.532735
0.942708,0.078125,-2.510069
0.953125,0.078125,-2.487404
0.963542,0.078125,-2.464738
0.973958,0.078125,-2.442072
0.984375,0.078125,-2.419407
0.994792,0.078125,-2.396741
0.005208,0.088542,-6.331901
0.015625,0.088542,-6.209614
0.026042,0.088542,-6.087327
0.036458,0.088542,-5.965039
0.046875,0.088542,-5.842752
0.057292,0.088542,-5.720465
0.067708,0.088542,-5.598178
0.078125,0.088542,-5.475890
0.088542,0.088542,-5.353603
0.098958,0.088542,-5.231316
0.109375,0.088542,-5.109029
0.119792,0.088542,-4.986741
0.130208,0.088542,-4.940656
0.140625,0.088542,-4.970774
0.151042,0.088542,-5.000891
0.161458,0.088542,-5.031009
0.171875,0.088542,-5.061126
0.182292,0.088542,-5.091244
0.192708,0.088542,-5.088142
0.203125,0.088542,-5.051820
0.213542,0.088542,-5.015498
0.223958,0.088542,-4.979176
0.234375,0.088542,-4.942854
0.244792,0.088542,-4.906532
0.255208,0.088542,-4.859547
0.265625,0.088542,-4.801899
0.276042,0.088542,-4.744251
0.286458,0.088542,-4.686603
0.296875,0.088542,-4.628955
0.307292,0.088542,-4.571307
0.317708,0.088542,-4.513659
0.328125,0.088542,-4.456011
0.338542,0.088542,-4.398363
0.348958,0.088542,-4.340715
0.359375,0.088542,-4.283067
0.369792,0.088542,-4.225419
0.380208,0.088542,-4.131523
0.390625,0.088542,-4.001379
0.401042,0.088542,-3.871235
0.411458,0.088542,-3.741091
0.421875,0.088542,-3.610947
0.432292,0.088542,-3.480803
0.442708,0.088542,-3.423372
0.453125,0.088542,-3.438652
0.463542,0.088542,-3.453932
0.473958,0.088542,-3.469212
0.484375,0.088542,-3.484492
0.494792,0.088542,-3.499773
0.505208,0.088542,-3.496102
0.515625,0.088542,-3.473481
0.526042,0.088542,-3.450859
0.536458,0.088542,-3.428238
0.546875,0.088542,-3.405616
0.557292,0.088542,-3.382995
0.567708,0.088542,-3.360374
0.578125,0.088542,-3.337752
0.588542,0.088542,-3.315131
0.598958,0.088542,-3.292509
0.609375,0.088542,-3.269888
0.619792,0.088542,-3.247267
0.630208,0.088542,-3.224645
0.640625,0.088542,-3.202024
0.651042,0.088542,-3.179402
0.661458,0.088542,-3.156781
0.671875,0.088542,-3.134159
0.682292,0.088542,-3.111538
0.692708,0.088542,-3.088917
0.703125,0.088542,-3.066295
0.713542,0.088542,-3.043674
0.723958,0.088542,-3.021052
0.734375,0.088542,-2.998431
0.744792,0.088542,-2.975810
0.755208,0.088542,-2.953188
0.765625,0.088542,-2.930567
0.776042,0.088542,-2.907945
0.786458,0.088542,-2.885324
0.796875,0.088542,-2.862703
0.807292,0.088542,-2.840081
0.817708,0.088542,-2.817460
0.828125,0.088542,-2.794838
0.838542,0.088542,-2.772217
0.848958,0.088542,-2.749595
0.859375,0.088542,-2.726974
0.869792,0.088542,-2.704353
0.880208,0.088542,-2.681731
0.890625,0.088542,-2.659110
0.901042,0.088542,-2.636488
0.911458,0.088542,-2.613867
0.921875,0.088542,-2.591246
0.932292,0.088542,-2.568624
0.942708,0.088542,-2.546003
0.953125,0.088542,-2.523381
0.963542,0.088542,-2.500760
0.973958,0.088542,-2.478139
0.984375,0.088542,-2.455517
0.994792,0.088542,-2.432896
0.005208,0.098958,-6.387505
0.015625,0.098958,-6.256573
0.026042,0.098958,-6.125642
0.036458,0.098958,-5.994710
0.046875,0.098958,-5.863778
0.057292,0.098958,-5.732847
0.067708,0.098958,-5.601915
0.078125,0.098958,-5.470984
0.088542,0.098958,-5.340052
0.098958,0.098958,-5.209121
0.109375,0.098958,-5.078189
0.119792,0.098958,-4.947257
0.130208,0.098958,-4.902283
0.140625,0.098958,-4.943267
0.151042,0.098958,-4.984250
0.161458,0.098958,-5.025234
0.171875,0.098958,-5.066217
0.182292,0.098958,-5.107201
0.192708,0.098958,-5.109081
0.203125,0.098958,-5.071859
0.213542,0.098958,-5.034636
0.223958,0.098958,-4.997414
0.234375,0.098958,-4.960191
0.244792,0.098958,-4.922969
0.255208,0.098958,-4.875904
0.265625,0.098958,-4.818996
0.276042,0.098958,-4.762088
0.286458,0.098958,-4.705180
0.296875,0.098958,-4.648272
0.307292,0.098958,-4.591364
0.317708,0.098958,-4.534456
0.328125,0.098958,-4.477549
0.338542,0.098958,-4.420641
0.348958,0.098958,-4.363733
0.359375,0.098958,-4.306825
0.369792,0.098958,-4.249917
0.380208,0.098958,-4.152497
0.390625,0.098958,-4.014564
0.401042,0.098958,-3.876632
0.411458,0.098958,-3.738699
0.421875,0.098958,-3.600767
0.432292,0.098958,-3.462834
0.442708,0.098958,-3.406168
0.453125,0.098958,-3.430768
0.463542,0.098958,-3.455368
0.473958,0.098958,-3.479968
0.484375,0.098958,-3.504569
0.494792,0.098958,-3.529169
0.505208,0.098958,-3.530180
0.515625,0.098958,-3.507603
0.526042,0.098958,-3.485026
0.536458,0.098958,-3.462449
0.546875,0.098958,-3.439871
0.557292,0.098958,-3.417294
0.567708,0.098958,-3.394717
0.578125,0.098958,-3.372140
0.588542,0.098958,-3.349562
0.598958,0.098958,-3.326985
0.609375,0.098958,-3.304408
0.619792,0.098958,-3.281831
0.630208,0.098958,-3.259253
0.640625,0.098958,-3.236676
0.651042,0.098958,-3.214099
0.661458,0.098958,-3.191522
0.671875,0.098958,-3.168945
0.682292,0.098958,-3.146367
0.692708,0.098958,-3.123790
0.703125,0.098958,-3.101213
0.713542,0.098958,-3.078636
0.723958,0.098958,-3.056058
0.734375,0.098958,-3.033481
0.744792,0.098958,-3.010904
0.755208,0.098958,-2.988327
0.765625,0.098958,-2.965749
0.776042,0.098958,-2.943172
0.786458,0.098958,-2.920595
0.796875,0.098958,-2.898018
0.807292,0.098958,-2.875440
0.817708,0.098958,-2.852863
0.828125,0.098958,-2.830286
0.838542,0.098958,-2.807709
0.848958,0.098958,-2.785131
0.859375,0.098958,-2.762554
0.869792,0.098958,-2.739977
0.880208,0.098958,-2.717400
0.890625,0.098958,-2.694823
0.901042,0.098958,-2.672245
0.911458,0.098958,-2.649668
0.921875,0.098958,-2.627091
0.932292,0.098958,-2.604514
0.942708,0.098958,-2.581936
0.953125,0.098958,-2.559359
0.963542,0.098958,-2.536782
0.973958,0.098958,-2.514205
0.984375,0.098958,-2.491627
0.994792,0.098958,-2.469050
0.005208,0.109375,-6.443108
0.015625,0.109375,-6.303533
0.026042,0.109375,-6.163957
0.036458,0.109375,-6.024381
0.046875,0.109375,-5.884805
0.057292,0.109375,-5.745229
0.067708,0.109375,-5.605653
0.078125,0.109375,-5.466077
0.088542,0.109375,-5.326501
0.098958,0.109375,-5.186925
0.109375,0.109375,-5.047350
0.119792,0.109375,-4.907774
0.130208,0.109375,-4.863910
0.140625,0.109375,-4.915760
0.151042,0.109375,-4.967609
0.161458,0.109375,-5.019459
0.171875,0.109375,-5.071308
0.182292,0.109375,-5.123158
0.192708,0.109375,-5.130021
0.203125,0.109375,-5.091898
0.213542,0.109375,-5.053775
0.223958,0.109375,-5.015651
0.234375,0.109375,-4.977528
0.244792,0.109375,-4.939405
0.255208,0.109375,-4.892260
0.265625,0.109375,-4.836092
0.276042,0.109375,-4.779924
0.286458,0.109375,-4.723757
0.296875,0.109375,-4.667589
0.307292,0.109375,-4.611421
0.317708,0.109375,-4.555254
0.328125,0.109375,-4.499086
0.338542,0.109375,-4.442918
0.348958,0.109375,-4.386751
0.359375,0.109375,-4.330583
0.369792,0.109375,-4.274415
0.380208,0.109375,-4.173471
0.390625,0.109375,-4.027750
0.401042,0.109375,-3.882028
0.411458,0.109375,-3.736307
0.421875,0.109375,-3.590586
0.432292,0.109375,-3.444865
0.442708,0.109375,-3.388964
0.453125,0.109375,-3.422884
0.463542,0.109375,-3.456804
0.473958,0.109375,-3.490725
0.484375,0.109375,-3.524645
0.494792,0.109375,-3.558565
0.505208,0.109375,-3.564259
0.515625,0.109375,-3.541725
0.526042,0.109375,-3.519192
0.536458,0.109375,-3.496659
0.546875,0.109375,-3.474126
0.557292,0.109375,-3.451593
0.567708,0.109375,-3.429060
0.578125,0.109375,-3.406527
0.588542,0.109375,-3.383994
0.598958,0.109375,-3.361461
0.609375,0.109375,-3.338928
0.619792,0.109375,-3.316395
0.630208,0.109375,-3.293862
0.640625,0.109375,-3.271329
0.651042,0.109375,-3.248796
0.661458,0.109375,-3.226263
0.671875,0.109375,-3.203730
0.682292,0.109375,-3.181196
0.692708,0.109375,-3.158663
0.703125,0.109375,-3.136130
0.713542,0.109375,-3.113597
0.723958,0.109375,-3.091064
0.734375,0.109375,-3.068531
0.744792,0.109375,-3.045998
0.755208,0.109375,-3.023465
0.765625,0.109375,-3.000932
0.776042,0.109375,-2.978399
0.786458,0.109375,-2.955866
0.796875,0.109375,-2.933333
0.807292,0.109375,-2.910800
0.817708,0.109375,-2.888267
0.828125,0.109375,-2.865734
0.838542,0.109375,-2.843201
0.848958,0.109375,-2.820667
0.859375,0.109375,-2.798134
0.869792,0.109375,-2.775601
0.880208,0.109375,-2.753068
0.890625,0.109375,-2.730535
0.901042,0.109375,-2.708002
0.911458,0.109375,-2.685469
0.921875,0.109375,-2.662936
0.932292,0.109375,-2.640403
0.942708,0.109375,-2.617870
0.953125,0.109375,-2.595337
0.963542,0.109375,-2.572804
0.973958,0.109375,-2.550271
0.984375,0.109375,-2.527738
0.994792,0.109375,-2.505205
0.005208,0.119792,-6.498712
0.015625,0.119792,-6.350492
0.026042,0.119792,-6.202272
0.036458,0.119792,-6.054052
0.046875,0.119792,-5.905831
0.057292,0.119792,-5.757611
0.067708,0.119792,-5.609391
0.078125,0.119792,-5.461171
0.088542,0.119792,-5.312951
0.098958,0.119792,-5.164730
0.109375,0.119792,-5.016510
0.119792,0.119792,-4.868290
0.130208,0.119792,-4.825538
0.140625,0.119792,-4.888253
0.151042,0.119792,-4.950968
0.161458,0.119792,-5.013684
0.171875,0.119792,-5.076399
0.182292,0.119792,-5.139114
0.192708,0.119792,-5.150960
0.203125,0.119792,-5.111937
0.213542,0.119792,-5.072913
0.223958,0.119792,-5.033889
0.234375,0.119792,-4.994865
0.244792,0.119792,-4.955842
0.255208,0.119792,-4.908616
0.265625,0.119792,-4.853188
0.276042,0.119792,-4.797761
0.286458,0.119792,-4.742334
0.296875,0.119792,-4.686906
0.307292,0.119792,-4.631479
0.317708,0.119792,-4.576051
0.328125,0.119792,-4.520624
0.338542,0.119792,-4.465196
0.348958,0.119792,-4.409769
0.359375,0.119792,-4.354341
0.369792,0.119792,-4.298914
0.380208,0.119792,-4.194445
0.390625,0.119792,-4.040935
0.401042,0.119792,-3.887425
0.411458,0.119792,-3.733915
0.421875,0.119792,-3.580405
0.432292,0.119792,-3.426895
0.442708,0.119792,-3.371760
0.453125,0.119792,-3.415000
0.463542,0.119792,-3.458241
0.473958,0.119792,-3.501481
0.484375,0.119792,-3.544721
0.494792,0.119792,-3.587961
0.505208,0.119792,-3.598337
0.515625,0.119792,-3.575848
0.526042,0.119792,-3.553359
0.536458,0.119792,-3.530870
0.546875,0.119792,-3.508381
0.557292,0.119792,-3.485892
0.567708,0.119792,-3.463403
0.578125,0.119792,-3.440915
0.588542,0.119792,-3.418426
0.598958,0.119792,-3.395937
0.609375,0.119792,-3.373448
0.619792,0.119792,-3.350959
0.630208,0.119792,-3.328470
0.640625,0.119792,-3.305981
0.651042,0.119792,-3.283492
0.661458,0.119792,-3.261003
0.671875,0.119792,-3.238515
0.682292,0.119792,-3.216026
0.692708,0.119792,-3.193537
0.703125,0.119792,-3.171048
0.713542,0.119792,-3.148559
0.723958,0.119792,-3.126070
0.734375,0.119792,-3.103581
0.744792,0.119792,-3.081092
0.755208,0.119792,-3.058603
0.765625,0.119792,-3.036115
0.776042,0.119792,-3.013626
0.786458,0.119792,-2.991137
0.796875,0.119792,-2.968648
0.807292,0.119792,-2.946159
0.817708,0.119792,-2.923670
0.828125,0.119792,-2.901181
0.838542,0.119792,-2.878692
0.848958,0.119792,-2.856203
0.859375,0.119792,-2.833715
0.869792,0.119792,-2.811226
0.880208,0.119792,-2.788737
0.890625,0.119792,-2.766248
0.901042,0.119792,-2.743759
0.911458,0.119792,-2.721270
0.921875,0.119792,-2.698781
0.932292,0.119792,-2.676292
0.942708,0.119792,-2.653803
0.953125,0.119792,-2.631315
0.963542,0.119792,-2.608826
0.973958,0.119792,-2.586337
0.984375,0.119792,-2.563848
0.994792,0.119792,-2.541359
0.005208,0.130208,-6.555646
0.015625,0.130208,-6.401442
0.026042,0.130208,-6.247238
0.036458,0.130208,-6.093034
0.046875,0.130208,-5.938830
0.057292,0.130208,-5.784626
0.067708,0.130208,-5.630423
0.078125,0.130208,-5.476219
0.088542,0.130208,-5.322016
0.098958,0.130208,-5.167813
0.109375,0.130208,-5.013609
0.119792,0.130208,-4.859406
0.130208,0.130208,-4.814970
0.140625,0.130208,-4.880301
0.151042,0.130208,-4.945631
0.161458,0.130208,-5.010962
0.171875,0.130208,-5.076293
0.182292,0.130208,-5.141624
0.192708,0.130208,-5.152761
0.203125,0.130208,-5.109704
0.213542,0.130208,-5.066647
0.223958,0.130208,-5.023591
0.234375,0.130208,-4.980534
0.244792,0.130208,-4.937477
0.255208,0.130208,-4.890796
0.265625,0.130208,-4.840492
0.276042,0.130208,-4.790187
0.286458,0.130208,-4.739883
0.296875,0.130208,-4.689578
0.307292,0.130208,-4.639274
0.317708,0.130208,-4.588969
0.328125,0.130208,-4.538665
0.338542,0.130208,-4.488360
0.348958,0.130208,-4.438056
0.359375,0.130208,-4.387751
0.369792,0.130208,-4.337446
0.380208,0.130208,-4.240441
0.390625,0.130208,-4.096736
0.401042,0.130208,-3.953030
0.411458,0.130208,-3.809325
0.421875,0.130208,-3.665619
0.432292,0.130208,-3.521914
0.442708,0.130208,-3.455671
0.453125,0.130208,-3.466891
0.463542,0.130208,-3.478111
0.473958,0.130208,-3.489331
0.484375,0.130208,-3.500551
0.494792,0.130208,-3.511771
0.505208,0.130208,-3.507474
0.515625,0.130208,-3.487659
0.526042,0.130208,-3.467845
0.536458,0.130208,-3.448030
0.546875,0.130208,-3.428216
0.557292,0.130208,-3.408402
0.567708,0.130208,-3.388587
0.578125,0.130208,-3.368773
0.588542,0.130208,-3.348959
0.598958,0.130208,-3.329144
0.609375,0.130208,-3.309330
0.619792,0.130208,-3.289516
0.630208,0.130208,-3.269701
0.640625,0.130208,-3.249887
0.651042,0.130208,-3.230072
0.661458,0.130208,-3.210258
0.671875,0.130208,-3.190444
0.682292,0.130208,-3.170629
0.692708,0.130208,-3.150815
0.703125,0.130208,-3.131001
0.713542,0.130208,-3.111186
0.723958,0.130208,-3.091372
0.734375,0.130208,-3.071557
0.744792,0.130208,-3.051743
0.755208,0.130208,-3.031929
0.765625,0.130208,-3.012114
0.776042,0.130208,-2.992300
0.786458,0.130208,-2.972486
0.796875,0.130208,-2.952671
0.807292,0.130208,-2.932857
0.817708,0.130208,-2.913043
0.828125,0.130208,-2.893228
0.838542,0.130208,-2.873414
0.848958,0.130208,-2.853599
0.859375,0.130208,-2.833785
0.869792,0.130208,-2.813971
0.880208,0.130208,-2.794156
0.890625,0.130208,-2.774342
0.901042,0.130208,-2.754528
0.911458,0.130208,-2.734713
0.921875,0.130208,-2.714899
0.932292,0.130208,-2.695084
0.942708,0.130208,-2.675270
0.953125,0.130208,-2.655456
0.963542,0.130208,-2.635641
0.973958,0.130208,-2.615827
0.984375,0.130208,-2.596013
0.994792,0.130208,-2.576198
0.005208,0.140625,-6.613910
0.015625,0.140625,-6.456383
0.026042,0.140625,-6.298856
0.036458,0.140625,-6.141329
0.046875,0.140625,-5.983801
0.057292,0.140625,-5.826274
0.067708,0.140625,-5.668748
0.078125,0.140625,-5.511223
0.088542,0.140625,-5.353698
0.098958,0.140625,-5.196173
0.109375,0.140625,-5.038647
0.119792,0.140625,-4.881122
0.130208,0.140625,-4.832208
0.140625,0.140625,-4.891903
0.151042,0.140625,-4.951599
0.161458,0.140625,-5.011295
0.171875,0.140625,-5.070990
0.182292,0.140625,-5.130686
0.192708,0.140625,-5.135423
0.203125,0.140625,-5.085200
0.213542,0.140625,-5.034978
0.223958,0.140625,-4.984756
0.234375,0.140625,-4.934534
0.244792,0.140625,-4.884311
0.255208,0.140625,-4.838801
0.265625,0.140625,-4.798002
0.276042,0.140625,-4.757203
0.286458,0.140625,-4.716404
0.296875,0.140625,-4.675605
0.307292,0.140625,-4.634806
0.317708,0.140625,-4.594008
0.328125,0.140625,-4.553209
0.338542,0.140625,-4.512410
0.348958,0.140625,-4.471611
0.359375,0.140625,-4.430812
0.369792,0.140625,-4.390013
0.380208,0.140625,-4.311460
0.390625,0.140625,-4.195152
0.401042,0.140625,-4.078844
0.411458,0.140625,-3.962536
0.421875,0.140625,-3.846228
0.432292,0.140625,-3.729920
0.442708,0.140625,-3.640696
0.453125,0.140625,-3.578556
0.463542,0.140625,-3.516415
0.473958,0.140625,-3.454275
0.484375,0.140625,-3.392134
0.494792,0.140625,-3.329994
0.505208,0.140625,-3.291669
0.515625,0.140625,-3.277160
0.526042,0.140625,-3.262650
0.536458,0.140625,-3.248141
0.546875,0.140625,-3.233631
0.557292,0.140625,-3.219121
0.567708,0.140625,-3.204612
0.578125,0.140625,-3.190102
0.588542,0.140625,-3.175593
0.598958,0.140625,-3.161083
0.609375,0.140625,-3.146574
0.619792,0.140625,-3.132064
0.630208,0.140625,-3.117555
0.640625,0.140625,-3.103045
0.651042,0.140625,-3.088536
0.661458,0.140625,-3.074026
0.671875,0.140625,-3.059517
0.682292,0.140625,-3.045007
0.692708,0.140625,-3.030498
0.703125,0.140625,-3.015988
0.713542,0.140625,-3.001479
0.723958,0.140625,-2.986969
0.734375,0.140625,-2.972460
0.744792,0.140625,-2.957950
0.755208,0.140625,-2.943441
0.765625,0.140625,-2.928931
0.776042,0.140625,-2.914422
0.786458,0.140625,-2.899912
0.796875,0.140625,-2.885403
0.807292,0.140625,-2.870893
0.817708,0.140625,-2.856384
0.828125,0.140625,-2.841874
0.838542,0.140625,-2.827365
0.848958,0.140625,-2.812855
0.859375,0.140625,-2.798346
0.869792,0.140625,-2.783836
0.880208,0.140625,-2.769327
0.890625,0.140625,-2.754817
0.901042,0.140625,-2.740308
0.911458,0.140625,-2.725798
0.921875,0.140625,-2.711289
0.932292,0.140625,-2.696779
0.942708,0.140625,-2.682270
0.953125,0.140625,-2.667760
0.963542,0.140625,-2.653251
0.973958,0.140625,-2.638741
0.984375,0.140625,-2.624232
0.994792,0.140625,-2.609722
0.005208,0.151042,-6.672175
0.015625,0.151042,-6.511324
0.026042,0.151042,-6.350474
0.036458,0.151042,-6.189623
0.046875,0.151042,-6.028773
0.057292,0.151042,-5.867922
0.067708,0.151042,-5.707073
0.078125,0.151042,-5.546226
0.088542,0.151042,-5.385379
0.098958,0.151042,-5.224532
0.109375,0.151042,-5.063685
0.119792,0.151042,-4.902838
0.130208,0.151042,-4.849445
0.140625,0.151042,-4.903506
0.151042,0.151042,-4.957566
0.161458,0.151042,-5.011627
0.171875,0.151042,-5.065687
0.182292,0.151042,-5.119748
0.192708,0.151042,-5.118084
0.203125,0.151042,-5.060697
0.213542,0.151042,-5.003309
0.223958,0.151042,-4.945921
0.234375,0.151042,-4.888533
0.244792,0.151042,-4.831146
0.255208,0.151042,-4.786805
0.265625,0.151042,-4.755512
0.276042,0.151042,-4.724219
0.286458,0.151042,-4.692926
0.296875,0.151042,-4.661633
0.307292,0.151042,-4.630339
0.317708,0.151042,-4.599046
0.328125,0.151042,-4.567753
0.338542,0.151042,-4.536460
0.348958,0.151042,-4.505167
0.359375,0.151042,-4.473873
0.369792,0.151042,-4.442580
0.380208,0.151042,-4.382479
0.390625,0.151042,-4.293568
0.401042,0.151042,-4.204658
0.411458,0.151042,-4.115748
0.421875,0.151042,-4.026837
0.432292,0.151042,-3.937927
0.442708,0.151042,-3.825722
0.453125,0.151042,-3.690221
0.463542,0.151042,-3.554720
0.473958,0.151042,-3.419219
0.484375,0.151042,-3.283718
0.494792,0.151042,-3.148217
0.505208,0.151042,-3.075864
0.515625,0.151042,-3.066660
0.526042,0.151042,-3.057455
0.536458,0.151042,-3.048251
0.546875,0.151042,-3.039046
0.557292,0.151042,-3.029841
0.567708,0.151042,-3.020637
0.578125,0.151042,-3.011432
0.588542,0.151042,-3.002227
0.598958,0.151042,-2.993023
0.609375,0.151042,-2.983818
0.619792,0.151042,-2.974613
0.630208,0.151042,-2.965409
0.640625,0.151042,-2.956204
0.651042,0.151042,-2.947000
0.661458,0.151042,-2.937795
0.671875,0.151042,-2.928590
0.682292,0.151042,-2.919386
0.692708,0.151042,-2.910181
0.703125,0.151042,-2.900976
0.713542,0.151042,-2.891772
0.723958,0.151042,-2.882567
0.734375,0.151042,-2.873362
0.744792,0.151042,-2.864158
0.755208,0.151042,-2.854953
0.765625,0.151042,-2.845748
0.776042,0.151042,-2.836544
0.786458,0.151042,-2.827339
0.796875,0.151042,-2.818135
0.807292,0.151042,-2.808930
0.817708,0.151042,-2.799725
0.828125,0.151042,-2.790521
0.838542,0.151042,-2.781316
0.848958,0.151042,-2.772111
0.859375,0.151042,-2.762907
0.869792,0.151042,-2.753702
0.880208,0.151042,-2.744497
0.890625,0.151042,-2.735293
0.901042,0.151042,-2.726088
0.911458,0.151042,-2.716884
0.921875,0.151042,-2.707679
0.932292,0.151042,-2.698474
0.942708,0.151042,-2.689270
0.953125,0.151042,-2.680065
0.963542,0.151042,-2.670860
0.973958,0.151042,-2.661656
0.984375,0.151042,-2.652451
0.994792,0.151042,-2.643246
0.005208,0.161458,-6.730439
0.015625,0.161458,-6.566265
0.026042,0.161458,-6.402091
0.036458,0.161458,-6.237918
0.046875,0.161458,-6.073744
0.057292,0.161458,-5.909570
0.067708,0.161458,-5.745399
0.078125,0.161458,-5.581230
0.088542,0.161458,-5.417061
0.098958,0.161458,-5.252892
0.109375,0.161458,-5.088723
0.119792,0.161458,-4.924555
0.130208,0.161458,-4.866683
0.140625,0.161458,-4.915108
0.151042,0.161458,-4.963534
0.161458,0.161458,-5.011959
0.171875,0.161458,-5.060385
0.182292,0.161458,-5.108810
0.192708,0.161458,-5.106807
0.203125,0.161458,-5.054376
0.213542,0.161458,-5.001946
0.223958,0.161458,-4.949515
0.234375,0.161458,-4.897084
0.244792,0.161458,-4.844653
0.255208,0.161458,-4.805939
0.265625,0.161458,-4.780941
0.276042,0.161458,-4.755943
0.286458,0.161458,-4.730945
0.296875,0.161458,-4.705947
0.307292,0.161458,-4.680949
0.317708,0.161458,-4.655951
0.328125,0.161458,-4.630953
0.338542,0.161458,-4.605956
0.348958,0.161458,-4.580958
0.359375,0.161458,-4.555960
0.369792,0.161458,-4.530962
0.380208,0.161458,-4.484856
0.390625,0.161458,-4.417642
0.401042,0.161458,-4.350427
0.411458,0.161458,-4.283213
0.421875,0.161458,-4.215999
0.432292,0.161458,-4.148785
0.442708,0.161458,-4.010747
0.453125,0.161458,-3.801886
0.463542,0.161458,-3.593024
0.473958,0.161458,-3.384163
0.484375,0.161458,-3.175302
0.494792,0.161458,-2.966440
0.505208,0.161458,-2.860060
0.515625,0.161458,-2.856160
0.526042,0.161458,-2.852260
0.536458,0.161458,-2.848361
0.546875,0.161458,-2.844461
0.557292,0.161458,-2.840561
0.567708,0.161458,-2.836661
0.578125,0.161458,-2.832761
0.588542,0.161458,-2.828862
0.598958,0.161458,-2.824962
0.609375,0.161458,-2.821062
0.619792,0.161458,-2.817162
0.630208,0.161458,-2.813263
0.640625,0.161458,-2.809363
0.651042,0.161458,-2.805463
0.661458,0.161458,-2.801563
0.671875,0.161458,-2.797663
0.682292,0.161458,-2.793764
0.692708,0.161458,-2.789864
0.703125,0.161458,-2.785964
0.713542,0.161458,-2.782064
0.723958,0.161458,-2.778165
0.734375,0.161458,-2.774265
0.744792,0.161458,-2.770365
0.755208,0.161458,-2.766465
0.765625,0.161458,-2.762566
0.776042,0.161458,-2.758666
0.786458,0.161458,-2.754766
0.796875,0.161458,-2.750866
0.807292,0.161458,-2.746966
0.817708,0.161458,-2.743067
0.828125,0.161458,-2.739167
0.838542,0.161458,-2.735267
0.848958,0.161458,-2.731367
0.859375,0.161458,-2.727468
0.869792,0.161458,-2.723568
0.880208,0.161458,-2.719668
0.890625,0.161458,-2.715768
0.901042,0.161458,-2.711868
0.911458,0.161458,-2.707969
0.921875,0.161458,-2.704069
0.932292,0.161458,-2.700169
0.942708,0.161458,-2.696269
0.953125,0.161458,-2.692370
0.963542,0.161458,-2.688470
0.973958,0.161458,-2.684570
0.984375,0.161458,-2.680670
0.994792,0.161458,-2.676771
0.005208,0.171875,-6.788703
0.015625,0.171875,-6.621206
0.026042,0.171875,-6.453709
0.036458,0.171875,-6.286212
0.046875,0.171875,-6.118715
0.057292,0.171875,-5.951218
0.067708,0.171875,-5.783724
0.078125,0.171875,-5.616234
0.088542,0.171875,-5.448743
0.098958,0.171875,-5.281252
0.109375,0.171875,-5.113761
0.119792,0.171875,-4.946271
0.130208,0.171875,-4.883920
0.140625,0.171875,-4.926711
0.151042,0.171875,-4.969501
0.161458,0.171875,-5.012291
0.171875,0.171875,-5.055082
0.182292,0.171875,-5.097872
0.192708,0.171875,-5.101591
0.203125,0.171875,-5.066240
0.213542,0.171875,-5.030888
0.223958,0.171875,-4.995537
0.234375,0.171875,-4.960186
0.244792,0.171875,-4.924834
0.255208,0.171875,-4.896202
0.265625,0.171875,-4.874289
0.276042,0.171875,-4.852376
0.286458,0.171875,-4.830463
0.296875,0.171875,-4.808549
0.307292,0.171875,-4.786636
0.317708,0.171875,-4.764723
0.328125,0.171875,-4.742810
0.338542,0.171875,-4.720897
0.348958,0.171875,-4.698984
0.359375,0.171875,-4.677071
0.369792,0.171875,-4.655158
0.380208,0.171875,-4.618592
0.390625,0.171875,-4.567372
0.401042,0.171875,-4.516152
0.411458,0.171875,-4.464932
0.421875,0.171875,-4.413713
0.432292,0.171875,-4.362493
0.442708,0.171875,-4.195772
0.453125,0.171875,-3.913550
0.463542,0.171875,-3.631329
0.473958,0.171875,-3.349107
0.484375,0.171875,-3.066885
0.494792,0.171875,-2.784664
0.505208,0.171875,-2.644255
0.515625,0.171875,-2.645660
0.526042,0.171875,-2.647065
0.536458,0.171875,-2.648471
0.546875,0.171875,-2.649876
0.557292,0.171875,-2.651281
0.567708,0.171875,-2.652686
0.578125,0.171875,-2.654091
0.588542,0.171875,-2.655496
0.598958,0.171875,-2.656901
0.609375,0.171875,-2.658306
0.619792,0.171875,-2.659711
0.630208,0.171875,-2.661116
0.640625,0.171875,-2.662521
0.651042,0.171875,-2.663927
0.661458,0.171875,-2.665332
0.671875,0.171875,-2.666737
0.682292,0.171875,-2.668142
0.692708,0.171875,-2.669547
0.703125,0.171875,-2.670952
0.713542,0.171875,-2.672357
0.723958,0.171875,-2.673762
0.734375,0.171875,-2.675167
0.744792,0.171875,-2.676572
0.755208,0.171875,-2.677977
0.765625,0.171875,-2.679383
0.776042,0.171875,-2.680788
0.786458,0.171875,-2.682193
0.796875,0.171875,-2.683598
0.807292,0.171875,-2.685003
0.817708,0.171875,-2.686408
0.828125,0.171875,-2.687813
0.838542,0.171875,-2.689218
0.848958,0.171875,-2.690623
0.859375,0.171875,-2.692028
0.869792,0.171875,-2.693434
0.880208,0.171875,-2.694839
0.890625,0.171875,-2.696244
0.901042,0.171875,-2.697649
0.911458,0.171875,-2.699054
0.921875,0.171875,-2.700459
0.932292,0.171875,-2.701864
0.942708,0.171875,-2.703269
0.953125,0.171875,-2.704674
0.963542,0.171875,-2.706079
0.973958,0.171875,-2.707484
0.984375,0.171875,-2.708890
0.994792,0.171875,-2.710295
0.005208,0.182292,-6.846967
0.015625,0.182292,-6.676147
0.026042,0.182292,-6.505327
0.036458,0.182292,-6.334507
0.046875,0.182292,-6.163686
0.057292,0.182292,-5.992866
0.067708,0.182292,-5.822050
0.078125,0.182292,-5.651237
0.088542,0.182292,-5.480425
0.098958,0.182292,-5.309612
0.109375,0.182292,-5.138799
0.119792,0.182292,-4.967987
0.130208,0.182292,-4.901158
0.140625,0.182292,-4.938313
0.151042,0.182292,-4.975469
0.161458,0.182292,-5.012624
0.171875,0.182292,-5.049779
0.182292,0.182292,-5.086934
0.192708,0.182292,-5.096376
0.203125,0.182292,-5.078103
0.213542,0.182292,-5.059831
0.223958,0.182292,-5.041559
0.234375,0.182292,-5.023287
0.244792,0.182292,-5.005015
0.255208,0.182292,-4.986465
0.265625,0.182292,-4.967636
0.276042,0.182292,-4.948808
0.286458,0.182292,-4.929980
0.296875,0.182292,-4.911152
0.307292,0.182292,-4.892324
0.317708,0.182292,-4.873495
0.328125,0.182292,-4.854667
0.338542,0.182292,-4.835839
0.348958,0.182292,-4.817011
0.359375,0.182292,-4.798182
0.369792,0.182292,-4.779354
0.380208,0.182292,-4.752327
0.390625,0.182292,-4.717102
0.401042,0.182292,-4.681877
0.411458,0.182292,-4.646652
0.421875,0.182292,-4.611426
0.432292,0.182292,-4.576201
0.442708,0.182292,-4.380797
0.453125,0.182292,-4.025215
0.463542,0.182292,-3.669633
0.473958,0.182292,-3.314051
0.484375,0.182292,-2.958469
0.494792,0.182292,-2.602887
0.505208,0.182292,-2.428451
0.515625,0.182292,-2.435161
0.526042,0.182292,-2.441871
0.536458,0.182292,-2.448581
0.546875,0.182292,-2.455291
0.557292,0.182292,-2.462001
0.567708,0.182292,-2.468710
0.578125,0.182292,-2.475420
0.588542,0.182292,-2.482130
0.598958,0.182292,-2.488840
0.609375,0.182292,-2.495550
0.619792,0.182292,-2.502260
0.630208,0.182292,-2.508970
0.640625,0.182292,-2.515680
0.651042,0.182292,-2.522390
0.661458,0.182292,-2.529100
0.671875,0.182292,-2.535810
0.682292,0.182292,-2.542520
0.692708,0.182292,-2.549230
0.703125,0.182292,-2.555940
0.713542,0.182292,-2.562650
0.723958,0.182292,-2.569360
0.734375,0.182292,-2.576070
0.744792,0.182292,-2.582780
0.755208,0.182292,-2.589490
0.765625,0.182292,-2.596200
0.776042,0.182292,-2.602910
0.786458,0.182292,-2.609620
0.796875,0.182292,-2.616330
0.807292,0.182292,-2.623039
0.817708,0.182292,-2.629749
0.828125,0.182292,-2.636459
0.838542,0.182292,-2.643169
0.848958,0.182292,-2.649879
0.859375,0.182292,-2.656589
0.869792,0.182292,-2.663299
0.880208,0.182292,-2.670009
0.890625,0.182292,-2.676719
0.901042,0.182292,-2.683429
0.911458,0.182292,-2.690139
0.921875,0.182292,-2.696849
0.932292,0.182292,-2.703559
0.942708,0.182292,-2.710269
0.953125,0.182292,-2.716979
0.963542,0.182292,-2.723689
0.973958,0.182292,-2.730399
0.984375,0.182292,-2.737109
0.994792,0.182292,-2.743819
0.005208,0.192708,-6.911085
0.015625,0.192708,-6.748649
0.026042,0.192708,-6.586212
0.036458,0.192708,-6.413578
0.046875,0.192708,-6.230745
0.057292,0.192708,-6.047912
0.067708,0.192708,-5.867826
0.078125,0.192708,-5.690485
0.088542,0.192708,-5.513144
0.098958,0.192708,-5.335276
0.109375,0.192708,-5.156883
0.119792,0.192708,-4.978489
0.130208,0.192708,-4.905739
0.140625,0.192708,-4.938633
0.151042,0.192708,-4.971527
0.161458,0.192708,-5.004421
0.171875,0.192708,-5.037314
0.182292,0.192708,-5.070208
0.192708,0.192708,-5.077908
0.203125,0.192708,-5.060415
0.213542,0.192708,-5.042922
0.223958,0.192708,-5.025429
0.234375,0.192708,-5.007936
0.244792,0.192708,-4.990443
0.255208,0.192708,-4.974308
0.265625,0.192708,-4.959531
0.276042,0.192708,-4.944755
0.286458,0.192708,-4.929978
0.296875,0.192708,-4.915202
0.307292,0.192708,-4.900425
0.317708,0.192708,-4.885649
0.328125,0.192708,-4.870872
0.338542,0.192708,-4.856096
0.348958,0.192708,-4.841320
0.359375,0.192708,-4.826543
0.369792,0.192708,-4.811767
0.380208,0.192708,-4.797833
0.390625,0.192708,-4.784741
0.401042,0.192708,-4.771650
0.411458,0.192708,-4.758558
0.421875,0.192708,-4.745467
0.432292,0.192708,-4.732376
0.442708,0.192708,-4.522532
0.453125,0.192708,-4.115936
0.463542,0.192708,-3.709340
0.473958,0.192708,-3.331561
0.484375,0.192708,-2.982597
0.494792,0.192708,-2.633634
0.505208,0.192708,-2.462529
0.515625,0.192708,-2.469283
0.526042,0.192708,-2.476037
0.536458,0.192708,-2.482791
0.546875,0.192708,-2.489545
0.557292,0.192708,-2.496300
0.567708,0.192708,-2.503054
0.578125,0.192708,-2.509808
0.588542,0.192708,-2.516562
0.598958,0.192708,-2.523316
0.609375,0.192708,-2.530070
0.619792,0.192708,-2.536824
0.630208,0.192708,-2.543579
0.640625,0.192708,-2.550333
0.651042,0.192708,-2.557087
0.661458,0.192708,-2.563841
0.671875,0.192708,-2.570595
0.682292,0.192708,-2.577349
0.692708,0.192708,-2.584103
0.703125,0.192708,-2.590857
0.713542,0.192708,-2.597612
0.723958,0.192708,-2.604366
0.734375,0.192708,-2.611120
0.744792,0.192708,-2.617874
0.755208,0.192708,-2.624628
0.765625,0.192708,-2.631382
0.776042,0.192708,-2.638136
0.786458,0.192708,-2.644890
0.796875,0.192708,-2.651645
0.807292,0.192708,-2.658399
0.817708,0.192708,-2.665153
0.828125,0.192708,-2.671907
0.838542,0.192708,-2.678661
0.848958,0.192708,-2.685415
0.859375,0.192708,-2.692169
0.869792,0.192708,-2.698924
0.880208,0.192708,-2.705678
0.890625,0.192708,-2.712432
0.901042,0.192708,-2.719186
0.911458,0.192708,-2.725940
0.921875,0.192708,-2.732694
0.932292,0.192708,-2.739448
0.942708,0.192708,-2.746202
0.953125,0.192708,-2.752957
0.963542,0.192708,-2.759711
0.973958,0.192708,-2.766465
0.984375,0.192708,-2.773219
0.994792,0.192708,-2.779973
0.005208,0.203125,-6.981056
0.015625,0.203125,-6.838711
0.026042,0.203125,-6.696366
0.036458,0.203125,-6.523426
0.046875,0.203125,-6.319892
0.057292,0.203125,-6.116357
0.067708,0.203125,-5.921052
0.078125,0.203125,-5.733976
0.088542,0.203125,-5.546900
0.098958,0.203125,-5.358245
0.109375,0.203125,-5.168012
0.119792,0.203125,-4.977778
0.130208,0.203125,-4.897664
0.140625,0.203125,-4.927670
0.151042,0.203125,-4.957676
0.161458,0.203125,-4.987682
0.171875,0.203125,-5.017688
0.182292,0.203125,-5.047694
0.192708,0.203125,-5.046190
0.203125,0.203125,-5.013175
0.213542,0.203125,-4.980161
0.223958,0.203125,-4.947146
0.234375,0.203125,-4.914132
0.244792,0.203125,-4.881117
0.255208,0.203125,-4.859731
0.265625,0.203125,-4.849974
0.276042,0.203125,-4.840216
0.286458,0.203125,-4.830458
0.296875,0.203125,-4.820700
0.307292,0.203125,-4.810942
0.317708,0.203125,-4.801184
0.328125,0.203125,-4.791427
0.338542,0.203125,-4.781669
0.348958,0.203125,-4.771911
0.359375,0.203125,-4.762153
0.369792,0.203125,-4.752395
0.380208,0.203125,-4.755107
0.390625,0.203125,-4.770289
0.401042,0.203125,-4.785471
0.411458,0.203125,-4.800653
0.421875,0.203125,-4.815834
0.432292,0.203125,-4.831016
0.442708,0.203125,-4.620976
0.453125,0.203125,-4.185713
0.463542,0.203125,-3.750450
0.473958,0.203125,-3.401636
0.484375,0.203125,-3.139270
0.494792,0.203125,-2.876904
0.505208,0.203125,-2.746490
0.515625,0.203125,-2.748028
0.526042,0.203125,-2.749565
0.536458,0.203125,-2.751103
0.546875,0.203125,-2.752640
0.557292,0.203125,-2.754178
0.567708,0.203125,-2.755716
0.578125,0.203125,-2.757253
0.588542,0.203125,-2.758791
0.598958,0.203125,-2.760329
0.609375,0.203125,-2.761866
0.619792,0.203125,-2.763404
0.630208,0.203125,-2.764941
0.640625,0.203125,-2.766479
0.651042,0.203125,-2.768017
0.661458,0.203125,-2.769554
0.671875,0.203125,-2.771092
0.682292,0.203125,-2.772629
0.692708,0.203125,-2.774167
0.703125,0.203125,-2.775705
0.713542,0.203125,-2.777242
0.723958,0.203125,-2.778780
0.734375,0.203125,-2.780318
0.744792,0.203125,-2.781855
0.755208,0.203125,-2.783393
0.765625,0.203125,-2.784930
0.776042,0.203125,-2.786468
0.786458,0.203125,-2.788006
0.796875,0.203125,-2.789543
0.807292,0.203125,-2.791081
0.817708,0.203125,-2.792618
0.828125,0.203125,-2.794156
0.838542,0.203125,-2.795694
0.848958,0.203125,-2.797231
0.859375,0.203125,-2.798769
0.869792,0.203125,-2.800307
0.880208,0.203125,-2.801844
0.890625,0.203125,-2.803382
0.901042,0.203125,-2.804919
0.911458,0.203125,-2.806457
0.921875,0.203125,-2.807995
0.932292,0.203125,-2.809532
0.942708,0.203125,-2.811070
0.953125,0.203125,-2.812607
0.963542,0.203125,-2.814145
0.973958,0.203125,-2.815683
0.984375,0.203125,-2.817220
0.994792,0.203125,-2.818758
0.005208,0.213542,-7.051028
0.015625,0.213542,-6.928774
0.026042,0.213542,-6.806520
0.036458,0.213542,-6.633275
0.046875,0.213542,-6.409038
0.057292,0.213542,-6.184802
0.067708,0.213542,-5.974278
0.078125,0.213542,-5.777468
0.088542,0.213542,-5.580657
0.098958,0.213542,-5.381214
0.109375,0.213542,-5.179141
0.119792,0.213542,-4.977067
0.130208,0.213542,-4.889589
0.140625,0.213542,-4.916708
0.151042,0.213542,-4.943826
0.161458,0.213542,-4.970944
0.171875,0.213542,-4.998062
0.182292,0.213542,-5.025180
0.192708,0.213542,-5.014471
0.203125,0.213542,-4.965936
0.213542,0.213542,-4.917400
0.223958,0.213542,-4.868864
0.234375,0.213542,-4.820328
0.244792,0.213542,-4.771792
0.255208,0.213542,-4.745155
0.265625,0.213542,-4.740416
0.276042,0.213542,-4.735676
0.286458,0.213542,-4.730937
0.296875,0.213542,-4.726198
0.307292,0.213542,-4.721459
0.317708,0.213542,-4.716720
0.328125,0.213542,-4.711981
0.338542,0.213542,-4.707242
0.348958,0.213542,-4.702503
0.359375,0.213542,-4.697763
0.369792,0.213542,-4.693024
0.380208,0.213542,-4.712382
0.390625,0.213542,-4.755837
0.401042,0.213542,-4.799292
0.411458,0.213542,-4.842747
0.421875,0.213542,-4.886202
0.432292,0.213542,-4.929657
0.442708,0.213542,-4.719419
0.453125,0.213542,-4.255490
0.463542,0.213542,-3.791561
0.473958,0.213542,-3.471712
0.484375,0.213542,-3.295943
0.494792,0.213542,-3.120175
0.505208,0.213542,-3.030451
0.515625,0.213542,-3.026772
0.526042,0.213542,-3.023093
0.536458,0.213542,-3.019414
0.546875,0.213542,-3.015735
0.557292,0.213542,-3.012056
0.567708,0.213542,-3.008378
0.578125,0.213542,-3.004699
0.588542,0.213542,-3.001020
0.598958,0.213542,-2.997341
0.609375,0.213542,-2.993662
0.619792,0.213542,-2.989983
0.630208,0.213542,-2.986304
0.640625,0.213542,-2.982625
0.651042,0.213542,-2.978946
0.661458,0.213542,-2.975267
0.671875,0.213542,-2.971589
0.682292,0.213542,-2.967910
0.692708,0.213542,-2.964231
0.703125,0.213542,-2.960552
0.713542,0.213542,-2.956873
0.723958,0.213542,-2.953194
0.734375,0.213542,-2.949515
0.744792,0.213542,-2.945836
0.755208,0.213542,-2.942157
0.765625,0.213542,-2.938478
0.776042,0.213542,-2.934800
0.786458,0.213542,-2.931121
0.796875,0.213542,-2.927442
0.807292,0.213542,-2.923763
0.817708,0.213542,-2.920084
0.828125,0.213542,-2.916405
0.838542,0.213542,-2.912726
0.848958,0.213542,-2.909047
0.859375,0.213542,-2.905368
0.869792,0.213542,-2.901689
0.880208,0.213542,-2.898011
0.890625,0.213542,-2.894332
0.901042,0.213542,-2.890653
0.911458,0.213542,-2.886974
0.921875,0.213542,-2.883295
0.932292,0.213542,-2.879616
0.942708,0.213542,-2.875937
0.953125,0.213542,-2.872258
0.963542,0.213542,-2.868579
0.973958,0.213542,-2.864900
0.984375,0.213542,-2.861222
0.994792,0.213542,-2.857543
0.005208,0.223958,-7.120999
0.015625,0.223958,-7.018836
0.026042,0.223958,-6.916674
0.036458,0.223958,-6.743123
0.046875,0.223958,-6.498185
0.057292,0.223958,-6.253247
0.067708,0.223958,-6.027505
0.078125,0.223958,-5.820959
0.088542,0.223958,-5.614413
0.098958,0.223958,-5.404183
0.109375,0.223958,-5.190270
0.119792,0.223958,-4.976356
0.130208,0.223958,-4.881514
0.140625,0.223958,-4.905745
0.151042,0.223958,-4.929975
0.161458,0.223958,-4.954205
0.171875,0.223958,-4.978436
0.182292,0.223958,-5.002666
0.192708,0.223958,-4.993842
0.203125,0.223958,-4.951964
0.213542,0.223958,-4.910085
0.223958,0.223958,-4.868207
0.234375,0.223958,-4.826328
0.244792,0.223958,-4.784450
0.255208,0.223958,-4.764288
0.265625,0.223958,-4.765845
0.276042,0.223958,-4.767401
0.286458,0.223958,-4.768957
0.296875,0.223958,-4.770513
0.307292,0.223958,-4.772069
0.317708,0.223958,-4.773625
0.328125,0.223958,-4.775181
0.338542,0.223958,-4.776737
0.348958,0.223958,-4.778294
0.359375,0.223958,-4.779850
0.369792,0.223958,-4.781406
0.380208,0.223958,-4.726476
0.390625,0.223958,-4.615060
0.401042,0.223958,-4.503644
0.411458,0.223958,-4.550641
0.421875,0.223958,-4.756049
0.432292,0.223958,-4.961457
0.442708,0.223958,-4.846679
0.453125,0.223958,-4.411715
0.463542,0.223958,-3.976751
0.473958,0.223958,-3.685867
0.484375,0.223958,-3.539064
0.494792,0.223958,-3.392261
0.505208,0.223958,-3.314412
0.515625,0.223958,-3.305517
0.526042,0.223958,-3.296621
0.536458,0.223958,-3.287726
0.546875,0.223958,-3.278830
0.557292,0.223958,-3.269935
0.567708,0.223958,-3.261040
0.578125,0.223958,-3.252144
0.588542,0.223958,-3.243249
0.598958,0.223958,-3.234353
0.609375,0.223958,-3.225458
0.619792,0.223958,-3.216562
0.630208,0.223958,-3.207667
0.640625,0.223958,-3.198772
0.651042,0.223958,-3.189876
0.661458,0.223958,-3.180981
0.671875,0.223958,-3.172085
0.682292,0.223958,-3.163190
0.692708,0.223958,-3.154295
0.703125,0.223958,-3.145399
0.713542,0.223958,-3.136504
0.723958,0.223958,-3.127608
0.734375,0.223958,-3.118713
0.744792,0.223958,-3.109817
0.755208,0.223958,-3.100922
0.765625,0.223958,-3.092027
0.776042,0.223958,-3.083131
0.786458,0.223958,-3.074236
0.796875,0.223958,-3.065340
0.807292,0.223958,-3.056445
0.817708,0.223958,-3.047550
0.828125,0.223958,-3.038654
0.838542,0.223958,-3.029759
0.848958,0.223958,-3.020863
0.859375,0.223958,-3.011968
0.869792,0.223958,-3.003072
0.880208,0.223958,-2.994177
0.890625,0.223958,-2.985282
0.901042,0.223958,-2.976386
0.911458,0.223958,-2.967491
0.921875,0.223958,-2.958595
0.932292,0.223958,-2.949700
0.942708,0.223958,-2.940805
0.953125,0.223958,-2.931909
0.963542,0.223958,-2.923014
0.973958,0.223958,-2.914118
0.984375,0.223958,-2.905223
0.994792,0.223958,-2.896327
0.005208,0.234375,-7.190971
0.015625,0.234375,-7.108899
0.026042,0.234375,-7.026827
0.036458,0.234375,-6.852972
0.046875,0.234375,-6.587332
0.057292,0.234375,-6.321692
0.067708,0.234375,-6.080731
0.078125,0.234375,-5.864451
0.088542,0.234375,-5.648170
0.098958,0.234375,-5.427152
0.109375,0.234375,-5.201399
0.119792,0.234375,-4.975645
0.130208,0.234375,-4.873439
0.140625,0.234375,-4.894782
0.151042,0.234375,-4.916124
0.161458,0.234375,-4.937467
0.171875,0.234375,-4.958810
0.182292,0.234375,-4.980152
0.192708,0.234375,-4.984302
0.203125,0.234375,-4.971260
0.213542,0.234375,-4.958217
0.223958,0.234375,-4.945175
0.234375,0.234375,-4.932132
0.244792,0.234375,-4.919090
0.255208,0.234375,-4.917132
0.265625,0.234375,-4.926260
0.276042,0.234375,-4.935388
0.286458,0.234375,-4.944516
0.296875,0.234375,-4.953644
0.307292,0.234375,-4.962772
0.317708,0.234375,-4.971900
0.328125,0.234375,-4.981028
0.338542,0.234375,-4.990156
0.348958,0.234375,-4.999284
0.359375,0.234375,-5.008412
0.369792,0.234375,-5.017540
0.380208,0.234375,-4.797389
0.390625,0.234375,-4.347959
0.401042,0.234375,-3.898528
0.411458,0.234375,-3.924334
0.421875,0.234375,-4.425376
0.432292,0.234375,-4.926417
0.442708,0.234375,-5.002755
0.453125,0.234375,-4.654388
0.463542,0.234375,-4.306022
0.473958,0.234375,-4.044104
0.484375,0.234375,-3.868634
0.494792,0.234375,-3.693164
0.505208,0.234375,-3.598373
0.515625,0.234375,-3.584261
0.526042,0.234375,-3.570149
0.536458,0.234375,-3.556037
0.546875,0.234375,-3.541925
0.557292,0.234375,-3.527813
0.567708,0.234375,-3.513701
0.578125,0.234375,-3.499589
0.588542,0.234375,-3.485478
0.598958,0.234375,-3.471366
0.609375,0.234375,-3.457254
0.619792,0.234375,-3.443142
0.630208,0.234375,-3.429030
0.640625,0.234375,-3.414918
0.651042,0.234375,-3.400806
0.661458,0.234375,-3.386694
0.671875,0.234375,-3.372582
0.682292,0.234375,-3.358470
0.692708,0.234375,-3.344358
0.703125,0.234375,-3.330246
0.713542,0.234375,-3.316134
0.723958,0.234375,-3.302022
0.734375,0.234375,-3.287911
0.744792,0.234375,-3.273799
0.755208,0.234375,-3.259687
0.765625,0.234375,-3.245575
0.776042,0.234375,-3.231463
0.786458,0.234375,-3.217351
0.796875,0.234375,-3.203239
0.807292,0.234375,-3.189127
0.817708,0.234375,-3.175015
0.828125,0.234375,-3.160903
0.838542,0.234375,-3.146791
0.848958,0.234375,-3.132679
0.859375,0.234375,-3.118567
0.869792,0.234375,-3.104455
0.880208,0.234375,-3.090343
0.890625,0.234375,-3.076232
0.901042,0.234375,-3.062120
0.911458,0.234375,-3.048008
0.921875,0.234375,-3.033896
0.932292,0.234375,-3.019784
0.942708,0.234375,-3.005672
0.953125,0.234375,-2.991560
0.963542,0.234375,-2.977448
0.973958,0.234375,-2.963336
0.984375,0.234375,-2.949224
0.994792,0.234375,-2.935112
0.005208,0.244792,-7.260942
0.015625,0.244792,-7.198962
0.026042,0.244792,-7.136981
0.036458,0.244792,-6.962820
0.046875,0.244792,-6.676478
0.057292,0.244792,-6.390136
0.067708,0.244792,-6.133958
0.078125,0.244792,-5.907942
0.088542,0.244792,-5.681926
0.098958,0.244792,-5.450121
0.109375,0.244792,-5.212528
0.119792,0.244792,-4.974934
0.130208,0.244792,-4.865364
0.140625,0.244792,-4.883819
0.151042,0.244792,-4.902274
0.161458,0.244792,-4.920729
0.171875,0.244792,-4.939184
0.182292,0.244792,-4.957638
0.192708,0.244792,-4.974763
0.203125,0.244792,-4.990556
0.213542,0.244792,-5.006349
0.223958,0.244792,-5.022143
0.234375,0.244792,-5.037936
0.244792,0.244792,-5.053730
0.255208,0.244792,-5.069976
0.265625,0.244792,-5.086676
0.276042,0.244792,-5.103376
0.286458,0.244792,-5.120076
0.296875,0.244792,-5.136776
0.307292,0.244792,-5.153475
0.317708,0.244792,-5.170175
0.328125,0.244792,-5.186875
0.338542,0.244792,-5.203575
0.348958,0.244792,-5.220275
0.359375,0.244792,-5.236974
0.369792,0.244792,-5.253674
0.380208,0.244792,-5.185126
0.390625,0.244792,-5.031329
0.401042,0.244792,-4.877532
0.411458,0.244792,-4.882147
0.421875,0.244792,-5.045175
0.432292,0.244792,-5.208202
0.442708,0.244792,-5.158831
0.453125,0.244792,-4.897062
0.463542,0.244792,-4.635293
0.473958,0.244792,-4.402340
0.484375,0.244792,-4.198203
0.494792,0.244792,-3.994067
0.505208,0.244792,-3.882334
0.515625,0.244792,-3.863006
0.526042,0.244792,-3.843677
0.536458,0.244792,-3.824349
0.546875,0.244792,-3.805020
0.557292,0.244792,-3.785692
0.567708,0.244792,-3.766363
0.578125,0.244792,-3.747035
0.588542,0.244792,-3.727706
0.598958,0.244792,-3.708378
0.609375,0.244792,-3.689050
0.619792,0.244792,-3.669721
0.630208,0.244792,-3.650393
0.640625,0.244792,-3.631064
0.651042,0.244792,-3.611736
0.661458,0.244792,-3.592407
0.671875,0.244792,-3.573079
0.682292,0.244792,-3.553750
0.692708,0.244792,-3.534422
0.703125,0.244792,-3.515094
0.713542,0.244792,-3.495765
0.723958,0.244792,-3.476437
0.734375,0.244792,-3.457108
0.744792,0.244792,-3.437780
0.755208,0.244792,-3.418451
0.765625,0.244792,-3.399123
0.776042,0.244792,-3.379794
0.786458,0.244792,-3.360466
0.796875,0.244792,-3.341138
0.807292,0.244792,-3.321809
0.817708,0.244792,-3.302481
0.828125,0.244792,-3.283152
0.838542,0.244792,-3.263824
0.848958,0.244792,-3.244495
0.859375,0.244792,-3.225167
0.869792,0.244792,-3.205838
0.880208,0.244792,-3.186510
0.890625,0.244792,-3.167181
0.901042,0.244792,-3.147853
0.911458,0.244792,-3.128525
0.921875,0.244792,-3.109196
0.932292,0.244792,-3.089868
0.942708,0.244792,-3.070539
0.953125,0.244792,-3.051211
0.963542,0.244792,-3.031882
0.973958,0.244792,-3.012554
0.984375,0.244792,-2.993225
0.994792,0.244792,-2.973897
0.005208,0.255208,-7.270574
0.015625,0.255208,-7.216079
0.026042,0.255208,-7.161584
0.036458,0.255208,-6.987807
0.046875,0.255208,-6.694748
0.057292,0.255208,-6.401689
0.067708,0.255208,-6.141170
0.078125,0.255208,-5.913190
0.088542,0.255208,-5.685211
0.098958,0.255208,-5.451169
0.109375,0.255208,-5.211066
0.119792,0.255208,-4.970962
0.130208,0.255208,-4.859313
0.140625,0.255208,-4.876119
0.151042,0.255208,-4.892924
0.161458,0.255208,-4.909730
0.171875,0.255208,-4.926535
0.182292,0.255208,-4.943341
0.192708,0.255208,-4.967060
0.203125,0.255208,-4.997691
0.213542,0.255208,-5.028323
0.223958,0.255208,-5.058955
0.234375,0.255208,-5.089587
0.244792,0.255208,-5.120219
0.255208,0.255208,-5.142893
0.265625,0.255208,-5.157609
0.276042,0.255208,-5.172325
0.286458,0.255208,-5.187041
0.296875,0.255208,-5.201758
0.307292,0.255208,-5.216474
0.317708,0.255208,-5.231190
0.328125,0.255208,-5.245906
0.338542,0.255208,-5.260622
0.348958,0.255208,-5.275338
0.359375,0.255208,-5.290054
0.369792,0.255208,-5.304771
0.380208,0.255208,-5.272416
0.390625,0.255208,-5.192990
0.401042,0.255208,-5.113564
0.411458,0.255208,-5.118986
0.421875,0.255208,-5.209255
0.432292,0.255208,-5.299525
0.442708,0.255208,-5.237252
0.453125,0.255208,-5.022437
0.463542,0.255208,-4.807621
0.473958,0.255208,-4.592805
0.484375,0.255208,-4.377989
0.494792,0.255208,-4.163174
0.505208,0.255208,-4.044924
0.515625,0.255208,-4.023240
0.526042,0.255208,-4.001556
0.536458,0.255208,-3.979872
0.546875,0.255208,-3.958188
0.557292,0.255208,-3.936504
0.567708,0.255208,-3.914820
0.578125,0.255208,-3.893136
0.588542,0.255208,-3.871452
0.598958,0.255208,-3.849768
0.609375,0.255208,-3.828084
0.619792,0.255208,-3.806400
0.630208,0.255208,-3.784716
0.640625,0.255208,-3.763032
0.651042,0.255208,-3.741348
0.661458,0.255208,-3.719664
0.671875,0.255208,-3.697980
0.682292,0.255208,-3.676296
0.692708,0.255208,-3.654612
0.703125,0.255208,-3.632928
0.713542,0.255208,-3.611244
0.723958,0.255208,-3.589560
0.734375,0.255208,-3.567876
0.744792,0.255208,-3.546193
0.755208,0.255208,-3.524525
0.765625,0.255208,-3.502873
0.776042,0.255208,-3.481221
0.786458,0.255208,-3.459569
0.796875,0.255208,-3.437917
0.807292,0.255208,-3.416266
0.817708,0.255208,-3.394614
0.828125,0.255208,-3.372962
0.838542,0.255208,-3.351310
0.848958,0.255208,-3.329658
0.859375,0.255208,-3.308006
0.869792,0.255208,-3.286355
0.880208,0.255208,-3.264703
0.890625,0.255208,-3.243051
0.901042,0.255208,-3.221399
0.911458,0.255208,-3.199747
0.921875,0.255208,-3.178096
0.932292,0.255208,-3.156444
0.942708,0.255208,-3.134792
0.953125,0.255208,-3.113140
0.963542,0.255208,-3.091488
0.973958,0.255208,-3.069836
0.984375,0.255208,-3.048185
0.994792,0.255208,-3.026533
0.005208,0.265625,-7.219867
0.015625,0.265625,-7.160252
0.026042,0.265625,-7.100637
0.036458,0.265625,-6.927934
0.046875,0.265625,-6.642142
0.057292,0.265625,-6.356351
0.067708,0.265625,-6.102368
0.078125,0.265625,-5.880195
0.088542,0.265625,-5.658022
0.098958,0.265625,-5.430295
0.109375,0.265625,-5.197013
0.119792,0.265625,-4.963731
0.130208,0.265625,-4.855287
0.140625,0.265625,-4.871682
0.151042,0.265625,-4.888076
0.161458,0.265625,-4.904471
0.171875,0.265625,-4.920865
0.182292,0.265625,-4.937260
0.192708,0.265625,-4.961193
0.203125,0.265625,-4.992666
0.213542,0.265625,-5.024139
0.223958,0.265625,-5.055612
0.234375,0.265625,-5.087084
0.244792,0.265625,-5.118557
0.255208,0.265625,-5.135882
0.265625,0.265625,-5.139059
0.276042,0.265625,-5.142236
0.286458,0.265625,-5.145413
0.296875,0.265625,-5.148590
0.307292,0.265625,-5.151767
0.317708,0.265625,-5.154944
0.328125,0.265625,-5.158121
0.338542,0.265625,-5.161298
0.348958,0.265625,-5.164475
0.359375,0.265625,-5.167652
0.369792,0.265625,-5.170829
0.380208,0.265625,-5.059259
0.390625,0.265625,-4.832941
0.401042,0.265625,-4.606624
0.411458,0.265625,-4.634849
0.421875,0.265625,-4.917619
0.432292,0.265625,-5.200388
0.442708,0.265625,-5.238019
0.453125,0.265625,-5.030512
0.463542,0.265625,-4.823006
0.473958,0.265625,-4.615499
0.484375,0.265625,-4.407992
0.494792,0.265625,-4.200485
0.505208,0.265625,-4.086143
0.515625,0.265625,-4.064964
0.526042,0.265625,-4.043786
0.536458,0.265625,-4.022607
0.546875,0.265625,-4.001429
0.557292,0.265625,-3.980250
0.567708,0.265625,-3.959072
0.578125,0.265625,-3.937893
0.588542,0.265625,-3.916715
0.598958,0.265625,-3.895536
0.609375,0.265625,-3.874358
0.619792,0.265625,-3.853179
0.630208,0.265625,-3.832001
0.640625,0.265625,-3.810822
0.651042,0.265625,-3.789644
0.661458,0.265625,-3.768465
0.671875,0.265625,-3.747286
0.682292,0.265625,-3.726108
0.692708,0.265625,-3.704929
0.703125,0.265625,-3.683751
0.713542,0.265625,-3.662572
0.723958,0.265625,-3.641394
0.734375,0.265625,-3.620215
0.744792,0.265625,-3.599037
0.755208,0.265625,-3.577907
0.765625,0.265625,-3.556825
0.776042,0.265625,-3.535743
0.786458,0.265625,-3.514660
0.796875,0.265625,-3.493578
0.807292,0.265625,-3.472496
0.817708,0.265625,-3.451414
0.828125,0.265625,-3.430332
0.838542,0.265625,-3.409250
0.848958,0.265625,-3.388168
0.859375,0.265625,-3.367086
0.869792,0.265625,-3.346004
0.880208,0.265625,-3.324922
0.890625,0.265625,-3.303840
0.901042,0.265625,-3.282758
0.911458,0.265625,-3.261676
0.921875,0.265625,-3.240594
0.932292,0.265625,-3.219512
0.942708,0.265625,-3.198430
0.953125,0.265625,-3.177348
0.963542,0.265625,-3.156266
0.973958,0.265625,-3.135184
0.984375,0.265625,-3.114102
0.994792,0.265625,-3.093020
0.005208,0.276042,-7.169161
0.015625,0.276042,-7.104425
0.026042,0.276042,-7.039690
0.036458,0.276042,-6.868060
0.046875,0.276042,-6.589536
0.057292,0.276042,-6.311012
0.067708,0.276042,-6.063567
0.078125,0.276042,-5.847201
0.088542,0.276042,-5.630834
0.098958,0.276042,-5.409421
0.109375,0.276042,-5.182960
0.119792,0.276042,-4.956499
0.130208,0.276042,-4.851261
0.140625,0.276042,-4.867244
0.151042,0.276042,-4.883228
0.161458,0.276042,-4.899211
0.171875,0.276042,-4.915195
0.182292,0.276042,-4.931179
0.192708,0.276042,-4.955327
0.203125,0.276042,-4.987641
0.213542,0.276042,-5.019955
0.223958,0.276042,-5.052268
0.234375,0.276042,-5.084582
0.244792,0.276042,-5.116895
0.255208,0.276042,-5.128871
0.265625,0.276042,-5.120509
0.276042,0.276042,-5.112147
0.286458,0.276042,-5.103785
0.296875,0.276042,-5.095423
0.307292,0.276042,-5.087061
0.317708,0.276042,-5.078699
0.328125,0.276042,-5.070337
0.338542,0.276042,-5.061975
0.348958,0.276042,-5.053612
0.359375,0.276042,-5.045250
0.369792,0.276042,-5.036888
0.380208,0.276042,-4.846103
0.390625,0.276042,-4.472893
0.401042,0.276042,-4.099683
0.411458,0.276042,-4.150713
0.421875,0.276042,-4.625982
0.432292,0.276042,-5.101250
0.442708,0.276042,-5.238786
0.453125,0.276042,-5.038588
0.463542,0.276042,-4.838390
0.473958,0.276042,-4.638193
0.484375,0.276042,-4.437995
0.494792,0.276042,-4.237797
0.505208,0.276042,-4.127362
0.515625,0.276042,-4.106688
0.526042,0.276042,-4.086015
0.536458,0.276042,-4.065342
0.546875,0.276042,-4.044669
0.557292,0.276042,-4.023996
0.567708,0.276042,-4.003323
0.578125,0.276042,-3.982650
0.588542,0.276042,-3.961977
0.598958,0.276042,-3.941304
0.609375,0.276042,-3.920631
0.619792,0.276042,-3.899958
0.630208,0.276042,-3.879285
0.640625,0.276042,-3.858612
0.651042,0.276042,-3.837939
0.661458,0.276042,-3.817266
0.671875,0.276042,-3.796593
0.682292,0.276042,-3.775920
0.692708,0.276042,-3.755247
0.703125,0.276042,-3.734573
0.713542,0.276042,-3.713900
0.723958,0.276042,-3.693227
0.734375,0.276042,-3.672554
0.744792,0.276042,-3.651881
0.755208,0.276042,-3.631289
0.765625,0.276042,-3.610776
0.776042,0.276042,-3.590264
0.786458,0.276042,-3.569752
0.796875,0.276042,-3.549240
0.807292,0.276042,-3.528727
0.817708,0.276042,-3.508215
0.828125,0.276042,-3.487703
0.838542,0.276042,-3.467190
0.848958,0.276042,-3.446678
0.859375,0.276042,-3.426166
0.869792,0.276042,-3.405654
0.880208,0.276042,-3.385141
0.890625,0.276042,-3.364629
0.901042,0.276042,-3.344117
0.911458,0.276042,-3.323605
0.921875,0.276042,-3.303092
0.932292,0.276042,-3.282580
0.942708,0.276042,-3.262068
0.953125,0.276042,-3.241555
0.963542,0.276042,-3.221043
0.973958,0.276042,-3.200531
0.984375,0.276042,-3.180019
0.994792,0.276042,-3.159506
0.005208,0.286458,-7.118454
0.015625,0.286458,-7.048598
0.026042,0.286458,-6.978742
0.036458,0.286458,-6.808186
0.046875,0.286458,-6.536930
0.057292,0.286458,-6.265673
0.067708,0.286458,-6.024765
0.078125,0.286458,-5.814206
0.088542,0.286458,-5.603646
0.098958,0.286458,-5.388547
0.109375,0.286458,-5.168907
0.119792,0.286458,-4.949268
0.130208,0.286458,-4.847234
0.140625,0.286458,-4.862807
0.151042,0.286458,-4.878379
0.161458,0.286458,-4.893952
0.171875,0.286458,-4.909525
0.182292,0.286458,-4.925098
0.192708,0.286458,-4.943446
0.203125,0.286458,-4.964570
0.213542,0.286458,-4.985694
0.223958,0.286458,-5.006818
0.234375,0.286458,-5.027942
0.244792,0.286458,-5.049067
0.255208,0.286458,-5.056461
0.265625,0.286458,-5.050125
0.276042,0.286458,-5.043789
0.286458,0.286458,-5.037454
0.296875,0.286458,-5.031118
0.307292,0.286458,-5.024782
0.317708,0.286458,-5.018446
0.328125,0.286458,-5.012111
0.338542,0.286458,-5.005775
0.348958,0.286458,-4.999439
0.359375,0.286458,-4.993104
0.369792,0.286458,-4.986768
0.380208,0.286458,-4.841728
0.390625,0.286458,-4.557983
0.401042,0.286458,-4.274238
0.411458,0.286458,-4.332971
0.421875,0.286458,-4.734182
0.432292,0.286458,-5.135392
0.442708,0.286458,-5.092516
0.453125,0.286458,-4.605554
0.463542,0.286458,-4.118593
0.473958,0.286458,-3.631631
0.484375,0.286458,-3.144669
0.494792,0.286458,-2.657707
0.505208,0.286458,-2.440918
0.515625,0.286458,-2.494300
0.526042,0.286458,-2.547683
0.536458,0.286458,-2.601066
0.546875,0.286458,-2.654449
0.557292,0.286458,-2.707832
0.567708,0.286458,-2.761215
0.578125,0.286458,-2.814597
0.588542,0.286458,-2.867980
0.598958,0.286458,-2.921363
0.609375,0.286458,-2.974746
0.619792,0.286458,-3.028129
0.630208,0.286458,-3.081511
0.640625,0.286458,-3.134894
0.651042,0.286458,-3.188277
0.661458,0.286458,-3.241660
0.671875,0.286458,-3.295043
0.682292,0.286458,-3.348425
0.692708,0.286458,-3.401808
0.703125,0.286458,-3.455191
0.713542,0.286458,-3.508574
0.723958,0.286458,-3.561957
0.734375,0.286458,-3.615339
0.744792,0.286458,-3.668722
0.755208,0.286458,-3.685426
0.765625,0.286458,-3.665452
0.776042,0.286458,-3.645477
0.786458,0.286458,-3.625502
0.796875,0.286458,-3.605528
0.807292,0.286458,-3.585553
0.817708,0.286458,-3.565578
0.828125,0.286458,-3.545604
0.838542,0.286458,-3.525629
0.848958,0.286458,-3.505654
0.859375,0.286458,-3.485680
0.869792,0.286458,-3.465705
0.880208,0.286458,-3.445730
0.890625,0.286458,-3.425756
0.901042,0.286458,-3.405781
0.911458,0.286458,-3.385806
0.921875,0.286458,-3.365832
0.932292,0.286458,-3.345857
0.942708,0.286458,-3.325882
0.953125,0.286458,-3.305908
0.963542,0.286458,-3.285933
0.973958,0.286458,-3.265959
0.984375,0.286458,-3.245984
0.994792,0.286458,-3.226009
0.005208,0.296875,-7.067747
0.015625,0.296875,-6.992771
0.026042,0.296875,-6.917795
0.036458,0.296875,-6.748312
0.046875,0.296875,-6.484323
0.057292,0.296875,-6.220334
0.067708,0.296875,-5.985963
0.078125,0.296875,-5.781211
0.088542,0.296875,-5.576458
0.098958,0.296875,-5.367673
0.109375,0.296875,-5.154854
0.119792,0.296875,-4.942036
0.130208,0.296875,-4.843208
0.140625,0.296875,-4.858369
0.151042,0.296875,-4.873531
0.161458,0.296875,-4.888693
0.171875,0.296875,-4.903855
0.182292,0.296875,-4.919016
0.192708,0.296875,-4.925550
0.203125,0.296875,-4.923454
0.213542,0.296875,-4.921358
0.223958,0.296875,-4.919262
0.234375,0.296875,-4.917167
0.244792,0.296875,-4.915071
0.255208,0.296875,-4.918651
0.265625,0.296875,-4.927907
0.276042,0.296875,-4.937163
0.286458,0.296875,-4.946419
0.296875,0.296875,-4.955675
0.307292,0.296875,-4.964932
0.317708,0.296875,-4.974188
0.328125,0.296875,-4.983444
0.338542,0.296875,-4.992700
0.348958,0.296875,-5.001956
0.359375,0.296875,-5.011212
0.369792,0.296875,-5.020468
0.380208,0.296875,-5.046135
0.390625,0.296875,-5.088212
0.401042,0.296875,-5.130289
0.411458,0.296875,-5.181624
0.421875,0.296875,-5.242218
0.432292,0.296875,-5.302812
0.442708,0.296875,-5.240320
0.453125,0.296875,-5.054740
0.463542,0.296875,-4.869160
0.473958,0.296875,-4.683580
0.484375,0.296875,-4.498000
0.494792,0.296875,-4.312420
0.505208,0.296875,-4.209847
0.515625,0.296875,-4.190282
0.526042,0.296875,-4.170716
0.536458,0.296875,-4.151150
0.546875,0.296875,-4.131585
0.557292,0.296875,-4.112019
0.567708,0.296875,-4.092453
0.578125,0.296875,-4.072888
0.588542,0.296875,-4.053322
0.598958,0.296875,-4.033756
0.609375,0.296875,-4.014191
0.619792,0.296875,-3.994625
0.630208,0.296875,-3.975059
0.640625,0.296875,-3.955494
0.651042,0.296875,-3.935928
0.661458,0.296875,-3.916362
0.671875,0.296875,-3.896797
0.682292,0.296875,-3.877231
0.692708,0.296875,-3.857665
0.703125,0.296875,-3.838100
0.713542,0.296875,-3.818534
0.723958,0.296875,-3.798968
0.734375,0.296875,-3.779403
0.744792,0.296875,-3.759837
0.755208,0.296875,-3.740320
0.765625,0.296875,-3.720850
0.776042,0.296875,-3.701381
0.786458,0.296875,-3.681912
0.796875,0.296875,-3.662443
0.807292,0.296875,-3.642974
0.817708,0.296875,-3.623504
0.828125,0.296875,-3.604035
0.838542,0.296875,-3.584566
0.848958,0.296875,-3.565097
0.859375,0.296875,-3.545628
0.869792,0.296875,-3.526158
0.880208,0.296875,-3.506689
0.890625,0.296875,-3.487220
0.901042,0.296875,-3.467751
0.911458,0.296875,-3.448282
0.921875,0.296875,-3.428813
0.932292,0.296875,-3.409343
0.942708,0.296875,-3.389874
0.953125,0.296875,-3.370405
0.963542,0.296875,-3.350936
0.973958,0.296875,-3.331467
0.984375,0.296875,-3.311997
0.994792,0.296875,-3.292528
0.005208,0.307292,-7.017040
0.015625,0.307292,-6.936944
0.026042,0.307292,-6.856847
0.036458,0.307292,-6.688438
0.046875,0.307292,-6.431717
0.057292,0.307292,-6.174995
0.067708,0.307292,-5.947162
0.078125,0.307292,-5.748216
0.088542,0.307292,-5.549270
0.098958,0.307292,-5.346799
0.109375,0.307292,-5.140802
0.119792,0.307292,-4.934804
0.130208,0.307292,-4.839181
0.140625,0.307292,-4.853932
0.151042,0.307292,-4.868683
0.161458,0.307292,-4.883434
0.171875,0.307292,-4.898185
0.182292,0.307292,-4.912935
0.192708,0.307292,-4.907653
0.203125,0.307292,-4.882337
0.213542,0.307292,-4.857022
0.223958,0.307292,-4.831706
0.234375,0.307292,-4.806391
0.244792,0.307292,-4.781075
0.255208,0.307292,-4.786810
0.265625,0.307292,-4.823596
0.276042,0.307292,-4.860382
0.286458,0.307292,-4.897168
0.296875,0.307292,-4.933954
0.307292,0.307292,-4.970740
0.317708,0.307292,-5.007526
0.328125,0.307292,-5.044312
0.338542,0.307292,-5.081098
0.348958,0.307292,-5.117884
0.359375,0.307292,-5.154670
0.369792,0.307292,-5.191456
0.380208,0.307292,-5.218337
0.390625,0.307292,-5.235313
0.401042,0.307292,-5.252289
0.411458,0.307292,-5.272351
0.421875,0.307292,-5.295499
0.432292,0.307292,-5.318648
0.442708,0.307292,-5.241086
0.453125,0.307292,-5.062815
0.463542,0.307292,-4.884544
0.473958,0.307292,-4.706274
0.484375,0.307292,-4.528003
0.494792,0.307292,-4.349732
0.505208,0.307292,-4.251073
0.515625,0.307292,-4.232025
0.526042,0.307292,-4.212978
0.536458,0.307292,-4.193931
0.546875,0.307292,-4.174884
0.557292,0.307292,-4.155837
0.567708,0.307292,-4.136790
0.578125,0.307292,-4.117742
0.588542,0.307292,-4.098695
0.598958,0.307292,-4.079648
0.609375,0.307292,-4.060601
0.619792,0.307292,-4.041554
0.630208,0.307292,-4.022558
0.640625,0.307292,-4.003613
0.651042,0.307292,-3.984669
0.661458,0.307292,-3.965724
0.671875,0.307292,-3.946779
0.682292,0.307292,-3.927835
0.692708,0.307292,-3.908890
0.703125,0.307292,-3.889946
0.713542,0.307292,-3.871001
0.723958,0.307292,-3.852056
0.734375,0.307292,-3.833112
0.744792,0.307292,-3.814167
0.755208,0.307292,-3.795213
0.765625,0.307292,-3.776249
0.776042,0.307292,-3.757285
0.786458,0.307292,-3.738322
0.796875,0.307292,-3.719358
0.807292,0.307292,-3.700394
0.817708,0.307292,-3.681431
0.828125,0.307292,-3.662467
0.838542,0.307292,-3.643503
0.848958,0.307292,-3.624539
0.859375,0.307292,-3.605576
0.869792,0.307292,-3.586612
0.880208,0.307292,-3.567648
0.890625,0.307292,-3.548684
0.901042,0.307292,-3.529721
0.911458,0.307292,-3.510757
0.921875,0.307292,-3.491793
0.932292,0.307292,-3.472829
0.942708,0.307292,-3.453866
0.953125,0.307292,-3.434902
0.963542,0.307292,-3.415938
0.973958,0.307292,-3.396975
0.984375,0.307292,-3.378011
0.994792,0.307292,-3.359047
0.005208,0.317708,-6.966333
0.015625,0.317708,-6.881117
0.026042,0.317708,-6.795900
0.036458,0.317708,-6.628565
0.046875,0.317708,-6.379111
0.057292,0.317708,-6.129657
0.067708,0.317708,-5.908360
0.078125,0.317708,-5.715221
0.088542,0.317708,-5.522082
0.098958,0.317708,-5.325925
0.109375,0.317708,-5.126749
0.119792,0.317708,-4.927573
0.130208,0.317708,-4.835155
0.140625,0.317708,-4.849495
0.151042,0.317708,-4.863835
0.161458,0.317708,-4.878174
0.171875,0.317708,-4.892514
0.182292,0.317708,-4.906854
0.192708,0.317708,-4.901581
0.203125,0.317708,-4.876694
0.213542,0.317708,-4.851807
0.223958,0.317708,-4.826920
0.234375,0.317708,-4.802033
0.244792,0.317708,-4.777146
0.255208,0.317708,-4.786927
0.265625,0.317708,-4.831377
0.276042,0.317708,-4.875826
0.286458,0.317708,-4.920276
0.296875,0.317708,-4.964726
0.307292,0.317708,-5.009176
0.317708,0.317708,-5.053625
0.328125,0.317708,-5.098075
0.338542,0.317708,-5.142525
0.348958,0.317708,-5.186974
0.359375,0.317708,-5.231424
0.369792,0.317708,-5.275874
0.380208,0.317708,-5.285912
0.390625,0.317708,-5.261537
0.401042,0.317708,-5.237163
0.411458,0.317708,-5.232346
0.421875,0.317708,-5.247085
0.432292,0.317708,-5.261825
0.442708,0.317708,-5.196072
0.453125,0.317708,-5.049826
0.463542,0.317708,-4.903580
0.473958,0.317708,-4.729193
0.484375,0.317708,-4.526663
0.494792,0.317708,-4.324133
0.505208,0.317708,-4.260205
0.515625,0.317708,-4.334877
0.526042,0.317708,-4.409550
0.536458,0.317708,-4.484223
0.546875,0.317708,-4.558895
0.557292,0.317708,-4.633568
0.567708,0.317708,-4.621832
0.578125,0.317708,-4.523689
0.588542,0.317708,-4.425545
0.598958,0.317708,-4.327401
0.609375,0.317708,-4.229257
0.619792,0.317708,-4.131114
0.630208,0.317708,-4.071852
0.640625,0.317708,-4.051473
0.651042,0.317708,-4.031094
0.661458,0.317708,-4.010714
0.671875,0.317708,-3.990335
0.682292,0.317708,-3.969956
0.692708,0.317708,-3.949576
0.703125,0.317708,-3.929197
0.713542,0.317708,-3.908818
0.723958,0.317708,-3.888439
0.734375,0.317708,-3.868059
0.744792,0.317708,-3.847680
0.755208,0.317708,-3.828301
0.765625,0.317708,-3.809924
0.776042,0.317708,-3.791546
0.786458,0.317708,-3.773168
0.796875,0.317708,-3.754790
0.807292,0.317708,-3.736412
0.817708,0.317708,-3.718034
0.828125,0.317708,-3.699656
0.838542,0.317708,-3.681278
0.848958,0.317708,-3.662900
0.859375,0.317708,-3.644522
0.869792,0.317708,-3.626144
0.880208,0.317708,-3.607766
0.890625,0.317708,-3.589388
0.901042,0.317708,-3.571010
0.911458,0.317708,-3.552632
0.921875,0.317708,-3.534254
0.932292,0.317708,-3.515876
0.942708,0.317708,-3.497498
0.953125,0.317708,-3.479121
0.963542,0.317708,-3.460743
0.973958,0.317708,-3.442365
0.984375,0.317708,-3.423987
0.994792,0.317708,-3.405609
0.005208,0.328125,-6.915626
0.015625,0.328125,-6.825289
0.026042,0.328125,-6.734953
0.036458,0.328125,-6.568691
0.046875,0.328125,-6.326504
0.057292,0.328125,-6.084318
0.067708,0.328125,-5.869558
0.078125,0.328125,-5.682226
0.088542,0.328125,-5.494894
0.098958,0.328125,-5.305051
0.109375,0.328125,-5.112696
0.119792,0.328125,-4.920341
0.130208,0.328125,-4.831128
0.140625,0.328125,-4.845057
0.151042,0.328125,-4.858986
0.161458,0.328125,-4.872915
0.171875,0.328125,-4.886844
0.182292,0.328125,-4.900773
0.192708,0.328125,-4.907333
0.203125,0.328125,-4.906523
0.213542,0.328125,-4.905712
0.223958,0.328125,-4.904902
0.234375,0.328125,-4.904092
0.244792,0.328125,-4.903282
0.255208,0.328125,-4.919001
0.265625,0.328125,-4.951248
0.276042,0.328125,-4.983495
0.286458,0.328125,-5.015743
0.296875,0.328125,-5.047990
0.307292,0.328125,-5.080238
0.317708,0.328125,-5.112485
0.328125,0.328125,-5.144732
0.338542,0.328125,-5.176980
0.348958,0.328125,-5.209227
0.359375,0.328125,-5.241474
0.369792,0.328125,-5.273722
0.380208,0.328125,-5.248859
0.390625,0.328125,-5.166885
0.401042,0.328125,-5.084912
0.411458,0.328125,-5.061609
0.421875,0.328125,-5.096976
0.432292,0.328125,-5.132344
0.442708,0.328125,-5.105276
0.453125,0.328125,-5.015772
0.463542,0.328125,-4.926268
0.473958,0.328125,-4.752338
0.484375,0.328125,-4.493981
0.494792,0.328125,-4.235624
0.505208,0.328125,-4.237166
0.515625,0.328125,-4.498606
0.526042,0.328125,-4.760046
0.536458,0.328125,-5.021486
0.546875,0.328125,-5.282926
0.557292,0.328125,-5.544366
0.567708,0.328125,-5.546581
0.578125,0.328125,-5.289572
0.588542,0.328125,-5.032563
0.598958,0.328125,-4.775554
0.609375,0.328125,-4.518545
0.619792,0.328125,-4.261535
0.630208,0.328125,-4.121173
0.640625,0.328125,-4.097457
0.651042,0.328125,-4.073741
0.661458,0.328125,-4.050025
0.671875,0.328125,-4.026310
0.682292,0.328125,-4.002594
0.692708,0.328125,-3.978878
0.703125,0.328125,-3.955162
0.713542,0.328125,-3.931446
0.723958,0.328125,-3.907731
0.734375,0.328125,-3.884015
0.744792,0.328125,-3.860299
0.755208,0.328125,-3.839585
0.765625,0.328125,-3.821873
0.776042,0.328125,-3.804162
0.786458,0.328125,-3.786450
0.796875,0.328125,-3.768738
0.807292,0.328125,-3.751026
0.817708,0.328125,-3.733314
0.828125,0.328125,-3.715602
0.838542,0.328125,-3.697891
0.848958,0.328125,-3.680179
0.859375,0.328125,-3.662467
0.869792,0.328125,-3.644755
0.880208,0.328125,-3.627043
0.890625,0.328125,-3.609331
0.901042,0.328125,-3.591620
0.911458,0.328125,-3.573908
0.921875,0.328125,-3.556196
0.932292,0.328125,-3.538484
0.942708,0.328125,-3.520772
0.953125,0.328125,-3.503060
0.963542,0.328125,-3.485349
0.973958,0.328125,-3.467637
0.984375,0.328125,-3.449925
0.994792,0.328125,-3.432213
0.005208,0.338542,-6.864919
0.015625,0.338542,-6.769462
0.026042,0.338542,-6.674005
0.036458,0.338542,-6.508817
0.046875,0.338542,-6.273898
0.057292,0.338542,-6.038979
0.067708,0.338542,-5.830757
0.078125,0.338542,-5.649231
0.088542,0.338542,-5.467706
0.098958,0.338542,-5.284177
0.109375,0.338542,-5.098643
0.119792,0.338542,-4.913110
0.130208,0.338542,-4.827102
0.140625,0.338542,-4.840620
0.151042,0.338542,-4.854138
0.161458,0.338542,-4.867656
0.171875,0.338542,-4.881174
0.182292,0.338542,-4.894692
0.192708,0.338542,-4.913085
0.203125,0.338542,-4.936351
0.213542,0.338542,-4.959618
0.223958,0.338542,-4.982885
0.234375,0.338542,-5.006152
0.244792,0.338542,-5.029419
0.255208,0.338542,-5.051075
0.265625,0.338542,-5.071120
0.276042,0.338542,-5.091165
0.286458,0.338542,-5.111210
0.296875,0.338542,-5.131255
0.307292,0.338542,-5.151300
0.317708,0.338542,-5.171345
0.328125,0.338542,-5.191390
0.338542,0.338542,-5.211435
0.348958,0.338542,-5.231480
0.359375,0.338542,-5.251525
0.369792,0.338542,-5.271570
0.380208,0.338542,-5.211806
0.390625,0.338542,-5.072233
0.401042,0.338542,-4.932660
0.411458,0.338542,-4.890872
0.421875,0.338542,-4.946867
0.432292,0.338542,-5.002863
0.442708,0.338542,-5.014480
0.453125,0.338542,-4.981717
0.463542,0.338542,-4.948955
0.473958,0.338542,-4.775482
0.484375,0.338542,-4.461299
0.494792,0.338542,-4.147116
0.505208,0.338542,-4.214128
0.515625,0.338542,-4.662335
0.526042,0.338542,-5.110542
0.536458,0.338542,-5.558750
0.546875,0.338542,-6.006957
0.557292,0.338542,-6.455164
0.567708,0.338542,-6.471331
0.578125,0.338542,-6.055456
0.588542,0.338542,-5.639581
0.598958,0.338542,-5.223706
0.609375,0.338542,-4.807832
0.619792,0.338542,-4.391957
0.630208,0.338542,-4.170493
0.640625,0.338542,-4.143441
0.651042,0.338542,-4.116389
0.661458,0.338542,-4.089337
0.671875,0.338542,-4.062284
0.682292,0.338542,-4.035232
0.692708,0.338542,-4.008180
0.703125,0.338542,-3.981127
0.713542,0.338542,-3.954075
0.723958,0.338542,-3.927023
0.734375,0.338542,-3.899970
0.744792,0.338542,-3.872918
0.755208,0.338542,-3.850869
0.765625,0.338542,-3.833823
0.776042,0.338542,-3.816778
0.786458,0.338542,-3.799732
0.796875,0.338542,-3.782686
0.807292,0.338542,-3.765640
0.817708,0.338542,-3.748595
0.828125,0.338542,-3.731549
0.838542,0.338542,-3.714503
0.848958,0.338542,-3.697458
0.859375,0.338542,-3.680412
0.869792,0.338542,-3.663366
0.880208,0.338542,-3.646320
0.890625,0.338542,-3.629275
0.901042,0.338542,-3.612229
0.911458,0.338542,-3.595183
0.921875,0.338542,-3.578138
0.932292,0.338542,-3.561092
0.942708,0.338542,-3.544046
0.953125,0.338542,-3.527000
0.963542,0.338542,-3.509955
0.973958,0.338542,-3.492909
0.984375,0.338542,-3.475863
0.994792,0.338542,-3.458818
0.005208,0.348958,-6.814212
0.015625,0.348958,-6.713635
0.026042,0.348958,-6.613058
0.036458,0.348958,-6.448943
0.046875,0.348958,-6.221292
0.057292,0.348958,-5.993640
0.067708,0.348958,-5.791955
0.078125,0.348958,-5.616237
0.088542,0.348958,-5.440518
0.098958,0.348958,-5.263303
0.109375,0.348958,-5.084590
0.119792,0.348958,-4.905878
0.130208,0.348958,-4.823075
0.140625,0.348958,-4.836182
0.151042,0.348958,-4.849290
0.161458,0.348958,-4.862397
0.171875,0.348958,-4.875504
0.182292,0.348958,-4.888611
0.192708,0.348958,-4.906981
0.203125,0.348958,-4.930615
0.213542,0.348958,-4.954249
0.223958,0.348958,-4.977882
0.234375,0.348958,-5.001516
0.244792,0.348958,-5.025150
0.255208,0.348958,-5.041778
0.265625,0.348958,-5.051400
0.276042,0.348958,-5.061023
0.286458,0.348958,-5.070645
0.296875,0.348958,-5.080268
0.307292,0.348958,-5.089890
0.317708,0.348958,-5.099512
0.328125,0.348958,-5.109135
0.338542,0.348958,-5.118757
0.348958,0.348958,-5.128380
0.359375,0.348958,-5.138002
0.369792,0.348958,-5.147625
0.380208,0.348958,-5.089590
0.390625,0.348958,-4.963898
0.401042,0.348958,-4.838206
0.411458,0.348958,-4.805749
0.421875,0.348958,-4.866528
0.432292,0.348958,-4.927307
0.442708,0.348958,-4.950826
0.453125,0.348958,-4.937085
0.463542,0.348958,-4.923345
0.473958,0.348958,-4.937038
0.484375,0.348958,-4.978165
0.494792,0.348958,-2.386877
0.505208,0.348958,-1.569454
0.515625,0.348958,-2.525897
0.526042,0.348958,-3.482340
0.536458,0.348958,-4.438782
0.546875,0.348958,-5.395225
0.557292,0.348958,-6.351668
0.567708,0.348958,-6.618880
0.578125,0.348958,-6.196861
0.588542,0.348958,-5.774843
0.598958,0.348958,-5.352824
0.609375,0.348958,-4.930806
0.619792,0.348958,-4.508788
0.630208,0.348958,-4.282734
0.640625,0.348958,-4.252646
0.651042,0.348958,-4.222558
0.661458,0.348958,-4.192471
0.671875,0.348958,-4.162383
0.682292,0.348958,-4.132295
0.692708,0.348958,-4.102207
0.703125,0.348958,-4.072119
0.713542,0.348958,-4.042031
0.723958,0.348958,-4.011943
0.734375,0.348958,-3.981855
0.744792,0.348958,-3.951767
0.755208,0.348958,-3.926706
0.765625,0.348958,-3.906670
0.776042,0.348958,-3.886635
0.786458,0.348958,-3.866600
0.796875,0.348958,-3.846564
0.807292,0.348958,-3.826529
0.817708,0.348958,-3.806494
0.828125,0.348958,-3.786459
0.838542,0.348958,-3.766423
0.848958,0.348958,-3.746388
0.859375,0.348958,-3.726353
0.869792,0.348958,-3.706317
0.880208,0.348958,-3.686282
0.890625,0.348958,-3.666247
0.901042,0.348958,-3.646211
0.911458,0.348958,-3.626176
0.921875,0.348958,-3.606141
0.932292,0.348958,-3.586106
0.942708,0.348958,-3.566070
0.953125,0.348958,-3.546035
0.963542,0.348958,-3.526000
0.973958,0.348958,-3.505964
0.984375,0.348958,-3.485929
0.994792,0.348958,-3.465894
0.005208,0.359375,-6.763506
0.015625,0.359375,-6.657808
0.026042,0.359375,-6.552110
0.036458,0.359375,-6.389070
0.046875,0.359375,-6.168686
0.057292,0.359375,-5.948301
0.067708,0.359375,-5.753154
0.078125,0.359375,-5.583242
0.088542,0.359375,-5.413330
0.098958,0.359375,-5.242429
0.109375,0.359375,-5.070537
0.119792,0.359375,-4.898646
0.130208,0.359375,-4.819049
0.140625,0.359375,-4.831745
0.151042,0.359375,-4.844441
0.161458,0.359375,-4.857137
0.171875,0.359375,-4.869834
0.182292,0.359375,-4.882530
0.192708,0.359375,-4.889023
0.203125,0.359375,-4.889313
0.213542,0.359375,-4.889604
0.223958,0.359375,-4.889894
0.234375,0.359375,-4.890184
0.244792,0.359375,-4.890475
0.255208,0.359375,-4.891110
0.265625,0.359375,-4.892090
0.276042,0.359375,-4.893069
0.286458,0.359375,-4.894049
0.296875,0.359375,-4.895029
0.307292,0.359375,-4.896009
0.317708,0.359375,-4.896988
0.328125,0.359375,-4.897968
0.338542,0.359375,-4.898948
0.348958,0.359375,-4.899928
0.359375,0.359375,-4.900908
0.369792,0.359375,-4.901887
0.380208,0.359375,-4.882212
0.390625,0.359375,-4.841880
0.401042,0.359375,-4.801549
0.411458,0.359375,-4.806242
0.421875,0.359375,-4.855959
0.432292,0.359375,-4.905676
0.442708,0.359375,-4.914315
0.453125,0.359375,-4.881876
0.463542,0.359375,-4.849437
0.473958,0.359375,-4.732572
0.484375,0.359375,-4.531281
0.494792,0.359375,-4.329990
0.505208,0.359375,-4.387478
0.515625,0.359375,-4.703746
0.526042,0.359375,-5.020013
0.536458,0.359375,-5.336281
0.546875,0.359375,-5.652548
0.557292,0.359375,-5.968816
0.567708,0.359375,-5.989229
0.578125,0.359375,-5.713789
0.588542,0.359375,-5.438348
0.598958,0.359375,-5.162908
0.609375,0.359375,-4.887467
0.619792,0.359375,-4.612027
0.630208,0.359375,-4.457895
0.640625,0.359375,-4.425073
0.651042,0.359375,-4.392250
0.661458,0.359375,-4.359427
0.671875,0.359375,-4.326605
0.682292,0.359375,-4.293782
0.692708,0.359375,-4.260960
0.703125,0.359375,-4.228137
0.713542,0.359375,-4.195314
0.723958,0.359375,-4.162492
0.734375,0.359375,-4.129669
0.744792,0.359375,-4.096847
0.755208,0.359375,-4.067095
0.765625,0.359375,-4.040415
0.776042,0.359375,-4.013734
0.786458,0.359375,-3.987053
0.796875,0.359375,-3.960373
0.807292,0.359375,-3.933692
0.817708,0.359375,-3.907012
0.828125,0.359375,-3.880331
0.838542,0.359375,-3.853650
0.848958,0.359375,-3.826970
0.859375,0.359375,-3.800289
0.869792,0.359375,-3.773609
0.880208,0.359375,-3.746928
0.890625,0.359375,-3.720248
0.901042,0.359375,-3.693567
0.911458,0.359375,-3.666886
0.921875,0.359375,-3.640206
0.932292,0.359375,-3.613525
0.942708,0.359375,-3.586845
0.953125,0.359375,-3.560164
0.963542,0.359375,-3.533483
0.973958,0.359375,-3.506803
0.984375,0.359375,-3.480122
0.994792,0.359375,-3.453442
0.005208,0.369792,-6.712799
0.015625,0.369792,-6.601981
0.026042,0.369792,-6.491163
0.036458,0.369792,-6.329196
0.046875,0.369792,-6.116079
0.057292,0.369792,-5.902963
0.067708,0.369792,-5.714352
0.078125,0.369792,-5.550247
0.088542,0.369792,-5.386142
0.098958,0.369792,-5.221555
0.109375,0.369792,-5.056485
0.119792,0.369792,-4.891415
0.130208,0.369792,-4.815022
0.140625,0.369792,-4.827308
0.151042,0.369792,-4.839593
0.161458,0.369792,-4.851878
0.171875,0.369792,-4.864163
0.182292,0.369792,-4.876449
0.192708,0.369792,-4.871065
0.203125,0.369792,-4.848012
0.213542,0.369792,-4.824959
0.223958,0.369792,-4.801906
0.234375,0.369792,-4.778853
0.244792,0.369792,-4.755800
0.255208,0.369792,-4.760592
0.265625,0.369792,-4.793230
0.276042,0.369792,-4.825868
0.286458,0.369792,-4.858506
0.296875,0.369792,-4.891144
0.307292,0.369792,-4.923782
0.317708,0.369792,-4.956420
0.328125,0.369792,-4.989058
0.338542,0.369792,-5.021696
0.348958,0.369792,-5.054334
0.359375,0.369792,-5.086973
0.369792,0.369792,-5.119611
0.380208,0.369792,-5.109046
0.390625,0.369792,-5.055278
0.401042,0.369792,-5.001510
0.411458,0.369792,-4.962751
0.421875,0.369792,-4.938999
0.432292,0.369792,-4.915248
0.442708,0.369792,-4.877803
0.453125,0.369792,-4.826667
0.463542,0.369792,-4.775530
0.473958,0.369792,-4.696251
0.484375,0.369792,-4.588830
0.494792,0.369792,-4.481409
0.505208,0.369792,-4.510724
0.515625,0.369792,-4.676776
0.526042,0.369792,-4.842828
0.536458,0.369792,-5.008880
0.546875,0.369792,-5.174932
0.557292,0.369792,-5.340984
0.567708,0.369792,-5.359579
0.578125,0.369792,-5.230716
0.588542,0.369792,-5.101854
0.598958,0.369792,-4.972991
0.609375,0.369792,-4.844129
0.619792,0.369792,-4.715266
0.630208,0.369792,-4.633056
0.640625,0.369792,-4.597499
0.651042,0.369792,-4.561942
0.661458,0.369792,-4.526384
0.671875,0.369792,-4.490827
0.682292,0.369792,-4.455270
0.692708,0.369792,-4.419713
0.703125,0.369792,-4.384155
0.713542,0.369792,-4.348598
0.723958,0.369792,-4.313041
0.734375,0.369792,-4.277483
0.744792,0.369792,-4.241926
0.755208,0.369792,-4.207485
0.765625,0.369792,-4.174159
0.776042,0.369792,-4.140833
0.786458,0.369792,-4.107507
0.796875,0.369792,-4.074181
0.807292,0.369792,-4.040855
0.817708,0.369792,-4.007529
0.828125,0.369792,-3.974204
0.838542,0.369792,-3.940878
0.848958,0.369792,-3.907552
0.859375,0.369792,-3.874226
0.869792,0.369792,-3.840900
0.880208,0.369792,-3.807574
0.890625,0.369792,-3.774248
0.901042,0.369792,-3.740922
0.911458,0.369792,-3.707597
0.921875,0.369792,-3.674271
0.932292,0.369792,-3.640945
0.942708,0.369792,-3.607619
0.953125,0.369792,-3.574293
0.963542,0.369792,-3.540967
0.973958,0.369792,-3.507641
0.984375,0.369792,-3.474315
0.994792,0.369792,-3.440990
0.005208,0.380208,-6.680395
0.015625,0.380208,-6.557440
0.026042,0.380208,-6.434486
0.036458,0.380208,-6.267484
0.046875,0.380208,-6.056433
0.057292,0.380208,-5.845383
0.067708,0.380208,-5.660723
0.078125,0.380208,-5.502455
0.088542,0.380208,-5.344186
0.098958,0.380208,-5.185708
0.109375,0.380208,-5.027020
0.119792,0.380208,-4.868331
0.130208,0.380208,-4.796264
0.140625,0.380208,-4.810817
0.151042,0.380208,-4.825370
0.161458,0.380208,-4.839922
0.171875,0.380208,-4.854475
0.182292,0.380208,-4.869028
0.192708,0.380208,-4.859815
0.203125,0.380208,-4.826835
0.213542,0.380208,-4.793855
0.223958,0.380208,-4.760875
0.234375,0.380208,-4.727895
0.244792,0.380208,-4.694915
0.255208,0.380208,-4.701636
0.265625,0.380208,-4.748059
0.276042,0.380208,-4.794482
0.286458,0.380208,-4.840905
0.296875,0.380208,-4.887327
0.307292,0.380208,-4.933750
0.317708,0.380208,-4.980173
0.328125,0.380208,-5.026596
0.338542,0.380208,-5.073018
0.348958,0.380208,-5.119441
0.359375,0.380208,-5.165864
0.369792,0.380208,-5.212287
0.380208,0.380208,-5.207160
0.390625,0.380208,-5.150484
0.401042,0.380208,-5.093807
0.411458,0.380208,-5.037131
0.421875,0.380208,-4.980455
0.432292,0.380208,-4.923778
0.442708,0.380208,-4.867102
0.453125,0.380208,-4.810426
0.463542,0.380208,-4.753750
0.473958,0.380208,-4.697073
0.484375,0.380208,-4.640397
0.494792,0.380208,-4.583721
0.505208,0.380208,-4.597842
0.515625,0.380208,-4.682761
0.526042,0.380208,-4.767680
0.536458,0.380208,-4.852599
0.546875,0.380208,-4.937518
0.557292,0.380208,-5.022437
0.567708,0.380208,-5.038190
0.578125,0.380208,-4.984775
0.588542,0.380208,-4.931361
0.598958,0.380208,-4.877946
0.609375,0.380208,-4.824532
0.619792,0.380208,-4.771118
0.630208,0.380208,-4.725967
0.640625,0.380208,-4.689080
0.651042,0.380208,-4.652194
0.661458,0.380208,-4.615307
0.671875,0.380208,-4.578421
0.682292,0.380208,-4.541534
0.692708,0.380208,-4.504647
0.703125,0.380208,-4.467761
0.713542,0.380208,-4.430874
0.723958,0.380208,-4.393988
0.734375,0.380208,-4.357101
0.744792,0.380208,-4.320214
0.755208,0.380208,-4.283707
0.765625,0.380208,-4.247572
0.776042,0.380208,-4.211437
0.786458,0.380208,-4.175301
0.796875,0.380208,-4.139166
0.807292,0.380208,-4.103031
0.817708,0.380208,-4.066895
0.828125,0.380208,-4.030760
0.838542,0.380208,-3.994625
0.848958,0.380208,-3.958489
0.859375,0.380208,-3.922354
0.869792,0.380208,-3.886219
0.880208,0.380208,-3.850084
0.890625,0.380208,-3.813948
0.901042,0.380208,-3.777813
0.911458,0.380208,-3.741678
0.921875,0.380208,-3.705542
0.932292,0.380208,-3.669407
0.942708,0.380208,-3.633272
0.953125,0.380208,-3.597136
0.963542,0.380208,-3.561001
0.973958,0.380208,-3.524866
0.984375,0.380208,-3.488730
0.994792,0.380208,-3.452595
0.005208,0.390625,-6.666293
0.015625,0.390625,-6.524186
0.026042,0.390625,-6.382079
0.036458,0.390625,-6.203933
0.046875,0.390625,-5.989747
0.057292,0.390625,-5.775562
0.067708,0.390625,-5.592268
0.078125,0.390625,-5.439865
0.088542,0.390625,-5.287462
0.098958,0.390625,-5.134888
0.109375,0.390625,-4.982142
0.119792,0.390625,-4.829396
0.130208,0.390625,-4.762773
0.140625,0.390625,-4.782272
0.151042,0.390625,-4.801771
0.161458,0.390625,-4.821270
0.171875,0.390625,-4.840769
0.182292,0.390625,-4.860269
0.192708,0.390625,-4.855273
0.203125,0.390625,-4.825782
0.213542,0.390625,-4.796292
0.223958,0.390625,-4.766801
0.234375,0.390625,-4.737311
0.244792,0.390625,-4.707820
0.255208,0.390625,-4.714242
0.265625,0.390625,-4.756576
0.276042,0.390625,-4.798910
0.286458,0.390625,-4.841244
0.296875,0.390625,-4.883578
0.307292,0.390625,-4.925912
0.317708,0.390625,-4.968246
0.328125,0.390625,-5.010580
0.338542,0.390625,-5.052914
0.348958,0.390625,-5.095248
0.359375,0.390625,-5.137582
0.369792,0.390625,-5.179916
0.380208,0.390625,-5.176554
0.390625,0.390625,-5.127497
0.401042,0.390625,-5.078440
0.411458,0.390625,-5.029383
0.421875,0.390625,-4.980325
0.432292,0.390625,-4.931268
0.442708,0.390625,-4.882211
0.453125,0.390625,-4.833154
0.463542,0.390625,-4.784097
0.473958,0.390625,-4.735040
0.484375,0.390625,-4.685983
0.494792,0.390625,-4.636925
0.505208,0.390625,-4.648831
0.515625,0.390625,-4.721700
0.526042,0.390625,-4.794569
0.536458,0.390625,-4.867438
0.546875,0.390625,-4.940306
0.557292,0.390625,-5.013175
0.567708,0.390625,-5.025062
0.578125,0.390625,-4.975965
0.588542,0.390625,-4.926869
0.598958,0.390625,-4.877773
0.609375,0.390625,-4.828677
0.619792,0.390625,-4.779581
0.630208,0.390625,-4.736628
0.640625,0.390625,-4.699817
0.651042,0.390625,-4.663007
0.661458,0.390625,-4.626196
0.671875,0.390625,-4.589385
0.682292,0.390625,-4.552575
0.692708,0.390625,-4.515764
0.703125,0.390625,-4.478954
0.713542,0.390625,-4.442143
0.723958,0.390625,-4.405332
0.734375,0.390625,-4.368522
0.744792,0.390625,-4.331711
0.755208,0.390625,-4.295763
0.765625,0.390625,-4.260654
0.776042,0.390625,-4.225545
0.786458,0.390625,-4.190436
0.796875,0.390625,-4.155327
0.807292,0.390625,-4.120218
0.817708,0.390625,-4.085110
0.828125,0.390625,-4.050001
0.838542,0.390625,-4.014892
0.848958,0.390625,-3.979783
0.859375,0.390625,-3.944674
0.869792,0.390625,-3.909565
0.880208,0.390625,-3.874456
0.890625,0.390625,-3.839347
0.901042,0.390625,-3.804238
0.911458,0.390625,-3.769130
0.921875,0.390625,-3.734021
0.932292,0.390625,-3.698912
0.942708,0.390625,-3.663803
0.953125,0.390625,-3.628694
0.963542,0.390625,-3.593585
0.973958,0.390625,-3.558476
0.984375,0.390625,-3.523367
0.994792,0.390625,-3.488259
0.005208,0.401042,-6.652192
0.015625,0.401042,-6.490932
0.026042,0.401042,-6.329673
0.036458,0.401042,-6.140382
0.046875,0.401042,-5.923062
0.057292,0.401042,-5.705741
0.067708,0.401042,-5.523812
0.078125,0.401042,-5.377275
0.088542,0.401042,-5.230739
0.098958,0.401042,-5.084068
0.109375,0.401042,-4.937265
0.119792,0.401042,-4.790461
0.130208,0.401042,-4.729282
0.140625,0.401042,-4.753727
0.151042,0.401042,-4.778173
0.161458,0.401042,-4.802618
0.171875,0.401042,-4.827063
0.182292,0.401042,-4.851509
0.192708,0.401042,-4.850731
0.203125,0.401042,-4.824730
0.213542,0.401042,-4.798729
0.223958,0.401042,-4.772728
0.234375,0.401042,-4.746727
0.244792,0.401042,-4.720726
0.255208,0.401042,-4.726848
0.265625,0.401042,-4.765093
0.276042,0.401042,-4.803338
0.286458,0.401042,-4.841583
0.296875,0.401042,-4.879829
0.307292,0.401042,-4.918074
0.317708,0.401042,-4.956319
0.328125,0.401042,-4.994564
0.338542,0.401042,-5.032809
0.348958,0.401042,-5.071054
0.359375,0.401042,-5.109300
0.369792,0.401042,-5.147545
0.380208,0.401042,-5.145948
0.390625,0.401042,-5.104510
0.401042,0.401042,-5.063072
0.411458,0.401042,-5.021634
0.421875,0.401042,-4.980196
0.432292,0.401042,-4.938758
0.442708,0.401042,-4.897320
0.453125,0.401042,-4.855882
0.463542,0.401042,-4.814444
0.473958,0.401042,-4.773006
0.484375,0.401042,-4.731568
0.494792,0.401042,-4.690130
0.505208,0.401042,-4.699820
0.515625,0.401042,-4.760639
0.526042,0.401042,-4.821457
0.536458,0.401042,-4.882276
0.546875,0.401042,-4.943095
0.557292,0.401042,-5.003913
0.567708,0.401042,-5.011934
0.578125,0.401042,-4.967156
0.588542,0.401042,-4.922378
0.598958,0.401042,-4.877600
0.609375,0.401042,-4.832823
0.619792,0.401042,-4.788045
0.630208,0.401042,-4.747289
0.640625,0.401042,-4.710554
0.651042,0.401042,-4.673819
0.661458,0.401042,-4.637085
0.671875,0.401042,-4.600350
0.682292,0.401042,-4.563616
0.692708,0.401042,-4.526881
0.703125,0.401042,-4.490146
0.713542,0.401042,-4.453412
0.723958,0.401042,-4.416677
0.734375,0.401042,-4.379943
0.744792,0.401042,-4.343208
0.755208,0.401042,-4.307818
0.765625,0.401042,-4.273736
0.776042,0.401042,-4.239654
0.786458,0.401042,-4.205571
0.796875,0.401042,-4.171489
0.807292,0.401042,-4.137406
0.817708,0.401042,-4.103324
0.828125,0.401042,-4.069241
0.838542,0.401042,-4.035159
0.848958,0.401042,-4.001076
0.859375,0.401042,-3.966994
0.869792,0.401042,-3.932911
0.880208,0.401042,-3.898829
0.890625,0.401042,-3.864746
0.901042,0.401042,-3.830664
0.911458,0.401042,-3.796582
0.921875,0.401042,-3.762499
0.932292,0.401042,-3.728417
0.942708,0.401042,-3.694334
0.953125,0.401042,-3.660252
0.963542,0.401042,-3.626169
0.973958,0.401042,-3.592087
0.984375,0.401042,-3.558004
0.994792,0.401042,-3.523922
0.005208,0.411458,-6.638091
0.015625,0.411458,-6.457678
0.026042,0.411458,-6.277266
0.036458,0.411458,-6.076832
0.046875,0.411458,-5.856376
0.057292,0.411458,-5.635920
0.067708,0.411458,-5.455356
0.078125,0.411458,-5.314686
0.088542,0.411458,-5.174015
0.098958,0.411458,-5.033249
0.109375,0.411458,-4.892387
0.119792,0.411458,-4.751525
0.130208,0.411458,-4.695791
0.140625,0.411458,-4.725182
0.151042,0.411458,-4.754574
0.161458,0.411458,-4.783966
0.171875,0.411458,-4.813357
0.182292,0.411458,-4.842749
0.192708,0.411458,-4.846189
0.203125,0.411458,-4.823678
0.213542,0.411458,-4.801166
0.223958,0.411458,-4.778654
0.234375,0.411458,-4.756143
0.244792,0.411458,-4.733631
0.255208,0.411458,-4.738134
0.265625,0.411458,-4.769651
0.276042,0.411458,-4.801168
0.286458,0.411458,-4.832685
0.296875,0.411458,-4.864201
0.307292,0.411458,-4.895718
0.317708,0.411458,-4.928775
0.328125,0.411458,-4.963372
0.338542,0.411458,-4.997969
0.348958,0.411458,-5.032566
0.359375,0.411458,-5.067162
0.369792,0.411458,-5.101759
0.380208,0.411458,-5.105469
0.390625,0.411458,-5.078293
0.401042,0.411458,-5.051116
0.411458,0.411458,-5.023939
0.421875,0.411458,-4.996763
0.432292,0.411458,-4.969586
0.442708,0.411458,-4.942409
0.453125,0.411458,-4.915233
0.463542,0.411458,-4.888056
0.473958,0.411458,-4.860880
0.484375,0.411458,-4.833703
0.494792,0.411458,-4.806526
0.505208,0.411458,-4.811779
0.515625,0.411458,-4.849462
0.526042,0.411458,-4.887145
0.536458,0.411458,-4.924828
0.546875,0.411458,-4.962511
0.557292,0.411458,-5.000194
0.567708,0.411458,-4.998806
0.578125,0.411458,-4.958346
0.588542,0.411458,-4.917887
0.598958,0.411458,-4.877427
0.609375,0.411458,-4.836968
0.619792,0.411458,-4.796508
0.630208,0.411458,-4.757949
0.640625,0.411458,-4.721291
0.651042,0.411458,-4.684632
0.661458,0.411458,-4.647974
0.671875,0.411458,-4.611315
0.682292,0.411458,-4.574656
0.692708,0.411458,-4.537998
0.703125,0.411458,-4.501339
0.713542,0.411458,-4.464681
0.723958,0.411458,-4.428022
0.734375,0.411458,-4.391363
0.744792,0.411458,-4.354705
0.755208,0.411458,-4.319874
0.765625,0.411458,-4.286818
0.776042,0.411458,-4.253762
0.786458,0.411458,-4.220706
0.796875,0.411458,-4.187650
0.807292,0.411458,-4.154594
0.817708,0.411458,-4.121538
0.828125,0.411458,-4.088482
0.838542,0.411458,-4.055426
0.848958,0.411458,-4.022370
0.859375,0.411458,-3.989314
0.869792,0.411458,-3.956258
0.880208,0.411458,-3.923202
0.890625,0.411458,-3.890146
0.901042,0.411458,-3.857090
0.911458,0.411458,-3.824033
0.921875,0.411458,-3.790977
0.932292,0.411458,-3.757921
0.942708,0.411458,-3.724865
0.953125,0.411458,-3.691809
0.963542,0.411458,-3.658753
0.973958,0.411458,-3.625697
0.984375,0.411458,-3.592641
0.994792,0.411458,-3.559585
0.005208,0.421875,-6.623989
0.015625,0.421875,-6.424424
0.026042,0.421875,-6.224859
0.036458,0.421875,-6.013281
0.046875,0.421875,-5.789690
0.057292,0.421875,-5.566099
0.067708,0.421875,-5.386901
0.078125,0.421875,-5.252096
0.088542,0.421875,-5.117291
0.098958,0.421875,-4.982429
0.109375,0.421875,-4.847509
0.119792,0.421875,-4.712590
0.130208,0.421875,-4.662300
0.140625,0.421875,-4.696638
0.151042,0.421875,-4.730976
0.161458,0.421875,-4.765314
0.171875,0.421875,-4.799652
0.182292,0.421875,-4.833990
0.192708,0.421875,-4.841647
0.203125,0.421875,-4.822625
0.213542,0.421875,-4.803603
0.223958,0.421875,-4.784581
0.234375,0.421875,-4.765559
0.244792,0.421875,-4.746536
0.255208,0.421875,-4.748100
0.265625,0.421875,-4.770249
0.276042,0.421875,-4.792398
0.286458,0.421875,-4.814548
0.296875,0.421875,-4.836697
0.307292,0.421875,-4.858846
0.317708,0.421875,-4.885615
0.328125,0.421875,-4.917004
0.338542,0.421875,-4.948393
0.348958,0.421875,-4.979782
0.359375,0.421875,-5.011170
0.369792,0.421875,-5.042559
0.380208,0.421875,-5.055117
0.390625,0.421875,-5.048844
0.401042,0.421875,-5.042571
0.411458,0.421875,-5.036298
0.421875,0.421875,-5.030025
0.432292,0.421875,-5.023752
0.442708,0.421875,-5.017479
0.453125,0.421875,-5.011206
0.463542,0.421875,-5.004933
0.473958,0.421875,-4.998660
0.484375,0.421875,-4.992387
0.494792,0.421875,-4.986114
0.505208,0.421875,-4.984708
0.515625,0.421875,-4.988170
0.526042,0.421875,-4.991632
0.536458,0.421875,-4.995094
0.546875,0.421875,-4.998556
0.557292,0.421875,-5.002017
0.567708,0.421875,-4.985678
0.578125,0.421875,-4.949536
0.588542,0.421875,-4.913395
0.598958,0.421875,-4.877254
0.609375,0.421875,-4.841113
0.619792,0.421875,-4.804972
0.630208,0.421875,-4.768610
0.640625,0.421875,-4.732028
0.651042,0.421875,-4.695445
0.661458,0.421875,-4.658862
0.671875,0.421875,-4.622280
0.682292,0.421875,-4.585697
0.692708,0.421875,-4.549115
0.703125,0.421875,-4.512532
0.713542,0.421875,-4.475949
0.723958,0.421875,-4.439367
0.734375,0.421875,-4.402784
0.744792,0.421875,-4.366202
0.755208,0.421875,-4.331930
0.765625,0.421875,-4.299900
0.776042,0.421875,-4.267871
0.786458,0.421875,-4.235841
0.796875,0.421875,-4.203811
0.807292,0.421875,-4.171782
0.817708,0.421875,-4.139752
0.828125,0.421875,-4.107722
0.838542,0.421875,-4.075693
0.848958,0.421875,-4.043663
0.859375,0.421875,-4.011634
0.869792,0.421875,-3.979604
0.880208,0.421875,-3.947574
0.890625,0.421875,-3.915545
0.901042,0.421875,-3.883515
0.911458,0.421875,-3.851485
0.921875,0.421875,-3.819456
0.932292,0.421875,-3.787426
0.942708,0.421875,-3.755397
0.953125,0.421875,-3.723367
0.963542,0.421875,-3.691337
0.973958,0.421875,-3.659308
0.984375,0.421875,-3.627278
0.994792,0.421875,-3.595248
0.005208,0.432292,-6.609888
0.015625,0.432292,-6.391170
0.026042,0.432292,-6.172453
0.036458,0.432292,-5.949731
0.046875,0.432292,-5.723004
0.057292,0.432292,-5.496278
0.067708,0.432292,-5.318445
0.078125,0.432292,-5.189506
0.088542,0.432292,-5.060567
0.098958,0.432292,-4.931609
0.109375,0.432292,-4.802632
0.119792,0.432292,-4.673655
0.130208,0.432292,-4.628808
0.140625,0.432292,-4.668093
0.151042,0.432292,-4.707377
0.161458,0.432292,-4.746661
0.171875,0.432292,-4.785946
0.182292,0.432292,-4.825230
0.192708,0.432292,-4.837106
0.203125,0.432292,-4.821573
0.213542,0.432292,-4.806040
0.223958,0.432292,-4.790507
0.234375,0.432292,-4.774975
0.244792,0.432292,-4.759442
0.255208,0.432292,-4.758066
0.265625,0.432292,-4.770848
0.276042,0.432292,-4.783629
0.286458,0.432292,-4.796411
0.296875,0.432292,-4.809192
0.307292,0.432292,-4.821974
0.317708,0.432292,-4.842455
0.328125,0.432292,-4.870636
0.338542,0.432292,-4.898817
0.348958,0.432292,-4.926997
0.359375,0.432292,-4.955178
0.369792,0.432292,-4.983359
0.380208,0.432292,-5.004765
0.390625,0.432292,-5.019395
0.401042,0.432292,-5.034026
0.411458,0.432292,-5.048657
0.421875,0.432292,-5.063287
0.432292,0.432292,-5.077918
0.442708,0.432292,-5.092549
0.453125,0.432292,-5.107179
0.463542,0.432292,-5.121810
0.473958,0.432292,-5.136441
0.484375,0.432292,-5.151071
0.494792,0.432292,-5.165702
0.505208,0.432292,-5.157637
0.515625,0.432292,-5.126878
0.526042,0.432292,-5.096119
0.536458,0.432292,-5.065359
0.546875,0.432292,-5.034600
0.557292,0.432292,-5.003841
0.567708,0.432292,-4.972550
0.578125,0.432292,-4.940727
0.588542,0.432292,-4.908904
0.598958,0.432292,-4.877081
0.609375,0.432292,-4.845258
0.619792,0.432292,-4.813436
0.630208,0.432292,-4.779271
0.640625,0.432292,-4.742764
0.651042,0.432292,-4.706258
0.661458,0.432292,-4.669751
0.671875,0.432292,-4.633245
0.682292,0.432292,-4.596738
0.692708,0.432292,-4.560231
0.703125,0.432292,-4.523725
0.713542,0.432292,-4.487218
0.723958,0.432292,-4.450712
0.734375,0.432292,-4.414205
0.744792,0.432292,-4.377698
0.755208,0.432292,-4.343985
0.765625,0.432292,-4.312982
0.776042,0.432292,-4.281979
0.786458,0.432292,-4.250976
0.796875,0.432292,-4.219973
0.807292,0.432292,-4.188969
0.817708,0.432292,-4.157966
0.828125,0.432292,-4.126963
0.838542,0.432292,-4.095960
0.848958,0.432292,-4.064957
0.859375,0.432292,-4.033953
0.869792,0.432292,-4.002950
0.880208,0.432292,-3.971947
0.890625,0.432292,-3.940944
0.901042,0.432292,-3.909941
0.911458,0.432292,-3.878937
0.921875,0.432292,-3.847934
0.932292,0.432292,-3.816931
0.942708,0.432292,-3.785928
0.953125,0.432292,-3.754925
0.963542,0.432292,-3.723921
0.973958,0.432292,-3.692918
0.984375,0.432292,-3.661915
0.994792,0.432292,-3.630912
0.005208,0.442708,-6.439991
0.015625,0.442708,-6.226280
0.026042,0.442708,-6.012569
0.036458,0.442708,-5.798858
0.046875,0.442708,-5.585148
0.057292,0.442708,-5.371437
0.067708,0.442708,-5.209645
0.078125,0.442708,-5.099772
0.088542,0.442708,-4.989900
0.098958,0.442708,-4.880027
0.109375,0.442708,-4.770154
0.119792,0.442708,-4.660282
0.130208,0.442708,-4.624782
0.140625,0.442708,-4.663655
0.151042,0.442708,-4.702529
0.161458,0.442708,-4.741402
0.171875,0.442708,-4.780275
0.182292,0.442708,-4.819149
0.192708,0.442708,-4.832564
0.203125,0.442708,-4.820520
0.213542,0.442708,-4.808477
0.223958,0.442708,-4.796434
0.234375,0.442708,-4.784391
0.244792,0.442708,-4.772347
0.255208,0.442708,-4.768464
0.265625,0.442708,-4.772741
0.276042,0.442708,-4.777018
0.286458,0.442708,-4.781295
0.296875,0.442708,-4.785572
0.307292,0.442708,-4.789848
0.317708,0.442708,-4.804591
0.328125,0.442708,-4.829801
0.338542,0.442708,-4.855010
0.348958,0.442708,-4.880219
0.359375,0.442708,-4.905429
0.369792,0.442708,-4.930638
0.380208,0.442708,-4.955909
0.390625,0.442708,-4.981242
0.401042,0.442708,-5.006575
0.411458,0.442708,-5.031908
0.421875,0.442708,-5.057241
0.432292,0.442708,-5.082574
0.442708,0.442708,-5.107908
0.453125,0.442708,-5.133241
0.463542,0.442708,-5.158574
0.473958,0.442708,-5.183907
0.484375,0.442708,-5.209240
0.494792,0.442708,-5.234573
0.505208,0.442708,-5.224285
0.515625,0.442708,-5.178377
0.526042,0.442708,-5.132469
0.536458,0.442708,-5.086560
0.546875,0.442708,-5.040652
0.557292,0.442708,-4.994743
0.567708,0.442708,-4.957180
0.578125,0.442708,-4.927960
0.588542,0.442708,-4.898741
0.598958,0.442708,-4.869522
0.609375,0.442708,-4.840302
0.619792,0.442708,-4.811083
0.630208,0.442708,-4.778745
0.640625,0.442708,-4.743288
0.651042,0.442708,-4.707831
0.661458,0.442708,-4.672373
0.671875,0.442708,-4.636916
0.682292,0.442708,-4.601459
0.692708,0.442708,-4.566002
0.703125,0.442708,-4.530545
0.713542,0.442708,-4.495088
0.723958,0.442708,-4.459630
0.734375,0.442708,-4.424173
0.744792,0.442708,-4.388716
0.755208,0.442708,-4.356041
0.765625,0.442708,-4.326064
0.776042,0.442708,-4.296088
0.786458,0.442708,-4.266111
0.796875,0.442708,-4.236134
0.807292,0.442708,-4.206157
0.817708,0.442708,-4.176180
0.828125,0.442708,-4.146204
0.838542,0.442708,-4.116227
0.848958,0.442708,-4.086250
0.859375,0.442708,-4.056273
0.869792,0.442708,-4.026296
0.880208,0.442708,-3.996320
0.890625,0.442708,-3.966343
0.901042,0.442708,-3.936366
0.911458,0.442708,-3.906389
0.921875,0.442708,-3.876413
0.932292,0.442708,-3.846436
0.942708,0.442708,-3.816459
0.953125,0.442708,-3.786482
0.963542,0.442708,-3.756505
0.973958,0.442708,-3.726529
0.984375,0.442708,-3.696552
0.994792,0.442708,-3.666575
0.005208,0.453125,-6.114299
0.015625,0.453125,-5.929754
0.026042,0.453125,-5.745210
0.036458,0.453125,-5.560665
0.046875,0.453125,-5.376120
0.057292,0.453125,-5.191575
0.067708,0.453125,-5.060500
0.078125,0.453125,-4.982894
0.088542,0.453125,-4.905288
0.098958,0.453125,-4.827682
0.109375,0.453125,-4.750076
0.119792,0.453125,-4.672470
0.130208,0.453125,-4.650220
0.140625,0.453125,-4.683325
0.151042,0.453125,-4.716431
0.161458,0.453125,-4.749536
0.171875,0.453125,-4.782641
0.182292,0.453125,-4.815746
0.192708,0.453125,-4.828022
0.203125,0.453125,-4.819468
0.213542,0.453125,-4.810914
0.223958,0.453125,-4.802360
0.234375,0.453125,-4.793806
0.244792,0.453125,-4.785253
0.255208,0.453125,-4.779293
0.265625,0.453125,-4.775929
0.276042,0.453125,-4.772564
0.286458,0.453125,-4.769199
0.296875,0.453125,-4.765834
0.307292,0.453125,-4.762470
0.317708,0.453125,-4.772025
0.328125,0.453125,-4.794499
0.338542,0.453125,-4.816973
0.348958,0.453125,-4.839447
0.359375,0.453125,-4.861921
0.369792,0.453125,-4.884396
0.380208,0.453125,-4.908550
0.390625,0.453125,-4.934384
0.401042,0.453125,-4.960219
0.411458,0.453125,-4.986053
0.421875,0.453125,-5.011887
0.432292,0.453125,-5.037722
0.442708,0.453125,-5.063556
0.453125,0.453125,-5.089390
0.463542,0.453125,-5.115225
0.473958,0.453125,-5.141059
0.484375,0.453125,-5.166893
0.494792,0.453125,-5.192728
0.505208,0.453125,-5.184652
0.515625,0.453125,-5.142667
0.526042,0.453125,-5.100682
0.536458,0.453125,-5.058696
0.546875,0.453125,-5.016711
0.557292,0.453125,-4.974726
0.567708,0.453125,-4.939568
0.578125,0.453125,-4.911237
0.588542,0.453125,-4.882906
0.598958,0.453125,-4.854576
0.609375,0.453125,-4.826245
0.619792,0.453125,-4.797915
0.630208,0.453125,-4.767032
0.640625,0.453125,-4.733598
0.651042,0.453125,-4.700164
0.661458,0.453125,-4.666729
0.671875,0.453125,-4.633295
0.682292,0.453125,-4.599861
0.692708,0.453125,-4.566426
0.703125,0.453125,-4.532992
0.713542,0.453125,-4.499558
0.723958,0.453125,-4.466123
0.734375,0.453125,-4.432689
0.744792,0.453125,-4.399255
0.755208,0.453125,-4.368097
0.765625,0.453125,-4.339146
0.776042,0.453125,-4.310196
0.786458,0.453125,-4.281246
0.796875,0.453125,-4.252295
0.807292,0.453125,-4.223345
0.817708,0.453125,-4.194395
0.828125,0.453125,-4.165444
0.838542,0.453125,-4.136494
0.848958,0.453125,-4.107543
0.859375,0.453125,-4.078593
0.869792,0.453125,-4.049643
0.880208,0.453125,-4.020692
0.890625,0.453125,-3.991742
0.901042,0.453125,-3.962792
0.911458,0.453125,-3.933841
0.921875,0.453125,-3.904891
0.932292,0.453125,-3.875941
0.942708,0.453125,-3.846990
0.953125,0.453125,-3.818040
0.963542,0.453125,-3.789089
0.973958,0.453125,-3.760139
0.984375,0.453125,-3.731189
0.994792,0.453125,-3.702238
0.005208,0.463542,-5.788607
0.015625,0.463542,-5.633229
0.026042,0.463542,-5.477850
0.036458,0.463542,-5.322471
0.046875,0.463542,-5.167093
0.057292,0.463542,-5.011714
0.067708,0.463542,-4.911355
0.078125,0.463542,-4.866016
0.088542,0.463542,-4.820677
0.098958,0.463542,-4.775338
0.109375,0.463542,-4.729998
0.119792,0.463542,-4.684659
0.130208,0.463542,-4.675658
0.140625,0.463542,-4.702995
0.151042,0.463542,-4.730332
0.161458,0.463542,-4.757670
0.171875,0.463542,-4.785007
0.182292,0.463542,-4.812344
0.192708,0.463542,-4.823480
0.203125,0.463542,-4.818416
0.213542,0.463542,-4.813351
0.223958,0.463542,-4.808287
0.234375,0.463542,-4.803222
0.244792,0.463542,-4.798158
0.255208,0.463542,-4.790123
0.265625,0.463542,-4.779116
0.276042,0.463542,-4.768110
0.286458,0.463542,-4.757104
0.296875,0.463542,-4.746097
0.307292,0.463542,-4.735091
0.317708,0.463542,-4.739458
0.328125,0.463542,-4.759197
0.338542,0.463542,-4.778936
0.348958,0.463542,-4.798675
0.359375,0.463542,-4.818414
0.369792,0.463542,-4.838153
0.380208,0.463542,-4.861191
0.390625,0.463542,-4.887526
0.401042,0.463542,-4.913862
0.411458,0.463542,-4.940198
0.421875,0.463542,-4.966533
0.432292,0.463542,-4.992869
0.442708,0.463542,-5.019204
0.453125,0.463542,-5.045540
0.463542,0.463542,-5.071875
0.473958,0.463542,-5.098211
0.484375,0.463542,-5.124547
0.494792,0.463542,-5.150882
0.505208,0.463542,-5.145019
0.515625,0.463542,-5.106957
0.526042,0.463542,-5.068894
0.536458,0.463542,-5.030832
0.546875,0.463542,-4.992770
0.557292,0.463542,-4.954708
0.567708,0.463542,-4.921956
0.578125,0.463542,-4.894514
0.588542,0.463542,-4.867072
0.598958,0.463542,-4.839630
0.609375,0.463542,-4.812188
0.619792,0.463542,-4.784746
0.630208,0.463542,-4.755319
0.640625,0.463542,-4.723908
0.651042,0.463542,-4.692497
0.661458,0.463542,-4.661085
0.671875,0.463542,-4.629674
0.682292,0.463542,-4.598262
0.692708,0.463542,-4.566851
0.703125,0.463542,-4.535439
0.713542,0.463542,-4.504028
0.723958,0.463542,-4.472616
0.734375,0.463542,-4.441205
0.744792,0.463542,-4.409793
0.755208,0.463542,-4.380152
0.765625,0.463542,-4.352228
0.776042,0.463542,-4.324304
0.786458,0.463542,-4.296381
0.796875,0.463542,-4.268457
0.807292,0.463542,-4.240533
0.817708,0.463542,-4.212609
0.828125,0.463542,-4.184685
0.838542,0.463542,-4.156761
0.848958,0.463542,-4.128837
0.859375,0.463542,-4.100913
0.869792,0.463542,-4.072989
0.880208,0.463542,-4.045065
0.890625,0.463542,-4.017141
0.901042,0.463542,-3.989217
0.911458,0.463542,-3.961293
0.921875,0.463542,-3.933369
0.932292,0.463542,-3.905445
0.942708,0.463542,-3.877521
0.953125,0.463542,-3.849597
0.963542,0.463542,-3.821673
0.973958,0.463542,-3.793750
0.984375,0.463542,-3.765826
0.994792,0.463542,-3.737902
0.005208,0.473958,-5.462915
0.015625,0.473958,-5.336703
0.026042,0.473958,-5.210490
0.036458,0.473958,-5.084278
0.046875,0.473958,-4.958065
0.057292,0.473958,-4.831853
0.067708,0.473958,-4.762210
0.078125,0.473958,-4.749138
0.088542,0.473958,-4.736065
0.098958,0.473958,-4.722993
0.109375,0.473958,-4.709921
0.119792,0.473958,-4.696848
0.130208,0.473958,-4.701096
0.140625,0.473958,-4.722665
0.151042,0.473958,-4.744234
0.161458,0.473958,-4.765803
0.171875,0.473958,-4.787372
0.182292,0.473958,-4.808941
0.192708,0.473958,-4.818938
0.203125,0.473958,-4.817363
0.213542,0.473958,-4.815788
0.223958,0.473958,-4.814213
0.234375,0.473958,-4.812638
0.244792,0.473958,-4.811063
0.255208,0.473958,-4.800952
0.265625,0.473958,-4.782304
0.276042,0.473958,-4.763656
0.286458,0.473958,-4.745008
0.296875,0.473958,-4.726360
0.307292,0.473958,-4.707712
0.317708,0.473958,-4.706891
0.328125,0.473958,-4.723895
0.338542,0.473958,-4.740899
0.348958,0.473958,-4.757903
0.359375,0.473958,-4.774907
0.369792,0.473958,-4.791911
0.380208,0.473958,-4.813832
0.390625,0.473958,-4.840669
0.401042,0.473958,-4.867505
0.411458,0.473958,-4.894342
0.421875,0.473958,-4.921179
0.432292,0.473958,-4.948016
0.442708,0.473958,-4.974853
0.453125,0.473958,-5.001689
0.463542,0.473958,-5.028526
0.473958,0.473958,-5.055363
0.484375,0.473958,-5.082200
0.494792,0.473958,-5.109037
0.505208,0.473958,-5.105386
0.515625,0.473958,-5.071246
0.526042,0.473958,-5.037107
0.536458,0.473958,-5.002968
0.546875,0.473958,-4.968829
0.557292,0.473958,-4.934690
0.567708,0.473958,-4.904344
0.578125,0.473958,-4.877790
0.588542,0.473958,-4.851237
0.598958,0.473958,-4.824684
0.609375,0.473958,-4.798131
0.619792,0.473958,-4.771578
0.630208,0.473958,-4.743607
0.640625,0.473958,-4.714218
0.651042,0.473958,-4.684829
0.661458,0.473958,-4.655441
0.671875,0.473958,-4.626052
0.682292,0.473958,-4.596664
0.692708,0.473958,-4.567275
0.703125,0.473958,-4.537886
0.713542,0.473958,-4.508498
0.723958,0.473958,-4.479109
0.734375,0.473958,-4.449721
0.744792,0.473958,-4.420332
0.755208,0.473958,-4.392208
0.765625,0.473958,-4.365311
0.776042,0.473958,-4.338413
0.786458,0.473958,-4.311515
0.796875,0.473958,-4.284618
0.807292,0.473958,-4.257720
0.817708,0.473958,-4.230823
0.828125,0.473958,-4.203925
0.838542,0.473958,-4.177028
0.848958,0.473958,-4.150130
0.859375,0.473958,-4.123233
0.869792,0.473958,-4.096335
0.880208,0.473958,-4.069438
0.890625,0.473958,-4.042540
0.901042,0.473958,-4.015643
0.911458,0.473958,-3.988745
0.921875,0.473958,-3.961848
0.932292,0.473958,-3.934950
0.942708,0.473958,-3.908053
0.953125,0.473958,-3.881155
0.963542,0.473958,-3.854258
0.973958,0.473958,-3.827360
0.984375,0.473958,-3.800462
0.994792,0.473958,-3.773565
0.005208,0.484375,-5.137223
0.015625,0.484375,-5.040177
0.026042,0.484375,-4.943131
0.036458,0.484375,-4.846084
0.046875,0.484375,-4.749038
0.057292,0.484375,-4.651991
0.067708,0.484375,-4.613065
0.078125,0.484375,-4.632260
0.088542,0.484375,-4.651454
0.098958,0.484375,-4.670648
0.109375,0.484375,-4.689843
0.119792,0.484375,-4.709037
0.130208,0.484375,-4.726535
0.140625,0.484375,-4.742335
0.151042,0.484375,-4.758136
0.161458,0.484375,-4.773937
0.171875,0.484375,-4.789738
0.182292,0.484375,-4.805539
0.192708,0.484375,-4.814396
0.203125,0.484375,-4.816311
0.213542,0.484375,-4.818225
0.223958,0.484375,-4.820140
0.234375,0.484375,-4.822054
0.244792,0.484375,-4.823969
0.255208,0.484375,-4.811781
0.265625,0.484375,-4.785492
0.276042,0.484375,-4.759202
0.286458,0.484375,-4.732913
0.296875,0.484375,-4.706623
0.307292,0.484375,-4.680334
0.317708,0.484375,-4.674324
0.328125,0.484375,-4.688593
0.338542,0.484375,-4.702862
0.348958,0.484375,-4.717131
0.359375,0.484375,-4.731400
0.369792,0.484375,-4.745669
0.380208,0.484375,-4.766473
0.390625,0.484375,-4.793811
0.401042,0.484375,-4.821149
0.411458,0.484375,-4.848487
0.421875,0.484375,-4.875825
0.432292,0.484375,-4.903163
0.442708,0.484375,-4.930501
0.453125,0.484375,-4.957839
0.463542,0.484375,-4.985177
0.473958,0.484375,-5.012515
0.484375,0.484375,-5.039853
0.494792,0.484375,-5.067191
0.505208,0.484375,-5.065752
0.515625,0.484375,-5.035536
0.526042,0.484375,-5.005320
0.536458,0.484375,-4.975104
0.546875,0.484375,-4.944888
0.557292,0.484375,-4.914672
0.567708,0.484375,-4.886732
0.578125,0.484375,-4.861067
0.588542,0.484375,-4.835403
0.598958,0.484375,-4.809738
0.609375,0.484375,-4.784074
0.619792,0.484375,-4.758409
0.630208,0.484375,-4.731894
0.640625,0.484375,-4.704528
0.651042,0.484375,-4.677162
0.661458,0.484375,-4.649797
0.671875,0.484375,-4.622431
0.682292,0.484375,-4.595065
0.692708,0.484375,-4.567699
0.703125,0.484375,-4.540334
0.713542,0.484375,-4.512968
0.723958,0.484375,-4.485602
0.734375,0.484375,-4.458236
0.744792,0.484375,-4.430871
0.755208,0.484375,-4.404264
0.765625,0.484375,-4.378393
0.776042,0.484375,-4.352521
0.786458,0.484375,-4.326650
0.796875,0.484375,-4.300779
0.807292,0.484375,-4.274908
0.817708,0.484375,-4.249037
0.828125,0.484375,-4.223166
0.838542,0.484375,-4.197295
0.848958,0.484375,-4.171424
0.859375,0.484375,-4.145553
0.869792,0.484375,-4.119682
0.880208,0.484375,-4.093810
0.890625,0.484375,-4.067939
0.901042,0.484375,-4.042068
0.911458,0.484375,-4.016197
0.921875,0.484375,-3.990326
0.932292,0.484375,-3.964455
0.942708,0.484375,-3.938584
0.953125,0.484375,-3.912713
0.963542,0.484375,-3.886842
0.973958,0.484375,-3.860970
0.984375,0.484375,-3.835099
0.994792,0.484375,-3.809228
0.005208,0.494792,-4.811531
0.015625,0.494792,-4.743651
0.026042,0.494792,-4.675771
0.036458,0.494792,-4.607891
0.046875,0.494792,-4.540010
0.057292,0.494792,-4.472130
0.067708,0.494792,-4.463921
0.078125,0.494792,-4.515382
0.088542,0.494792,-4.566843
0.098958,0.494792,-4.618304
0.109375,0.494792,-4.669765
0.119792,0.494792,-4.721226
0.130208,0.494792,-4.751973
0.140625,0.494792,-4.762005
0.151042,0.494792,-4.772038
0.161458,0.494792,-4.782071
0.171875,0.494792,-4.792103
0.182292,0.494792,-4.802136
0.192708,0.494792,-4.809854
0.203125,0.494792,-4.815258
0.213542,0.494792,-4.820662
0.223958,0.494792,-4.826066
0.234375,0.494792,-4.831470
0.244792,0.494792,-4.836874
0.255208,0.494792,-4.822610
0.265625,0.494792,-4.788679
0.276042,0.494792,-4.754748
0.286458,0.494792,-4.720817
0.296875,0.494792,-4.686886
0.307292,0.494792,-4.652955
0.317708,0.494792,-4.641757
0.328125,0.494792,-4.653291
0.338542,0.494792,-4.664825
0.348958,0.494792,-4.676359
0.359375,0.494792,-4.687893
0.369792,0.494792,-4.699427
0.380208,0.494792,-4.719113
0.390625,0.494792,-4.746953
0.401042,0.494792,-4.774792
0.411458,0.494792,-4.802631
0.421875,0.494792,-4.830471
0.432292,0.494792,-4.858310
0.442708,0.494792,-4.886149
0.453125,0.494792,-4.913989
0.463542,0.494792,-4.941828
0.473958,0.494792,-4.969667
0.484375,0.494792,-4.997507
0.494792,0.494792,-5.025346
0.505208,0.494792,-5.026119
0.515625,0.494792,-4.999826
0.526042,0.494792,-4.973533
0.536458,0.494792,-4.947240
0.546875,0.494792,-4.920947
0.557292,0.494792,-4.894654
0.567708,0.494792,-4.869120
0.578125,0.494792,-4.844344
0.588542,0.494792,-4.819568
0.598958,0.494792,-4.794792
0.609375,0.494792,-4.770016
0.619792,0.494792,-4.745241
0.630208,0.494792,-4.720181
0.640625,0.494792,-4.694838
0.651042,0.494792,-4.669495
0.661458,0.494792,-4.644152
0.671875,0.494792,-4.618810
0.682292,0.494792,-4.593467
0.692708,0.494792,-4.568124
0.703125,0.494792,-4.542781
0.713542,0.494792,-4.517438
0.723958,0.494792,-4.492095
0.734375,0.494792,-4.466752
0.744792,0.494792,-4.441409
0.755208,0.494792,-4.416319
0.765625,0.494792,-4.391475
0.776042,0.494792,-4.366630
0.786458,0.494792,-4.341785
0.796875,0.494792,-4.316941
0.807292,0.494792,-4.292096
0.817708,0.494792,-4.267251
0.828125,0.494792,-4.242407
0.838542,0.494792,-4.217562
0.848958,0.494792,-4.192717
0.859375,0.494792,-4.167872
0.869792,0.494792,-4.143028
0.880208,0.494792,-4.118183
0.890625,0.494792,-4.093338
0.901042,0.494792,-4.068494
0.911458,0.494792,-4.043649
0.921875,0.494792,-4.018804
0.932292,0.494792,-3.993960
0.942708,0.494792,-3.969115
0.953125,0.494792,-3.944270
0.963542,0.494792,-3.919426
0.973958,0.494792,-3.894581
0.984375,0.494792,-3.869736
0.994792,0.494792,-3.844892
0.005208,0.505208,-6.894618
0.015625,0.505208,-6.472741
0.026042,0.505208,-6.050863
0.036458,0.505208,-5.628986
0.046875,0.505208,-5.207108
0.057292,0.505208,-4.785230
0.067708,0.505208,-4.580547
0.078125,0.505208,-4.593058
0.088542,0.505208,-4.605569
0.098958,0.505208,-4.618080
0.109375,0.505208,-4.630592
0.119792,0.505208,-4.643103
0.130208,0.505208,-4.661737
0.140625,0.505208,-4.686496
0.151042,0.505208,-4.711254
0.161458,0.505208,-4.736013
0.171875,0.505208,-4.760771
0.182292,0.505208,-4.785529
0.192708,0.505208,-4.810288
0.203125,0.505208,-4.835046
0.213542,0.505208,-4.859804
0.223958,0.505208,-4.884563
0.234375,0.505208,-4.909321
0.244792,0.505208,-4.934080
0.255208,0.505208,-4.930735
0.265625,0.505208,-4.899288
0.276042,0.505208,-4.867840
0.286458,0.505208,-4.836393
0.296875,0.505208,-4.804945
0.307292,0.505208,-4.773498
0.317708,0.505208,-4.758023
0.328125,0.505208,-4.758521
0.338542,0.505208,-4.759019
0.348958,0.505208,-4.759517
0.359375,0.505208,-4.760015
0.369792,0.505208,-4.760513
0.380208,0.505208,-4.766986
0.390625,0.505208,-4.779433
0.401042,0.505208,-4.791880
0.411458,0.505208,-4.804327
0.421875,0.505208,-4.816774
0.432292,0.505208,-4.829221
0.442708,0.505208,-4.841668
0.453125,0.505208,-4.854115
0.463542,0.505208,-4.866562
0.473958,0.505208,-4.879009
0.484375,0.505208,-4.891456
0.494792,0.505208,-4.903903
0.505208,0.505208,-4.898876
0.515625,0.505208,-4.876376
0.526042,0.505208,-4.853875
0.536458,0.505208,-4.831375
0.546875,0.505208,-4.808874
0.557292,0.505208,-4.786373
0.567708,0.505208,-4.763873
0.578125,0.505208,-4.741372
0.588542,0.505208,-4.718872
0.598958,0.505208,-4.696371
0.609375,0.505208,-4.673871
0.619792,0.505208,-4.651370
0.630208,0.505208,-4.628869
0.640625,0.505208,-4.606369
0.651042,0.505208,-4.583868
0.661458,0.505208,-4.561368
0.671875,0.505208,-4.538867
0.682292,0.505208,-4.516367
0.692708,0.505208,-4.493866
0.703125,0.505208,-4.471365
0.713542,0.505208,-4.448865
0.723958,0.505208,-4.426364
0.734375,0.505208,-4.403864
0.744792,0.505208,-4.381363
0.755208,0.505208,-4.358863
0.765625,0.505208,-4.336362
0.776042,0.505208,-4.313861
0.786458,0.505208,-4.291361
0.796875,0.505208,-4.268860
0.807292,0.505208,-4.246360
0.817708,0.505208,-4.223859
0.828125,0.505208,-4.201358
0.838542,0.505208,-4.178858
0.848958,0.505208,-4.156357
0.859375,0.505208,-4.133857
0.869792,0.505208,-4.111356
0.880208,0.505208,-4.088856
0.890625,0.505208,-4.066355
0.901042,0.505208,-4.043854
0.911458,0.505208,-4.021354
0.921875,0.505208,-3.998853
0.932292,0.505208,-3.976353
0.942708,0.505208,-3.953852
0.953125,0.505208,-3.931352
0.963542,0.505208,-3.908851
0.973958,0.505208,-3.886350
0.984375,0.505208,-3.863850
0.994792,0.505208,-3.841349
0.005208,0.515625,-5.548877
0.015625,0.515625,-5.451222
0.026042,0.515625,-5.353566
0.036458,0.515625,-5.255911
0.046875,0.515625,-5.158256
0.057292,0.515625,-5.060600
0.067708,0.515625,-4.962945
0.078125,0.515625,-4.865289
0.088542,0.515625,-4.767634
0.098958,0.515625,-4.669979
0.109375,0.515625,-4.572323
0.119792,0.515625,-4.474668
0.130208,0.515625,-4.455829
0.140625,0.515625,-4.515807
0.151042,0.515625,-4.575785
0.161458,0.515625,-4.635763
0.171875,0.515625,-4.695740
0.182292,0.515625,-4.755718
0.192708,0.515625,-4.815696
0.203125,0.515625,-4.875674
0.213542,0.515625,-4.935652
0.223958,0.515625,-4.995630
0.234375,0.515625,-5.055607
0.244792,0.515625,-5.115585
0.255208,0.515625,-5.136155
0.265625,0.515625,-5.117316
0.276042,0.515625,-5.098477
0.286458,0.515625,-5.079638
0.296875,0.515625,-5.060800
0.307292,0.515625,-5.041961
0.317708,0.515625,-5.023122
0.328125,0.515625,-5.004283
0.338542,0.515625,-4.985445
0.348958,0.515625,-4.966606
0.359375,0.515625,-4.947767
0.369792,0.515625,-4.928928
0.380208,0.515625,-4.910089
0.390625,0.515625,-4.891251
0.401042,0.515625,-4.872412
0.411458,0.515625,-4.853573
0.421875,0.515625,-4.834734
0.432292,0.515625,-4.815896
0.442708,0.515625,-4.797057
0.453125,0.515625,-4.778218
0.463542,0.515625,-4.759379
0.473958,0.515625,-4.740540
0.484375,0.515625,-4.721702
0.494792,0.515625,-4.702863
0.505208,0.515625,-4.684024
0.515625,0.515625,-4.665185
0.526042,0.515625,-4.646346
0.536458,0.515625,-4.627508
0.546875,0.515625,-4.608669
0.557292,0.515625,-4.589830
0.567708,0.515625,-4.570991
0.578125,0.515625,-4.552153
0.588542,0.515625,-4.533314
0.598958,0.515625,-4.514475
0.609375,0.515625,-4.495636
0.619792,0.515625,-4.476797
0.630208,0.515625,-4.457959
0.640625,0.515625,-4.439120
0.651042,0.515625,-4.420281
0.661458,0.515625,-4.401442
0.671875,0.515625,-4.382604
0.682292,0.515625,-4.363765
0.692708,0.515625,-4.344926
0.703125,0.515625,-4.326087
0.713542,0.515625,-4.307248
0.723958,0.515625,-4.288410
0.734375,0.515625,-4.269571
0.744792,0.515625,-4.250732
0.755208,0.515625,-4.231893
0.765625,0.515625,-4.213054
0.776042,0.515625,-4.194216
0.786458,0.515625,-4.175377
0.796875,0.515625,-4.156538
0.807292,0.515625,-4.137699
0.817708,0.515625,-4.118861
0.828125,0.515625,-4.100022
0.838542,0.515625,-4.081183
0.848958,0.515625,-4.062344
0.859375,0.515625,-4.043505
0.869792,0.515625,-4.024667
0.880208,0.515625,-4.005828
0.890625,0.515625,-3.986989
0.901042,0.515625,-3.968150
0.911458,0.515625,-3.949311
0.921875,0.515625,-3.930473
0.932292,0.515625,-3.911634
0.942708,0.515625,-3.892795
0.953125,0.515625,-3.873956
0.963542,0.515625,-3.855118
0.973958,0.515625,-3.836279
0.984375,0.515625,-3.817440
0.994792,0.515625,-3.798601
0.005208,0.526042,-6.293932
0.015625,0.526042,-5.913157
0.026042,0.526042,-5.532381
0.036458,0.526042,-5.151606
0.046875,0.526042,-4.770830
0.057292,0.526042,-4.390054
0.067708,0.526042,-4.228697
0.078125,0.526042,-4.286757
0.088542,0.526042,-4.344818
0.098958,0.526042,-4.402878
0.109375,0.526042,-4.460939
0.119792,0.526042,-4.518999
0.130208,0.526042,-4.585674
0.140625,0.526042,-4.660964
0.151042,0.526042,-4.736254
0.161458,0.526042,-4.811544
0.171875,0.526042,-4.886834
0.182292,0.526042,-4.962124
0.192708,0.526042,-5.037414
0.203125,0.526042,-5.112704
0.213542,0.526042,-5.187993
0.223958,0.526042,-5.263283
0.234375,0.526042,-5.338573
0.244792,0.526042,-5.413863
0.255208,0.526042,-5.444176
0.265625,0.526042,-5.429513
0.276042,0.526042,-5.414849
0.286458,0.526042,-5.400186
0.296875,0.526042,-5.385522
0.307292,0.526042,-5.370858
0.317708,0.526042,-5.356195
0.328125,0.526042,-5.341531
0.338542,0.526042,-5.326868
0.348958,0.526042,-5.312204
0.359375,0.526042,-5.297540
0.369792,0.526042,-5.282877
0.380208,0.526042,-5.268213
0.390625,0.526042,-5.253550
0.401042,0.526042,-5.238886
0.411458,0.526042,-5.224222
0.421875,0.526042,-5.209559
0.432292,0.526042,-5.194895
0.442708,0.526042,-5.180232
0.453125,0.526042,-5.165568
0.463542,0.526042,-5.150904
0.473958,0.526042,-5.136241
0.484375,0.526042,-5.121577
0.494792,0.526042,-5.106914
0.505208,0.526042,-5.092250
0.515625,0.526042,-5.077586
0.526042,0.526042,-5.062923
0.536458,0.526042,-5.048259
0.546875,0.526042,-5.033596
0.557292,0.526042,-5.018932
0.567708,0.526042,-5.004269
0.578125,0.526042,-4.989605
0.588542,0.526042,-4.974941
0.598958,0.526042,-4.960278
0.609375,0.526042,-4.945614
0.619792,0.526042,-4.930951
0.630208,0.526042,-4.916287
0.640625,0.526042,-4.901623
0.651042,0.526042,-4.886960
0.661458,0.526042,-4.872296
0.671875,0.526042,-4.857633
0.682292,0.526042,-4.842969
0.692708,0.526042,-4.828305
0.703125,0.526042,-4.813642
0.713542,0.526042,-4.798978
0.723958,0.526042,-4.784315
0.734375,0.526042,-4.769651
0.744792,0.526042,-4.754987
0.755208,0.526042,-4.740324
0.765625,0.526042,-4.725660
0.776042,0.526042,-4.710997
0.786458,0.526042,-4.696333
0.796875,0.526042,-4.681669
0.807292,0.526042,-4.667006
0.817708,0.526042,-4.652342
0.828125,0.526042,-4.637679
0.838542,0.526042,-4.623015
0.848958,0.526042,-4.608351
0.859375,0.526042,-4.593688
0.869792,0.526042,-4.579024
0.880208,0.526042,-4.564361
0.890625,0.526042,-4.549697
0.901042,0.526042,-4.535034
0.911458,0.526042,-4.520370
0.921875,0.526042,-4.505706
0.932292,0.526042,-4.491043
0.942708,0.526042,-4.476379
0.953125,0.526042,-4.461716
0.963542,0.526042,-4.447052
0.973958,0.526042,-4.432388
0.984375,0.526042,-4.417725
0.994792,0.526042,-4.403061
0.005208,0.536458,-6.115466
0.015625,0.536458,-5.861707
0.026042,0.536458,-5.607948
0.036458,0.536458,-5.354189
0.046875,0.536458,-5.100431
0.057292,0.536458,-4.846672
0.067708,0.536458,-4.722023
0.078125,0.536458,-4.726484
0.088542,0.536458,-4.730946
0.098958,0.536458,-4.735407
0.109375,0.536458,-4.739868
0.119792,0.536458,-4.744329
0.130208,0.536458,-4.761875
0.140625,0.536458,-4.792506
0.151042,0.536458,-4.823137
0.161458,0.536458,-4.853768
0.171875,0.536458,-4.884399
0.182292,0.536458,-4.915029
0.192708,0.536458,-4.945660
0.203125,0.536458,-4.976291
0.213542,0.536458,-5.006922
0.223958,0.536458,-5.037553
0.234375,0.536458,-5.068183
0.244792,0.536458,-5.098814
0.255208,0.536458,-5.115815
0.265625,0.536458,-5.119185
0.276042,0.536458,-5.122555
0.286458,0.536458,-5.125926
0.296875,0.536458,-5.129296
0.307292,0.536458,-5.132666
0.317708,0.536458,-5.136036
0.328125,0.536458,-5.139407
0.338542,0.536458,-5.142777
0.348958,0.536458,-5.146147
0.359375,0.536458,-5.149518
0.369792,0.536458,-5.152888
0.380208,0.536458,-5.156258
0.390625,0.536458,-5.159628
0.401042,0.536458,-5.162999
0.411458,0.536458,-5.166369
0.421875,0.536458,-5.169739
0.432292,0.536458,-5.173109
0.442708,0.536458,-5.176480
0.453125,0.536458,-5.179850
0.463542,0.536458,-5.183220
0.473958,0.536458,-5.186591
0.484375,0.536458,-5.189961
0.494792,0.536458,-5.193331
0.505208,0.536458,-5.184998
0.515625,0.536458,-5.164961
0.526042,0.536458,-5.144925
0.536458,0.536458,-5.124889
0.546875,0.536458,-5.104852
0.557292,0.536458,-5.084816
0.567708,0.536458,-5.064779
0.578125,0.536458,-5.044743
0.588542,0.536458,-5.024706
0.598958,0.536458,-5.004670
0.609375,0.536458,-4.984633
0.619792,0.536458,-4.964597
0.630208,0.536458,-4.944560
0.640625,0.536458,-4.924524
0.651042,0.536458,-4.904487
0.661458,0.536458,-4.884451
0.671875,0.536458,-4.864415
0.682292,0.536458,-4.844378
0.692708,0.536458,-4.824342
0.703125,0.536458,-4.804305
0.713542,0.536458,-4.784269
0.723958,0.536458,-4.764232
0.734375,0.536458,-4.744196
0.744792,0.536458,-4.724159
0.755208,0.536458,-4.704123
0.765625,0.536458,-4.684086
0.776042,0.536458,-4.664050
0.786458,0.536458,-4.644013
0.796875,0.536458,-4.623977
0.807292,0.536458,-4.603941
0.817708,0.536458,-4.583904
0.828125,0.536458,-4.563868
0.838542,0.536458,-4.543831
0.848958,0.536458,-4.523795
0.859375,0.536458,-4.503758
0.869792,0.536458,-4.483722
0.880208,0.536458,-4.463685
0.890625,0.536458,-4.443649
0.901042,0.536458,-4.423612
0.911458,0.536458,-4.403576
0.921875,0.536458,-4.383539
0.932292,0.536458,-4.363503
0.942708,0.536458,-4.343467
0.953125,0.536458,-4.323430
0.963542,0.536458,-4.303394
0.973958,0.536458,-4.283357
0.984375,0.536458,-4.263321
0.994792,0.536458,-4.243284
0.005208,0.546875,-6.381908
0.015625,0.546875,-6.279925
0.026042,0.546875,-6.177942
0.036458,0.546875,-6.075959
0.046875,0.546875,-5.973976
0.057292,0.546875,-5.871993
0.067708,0.546875,-5.770010
0.078125,0.546875,-5.668027
0.088542,0.546875,-5.566044
0.098958,0.546875,-5.464061
0.109375,0.546875,-5.362078
0.119792,0.546875,-5.260095
0.130208,0.546875,-5.158112
0.140625,0.546875,-5.056129
0.151042,0.546875,-4.954146
0.161458,0.546875,-4.852163
0.171875,0.546875,-4.750179
0.182292,0.546875,-4.648196
0.192708,0.546875,-4.546213
0.203125,0.546875,-4.444230
0.213542,0.546875,-4.342247
0.223958,0.546875,-4.240264
0.234375,0.546875,-4.138281
0.244792,0.546875,-4.036298
0.255208,0.546875,-4.009884
0.265625,0.546875,-4.059039
0.276042,0.546875,-4.108194
0.286458,0.546875,-4.157348
0.296875,0.546875,-4.206503
0.307292,0.546875,-4.255658
0.317708,0.546875,-4.304812
0.328125,0.546875,-4.353967
0.338542,0.546875,-4.403122
0.348958,0.546875,-4.452276
0.359375,0.546875,-4.501431
0.369792,0.546875,-4.550586
0.380208,0.546875,-4.599741
0.390625,0.546875,-4.648895
0.401042,0.546875,-4.698050
0.411458,0.546875,-4.747205
0.421875,0.546875,-4.796359
0.432292,0.546875,-4.845514
0.442708,0.546875,-4.894669
0.453125,0.546875,-4.943823
0.463542,0.546875,-4.992978
0.473958,0.546875,-5.042133
0.484375,0.546875,-5.091288
0.494792,0.546875,-5.140442
0.505208,0.546875,-5.154487
0.515625,0.546875,-5.133421
0.526042,0.546875,-5.112356
0.536458,0.546875,-5.091290
0.546875,0.546875,-5.070225
0.557292,0.546875,-5.049159
0.567708,0.546875,-5.028094
0.578125,0.546875,-5.007028
0.588542,0.546875,-4.985963
0.598958,0.546875,-4.964897
0.609375,0.546875,-4.943832
0.619792,0.546875,-4.922767
0.630208,0.546875,-4.901701
0.640625,0.546875,-4.880636
0.651042,0.546875,-4.859570
0.661458,0.546875,-4.838505
0.671875,0.546875,-4.817439
0.682292,0.546875,-4.796374
0.692708,0.546875,-4.775308
0.703125,0.546875,-4.754243
0.713542,0.546875,-4.733177
0.723958,0.546875,-4.712112
0.734375,0.546875,-4.691046
0.744792,0.546875,-4.669981
0.755208,0.546875,-4.648915
0.765625,0.546875,-4.627850
0.776042,0.546875,-4.606784
0.786458,0.546875,-4.585719
0.796875,0.546875,-4.564653
0.807292,0.546875,-4.543588
0.817708,0.546875,-4.522522
0.828125,0.546875,-4.501457
0.838542,0.546875,-4.480391
0.848958,0.546875,-4.459326
0.859375,0.546875,-4.438260
0.869792,0.546875,-4.417195
0.880208,0.546875,-4.396129
0.890625,0.546875,-4.375064
0.901042,0.546875,-4.353998
0.911458,0.546875,-4.332933
0.921875,0.546875,-4.311867
0.932292,0.546875,-4.290802
0.942708,0.546875,-4.269736
0.953125,0.546875,-4.248671
0.963542,0.546875,-4.227605
0.973958,0.546875,-4.206540
0.984375,0.546875,-4.185474
0.994792,0.546875,-4.164409
0.005208,0.557292,-6.241859
0.015625,0.557292,-6.163299
0.026042,0.557292,-6.084740
0.036458,0.557292,-6.006180
0.046875,0.557292,-5.927620
0.057292,0.557292,-5.849061
0.067708,0.557292,-5.770501
0.078125,0.557292,-5.691942
0.088542,0.557292,-5.613382
0.098958,0.557292,-5.534822
0.109375,0.557292,-5.456263
0.119792,0.557292,-5.377703
0.130208,0.557292,-5.299144
0.140625,0.557292,-5.220584
0.151042,0.557292,-5.142024
0.161458,0.557292,-5.063465
0.171875,0.557292,-4.984905
0.182292,0.557292,-4.906346
0.192708,0.557292,-4.827786
0.203125,0.557292,-4.749226
0.213542,0.557292,-4.670667
0.223958,0.557292,-4.592107
0.234375,0.557292,-4.513548
0.244792,0.557292,-4.434988
0.255208,0.557292,-4.411111
0.265625,0.557292,-4.441915
0.276042,0.557292,-4.472720
0.286458,0.557292,-4.503525
0.296875,0.557292,-4.534330
0.307292,0.557292,-4.565135
0.317708,0.557292,-4.595939
0.328125,0.557292,-4.626744
0.338542,0.557292,-4.657549
0.348958,0.557292,-4.688354
0.359375,0.557292,-4.719158
0.369792,0.557292,-4.749963
0.380208,0.557292,-4.780768
0.390625,0.557292,-4.811573
0.401042,0.557292,-4.842378
0.411458,0.557292,-4.873182
0.421875,0.557292,-4.903987
0.432292,0.557292,-4.934792
0.442708,0.557292,-4.965597
0.453125,0.557292,-4.996402
0.463542,0.557292,-5.027206
0.473958,0.557292,-5.058011
0.484375,0.557292,-5.088816
0.494792,0.557292,-5.119621
0.505208,0.557292,-5.123976
0.515625,0.557292,-5.101881
0.526042,0.557292,-5.079787
0.536458,0.557292,-5.057692
0.546875,0.557292,-5.035598
0.557292,0.557292,-5.013503
0.567708,0.557292,-4.991409
0.578125,0.557292,-4.969314
0.588542,0.557292,-4.947220
0.598958,0.557292,-4.925125
0.609375,0.557292,-4.903031
0.619792,0.557292,-4.880936
0.630208,0.557292,-4.858842
0.640625,0.557292,-4.836747
0.651042,0.557292,-4.814653
0.661458,0.557292,-4.792558
0.671875,0.557292,-4.770464
0.682292,0.557292,-4.748369
0.692708,0.557292,-4.726275
0.703125,0.557292,-4.704180
0.713542,0.557292,-4.682086
0.723958,0.557292,-4.659991
0.734375,0.557292,-4.637896
0.744792,0.557292,-4.615802
0.755208,0.557292,-4.593707
0.765625,0.557292,-4.571613
0.776042,0.557292,-4.549518
0.786458,0.557292,-4.527424
0.796875,0.557292,-4.505329
0.807292,0.557292,-4.483235
0.817708,0.557292,-4.461140
0.828125,0.557292,-4.439046
0.838542,0.557292,-4.416951
0.848958,0.557292,-4.394857
0.859375,0.557292,-4.372762
0.869792,0.557292,-4.350668
0.880208,0.557292,-4.328573
0.890625,0.557292,-4.306479
0.901042,0.557292,-4.284384
0.911458,0.557292,-4.262290
0.921875,0.557292,-4.240195
0.932292,0.557292,-4.218101
0.942708,0.557292,-4.196006
0.953125,0.557292,-4.173912
0.963542,0.557292,-4.151817
0.973958,0.557292,-4.129723
0.984375,0.557292,-4.107628
0.994792,0.557292,-4.085534
0.005208,0.567708,-6.263347
0.015625,0.567708,-6.150370
0.026042,0.567708,-6.037394
0.036458,0.567708,-5.924418
0.046875,0.567708,-5.811442
0.057292,0.567708,-5.698466
0.067708,0.567708,-5.585490
0.078125,0.567708,-5.472514
0.088542,0.567708,-5.359538
0.098958,0.567708,-5.246562
0.109375,0.567708,-5.133586
0.119792,0.567708,-5.020610
0.130208,0.567708,-4.907634
0.140625,0.567708,-4.794658
0.151042,0.567708,-4.681682
0.161458,0.567708,-4.568706
0.171875,0.567708,-4.455730
0.182292,0.567708,-4.342754
0.192708,0.567708,-4.229778
0.203125,0.567708,-4.116802
0.213542,0.567708,-4.003825
0.223958,0.567708,-3.890849
0.234375,0.567708,-3.777873
0.244792,0.567708,-3.664897
0.255208,0.567708,-3.631448
0.265625,0.567708,-3.677526
0.276042,0.567708,-3.723603
0.286458,0.567708,-3.769681
0.296875,0.567708,-3.815759
0.307292,0.567708,-3.861836
0.317708,0.567708,-3.907914
0.328125,0.567708,-3.953991
0.338542,0.567708,-4.000069
0.348958,0.567708,-4.046147
0.359375,0.567708,-4.092224
0.369792,0.567708,-4.138302
0.380208,0.567708,-4.184379
0.390625,0.567708,-4.230457
0.401042,0.567708,-4.276535
0.411458,0.567708,-4.322612
0.421875,0.567708,-4.368690
0.432292,0.567708,-4.414767
0.442708,0.567708,-4.460845
0.453125,0.567708,-4.506923
0.463542,0.567708,-4.553000
0.473958,0.567708,-4.599078
0.484375,0.567708,-4.645155
0.494792,0.567708,-4.691233
0.505208,0.567708,-4.708374
0.515625,0.567708,-4.696579
0.526042,0.567708,-4.684783
0.536458,0.567708,-4.672988
0.546875,0.567708,-4.661192
0.557292,0.567708,-4.649397
0.567708,0.567708,-4.637601
0.578125,0.567708,-4.625806
0.588542,0.567708,-4.614010
0.598958,0.567708,-4.602215
0.609375,0.567708,-4.590420
0.619792,0.567708,-4.578624
0.630208,0.567708,-4.566829
0.640625,0.567708,-4.555033
0.651042,0.567708,-4.543238
0.661458,0.567708,-4.531442
0.671875,0.567708,-4.519647
0.682292,0.567708,-4.507851
0.692708,0.567708,-4.496056
0.703125,0.567708,-4.484261
0.713542,0.567708,-4.472465
0.723958,0.567708,-4.460670
0.734375,0.567708,-4.448874
0.744792,0.567708,-4.437079
0.755208,0.567708,-4.425283
0.765625,0.567708,-4.413488
0.776042,0.567708,-4.401692
0.786458,0.567708,-4.389897
0.796875,0.567708,-4.378101
0.807292,0.567708,-4.366306
0.817708,0.567708,-4.354511
0.828125,0.567708,-4.342715
0.838542,0.567708,-4.330920
0.848958,0.567708,-4.319124
0.859375,0.567708,-4.307329
0.869792,0.567708,-4.295533
0.880208,0.567708,-4.283738
0.890625,0.567708,-4.271942
0.901042,0.567708,-4.260147
0.911458,0.567708,-4.248352
0.921875,0.567708,-4.236556
0.932292,0.567708,-4.224761
0.942708,0.567708,-4.212965
0.953125,0.567708,-4.201170
0.963542,0.567708,-4.189374
0.973958,0.567708,-4.177579
0.984375,0.567708,-4.165783
0.994792,0.567708,-4.153988
0.005208,0.578125,-5.986885
0.015625,0.578125,-6.305468
0.026042,0.578125,-3.821938
0.036458,0.578125,-4.552490
0.046875,0.578125,-4.624594
0.057292,0.578125,-4.696698
0.067708,0.578125,-4.681398
0.078125,0.578125,-4.578692
0.088542,0.578125,-4.475986
0.098958,0.578125,-4.373281
0.109375,0.578125,-4.270575
0.119792,0.578125,-4.167870
0.130208,0.578125,-4.161303
0.140625,0.578125,-4.250876
0.151042,0.578125,-4.340448
0.161458,0.578125,-4.430021
0.171875,0.578125,-4.519593
0.182292,0.578125,-4.609166
0.192708,0.578125,-4.698738
0.203125,0.578125,-4.788311
0.213542,0.578125,-4.877883
0.223958,0.578125,-4.967456
0.234375,0.578125,-5.057028
0.244792,0.578125,-5.146601
0.255208,0.578125,-5.178133
0.265625,0.578125,-5.151624
0.276042,0.578125,-5.125116
0.286458,0.578125,-5.098607
0.296875,0.578125,-5.072099
0.307292,0.578125,-5.045590
0.317708,0.578125,-5.019082
0.328125,0.578125,-4.992573
0.338542,0.578125,-4.966064
0.348958,0.578125,-4.939556
0.359375,0.578125,-4.913047
0.369792,0.578125,-4.886539
0.380208,0.578125,-4.860030
0.390625,0.578125,-4.833522
0.401042,0.578125,-4.807013
0.411458,0.578125,-4.780504
0.421875,0.578125,-4.753996
0.432292,0.578125,-4.727487
0.442708,0.578125,-4.700979
0.453125,0.578125,-4.674470
0.463542,0.578125,-4.647962
0.473958,0.578125,-4.621453
0.484375,0.578125,-4.594945
0.494792,0.578125,-4.568436
0.505208,0.578125,-4.553302
0.515625,0.578125,-4.549541
0.526042,0.578125,-4.545781
0.536458,0.578125,-4.542021
0.546875,0.578125,-4.538260
0.557292,0.578125,-4.534500
0.567708,0.578125,-4.530740
0.578125,0.578125,-4.526980
0.588542,0.578125,-4.523219
0.598958,0.578125,-4.519459
0.609375,0.578125,-4.515699
0.619792,0.578125,-4.511938
0.630208,0.578125,-4.508178
0.640625,0.578125,-4.504418
0.651042,0.578125,-4.500657
0.661458,0.578125,-4.496897
0.671875,0.578125,-4.493137
0.682292,0.578125,-4.489377
0.692708,0.578125,-4.485616
0.703125,0.578125,-4.481856
0.713542,0.578125,-4.478096
0.723958,0.578125,-4.474335
0.734375,0.578125,-4.470575
0.744792,0.578125,-4.466815
0.755208,0.578125,-4.463055
0.765625,0.578125,-4.459294
0.776042,0.578125,-4.455534
0.786458,0.578125,-4.451774
0.796875,0.578125,-4.448013
0.807292,0.578125,-4.444253
0.817708,0.578125,-4.440493
0.828125,0.578125,-4.436733
0.838542,0.578125,-4.432972
0.848958,0.578125,-4.429212
0.859375,0.578125,-4.425452
0.869792,0.578125,-4.421691
0.880208,0.578125,-4.417931
0.890625,0.578125,-4.414171
0.901042,0.578125,-4.410411
0.911458,0.578125,-4.406650
0.921875,0.578125,-4.402890
0.932292,0.578125,-4.399130
0.942708,0.578125,-4.395369
0.953125,0.578125,-4.391609
0.963542,0.578125,-4.387849
0.973958,0.578125,-4.384088
0.984375,0.578125,-4.380328
0.994792,0.578125,-4.376568
0.005208,0.588542,-6.177013
0.015625,0.588542,-5.579948
0.026042,0.588542,-4.398784
0.036458,0.588542,-4.612449
0.046875,0.588542,-4.468646
0.057292,0.588542,-4.324843
0.067708,0.588542,-4.282022
0.078125,0.588542,-4.340183
0.088542,0.588542,-4.398344
0.098958,0.588542,-4.456505
0.109375,0.588542,-4.514666
0.119792,0.588542,-4.572827
0.130208,0.588542,-4.606736
0.140625,0.588542,-4.616394
0.151042,0.588542,-4.626052
0.161458,0.588542,-4.635710
0.171875,0.588542,-4.645368
0.182292,0.588542,-4.655026
0.192708,0.588542,-4.664684
0.203125,0.588542,-4.674342
0.213542,0.588542,-4.684000
0.223958,0.588542,-4.693658
0.234375,0.588542,-4.703316
0.244792,0.588542,-4.712974
0.255208,0.588542,-4.721921
0.265625,0.588542,-4.730157
0.276042,0.588542,-4.738393
0.286458,0.588542,-4.746629
0.296875,0.588542,-4.754865
0.307292,0.588542,-4.763101
0.317708,0.588542,-4.771337
0.328125,0.588542,-4.779573
0.338542,0.588542,-4.787809
0.348958,0.588542,-4.796045
0.359375,0.588542,-4.804281
0.369792,0.588542,-4.812517
0.380208,0.588542,-4.820752
0.390625,0.588542,-4.828988
0.401042,0.588542,-4.837224
0.411458,0.588542,-4.845460
0.421875,0.588542,-4.853696
0.432292,0.588542,-4.861932
0.442708,0.588542,-4.870168
0.453125,0.588542,-4.878404
0.463542,0.588542,-4.886640
0.473958,0.588542,-4.894876
0.484375,0.588542,-4.903112
0.494792,0.588542,-4.911348
0.505208,0.588542,-4.909917
0.515625,0.588542,-4.898819
0.526042,0.588542,-4.887720
0.536458,0.588542,-4.876622
0.546875,0.588542,-4.865524
0.557292,0.588542,-4.854426
0.567708,0.588542,-4.843328
0.578125,0.588542,-4.832230
0.588542,0.588542,-4.821132
0.598958,0.588542,-4.810034
0.609375,0.588542,-4.798935
0.619792,0.588542,-4.787837
0.630208,0.588542,-4.776739
0.640625,0.588542,-4.765641
0.651042,0.588542,-4.754543
0.661458,0.588542,-4.743445
0.671875,0.588542,-4.732347
0.682292,0.588542,-4.721248
0.692708,0.588542,-4.710150
0.703125,0.588542,-4.699052
0.713542,0.588542,-4.687954
0.723958,0.588542,-4.676856
0.734375,0.588542,-4.665758
0.744792,0.588542,-4.654660
0.755208,0.588542,-4.643562
0.765625,0.588542,-4.632463
0.776042,0.588542,-4.621365
0.786458,0.588542,-4.610267
0.796875,0.588542,-4.599169
0.807292,0.588542,-4.588071
0.817708,0.588542,-4.576973
0.828125,0.588542,-4.565875
0.838542,0.588542,-4.554776
0.848958,0.588542,-4.543678
0.859375,0.588542,-4.532580
0.869792,0.588542,-4.521482
0.880208,0.588542,-4.510384
0.890625,0.588542,-4.499286
0.901042,0.588542,-4.488188
0.911458,0.588542,-4.477089
0.921875,0.588542,-4.465991
0.932292,0.588542,-4.454893
0.942708,0.588542,-4.443795
0.953125,0.588542,-4.432697
0.963542,0.588542,-4.421599
0.973958,0.588542,-4.410501
0.984375,0.588542,-4.399403
0.994792,0.588542,-4.388304
0.005208,0.598958,-8.066810
0.015625,0.598958,-5.646967
0.026042,0.598958,-4.521064
0.036458,0.598958,-5.035185
0.046875,0.598958,-4.809273
0.057292,0.598958,-4.583361
0.067708,0.598958,-4.439733
0.078125,0.598958,-4.378390
0.088542,0.598958,-4.317048
0.098958,0.598958,-4.255705
0.109375,0.598958,-4.194362
0.119792,0.598958,-4.133019
0.130208,0.598958,-4.147139
0.140625,0.598958,-4.236721
0.151042,0.598958,-4.326303
0.161458,0.598958,-4.415885
0.171875,0.598958,-4.505467
0.182292,0.598958,-4.595049
0.192708,0.598958,-4.684631
0.203125,0.598958,-4.774214
0.213542,0.598958,-4.863796
0.223958,0.598958,-4.953378
0.234375,0.598958,-5.042960
0.244792,0.598958,-5.132542
0.255208,0.598958,-5.171811
0.265625,0.598958,-5.160766
0.276042,0.598958,-5.149721
0.286458,0.598958,-5.138676
0.296875,0.598958,-5.127632
0.307292,0.598958,-5.116587
0.317708,0.598958,-5.105542
0.328125,0.598958,-5.094497
0.338542,0.598958,-5.083453
0.348958,0.598958,-5.072408
0.359375,0.598958,-5.061363
0.369792,0.598958,-5.050318
0.380208,0.598958,-5.039274
0.390625,0.598958,-5.028229
0.401042,0.598958,-5.017184
0.411458,0.598958,-5.006139
0.421875,0.598958,-4.995095
0.432292,0.598958,-4.984050
0.442708,0.598958,-4.973005
0.453125,0.598958,-4.961960
0.463542,0.598958,-4.950916
0.473958,0.598958,-4.939871
0.484375,0.598958,-4.928826
0.494792,0.598958,-4.917781
0.505208,0.598958,-4.907628
0.515625,0.598958,-4.898365
0.526042,0.598958,-4.889102
0.536458,0.598958,-4.879839
0.546875,0.598958,-4.870577
0.557292,0.598958,-4.861314
0.567708,0.598958,-4.852051
0.578125,0.598958,-4.842789
0.588542,0.598958,-4.833526
0.598958,0.598958,-4.824263
0.609375,0.598958,-4.815001
0.619792,0.598958,-4.805738
0.630208,0.598958,-4.796475
0.640625,0.598958,-4.787213
0.651042,0.598958,-4.777950
0.661458,0.598958,-4.768687
0.671875,0.598958,-4.759424
0.682292,0.598958,-4.750162
0.692708,0.598958,-4.740899
0.703125,0.598958,-4.731636
0.713542,0.598958,-4.722374
0.723958,0.598958,-4.713111
0.734375,0.598958,-4.703848
0.744792,0.598958,-4.694586
0.755208,0.598958,-4.683541
0.765625,0.598958,-4.670714
0.776042,0.598958,-4.657887
0.786458,0.598958,-4.645060
0.796875,0.598958,-4.632234
0.807292,0.598958,-4.619407
0.817708,0.598958,-4.606580
0.828125,0.598958,-4.593753
0.838542,0.598958,-4.580926
0.848958,0.598958,-4.568099
0.859375,0.598958,-4.555273
0.869792,0.598958,-4.542446
0.880208,0.598958,-4.529619
0.890625,0.598958,-4.516792
0.901042,0.598958,-4.503965
0.911458,0.598958,-4.491138
0.921875,0.598958,-4.478312
0.932292,0.598958,-4.465485
0.942708,0.598958,-4.452658
0.953125,0.598958,-4.439831
0.963542,0.598958,-4.427004
0.973958,0.598958,-4.414178
0.984375,0.598958,-4.401351
0.994792,0.598958,-4.388524
0.005208,0.609375,-7.095854
0.015625,0.609375,-6.212508
0.026042,0.609375,-5.329162
0.036458,0.609375,-4.829405
0.046875,0.609375,-4.713237
0.057292,0.609375,-4.597069
0.067708,0.609375,-4.541655
0.078125,0.609375,-4.546995
0.088542,0.609375,-4.552336
0.098958,0.609375,-4.557676
0.109375,0.609375,-4.563016
0.119792,0.609375,-4.568357
0.130208,0.609375,-4.595722
0.140625,0.609375,-4.645113
0.151042,0.609375,-4.694503
0.161458,0.609375,-4.743894
0.171875,0.609375,-4.793284
0.182292,0.609375,-4.842675
0.192708,0.609375,-4.892066
0.203125,0.609375,-4.941456
0.213542,0.609375,-4.990847
0.223958,0.609375,-5.040237
0.234375,0.609375,-5.089628
0.244792,0.609375,-5.139018
0.255208,0.609375,-5.158221
0.265625,0.609375,-5.147235
0.276042,0.609375,-5.136250
0.286458,0.609375,-5.125264
0.296875,0.609375,-5.114279
0.307292,0.609375,-5.103293
0.317708,0.609375,-5.092308
0.328125,0.609375,-5.081322
0.338542,0.609375,-5.070336
0.348958,0.609375,-5.059351
0.359375,0.609375,-5.048365
0.369792,0.609375,-5.037380
0.380208,0.609375,-5.026394
0.390625,0.609375,-5.015409
0.401042,0.609375,-5.004423
0.411458,0.609375,-4.993438
0.421875,0.609375,-4.982452
0.432292,0.609375,-4.971466
0.442708,0.609375,-4.960481
0.453125,0.609375,-4.949495
0.463542,0.609375,-4.938510
0.473958,0.609375,-4.927524
0.484375,0.609375,-4.916539
0.494792,0.609375,-4.905553
0.505208,0.609375,-4.897241
0.515625,0.609375,-4.891601
0.526042,0.609375,-4.885962
0.536458,0.609375,-4.880322
0.546875,0.609375,-4.874683
0.557292,0.609375,-4.869044
0.567708,0.609375,-4.863404
0.578125,0.609375,-4.857765
0.588542,0.609375,-4.852126
0.598958,0.609375,-4.846486
0.609375,0.609375,-4.840847
0.619792,0.609375,-4.835207
0.630208,0.609375,-4.829568
0.640625,0.609375,-4.823929
0.651042,0.609375,-4.818289
0.661458,0.609375,-4.812650
0.671875,0.609375,-4.807011
0.682292,0.609375,-4.801371
0.692708,0.609375,-4.795732
0.703125,0.609375,-4.790092
0.713542,0.609375,-4.784453
0.723958,0.609375,-4.778814
0.734375,0.609375,-4.773174
0.744792,0.609375,-4.767535
0.755208,0.609375,-4.756549
0.765625,0.609375,-4.740218
0.776042,0.609375,-4.723886
0.786458,0.609375,-4.707554
0.796875,0.609375,-4.691222
0.807292,0.609375,-4.674891
0.817708,0.609375,-4.658559
0.828125,0.609375,-4.642227
0.838542,0.609375,-4.625895
0.848958,0.609375,-4.609564
0.859375,0.609375,-4.593232
0.869792,0.609375,-4.576900
0.880208,0.609375,-4.560568
0.890625,0.609375,-4.544237
0.901042,0.609375,-4.527905
0.911458,0.609375,-4.511573
0.921875,0.609375,-4.495241
0.932292,0.609375,-4.478910
0.942708,0.609375,-4.462578
0.953125,0.609375,-4.446246
0.963542,0.609375,-4.429914
0.973958,0.609375,-4.413583
0.984375,0.609375,-4.397251
0.994792,0.609375,-4.380919
0.005208,0.619792,-5.916886
0.015625,0.619792,-5.519232
0.026042,0.619792,-4.715405
0.036458,0.619792,-4.851786
0.046875,0.619792,-4.709857
0.057292,0.619792,-4.567928
0.067708,0.619792,-4.542193
0.078125,0.619792,-4.632650
0.088542,0.619792,-4.723107
0.098958,0.619792,-4.813564
0.109375,0.619792,-4.904021
0.119792,0.619792,-4.994478
0.130208,0.619792,-5.044306
0.140625,0.619792,-5.053505
0.151042,0.619792,-5.062704
0.161458,0.619792,-5.071903
0.171875,0.619792,-5.081102
0.182292,0.619792,-5.090301
0.192708,0.619792,-5.099500
0.203125,0.619792,-5.108699
0.213542,0.619792,-5.117898
0.223958,0.619792,-5.127097
0.234375,0.619792,-5.136296
0.244792,0.619792,-5.145495
0.255208,0.619792,-5.144631
0.265625,0.619792,-5.133705
0.276042,0.619792,-5.122778
0.286458,0.619792,-5.111852
0.296875,0.619792,-5.100926
0.307292,0.619792,-5.089999
0.317708,0.619792,-5.079073
0.328125,0.619792,-5.068147
0.338542,0.619792,-5.057220
0.348958,0.619792,-5.046294
0.359375,0.619792,-5.035367
0.369792,0.619792,-5.024441
0.380208,0.619792,-5.013515
0.390625,0.619792,-5.002588
0.401042,0.619792,-4.991662
0.411458,0.619792,-4.980736
0.421875,0.619792,-4.969809
0.432292,0.619792,-4.958883
0.442708,0.619792,-4.947957
0.453125,0.619792,-4.937030
0.463542,0.619792,-4.926104
0.473958,0.619792,-4.915177
0.484375,0.619792,-4.904251
0.494792,0.619792,-4.893325
0.505208,0.619792,-4.886853
0.515625,0.619792,-4.884837
0.526042,0.619792,-4.882821
0.536458,0.619792,-4.880805
0.546875,0.619792,-4.878789
0.557292,0.619792,-4.876773
0.567708,0.619792,-4.874757
0.578125,0.619792,-4.872741
0.588542,0.619792,-4.870725
0.598958,0.619792,-4.868709
0.609375,0.619792,-4.866693
0.619792,0.619792,-4.864677
0.630208,0.619792,-4.862661
0.640625,0.619792,-4.860645
0.651042,0.619792,-4.858629
0.661458,0.619792,-4.856613
0.671875,0.619792,-4.854597
0.682292,0.619792,-4.852581
0.692708,0.619792,-4.850565
0.703125,0.619792,-4.848549
0.713542,0.619792,-4.846532
0.723958,0.619792,-4.844516
0.734375,0.619792,-4.842500
0.744792,0.619792,-4.840484
0.755208,0.619792,-4.829558
0.765625,0.619792,-4.809721
0.776042,0.619792,-4.789885
0.786458,0.619792,-4.770048
0.796875,0.619792,-4.750211
0.807292,0.619792,-4.730375
0.817708,0.619792,-4.710538
0.828125,0.619792,-4.690701
0.838542,0.619792,-4.670864
0.848958,0.619792,-4.651028
0.859375,0.619792,-4.631191
0.869792,0.619792,-4.611354
0.880208,0.619792,-4.591518
0.890625,0.619792,-4.571681
0.901042,0.619792,-4.551844
0.911458,0.619792,-4.532008
0.921875,0.619792,-4.512171
0.932292,0.619792,-4.492334
0.942708,0.619792,-4.472498
0.953125,0.619792,-4.452661
0.963542,0.619792,-4.432824
0.973958,0.619792,-4.412988
0.984375,0.619792,-4.393151
0.994792,0.619792,-4.373314
0.005208,0.630208,-5.943284
0.015625,0.630208,-5.044647
0.026042,0.630208,-4.277615
0.036458,0.630208,-4.774189
0.046875,0.630208,-4.638166
0.057292,0.630208,-4.502144
0.067708,0.630208,-4.486048
0.078125,0.630208,-4.589879
0.088542,0.630208,-4.693711
0.098958,0.630208,-4.797542
0.109375,0.630208,-4.901373
0.119792,0.630208,-5.005204
0.130208,0.630208,-5.054268
0.140625,0.630208,-5.048565
0.151042,0.630208,-5.042863
0.161458,0.630208,-5.037160
0.171875,0.630208,-5.031457
0.182292,0.630208,-5.025754
0.192708,0.630208,-5.020052
0.203125,0.630208,-5.014349
0.213542,0.630208,-5.008646
0.223958,0.630208,-5.002943
0.234375,0.630208,-4.997241
0.244792,0.630208,-4.991538
0.255208,0.630208,-4.986595
0.265625,0.630208,-4.982412
0.276042,0.630208,-4.978229
0.286458,0.630208,-4.974046
0.296875,0.630208,-4.969863
0.307292,0.630208,-4.965679
0.317708,0.630208,-4.961496
0.328125,0.630208,-4.957313
0.338542,0.630208,-4.953130
0.348958,0.630208,-4.948947
0.359375,0.630208,-4.944764
0.369792,0.630208,-4.940581
0.380208,0.630208,-4.936398
0.390625,0.630208,-4.932215
0.401042,0.630208,-4.928031
0.411458,0.630208,-4.923848
0.421875,0.630208,-4.919665
0.432292,0.630208,-4.915482
0.442708,0.630208,-4.911299
0.453125,0.630208,-4.907116
0.463542,0.630208,-4.902933
0.473958,0.630208,-4.898750
0.484375,0.630208,-4.894567
0.494792,0.630208,-4.890383
0.505208,0.630208,-4.886590
0.515625,0.630208,-4.883186
0.526042,0.630208,-4.879782
0.536458,0.630208,-4.876379
0.546875,0.630208,-4.872975
0.557292,0.630208,-4.869571
0.567708,0.630208,-4.866167
0.578125,0.630208,-4.862763
0.588542,0.630208,-4.859360
0.598958,0.630208,-4.855956
0.609375,0.630208,-4.852552
0.619792,0.630208,-4.849148
0.630208,0.630208,-4.845745
0.640625,0.630208,-4.842341
0.651042,0.630208,-4.838937
0.661458,0.630208,-4.835533
0.671875,0.630208,-4.832129
0.682292,0.630208,-4.828726
0.692708,0.630208,-4.825322
0.703125,0.630208,-4.821918
0.713542,0.630208,-4.818514
0.723958,0.630208,-4.815110
0.734375,0.630208,-4.811707
0.744792,0.630208,-4.808303
0.755208,0.630208,-4.797691
0.765625,0.630208,-4.779870
0.776042,0.630208,-4.762050
0.786458,0.630208,-4.744229
0.796875,0.630208,-4.726409
0.807292,0.630208,-4.708588
0.817708,0.630208,-4.690768
0.828125,0.630208,-4.672948
0.838542,0.630208,-4.655127
0.848958,0.630208,-4.637307
0.859375,0.630208,-4.619486
0.869792,0.630208,-4.601666
0.880208,0.630208,-4.583845
0.890625,0.630208,-4.566025
0.901042,0.630208,-4.548205
0.911458,0.630208,-4.530384
0.921875,0.630208,-4.512564
0.932292,0.630208,-4.494743
0.942708,0.630208,-4.476923
0.953125,0.630208,-4.459102
0.963542,0.630208,-4.441282
0.973958,0.630208,-4.423462
0.984375,0.630208,-4.405641
0.994792,0.630208,-4.387821
0.005208,0.640625,-7.175046
0.015625,0.640625,-4.788754
0.026042,0.640625,-4.015794
0.036458,0.640625,-4.596614
0.046875,0.640625,-4.498165
0.057292,0.640625,-4.399716
0.067708,0.640625,-4.373222
0.078125,0.640625,-4.418685
0.088542,0.640625,-4.464147
0.098958,0.640625,-4.509610
0.109375,0.640625,-4.555073
0.119792,0.640625,-4.600535
0.130208,0.640625,-4.625609
0.140625,0.640625,-4.630295
0.151042,0.640625,-4.634980
0.161458,0.640625,-4.639665
0.171875,0.640625,-4.644351
0.182292,0.640625,-4.649036
0.192708,0.640625,-4.653721
0.203125,0.640625,-4.658406
0.213542,0.640625,-4.663092
0.223958,0.640625,-4.667777
0.234375,0.640625,-4.672462
0.244792,0.640625,-4.677148
0.255208,0.640625,-4.684112
0.265625,0.640625,-4.693357
0.276042,0.640625,-4.702601
0.286458,0.640625,-4.711845
0.296875,0.640625,-4.721089
0.307292,0.640625,-4.730333
0.317708,0.640625,-4.739578
0.328125,0.640625,-4.748822
0.338542,0.640625,-4.758066
0.348958,0.640625,-4.767310
0.359375,0.640625,-4.776555
0.369792,0.640625,-4.785799
0.380208,0.640625,-4.795043
0.390625,0.640625,-4.804287
0.401042,0.640625,-4.813531
0.411458,0.640625,-4.822776
0.421875,0.640625,-4.832020
0.432292,0.640625,-4.841264
0.442708,0.640625,-4.850508
0.453125,0.640625,-4.859752
0.463542,0.640625,-4.868997
0.473958,0.640625,-4.878241
0.484375,0.640625,-4.887485
0.494792,0.640625,-4.896729
0.505208,0.640625,-4.896450
0.515625,0.640625,-4.886648
0.526042,0.640625,-4.876845
0.536458,0.640625,-4.867042
0.546875,0.640625,-4.857240
0.557292,0.640625,-4.847437
0.567708,0.640625,-4.837635
0.578125,0.640625,-4.827832
0.588542,0.640625,-4.818029
0.598958,0.640625,-4.808227
0.609375,0.640625,-4.798424
0.619792,0.640625,-4.788622
0.630208,0.640625,-4.778819
0.640625,0.640625,-4.769016
0.651042,0.640625,-4.759214
0.661458,0.640625,-4.749411
0.671875,0.640625,-4.739609
0.682292,0.640625,-4.729806
0.692708,0.640625,-4.720003
0.703125,0.640625,-4.710201
0.713542,0.640625,-4.700398
0.723958,0.640625,-4.690596
0.734375,0.640625,-4.680793
0.744792,0.640625,-4.670990
0.755208,0.640625,-4.660948
0.765625,0.640625,-4.650665
0.776042,0.640625,-4.640382
0.786458,0.640625,-4.630099
0.796875,0.640625,-4.619816
0.807292,0.640625,-4.609533
0.817708,0.640625,-4.599250
0.828125,0.640625,-4.588967
0.838542,0.640625,-4.578684
0.848958,0.640625,-4.568401
0.859375,0.640625,-4.558118
0.869792,0.640625,-4.547835
0.880208,0.640625,-4.537552
0.890625,0.640625,-4.527269
0.901042,0.640625,-4.516986
0.911458,0.640625,-4.506703
0.921875,0.640625,-4.496420
0.932292,0.640625,-4.486137
0.942708,0.640625,-4.475854
0.953125,0.640625,-4.465571
0.963542,0.640625,-4.455288
0.973958,0.640625,-4.445005
0.984375,0.640625,-4.434722
0.994792,0.640625,-4.424439
0.005208,0.651042,-6.625338
0.015625,0.651042,-4.539206
0.026042,0.651042,-3.753972
0.036458,0.651042,-4.419040
0.046875,0.651042,-4.358164
0.057292,0.651042,-4.297287
0.067708,0.651042,-4.260396
0.078125,0.651042,-4.247490
0.088542,0.651042,-4.234584
0.098958,0.651042,-4.221678
0.109375,0.651042,-4.208773
0.119792,0.651042,-4.195867
0.130208,0.651042,-4.196951
0.140625,0.651042,-4.212024
0.151042,0.651042,-4.227097
0.161458,0.651042,-4.242171
0.171875,0.651042,-4.257244
0.182292,0.651042,-4.272317
0.192708,0.651042,-4.287391
0.203125,0.651042,-4.302464
0.213542,0.651042,-4.317537
0.223958,0.651042,-4.332611
0.234375,0.651042,-4.347684
0.244792,0.651042,-4.362757
0.255208,0.651042,-4.377526
0.265625,0.651042,-4.391990
0.276042,0.651042,-4.406454
0.286458,0.651042,-4.420917
0.296875,0.651042,-4.435381
0.307292,0.651042,-4.449845
0.317708,0.651042,-4.464309
0.328125,0.651042,-4.478773
0.338542,0.651042,-4.493236
0.348958,0.651042,-4.507700
0.359375,0.651042,-4.522164
0.369792,0.651042,-4.536628
0.380208,0.651042,-4.551092
0.390625,0.651042,-4.565555
0.401042,0.651042,-4.580019
0.411458,0.651042,-4.594483
0.421875,0.651042,-4.608947
0.432292,0.651042,-4.623411
0.442708,0.651042,-4.637874
0.453125,0.651042,-4.652338
0.463542,0.651042,-4.666802
0.473958,0.651042,-4.681266
0.484375,0.651042,-4.695730
0.494792,0.651042,-4.710194
0.505208,0.651042,-4.715262
0.515625,0.651042,-4.710936
0.526042,0.651042,-4.706610
0.536458,0.651042,-4.702284
0.546875,0.651042,-4.697958
0.557292,0.651042,-4.693632
0.567708,0.651042,-4.689305
0.578125,0.651042,-4.684979
0.588542,0.651042,-4.680653
0.598958,0.651042,-4.676327
0.609375,0.651042,-4.672001
0.619792,0.651042,-4.667675
0.630208,0.651042,-4.663349
0.640625,0.651042,-4.659022
0.651042,0.651042,-4.654696
0.661458,0.651042,-4.650370
0.671875,0.651042,-4.646044
0.682292,0.651042,-4.641718
0.692708,0.651042,-4.637392
0.703125,0.651042,-4.633066
0.713542,0.651042,-4.628739
0.723958,0.651042,-4.624413
0.734375,0.651042,-4.620087
0.744792,0.651042,-4.615761
0.755208,0.651042,-4.610391
0.765625,0.651042,-4.603978
0.776042,0.651042,-4.597565
0.786458,0.651042,-4.591152
0.796875,0.651042,-4.584739
0.807292,0.651042,-4.578326
0.817708,0.651042,-4.571913
0.828125,0.651042,-4.565500
0.838542,0.651042,-4.559087
0.848958,0.651042,-4.552674
0.859375,0.651042,-4.546260
0.869792,0.651042,-4.539847
0.880208,0.651042,-4.533434
0.890625,0.651042,-4.527021
0.901042,0.651042,-4.520608
0.911458,0.651042,-4.514195
0.921875,0.651042,-4.507782
0.932292,0.651042,-4.501369
0.942708,0.651042,-4.494956
0.953125,0.651042,-4.488543
0.963542,0.651042,-4.482130
0.973958,0.651042,-4.475717
0.984375,0.651042,-4.469303
0.994792,0.651042,-4.462890
0.005208,0.661458,-6.328780
0.015625,0.661458,-4.738753
0.026042,0.661458,-3.739651
0.036458,0.661458,-4.326711
0.046875,0.661458,-4.289369
0.057292,0.661458,-4.252028
0.067708,0.661458,-4.214686
0.078125,0.661458,-4.177345
0.088542,0.661458,-4.140003
0.098958,0.661458,-4.102662
0.109375,0.661458,-4.065320
0.119792,0.661458,-4.027979
0.130208,0.661458,-4.019452
0.140625,0.661458,-4.039741
0.151042,0.661458,-4.060029
0.161458,0.661458,-4.080318
0.171875,0.661458,-4.100606
0.182292,0.661458,-4.120895
0.192708,0.661458,-4.141183
0.203125,0.661458,-4.161472
0.213542,0.661458,-4.181760
0.223958,0.661458,-4.202049
0.234375,0.661458,-4.222337
0.244792,0.661458,-4.242626
0.255208,0.661458,-4.261308
0.265625,0.661458,-4.278385
0.276042,0.661458,-4.295462
0.286458,0.661458,-4.312539
0.296875,0.661458,-4.329616
0.307292,0.661458,-4.346692
0.317708,0.661458,-4.363769
0.328125,0.661458,-4.380846
0.338542,0.661458,-4.397923
0.348958,0.661458,-4.414999
0.359375,0.661458,-4.432076
0.369792,0.661458,-4.449153
0.380208,0.661458,-4.466230
0.390625,0.661458,-4.483307
0.401042,0.661458,-4.500383
0.411458,0.661458,-4.517460
0.421875,0.661458,-4.534537
0.432292,0.661458,-4.551614
0.442708,0.661458,-4.568691
0.453125,0.661458,-4.585767
0.463542,0.661458,-4.602844
0.473958,0.661458,-4.619921
0.484375,0.661458,-4.636998
0.494792,0.661458,-4.654074
0.505208,0.661458,-4.661244
0.515625,0.661458,-4.658507
0.526042,0.661458,-4.655769
0.536458,0.661458,-4.653032
0.546875,0.661458,-4.650294
0.557292,0.661458,-4.647557
0.567708,0.661458,-4.644819
0.578125,0.661458,-4.642082
0.588542,0.661458,-4.639345
0.598958,0.661458,-4.636607
0.609375,0.661458,-4.633870
0.619792,0.661458,-4.631132
0.630208,0.661458,-4.628395
0.640625,0.661458,-4.625657
0.651042,0.661458,-4.622920
0.661458,0.661458,-4.620182
0.671875,0.661458,-4.617445
0.682292,0.661458,-4.614708
0.692708,0.661458,-4.611970
0.703125,0.661458,-4.609233
0.713542,0.661458,-4.606495
0.723958,0.661458,-4.603758
0.734375,0.661458,-4.601020
0.744792,0.661458,-4.598283
0.755208,0.661458,-4.594341
0.765625,0.661458,-4.589195
0.776042,0.661458,-4.584049
0.786458,0.661458,-4.578903
0.796875,0.661458,-4.573757
0.807292,0.661458,-4.568611
0.817708,0.661458,-4.563465
0.828125,0.661458,-4.558319
0.838542,0.661458,-4.553174
0.848958,0.661458,-4.548028
0.859375,0.661458,-4.542882
0.869792,0.661458,-4.537736
0.880208,0.661458,-4.532590
0.890625,0.661458,-4.527444
0.901042,0.661458,-4.522298
0.911458,0.661458,-4.517152
0.921875,0.661458,-4.512006
0.932292,0.661458,-4.506860
0.942708,0.661458,-4.501714
0.953125,0.661458,-4.496568
0.963542,0.661458,-4.491422
0.973958,0.661458,-4.486276
0.984375,0.661458,-4.481130
0.994792,0.661458,-4.475984
0.005208,0.671875,-6.285373
0.015625,0.671875,-5.387393
0.026042,0.671875,-3.972830
0.036458,0.671875,-4.319626
0.046875,0.671875,-4.291782
0.057292,0.671875,-4.263937
0.067708,0.671875,-4.236093
0.078125,0.671875,-4.208248
0.088542,0.671875,-4.180404
0.098958,0.671875,-4.152559
0.109375,0.671875,-4.124715
0.119792,0.671875,-4.096870
0.130208,0.671875,-4.093113
0.140625,0.671875,-4.113444
0.151042,0.671875,-4.133775
0.161458,0.671875,-4.154106
0.171875,0.671875,-4.174437
0.182292,0.671875,-4.194768
0.192708,0.671875,-4.215098
0.203125,0.671875,-4.235429
0.213542,0.671875,-4.255760
0.223958,0.671875,-4.276091
0.234375,0.671875,-4.296422
0.244792,0.671875,-4.316753
0.255208,0.671875,-4.335460
0.265625,0.671875,-4.352543
0.276042,0.671875,-4.369626
0.286458,0.671875,-4.386709
0.296875,0.671875,-4.403792
0.307292,0.671875,-4.420875
0.317708,0.671875,-4.437959
0.328125,0.671875,-4.455042
0.338542,0.671875,-4.472125
0.348958,0.671875,-4.489208
0.359375,0.671875,-4.506291
0.369792,0.671875,-4.523374
0.380208,0.671875,-4.540458
0.390625,0.671875,-4.557541
0.401042,0.671875,-4.574624
0.411458,0.671875,-4.591707
0.421875,0.671875,-4.608790
0.432292,0.671875,-4.625873
0.442708,0.671875,-4.642956
0.453125,0.671875,-4.660040
0.463542,0.671875,-4.677123
0.473958,0.671875,-4.694206
0.484375,0.671875,-4.711289
0.494792,0.671875,-4.728372
0.505208,0.671875,-4.734396
0.515625,0.671875,-4.729359
0.526042,0.671875,-4.724323
0.536458,0.671875,-4.719286
0.546875,0.671875,-4.714250
0.557292,0.671875,-4.709213
0.567708,0.671875,-4.704177
0.578125,0.671875,-4.699140
0.588542,0.671875,-4.694104
0.598958,0.671875,-4.689067
0.609375,0.671875,-4.684031
0.619792,0.671875,-4.678994
0.630208,0.671875,-4.673958
0.640625,0.671875,-4.668921
0.651042,0.671875,-4.663885
0.661458,0.671875,-4.658848
0.671875,0.671875,-4.653812
0.682292,0.671875,-4.648775
0.692708,0.671875,-4.643739
0.703125,0.671875,-4.638702
0.713542,0.671875,-4.633666
0.723958,0.671875,-4.628629
0.734375,0.671875,-4.623593
0.744792,0.671875,-4.618556
0.755208,0.671875,-4.612797
0.765625,0.671875,-4.606315
0.776042,0.671875,-4.599834
0.786458,0.671875,-4.593352
0.796875,0.671875,-4.586871
0.807292,0.671875,-4.580389
0.817708,0.671875,-4.573907
0.828125,0.671875,-4.567426
0.838542,0.671875,-4.560944
0.848958,0.671875,-4.554463
0.859375,0.671875,-4.547981
0.869792,0.671875,-4.541499
0.880208,0.671875,-4.535018
0.890625,0.671875,-4.528536
0.901042,0.671875,-4.522055
0.911458,0.671875,-4.515573
0.921875,0.671875,-4.509091
0.932292,0.671875,-4.502610
0.942708,0.671875,-4.496128
0.953125,0.671875,-4.489646
0.963542,0.671875,-4.483165
0.973958,0.671875,-4.476683
0.984375,0.671875,-4.470202
0.994792,0.671875,-4.463720
0.005208,0.682292,-6.241966
0.015625,0.682292,-4.686596
0.026042,0.682292,-4.206009
0.036458,0.682292,-4.312542
0.046875,0.682292,-4.294194
0.057292,0.682292,-4.275847
0.067708,0.682292,-4.257499
0.078125,0.682292,-4.239152
0.088542,0.682292,-4.220804
0.098958,0.682292,-4.202457
0.109375,0.682292,-4.184110
0.119792,0.682292,-4.165762
0.130208,0.682292,-4.166775
0.140625,0.682292,-4.187148
0.151042,0.682292,-4.207521
0.161458,0.682292,-4.227894
0.171875,0.682292,-4.248267
0.182292,0.682292,-4.268641
0.192708,0.682292,-4.289014
0.203125,0.682292,-4.309387
0.213542,0.682292,-4.329760
0.223958,0.682292,-4.350133
0.234375,0.682292,-4.370506
0.244792,0.682292,-4.390879
0.255208,0.682292,-4.409611
0.265625,0.682292,-4.426700
0.276042,0.682292,-4.443790
0.286458,0.682292,-4.460879
0.296875,0.682292,-4.477969
0.307292,0.682292,-4.495058
0.317708,0.682292,-4.512148
0.328125,0.682292,-4.529238
0.338542,0.682292,-4.546327
0.348958,0.682292,-4.563417
0.359375,0.682292,-4.580506
0.369792,0.682292,-4.597596
0.380208,0.682292,-4.614685
0.390625,0.682292,-4.631775
0.401042,0.682292,-4.648864
0.411458,0.682292,-4.665954
0.421875,0.682292,-4.683043
0.432292,0.682292,-4.700133
0.442708,0.682292,-4.717222
0.453125,0.682292,-4.734312
0.463542,0.682292,-4.751401
0.473958,0.682292,-4.768491
0.484375,0.682292,-4.785581
0.494792,0.682292,-4.802670
0.505208,0.682292,-4.807547
0.515625,0.682292,-4.800212
0.526042,0.682292,-4.792876
0.536458,0.682292,-4.785540
0.546875,0.682292,-4.778205
0.557292,0.682292,-4.770869
0.567708,0.682292,-4.763534
0.578125,0.682292,-4.756198
0.588542,0.682292,-4.748863
0.598958,0.682292,-4.741527
0.609375,0.682292,-4.734192
0.619792,0.682292,-4.726856
0.630208,0.682292,-4.719520
0.640625,0.682292,-4.712185
0.651042,0.682292,-4.704849
0.661458,0.682292,-4.697514
0.671875,0.682292,-4.690178
0.682292,0.682292,-4.682843
0.692708,0.682292,-4.675507
0.703125,0.682292,-4.668172
0.713542,0.682292,-4.660836
0.723958,0.682292,-4.653500
0.734375,0.682292,-4.646165
0.744792,0.682292,-4.638829
0.755208,0.682292,-4.631253
0.765625,0.682292,-4.623436
0.776042,0.682292,-4.615618
0.786458,0.682292,-4.607801
0.796875,0.682292,-4.599984
0.807292,0.682292,-4.592167
0.817708,0.682292,-4.584349
0.828125,0.682292,-4.576532
0.838542,0.682292,-4.568715
0.848958,0.682292,-4.560898
0.859375,0.682292,-4.553080
0.869792,0.682292,-4.545263
0.880208,0.682292,-4.537446
0.890625,0.682292,-4.529629
0.901042,0.682292,-4.521811
0.911458,0.682292,-4.513994
0.921875,0.682292,-4.506177
0.932292,0.682292,-4.498359
0.942708,0.682292,-4.490542
0.953125,0.682292,-4.482725
0.963542,0.682292,-4.474908
0.973958,0.682292,-4.467090
0.984375,0.682292,-4.459273
0.994792,0.682292,-4.451456
0.005208,0.692708,-6.471341
0.015625,0.692708,-4.845629
0.026042,0.692708,-4.466894
0.036458,0.692708,-4.268961
0.046875,0.692708,-4.251832
0.057292,0.692708,-4.234702
0.067708,0.692708,-4.217572
0.078125,0.692708,-4.200442
0.088542,0.692708,-4.183313
0.098958,0.692708,-4.166183
0.109375,0.692708,-4.149053
0.119792,0.692708,-4.131923
0.130208,0.692708,-4.135393
0.140625,0.692708,-4.159463
0.151042,0.692708,-4.183532
0.161458,0.692708,-4.207602
0.171875,0.692708,-4.231672
0.182292,0.692708,-4.255741
0.192708,0.692708,-4.279811
0.203125,0.692708,-4.303880
0.213542,0.692708,-4.327950
0.223958,0.692708,-4.352019
0.234375,0.692708,-4.376089
0.244792,0.692708,-4.400159
0.255208,0.692708,-4.420183
0.265625,0.692708,-4.436162
0.276042,0.692708,-4.452141
0.286458,0.692708,-4.468120
0.296875,0.692708,-4.484098
0.307292,0.692708,-4.500077
0.317708,0.692708,-4.516056
0.328125,0.692708,-4.532035
0.338542,0.692708,-4.548014
0.348958,0.692708,-4.563993
0.359375,0.692708,-4.579972
0.369792,0.692708,-4.595951
0.380208,0.692708,-4.611929
0.390625,0.692708,-4.627908
0.401042,0.692708,-4.643887
0.411458,0.692708,-4.659866
0.421875,0.692708,-4.675845
0.432292,0.692708,-4.691824
0.442708,0.692708,-4.707803
0.453125,0.692708,-4.723782
0.463542,0.692708,-4.739761
0.473958,0.692708,-4.755739
0.484375,0.692708,-4.771718
0.494792,0.692708,-4.787697
0.505208,0.692708,-4.791953
0.515625,0.692708,-4.784485
0.526042,0.692708,-4.777018
0.536458,0.692708,-4.769551
0.546875,0.692708,-4.762083
0.557292,0.692708,-4.754616
0.567708,0.692708,-4.747148
0.578125,0.692708,-4.739681
0.588542,0.692708,-4.732213
0.598958,0.692708,-4.724746
0.609375,0.692708,-4.717279
0.619792,0.692708,-4.709811
0.630208,0.692708,-4.702344
0.640625,0.692708,-4.694876
0.651042,0.692708,-4.687409
0.661458,0.692708,-4.679941
0.671875,0.692708,-4.672474
0.682292,0.692708,-4.665006
0.692708,0.692708,-4.657539
0.703125,0.692708,-4.650072
0.713542,0.692708,-4.642604
0.723958,0.692708,-4.635137
0.734375,0.692708,-4.627669
0.744792,0.692708,-4.620202
0.755208,0.692708,-4.612734
0.765625,0.692708,-4.605267
0.776042,0.692708,-4.597800
0.786458,0.692708,-4.590332
0.796875,0.692708,-4.582865
0.807292,0.692708,-4.575397
0.817708,0.692708,-4.567930
0.828125,0.692708,-4.560462
0.838542,0.692708,-4.552995
0.848958,0.692708,-4.545527
0.859375,0.692708,-4.538060
0.869792,0.692708,-4.530593
0.880208,0.692708,-4.523125
0.890625,0.692708,-4.515658
0.901042,0.692708,-4.508190
0.911458,0.692708,-4.500723
0.921875,0.692708,-4.493255
0.932292,0.692708,-4.485788
0.942708,0.692708,-4.478321
0.953125,0.692708,-4.470853
0.963542,0.692708,-4.463386
0.973958,0.692708,-4.455918
0.984375,0.692708,-4.448451
0.994792,0.692708,-4.440983
0.005208,0.703125,-6.973498
0.015625,0.703125,-5.864491
0.026042,0.703125,-4.755484
0.036458,0.703125,-4.188885
0.046875,0.703125,-4.164694
0.057292,0.703125,-4.140502
0.067708,0.703125,-4.116311
0.078125,0.703125,-4.092120
0.088542,0.703125,-4.067928
0.098958,0.703125,-4.043737
0.109375,0.703125,-4.019545
0.119792,0.703125,-3.995354
0.130208,0.703125,-3.998968
0.140625,0.703125,-4.030389
0.151042,0.703125,-4.061809
0.161458,0.703125,-4.093229
0.171875,0.703125,-4.124649
0.182292,0.703125,-4.156069
0.192708,0.703125,-4.187489
0.203125,0.703125,-4.218910
0.213542,0.703125,-4.250330
0.223958,0.703125,-4.281750
0.234375,0.703125,-4.313170
0.244792,0.703125,-4.344590
0.255208,0.703125,-4.367176
0.265625,0.703125,-4.380927
0.276042,0.703125,-4.394678
0.286458,0.703125,-4.408429
0.296875,0.703125,-4.422181
0.307292,0.703125,-4.435932
0.317708,0.703125,-4.449683
0.328125,0.703125,-4.463434
0.338542,0.703125,-4.477185
0.348958,0.703125,-4.490937
0.359375,0.703125,-4.504688
0.369792,0.703125,-4.518439
0.380208,0.703125,-4.532190
0.390625,0.703125,-4.545942
0.401042,0.703125,-4.559693
0.411458,0.703125,-4.573444
0.421875,0.703125,-4.587195
0.432292,0.703125,-4.600946
0.442708,0.703125,-4.614698
0.453125,0.703125,-4.628449
0.463542,0.703125,-4.642200
0.473958,0.703125,-4.655951
0.484375,0.703125,-4.669702
0.494792,0.703125,-4.683454
0.505208,0.703125,-4.687613
0.515625,0.703125,-4.682181
0.526042,0.703125,-4.676749
0.536458,0.703125,-4.671317
0.546875,0.703125,-4.665885
0.557292,0.703125,-4.660452
0.567708,0.703125,-4.655020
0.578125,0.703125,-4.649588
0.588542,0.703125,-4.644156
0.598958,0.703125,-4.638724
0.609375,0.703125,-4.633292
0.619792,0.703125,-4.627860
0.630208,0.703125,-4.622427
0.640625,0.703125,-4.616995
0.651042,0.703125,-4.611563
0.661458,0.703125,-4.606131
0.671875,0.703125,-4.600699
0.682292,0.703125,-4.595267
0.692708,0.703125,-4.589835
0.703125,0.703125,-4.584402
0.713542,0.703125,-4.578970
0.723958,0.703125,-4.573538
0.734375,0.703125,-4.568106
0.744792,0.703125,-4.562674
0.755208,0.703125,-4.557242
0.765625,0.703125,-4.551809
0.776042,0.703125,-4.546377
0.786458,0.703125,-4.540945
0.796875,0.703125,-4.535513
0.807292,0.703125,-4.530081
0.817708,0.703125,-4.524649
0.828125,0.703125,-4.519217
0.838542,0.703125,-4.513784
0.848958,0.703125,-4.508352
0.859375,0.703125,-4.502920
0.869792,0.703125,-4.497488
0.880208,0.703125,-4.492056
0.890625,0.703125,-4.486624
0.901042,0.703125,-4.481192
0.911458,0.703125,-4.475759
0.921875,0.703125,-4.470327
0.932292,0.703125,-4.464895
0.942708,0.703125,-4.459463
0.953125,0.703125,-4.454031
0.963542,0.703125,-4.448599
0.973958,0.703125,-4.443167
0.984375,0.703125,-4.437734
0.994792,0.703125,-4.432302
0.005208,0.713542,-6.460737
0.015625,0.713542,-4.713723
0.026042,0.713542,-3.531378
0.036458,0.713542,-4.108809
0.046875,0.713542,-4.077556
0.057292,0.713542,-4.046303
0.067708,0.713542,-4.015050
0.078125,0.713542,-3.983797
0.088542,0.713542,-3.952544
0.098958,0.713542,-3.921291
0.109375,0.713542,-3.890038
0.119792,0.713542,-3.858785
0.130208,0.713542,-3.862544
0.140625,0.713542,-3.901314
0.151042,0.713542,-3.940085
0.161458,0.713542,-3.978856
0.171875,0.713542,-4.017627
0.182292,0.713542,-4.056397
0.192708,0.713542,-4.095168
0.203125,0.713542,-4.133939
0.213542,0.713542,-4.172709
0.223958,0.713542,-4.211480
0.234375,0.713542,-4.250251
0.244792,0.713542,-4.289022
0.255208,0.713542,-4.314169
0.265625,0.713542,-4.325692
0.276042,0.713542,-4.337216
0.286458,0.713542,-4.348739
0.296875,0.713542,-4.360263
0.307292,0.713542,-4.371786
0.317708,0.713542,-4.383310
0.328125,0.713542,-4.394834
0.338542,0.713542,-4.406357
0.348958,0.713542,-4.417881
0.359375,0.713542,-4.429404
0.369792,0.713542,-4.440928
0.380208,0.713542,-4.452451
0.390625,0.713542,-4.463975
0.401042,0.713542,-4.475498
0.411458,0.713542,-4.487022
0.421875,0.713542,-4.498545
0.432292,0.713542,-4.510069
0.442708,0.713542,-4.521592
0.453125,0.713542,-4.533116
0.463542,0.713542,-4.544639
0.473958,0.713542,-4.556163
0.484375,0.713542,-4.567686
0.494792,0.713542,-4.579210
0.505208,0.713542,-4.583273
0.515625,0.713542,-4.579876
0.526042,0.713542,-4.576480
0.536458,0.713542,-4.573083
0.546875,0.713542,-4.569686
0.557292,0.713542,-4.566289
0.567708,0.713542,-4.562892
0.578125,0.713542,-4.559495
0.588542,0.713542,-4.556099
0.598958,0.713542,-4.552702
0.609375,0.713542,-4.549305
0.619792,0.713542,-4.545908
0.630208,0.713542,-4.542511
0.640625,0.713542,-4.539114
0.651042,0.713542,-4.535717
0.661458,0.713542,-4.532321
0.671875,0.713542,-4.528924
0.682292,0.713542,-4.525527
0.692708,0.713542,-4.522130
0.703125,0.713542,-4.518733
0.713542,0.713542,-4.515336
0.723958,0.713542,-4.511939
0.734375,0.713542,-4.508543
0.744792,0.713542,-4.505146
0.755208,0.713542,-4.501749
0.765625,0.713542,-4.498352
0.776042,0.713542,-4.494955
0.786458,0.713542,-4.491558
0.796875,0.713542,-4.488161
0.807292,0.713542,-4.484765
0.817708,0.713542,-4.481368
0.828125,0.713542,-4.477971
0.838542,0.713542,-4.474574
0.848958,0.713542,-4.471177
0.859375,0.713542,-4.467780
0.869792,0.713542,-4.464383
0.880208,0.713542,-4.460987
0.890625,0.713542,-4.457590
0.901042,0.713542,-4.454193
0.911458,0.713542,-4.450796
0.921875,0.713542,-4.447399
0.932292,0.713542,-4.444002
0.942708,0.713542,-4.440605
0.953125,0.713542,-4.437209
0.963542,0.713542,-4.433812
0.973958,0.713542,-4.430415
0.984375,0.713542,-4.427018
0.994792,0.713542,-4.423621
0.005208,0.723958,-5.451983
0.015625,0.723958,-3.963511
0.026042,0.723958,-3.039829
0.036458,0.723958,-3.793779
0.046875,0.723958,-3.857266
0.057292,0.723958,-3.920752
0.067708,0.723958,-3.941838
0.078125,0.723958,-3.920522
0.088542,0.723958,-3.899206
0.098958,0.723958,-3.877890
0.109375,0.723958,-3.856574
0.119792,0.723958,-3.835258
0.130208,0.723958,-3.842597
0.140625,0.723958,-3.878590
0.151042,0.723958,-3.914582
0.161458,0.723958,-3.950575
0.171875,0.723958,-3.986568
0.182292,0.723958,-4.022561
0.192708,0.723958,-4.058553
0.203125,0.723958,-4.094546
0.213542,0.723958,-4.130539
0.223958,0.723958,-4.166532
0.234375,0.723958,-4.202525
0.244792,0.723958,-4.238517
0.255208,0.723958,-4.261162
0.265625,0.723958,-4.270458
0.276042,0.723958,-4.279753
0.286458,0.723958,-4.289049
0.296875,0.723958,-4.298345
0.307292,0.723958,-4.307641
0.317708,0.723958,-4.316937
0.328125,0.723958,-4.326233
0.338542,0.723958,-4.335529
0.348958,0.723958,-4.344824
0.359375,0.723958,-4.354120
0.369792,0.723958,-4.363416
0.380208,0.723958,-4.372712
0.390625,0.723958,-4.382008
0.401042,0.723958,-4.391304
0.411458,0.723958,-4.400600
0.421875,0.723958,-4.409895
0.432292,0.723958,-4.419191
0.442708,0.723958,-4.428487
0.453125,0.723958,-4.437783
0.463542,0.723958,-4.447079
0.473958,0.723958,-4.456375
0.484375,0.723958,-4.465671
0.494792,0.723958,-4.474966
0.505208,0.723958,-4.478934
0.515625,0.723958,-4.477572
0.526042,0.723958,-4.476210
0.536458,0.723958,-4.474849
0.546875,0.723958,-4.473487
0.557292,0.723958,-4.472126
0.567708,0.723958,-4.470764
0.578125,0.723958,-4.469403
0.588542,0.723958,-4.468041
0.598958,0.723958,-4.466680
0.609375,0.723958,-4.465318
0.619792,0.723958,-4.463956
0.630208,0.723958,-4.462595
0.640625,0.723958,-4.461233
0.651042,0.723958,-4.459872
0.661458,0.723958,-4.458510
0.671875,0.723958,-4.457149
0.682292,0.723958,-4.455787
0.692708,0.723958,-4.454425
0.703125,0.723958,-4.453064
0.713542,0.723958,-4.451702
0.723958,0.723958,-4.450341
0.734375,0.723958,-4.448979
0.744792,0.723958,-4.447618
0.755208,0.723958,-4.446256
0.765625,0.723958,-4.444895
0.776042,0.723958,-4.443533
0.786458,0.723958,-4.442171
0.796875,0.723958,-4.440810
0.807292,0.723958,-4.439448
0.817708,0.723958,-4.438087
0.828125,0.723958,-4.436725
0.838542,0.723958,-4.435364
0.848958,0.723958,-4.434002
0.859375,0.723958,-4.432640
0.869792,0.723958,-4.431279
0.880208,0.723958,-4.429917
0.890625,0.723958,-4.428556
0.901042,0.723958,-4.427194
0.911458,0.723958,-4.425833
0.921875,0.723958,-4.424471
0.932292,0.723958,-4.423110
0.942708,0.723958,-4.421748
0.953125,0.723958,-4.420386
0.963542,0.723958,-4.419025
0.973958,0.723958,-4.417663
0.984375,0.723958,-4.416302
0.994792,0.723958,-4.414940
0.005208,0.734375,-3.947237
0.015625,0.734375,-3.613855
0.026042,0.734375,-3.280473
0.036458,0.734375,-3.243796
0.046875,0.734375,-3.503823
0.057292,0.734375,-3.763851
0.067708,0.734375,-3.896674
0.078125,0.734375,-3.902294
0.088542,0.734375,-3.907914
0.098958,0.734375,-3.913534
0.109375,0.734375,-3.919155
0.119792,0.734375,-3.924775
0.130208,0.734375,-3.939128
0.140625,0.734375,-3.962214
0.151042,0.734375,-3.985300
0.161458,0.734375,-4.008387
0.171875,0.734375,-4.031473
0.182292,0.734375,-4.054559
0.192708,0.734375,-4.077646
0.203125,0.734375,-4.100732
0.213542,0.734375,-4.123818
0.223958,0.734375,-4.146905
0.234375,0.734375,-4.169991
0.244792,0.734375,-4.193077
0.255208,0.734375,-4.208155
0.265625,0.734375,-4.215223
0.276042,0.734375,-4.222291
0.286458,0.734375,-4.229359
0.296875,0.734375,-4.236427
0.307292,0.734375,-4.243496
0.317708,0.734375,-4.250564
0.328125,0.734375,-4.257632
0.338542,0.734375,-4.264700
0.348958,0.734375,-4.271768
0.359375,0.734375,-4.278836
0.369792,0.734375,-4.285905
0.380208,0.734375,-4.292973
0.390625,0.734375,-4.300041
0.401042,0.734375,-4.307109
0.411458,0.734375,-4.314177
0.421875,0.734375,-4.321246
0.432292,0.734375,-4.328314
0.442708,0.734375,-4.335382
0.453125,0.734375,-4.342450
0.463542,0.734375,-4.349518
0.473958,0.734375,-4.356586
0.484375,0.734375,-4.363655
0.494792,0.734375,-4.370723
0.505208,0.734375,-4.374594
0.515625,0.734375,-4.375268
0.526042,0.734375,-4.375941
0.536458,0.734375,-4.376615
0.546875,0.734375,-4.377289
0.557292,0.734375,-4.377962
0.567708,0.734375,-4.378636
0.578125,0.734375,-4.379310
0.588542,0.734375,-4.379984
0.598958,0.734375,-4.380657
0.609375,0.734375,-4.381331
0.619792,0.734375,-4.382005
0.630208,0.734375,-4.382679
0.640625,0.734375,-4.383352
0.651042,0.734375,-4.384026
0.661458,0.734375,-4.384700
0.671875,0.734375,-4.385373
0.682292,0.734375,-4.386047
0.692708,0.734375,-4.386721
0.703125,0.734375,-4.387395
0.713542,0.734375,-4.388068
0.723958,0.734375,-4.388742
0.734375,0.734375,-4.389416
0.744792,0.734375,-4.390090
0.755208,0.734375,-4.390763
0.765625,0.734375,-4.391437
0.776042,0.734375,-4.392111
0.786458,0.734375,-4.392784
0.796875,0.734375,-4.393458
0.807292,0.734375,-4.394132
0.817708,0.734375,-4.394806
0.828125,0.734375,-4.395479
0.838542,0.734375,-4.396153
0.848958,0.734375,-4.396827
0.859375,0.734375,-4.397501
0.869792,0.734375,-4.398174
0.880208,0.734375,-4.398848
0.890625,0.734375,-4.399522
0.901042,0.734375,-4.400195
0.911458,0.734375,-4.400869
0.921875,0.734375,-4.401543
0.932292,0.734375,-4.402217
0.942708,0.734375,-4.402890
0.953125,0.734375,-4.403564
0.963542,0.734375,-4.404238
0.973958,0.734375,-4.404912
0.984375,0.734375,-4.405585
0.994792,0.734375,-4.406259
0.005208,0.744792,-3.994449
0.015625,0.744792,-3.857608
0.026042,0.744792,-3.720767
0.036458,0.744792,-3.682828
0.046875,0.744792,-3.743790
0.057292,0.744792,-3.804752
0.067708,0.744792,-3.851511
0.078125,0.744792,-3.884067
0.088542,0.744792,-3.916623
0.098958,0.744792,-3.949179
0.109375,0.744792,-3.981735
0.119792,0.744792,-4.014291
0.130208,0.744792,-4.035659
0.140625,0.744792,-4.045839
0.151042,0.744792,-4.056018
0.161458,0.744792,-4.066198
0.171875,0.744792,-4.076378
0.182292,0.744792,-4.086558
0.192708,0.744792,-4.096738
0.203125,0.744792,-4.106918
0.213542,0.744792,-4.117098
0.223958,0.744792,-4.127278
0.234375,0.744792,-4.137458
0.244792,0.744792,-4.147637
0.255208,0.744792,-4.155148
0.265625,0.744792,-4.159988
0.276042,0.744792,-4.164829
0.286458,0.744792,-4.169669
0.296875,0.744792,-4.174510
0.307292,0.744792,-4.179350
0.317708,0.744792,-4.184191
0.328125,0.744792,-4.189031
0.338542,0.744792,-4.193872
0.348958,0.744792,-4.198712
0.359375,0.744792,-4.203553
0.369792,0.744792,-4.208393
0.380208,0.744792,-4.213234
0.390625,0.744792,-4.218074
0.401042,0.744792,-4.222915
0.411458,0.744792,-4.227755
0.421875,0.744792,-4.232596
0.432292,0.744792,-4.237436
0.442708,0.744792,-4.242277
0.453125,0.744792,-4.247117
0.463542,0.744792,-4.251958
0.473958,0.744792,-4.256798
0.484375,0.744792,-4.261639
0.494792,0.744792,-4.266479
0.505208,0.744792,-4.270254
0.515625,0.744792,-4.272963
0.526042,0.744792,-4.275672
0.536458,0.744792,-4.278381
0.546875,0.744792,-4.281090
0.557292,0.744792,-4.283799
0.567708,0.744792,-4.286508
0.578125,0.744792,-4.289217
0.588542,0.744792,-4.291926
0.598958,0.744792,-4.294635
0.609375,0.744792,-4.297344
0.619792,0.744792,-4.300053
0.630208,0.744792,-4.302762
0.640625,0.744792,-4.305471
0.651042,0.744792,-4.308180
0.661458,0.744792,-4.310889
0.671875,0.744792,-4.313598
0.682292,0.744792,-4.316307
0.692708,0.744792,-4.319016
0.703125,0.744792,-4.321725
0.713542,0.744792,-4.324434
0.723958,0.744792,-4.327143
0.734375,0.744792,-4.329852
0.744792,0.744792,-4.332561
0.755208,0.744792,-4.335271
0.765625,0.744792,-4.337980
0.776042,0.744792,-4.340689
0.786458,0.744792,-4.343398
0.796875,0.744792,-4.346107
0.807292,0.744792,-4.348816
0.817708,0.744792,-4.351525
0.828125,0.744792,-4.354234
0.838542,0.744792,-4.356943
0.848958,0.744792,-4.359652
0.859375,0.744792,-4.362361
0.869792,0.744792,-4.365070
0.880208,0.744792,-4.367779
0.890625,0.744792,-4.370488
0.901042,0.744792,-4.373197
0.911458,0.744792,-4.375906
0.921875,0.744792,-4.378615
0.932292,0.744792,-4.381324
0.942708,0.744792,-4.384033
0.953125,0.744792,-4.386742
0.963542,0.744792,-4.389451
0.973958,0.744792,-4.392160
0.984375,0.744792,-4.394869
0.994792,0.744792,-4.397578
0.005208,0.755208,-3.987222
0.015625,0.755208,-3.948701
0.026042,0.755208,-3.844207
0.036458,0.755208,-3.871660
0.046875,0.755208,-3.833139
0.057292,0.755208,-3.794618
0.067708,0.755208,-3.797138
0.078125,0.755208,-3.840699
0.088542,0.755208,-3.884259
0.098958,0.755208,-3.927820
0.109375,0.755208,-3.971380
0.119792,0.755208,-4.014941
0.130208,0.755208,-4.040448
0.140625,0.755208,-4.047902
0.151042,0.755208,-4.055356
0.161458,0.755208,-4.062810
0.171875,0.755208,-4.070264
0.182292,0.755208,-4.077718
0.192708,0.755208,-4.085172
0.203125,0.755208,-4.092626
0.213542,0.755208,-4.100080
0.223958,0.755208,-4.107534
0.234375,0.755208,-4.114988
0.244792,0.755208,-4.122442
0.255208,0.755208,-4.128047
0.265625,0.755208,-4.131805
0.276042,0.755208,-4.135562
0.286458,0.755208,-4.139319
0.296875,0.755208,-4.143077
0.307292,0.755208,-4.146834
0.317708,0.755208,-4.150591
0.328125,0.755208,-4.154349
0.338542,0.755208,-4.158106
0.348958,0.755208,-4.161863
0.359375,0.755208,-4.165621
0.369792,0.755208,-4.169378
0.380208,0.755208,-4.173135
0.390625,0.755208,-4.176893
0.401042,0.755208,-4.180650
0.411458,0.755208,-4.184407
0.421875,0.755208,-4.188165
0.432292,0.755208,-4.191922
0.442708,0.755208,-4.195679
0.453125,0.755208,-4.199437
0.463542,0.755208,-4.203194
0.473958,0.755208,-4.206951
0.484375,0.755208,-4.210709
0.494792,0.755208,-4.214466
0.505208,0.755208,-4.218350
0.515625,0.755208,-4.222353
0.526042,0.755208,-4.226356
0.536458,0.755208,-4.230359
0.546875,0.755208,-4.234361
0.557292,0.755208,-4.238364
0.567708,0.755208,-4.242367
0.578125,0.755208,-4.246370
0.588542,0.755208,-4.250372
0.598958,0.755208,-4.254375
0.609375,0.755208,-4.258378
0.619792,0.755208,-4.262381
0.630208,0.755208,-4.266383
0.640625,0.755208,-4.270386
0.651042,0.755208,-4.274389
0.661458,0.755208,-4.278392
0.671875,0.755208,-4.282394
0.682292,0.755208,-4.286397
0.692708,0.755208,-4.290400
0.703125,0.755208,-4.294403
0.713542,0.755208,-4.298405
0.723958,0.755208,-4.302408
0.734375,0.755208,-4.306411
0.744792,0.755208,-4.310414
0.755208,0.755208,-4.314417
0.765625,0.755208,-4.318419
0.776042,0.755208,-4.322422
0.786458,0.755208,-4.326425
0.796875,0.755208,-4.330428
0.807292,0.755208,-4.334430
0.817708,0.755208,-4.338433
0.828125,0.755208,-4.342436
0.838542,0.755208,-4.346439
0.848958,0.755208,-4.350441
0.859375,0.755208,-4.354444
0.869792,0.755208,-4.358447
0.880208,0.755208,-4.362450
0.890625,0.755208,-4.366452
0.901042,0.755208,-4.370455
0.911458,0.755208,-4.374458
0.921875,0.755208,-4.378461
0.932292,0.755208,-4.382463
0.942708,0.755208,-4.386466
0.953125,0.755208,-4.390469
0.963542,0.755208,-4.394472
0.973958,0.755208,-4.398474
0.984375,0.755208,-4.402477
0.994792,0.755208,-4.406480
0.005208,0.765625,-3.925554
0.015625,0.765625,-3.887133
0.026042,0.765625,-3.650582
0.036458,0.765625,-3.810292
0.046875,0.765625,-3.771871
0.057292,0.765625,-3.733450
0.067708,0.765625,-3.733556
0.078125,0.765625,-3.772190
0.088542,0.765625,-3.810824
0.098958,0.765625,-3.849457
0.109375,0.765625,-3.888091
0.119792,0.765625,-3.926725
0.130208,0.765625,-3.953496
0.140625,0.765625,-3.968405
0.151042,0.765625,-3.983313
0.161458,0.765625,-3.998222
0.171875,0.765625,-4.013130
0.182292,0.765625,-4.028039
0.192708,0.765625,-4.042948
0.203125,0.765625,-4.057856
0.213542,0.765625,-4.072765
0.223958,0.765625,-4.087673
0.234375,0.765625,-4.102582
0.244792,0.765625,-4.117490
0.255208,0.765625,-4.126854
0.265625,0.765625,-4.130673
0.276042,0.765625,-4.134491
0.286458,0.765625,-4.138310
0.296875,0.765625,-4.142129
0.307292,0.765625,-4.145947
0.317708,0.765625,-4.149766
0.328125,0.765625,-4.153585
0.338542,0.765625,-4.157403
0.348958,0.765625,-4.161222
0.359375,0.765625,-4.165041
0.369792,0.765625,-4.168859
0.380208,0.765625,-4.172678
0.390625,0.765625,-4.176496
0.401042,0.765625,-4.180315
0.411458,0.765625,-4.184134
0.421875,0.765625,-4.187952
0.432292,0.765625,-4.191771
0.442708,0.765625,-4.195590
0.453125,0.765625,-4.199408
0.463542,0.765625,-4.203227
0.473958,0.765625,-4.207046
0.484375,0.765625,-4.210864
0.494792,0.765625,-4.214683
0.505208,0.765625,-4.218883
0.515625,0.765625,-4.223438
0.526042,0.765625,-4.227993
0.536458,0.765625,-4.232548
0.546875,0.765625,-4.237103
0.557292,0.765625,-4.241658
0.567708,0.765625,-4.246212
0.578125,0.765625,-4.250767
0.588542,0.765625,-4.255322
0.598958,0.765625,-4.259877
0.609375,0.765625,-4.264432
0.619792,0.765625,-4.268987
0.630208,0.765625,-4.273542
0.640625,0.765625,-4.278097
0.651042,0.765625,-4.282652
0.661458,0.765625,-4.287207
0.671875,0.765625,-4.291762
0.682292,0.765625,-4.296317
0.692708,0.765625,-4.300872
0.703125,0.765625,-4.305427
0.713542,0.765625,-4.309982
0.723958,0.765625,-4.314537
0.734375,0.765625,-4.319091
0.744792,0.765625,-4.323646
0.755208,0.765625,-4.328201
0.765625,0.765625,-4.332756
0.776042,0.765625,-4.337311
0.786458,0.765625,-4.341866
0.796875,0.765625,-4.346421
0.807292,0.765625,-4.350976
0.817708,0.765625,-4.355531
0.828125,0.765625,-4.360086
0.838542,0.765625,-4.364641
0.848958,0.765625,-4.369196
0.859375,0.765625,-4.373751
0.869792,0.765625,-4.378306
0.880208,0.765625,-4.382861
0.890625,0.765625,-4.387416
0.901042,0.765625,-4.391970
0.911458,0.765625,-4.396525
0.921875,0.765625,-4.401080
0.932292,0.765625,-4.405635
0.942708,0.765625,-4.410190
0.953125,0.765625,-4.414745
0.963542,0.765625,-4.419300
0.973958,0.765625,-4.423855
0.984375,0.765625,-4.428410
0.994792,0.765625,-4.432965
0.005208,0.776042,-3.863887
0.015625,0.776042,-3.825566
0.026042,0.776042,-3.456957
0.036458,0.776042,-3.748923
0.046875,0.776042,-3.710602
0.057292,0.776042,-3.672281
0.067708,0.776042,-3.669974
0.078125,0.776042,-3.703681
0.088542,0.776042,-3.737388
0.098958,0.776042,-3.771095
0.109375,0.776042,-3.804802
0.119792,0.776042,-3.838509
0.130208,0.776042,-3.866544
0.140625,0.776042,-3.888907
0.151042,0.776042,-3.911271
0.161458,0.776042,-3.933634
0.171875,0.776042,-3.955997
0.182292,0.776042,-3.978360
0.192708,0.776042,-4.000723
0.203125,0.776042,-4.023086
0.213542,0.776042,-4.045450
0.223958,0.776042,-4.067813
0.234375,0.776042,-4.090176
0.244792,0.776042,-4.112539
0.255208,0.776042,-4.125661
0.265625,0.776042,-4.129541
0.276042,0.776042,-4.133421
0.286458,0.776042,-4.137301
0.296875,0.776042,-4.141181
0.307292,0.776042,-4.145060
0.317708,0.776042,-4.148940
0.328125,0.776042,-4.152820
0.338542,0.776042,-4.156700
0.348958,0.776042,-4.160580
0.359375,0.776042,-4.164460
0.369792,0.776042,-4.168340
0.380208,0.776042,-4.172220
0.390625,0.776042,-4.176100
0.401042,0.776042,-4.179980
0.411458,0.776042,-4.183860
0.421875,0.776042,-4.187740
0.432292,0.776042,-4.191620
0.442708,0.776042,-4.195500
0.453125,0.776042,-4.199380
0.463542,0.776042,-4.203260
0.473958,0.776042,-4.207140
0.484375,0.776042,-4.211020
0.494792,0.776042,-4.214900
0.505208,0.776042,-4.219415
0.515625,0.776042,-4.224522
0.526042,0.776042,-4.229630
0.536458,0.776042,-4.234737
0.546875,0.776042,-4.239844
0.557292,0.776042,-4.244951
0.567708,0.776042,-4.250058
0.578125,0.776042,-4.255165
0.588542,0.776042,-4.260272
0.598958,0.776042,-4.265379
0.609375,0.776042,-4.270487
0.619792,0.776042,-4.275594
0.630208,0.776042,-4.280701
0.640625,0.776042,-4.285808
0.651042,0.776042,-4.290915
0.661458,0.776042,-4.296022
0.671875,0.776042,-4.301129
0.682292,0.776042,-4.306236
0.692708,0.776042,-4.311343
0.703125,0.776042,-4.316451
0.713542,0.776042,-4.321558
0.723958,0.776042,-4.326665
0.734375,0.776042,-4.331772
0.744792,0.776042,-4.336879
0.755208,0.776042,-4.341986
0.765625,0.776042,-4.347093
0.776042,0.776042,-4.352200
0.786458,0.776042,-4.357307
0.796875,0.776042,-4.362415
0.807292,0.776042,-4.367522
0.817708,0.776042,-4.372629
0.828125,0.776042,-4.377736
0.838542,0.776042,-4.382843
0.848958,0.776042,-4.387950
0.859375,0.776042,-4.393057
0.869792,0.776042,-4.398164
0.880208,0.776042,-4.403272
0.890625,0.776042,-4.408379
0.901042,0.776042,-4.413486
0.911458,0.776042,-4.418593
0.921875,0.776042,-4.423700
0.932292,0.776042,-4.428807
0.942708,0.776042,-4.433914
0.953125,0.776042,-4.439021
0.963542,0.776042,-4.444128
0.973958,0.776042,-4.449236
0.984375,0.776042,-4.454343
0.994792,0.776042,-4.459450
0.005208,0.786458,-3.802219
0.015625,0.786458,-3.763998
0.026042,0.786458,-3.263332
0.036458,0.786458,-3.687555
0.046875,0.786458,-3.649334
0.057292,0.786458,-3.611112
0.067708,0.786458,-3.606392
0.078125,0.786458,-3.635172
0.088542,0.786458,-3.663952
0.098958,0.786458,-3.692733
0.109375,0.786458,-3.721513
0.119792,0.786458,-3.750293
0.130208,0.786458,-3.779592
0.140625,0.786458,-3.809410
0.151042,0.786458,-3.839228
0.161458,0.786458,-3.869046
0.171875,0.786458,-3.898863
0.182292,0.786458,-3.928681
0.192708,0.786458,-3.958499
0.203125,0.786458,-3.988317
0.213542,0.786458,-4.018134
0.223958,0.786458,-4.047952
0.234375,0.786458,-4.077770
0.244792,0.786458,-4.107588
0.255208,0.786458,-4.124467
0.265625,0.786458,-4.128409
0.276042,0.786458,-4.132350
0.286458,0.786458,-4.136291
0.296875,0.786458,-4.140232
0.307292,0.786458,-4.144174
0.317708,0.786458,-4.148115
0.328125,0.786458,-4.152056
0.338542,0.786458,-4.155998
0.348958,0.786458,-4.159939
0.359375,0.786458,-4.163880
0.369792,0.786458,-4.167821
0.380208,0.786458,-4.171763
0.390625,0.786458,-4.175704
0.401042,0.786458,-4.179645
0.411458,0.786458,-4.183587
0.421875,0.786458,-4.187528
0.432292,0.786458,-4.191469
0.442708,0.786458,-4.195410
0.453125,0.786458,-4.199352
0.463542,0.786458,-4.203293
0.473958,0.786458,-4.207234
0.484375,0.786458,-4.211176
0.494792,0.786458,-4.215117
0.505208,0.786458,-4.219948
0.515625,0.786458,-4.225607
0.526042,0.786458,-4.231266
0.536458,0.786458,-4.236926
0.546875,0.786458,-4.242585
0.557292,0.786458,-4.248244
0.567708,0.786458,-4.253904
0.578125,0.786458,-4.259563
0.588542,0.786458,-4.265222
0.598958,0.786458,-4.270881
0.609375,0.786458,-4.276541
0.619792,0.786458,-4.282200
0.630208,0.786458,-4.287859
0.640625,0.786458,-4.293519
0.651042,0.786458,-4.299178
0.661458,0.786458,-4.304837
0.671875,0.786458,-4.310497
0.682292,0.786458,-4.316156
0.692708,0.786458,-4.321815
0.703125,0.786458,-4.327474
0.713542,0.786458,-4.333134
0.723958,0.786458,-4.338793
0.734375,0.786458,-4.344452
0.744792,0.786458,-4.350112
0.755208,0.786458,-4.355771
0.765625,0.786458,-4.361430
0.776042,0.786458,-4.367090
0.786458,0.786458,-4.372749
0.796875,0.786458,-4.378408
0.807292,0.786458,-4.384067
0.817708,0.786458,-4.389727
0.828125,0.786458,-4.395386
0.838542,0.786458,-4.401045
0.848958,0.786458,-4.406705
0.859375,0.786458,-4.412364
0.869792,0.786458,-4.418023
0.880208,0.786458,-4.423683
0.890625,0.786458,-4.429342
0.901042,0.786458,-4.435001
0.911458,0.786458,-4.440660
0.921875,0.786458,-4.446320
0.932292,0.786458,-4.451979
0.942708,0.786458,-4.457638
0.953125,0.786458,-4.463298
0.963542,0.786458,-4.468957
0.973958,0.786458,-4.474616
0.984375,0.786458,-4.480275
0.994792,0.786458,-4.485935
0.005208,0.796875,-3.740552
0.015625,0.796875,-3.702430
0.026042,0.796875,-3.069707
0.036458,0.796875,-3.626187
0.046875,0.796875,-3.588065
0.057292,0.796875,-3.549944
0.067708,0.796875,-3.542809
0.078125,0.796875,-3.566663
0.088542,0.796875,-3.590517
0.098958,0.796875,-3.614370
0.109375,0.796875,-3.638224
0.119792,0.796875,-3.662077
0.130208,0.796875,-3.692640
0.140625,0.796875,-3.729913
0.151042,0.796875,-3.767185
0.161458,0.796875,-3.804457
0.171875,0.796875,-3.841730
0.182292,0.796875,-3.879002
0.192708,0.796875,-3.916274
0.203125,0.796875,-3.953547
0.213542,0.796875,-3.990819
0.223958,0.796875,-4.028092
0.234375,0.796875,-4.065364
0.244792,0.796875,-4.102636
0.255208,0.796875,-4.123274
0.265625,0.796875,-4.127276
0.276042,0.796875,-4.131279
0.286458,0.796875,-4.135282
0.296875,0.796875,-4.139284
0.307292,0.796875,-4.143287
0.317708,0.796875,-4.147290
0.328125,0.796875,-4.151292
0.338542,0.796875,-4.155295
0.348958,0.796875,-4.159297
0.359375,0.796875,-4.163300
0.369792,0.796875,-4.167303
0.380208,0.796875,-4.171305
0.390625,0.796875,-4.175308
0.401042,0.796875,-4.179310
0.411458,0.796875,-4.183313
0.421875,0.796875,-4.187316
0.432292,0.796875,-4.191318
0.442708,0.796875,-4.195321
0.453125,0.796875,-4.199323
0.463542,0.796875,-4.203326
0.473958,0.796875,-4.207329
0.484375,0.796875,-4.211331
0.494792,0.796875,-4.215334
0.505208,0.796875,-4.220480
0.515625,0.796875,-4.226692
0.526042,0.796875,-4.232903
0.536458,0.796875,-4.239115
0.546875,0.796875,-4.245326
0.557292,0.796875,-4.251538
0.567708,0.796875,-4.257749
0.578125,0.796875,-4.263961
0.588542,0.796875,-4.270172
0.598958,0.796875,-4.276384
0.609375,0.796875,-4.282595
0.619792,0.796875,-4.288807
0.630208,0.796875,-4.295018
0.640625,0.796875,-4.301230
0.651042,0.796875,-4.307441
0.661458,0.796875,-4.313652
0.671875,0.796875,-4.319864
0.682292,0.796875,-4.326075
0.692708,0.796875,-4.332287
0.703125,0.796875,-4.338498
0.713542,0.796875,-4.344710
0.723958,0.796875,-4.350921
0.734375,0.796875,-4.357133
0.744792,0.796875,-4.363344
0.755208,0.796875,-4.369556
0.765625,0.796875,-4.375767
0.776042,0.796875,-4.381979
0.786458,0.796875,-4.388190
0.796875,0.796875,-4.394402
0.807292,0.796875,-4.400613
0.817708,0.796875,-4.406825
0.828125,0.796875,-4.413036
0.838542,0.796875,-4.419248
0.848958,0.796875,-4.425459
0.859375,0.796875,-4.431671
0.869792,0.796875,-4.437882
0.880208,0.796875,-4.444093
0.890625,0.796875,-4.450305
0.901042,0.796875,-4.456516
0.911458,0.796875,-4.462728
0.921875,0.796875,-4.468939
0.932292,0.796875,-4.475151
0.942708,0.796875,-4.481362
0.953125,0.796875,-4.487574
0.963542,0.796875,-4.493785
0.973958,0.796875,-4.499997
0.984375,0.796875,-4.506208
0.994792,0.796875,-4.512420
0.005208,0.807292,-3.678885
0.015625,0.807292,-3.640863
0.026042,0.807292,-2.876082
0.036458,0.807292,-3.564819
0.046875,0.807292,-3.526797
0.057292,0.807292,-3.488775
0.067708,0.807292,-3.479227
0.078125,0.807292,-3.498154
0.088542,0.807292,-3.517081
0.098958,0.807292,-3.536008
0.109375,0.807292,-3.554934
0.119792,0.807292,-3.573861
0.130208,0.807292,-3.605688
0.140625,0.807292,-3.650415
0.151042,0.807292,-3.695142
0.161458,0.807292,-3.739869
0.171875,0.807292,-3.784596
0.182292,0.807292,-3.829323
0.192708,0.807292,-3.874050
0.203125,0.807292,-3.918777
0.213542,0.807292,-3.963504
0.223958,0.807292,-4.008231
0.234375,0.807292,-4.052958
0.244792,0.807292,-4.097685
0.255208,0.807292,-4.122080
0.265625,0.807292,-4.126144
0.276042,0.807292,-4.130208
0.286458,0.807292,-4.134272
0.296875,0.807292,-4.138336
0.307292,0.807292,-4.142400
0.317708,0.807292,-4.146464
0.328125,0.807292,-4.150528
0.338542,0.807292,-4.154592
0.348958,0.807292,-4.158656
0.359375,0.807292,-4.162720
0.369792,0.807292,-4.166784
0.380208,0.807292,-4.170848
0.390625,0.807292,-4.174912
0.401042,0.807292,-4.178975
0.411458,0.807292,-4.183039
0.421875,0.807292,-4.187103
0.432292,0.807292,-4.191167
0.442708,0.807292,-4.195231
0.453125,0.807292,-4.199295
0.463542,0.807292,-4.203359
0.473958,0.807292,-4.207423
0.484375,0.807292,-4.211487
0.494792,0.807292,-4.215551
0.505208,0.807292,-4.221013
0.515625,0.807292,-4.227776
0.526042,0.807292,-4.234540
0.536458,0.807292,-4.241304
0.546875,0.807292,-4.248067
0.557292,0.807292,-4.254831
0.567708,0.807292,-4.261595
0.578125,0.807292,-4.268358
0.588542,0.807292,-4.275122
0.598958,0.807292,-4.281886
0.609375,0.807292,-4.288649
0.619792,0.807292,-4.295413
0.630208,0.807292,-4.302177
0.640625,0.807292,-4.308940
0.651042,0.807292,-4.315704
0.661458,0.807292,-4.322468
0.671875,0.807292,-4.329231
0.682292,0.807292,-4.335995
0.692708,0.807292,-4.342759
0.703125,0.807292,-4.349522
0.713542,0.807292,-4.356286
0.723958,0.807292,-4.363050
0.734375,0.807292,-4.369813
0.744792,0.807292,-4.376577
0.755208,0.807292,-4.383341
0.765625,0.807292,-4.390104
0.776042,0.807292,-4.396868
0.786458,0.807292,-4.403632
0.796875,0.807292,-4.410395
0.807292,0.807292,-4.417159
0.817708,0.807292,-4.423923
0.828125,0.807292,-4.430686
0.838542,0.807292,-4.437450
0.848958,0.807292,-4.444213
0.859375,0.807292,-4.450977
0.869792,0.807292,-4.457741
0.880208,0.807292,-4.464504
0.890625,0.807292,-4.471268
0.901042,0.807292,-4.478032
0.911458,0.807292,-4.484795
0.921875,0.807292,-4.491559
0.932292,0.807292,-4.498323
0.942708,0.807292,-4.505086
0.953125,0.807292,-4.511850
0.963542,0.807292,-4.518614
0.973958,0.807292,-4.525377
0.984375,0.807292,-4.532141
0.994792,0.807292,-4.538905
0.005208,0.817708,-3.756508
0.015625,0.817708,-3.997167
0.026042,0.817708,-3.099119
0.036458,0.817708,-3.604006
0.046875,0.817708,-3.529736
0.057292,0.817708,-3.455466
0.067708,0.817708,-3.430765
0.078125,0.817708,-3.455634
0.088542,0.817708,-3.480503
0.098958,0.817708,-3.505372
0.109375,0.817708,-3.530241
0.119792,0.817708,-3.555109
0.130208,0.817708,-3.590514
0.140625,0.817708,-3.636454
0.151042,0.817708,-3.682394
0.161458,0.817708,-3.728334
0.171875,0.817708,-3.774274
0.182292,0.817708,-3.820214
0.192708,0.817708,-3.866154
0.203125,0.817708,-3.912094
0.213542,0.817708,-3.958034
0.223958,0.817708,-4.003974
0.234375,0.817708,-4.049914
0.244792,0.817708,-4.095854
0.255208,0.817708,-4.120887
0.265625,0.817708,-4.125012
0.276042,0.817708,-4.129138
0.286458,0.817708,-4.133263
0.296875,0.817708,-4.137388
0.307292,0.817708,-4.141513
0.317708,0.817708,-4.145639
0.328125,0.817708,-4.149764
0.338542,0.817708,-4.153889
0.348958,0.817708,-4.158014
0.359375,0.817708,-4.162140
0.369792,0.817708,-4.166265
0.380208,0.817708,-4.170390
0.390625,0.817708,-4.174515
0.401042,0.817708,-4.178641
0.411458,0.817708,-4.182766
0.421875,0.817708,-4.186891
0.432292,0.817708,-4.191016
0.442708,0.817708,-4.195142
0.453125,0.817708,-4.199267
0.463542,0.817708,-4.203392
0.473958,0.817708,-4.207517
0.484375,0.817708,-4.211643
0.494792,0.817708,-4.215768
0.505208,0.817708,-4.221545
0.515625,0.817708,-4.228861
0.526042,0.817708,-4.236177
0.536458,0.817708,-4.243493
0.546875,0.817708,-4.250809
0.557292,0.817708,-4.258124
0.567708,0.817708,-4.265440
0.578125,0.817708,-4.272756
0.588542,0.817708,-4.280072
0.598958,0.817708,-4.287388
0.609375,0.817708,-4.294704
0.619792,0.817708,-4.302019
0.630208,0.817708,-4.309335
0.640625,0.817708,-4.316651
0.651042,0.817708,-4.323967
0.661458,0.817708,-4.331283
0.671875,0.817708,-4.338599
0.682292,0.817708,-4.345915
0.692708,0.817708,-4.353230
0.703125,0.817708,-4.360546
0.713542,0.817708,-4.367862
0.723958,0.817708,-4.375178
0.734375,0.817708,-4.382494
0.744792,0.817708,-4.389810
0.755208,0.817708,-4.397125
0.765625,0.817708,-4.404441
0.776042,0.817708,-4.411757
0.786458,0.817708,-4.419073
0.796875,0.817708,-4.426389
0.807292,0.817708,-4.433705
0.817708,0.817708,-4.441020
0.828125,0.817708,-4.448336
0.838542,0.817708,-4.455652
0.848958,0.817708,-4.462968
0.859375,0.817708,-4.470284
0.869792,0.817708,-4.477600
0.880208,0.817708,-4.484915
0.890625,0.817708,-4.492231
0.901042,0.817708,-4.499547
0.911458,0.817708,-4.506863
0.921875,0.817708,-4.514179
0.932292,0.817708,-4.521495
0.942708,0.817708,-4.528810
0.953125,0.817708,-4.536126
0.963542,0.817708,-4.543442
0.973958,0.817708,-4.550758
0.984375,0.817708,-4.558074
0.994792,0.817708,-4.565390
0.005208,0.828125,-3.973422
0.015625,0.828125,-4.771343
0.026042,0.828125,-3.738816
0.036458,0.828125,-3.743747
0.046875,0.828125,-3.596882
0.057292,0.828125,-3.450016
0.067708,0.828125,-3.397423
0.078125,0.828125,-3.439102
0.088542,0.828125,-3.480782
0.098958,0.828125,-3.522462
0.109375,0.828125,-3.564142
0.119792,0.828125,-3.605822
0.130208,0.828125,-3.647117
0.140625,0.828125,-3.688029
0.151042,0.828125,-3.728941
0.161458,0.828125,-3.769852
0.171875,0.828125,-3.810764
0.182292,0.828125,-3.851675
0.192708,0.828125,-3.892587
0.203125,0.828125,-3.933498
0.213542,0.828125,-3.974410
0.223958,0.828125,-4.015321
0.234375,0.828125,-4.056233
0.244792,0.828125,-4.097145
0.255208,0.828125,-4.119694
0.265625,0.828125,-4.123880
0.276042,0.828125,-4.128067
0.286458,0.828125,-4.132253
0.296875,0.828125,-4.136440
0.307292,0.828125,-4.140627
0.317708,0.828125,-4.144813
0.328125,0.828125,-4.149000
0.338542,0.828125,-4.153186
0.348958,0.828125,-4.157373
0.359375,0.828125,-4.161559
0.369792,0.828125,-4.165746
0.380208,0.828125,-4.169933
0.390625,0.828125,-4.174119
0.401042,0.828125,-4.178306
0.411458,0.828125,-4.182492
0.421875,0.828125,-4.186679
0.432292,0.828125,-4.190865
0.442708,0.828125,-4.195052
0.453125,0.828125,-4.199239
0.463542,0.828125,-4.203425
0.473958,0.828125,-4.207612
0.484375,0.828125,-4.211798
0.494792,0.828125,-4.215985
0.505208,0.828125,-4.222078
0.515625,0.828125,-4.229946
0.526042,0.828125,-4.237814
0.536458,0.828125,-4.245682
0.546875,0.828125,-4.253550
0.557292,0.828125,-4.261418
0.567708,0.828125,-4.269286
0.578125,0.828125,-4.277154
0.588542,0.828125,-4.285022
0.598958,0.828125,-4.292890
0.609375,0.828125,-4.300758
0.619792,0.828125,-4.308626
0.630208,0.828125,-4.316494
0.640625,0.828125,-4.324362
0.651042,0.828125,-4.332230
0.661458,0.828125,-4.340098
0.671875,0.828125,-4.347966
0.682292,0.828125,-4.355834
0.692708,0.828125,-4.363702
0.703125,0.828125,-4.371570
0.713542,0.828125,-4.379438
0.723958,0.828125,-4.387306
0.734375,0.828125,-4.395174
0.744792,0.828125,-4.403042
0.755208,0.828125,-4.410910
0.765625,0.828125,-4.418778
0.776042,0.828125,-4.426646
0.786458,0.828125,-4.434514
0.796875,0.828125,-4.442382
0.807292,0.828125,-4.450250
0.817708,0.828125,-4.458118
0.828125,0.828125,-4.465986
0.838542,0.828125,-4.473854
0.848958,0.828125,-4.481722
0.859375,0.828125,-4.489590
0.869792,0.828125,-4.497458
0.880208,0.828125,-4.505326
0.890625,0.828125,-4.513194
0.901042,0.828125,-4.521062
0.911458,0.828125,-4.528930
0.921875,0.828125,-4.536798
0.932292,0.828125,-4.544666
0.942708,0.828125,-4.552534
0.953125,0.828125,-4.560403
0.963542,0.828125,-4.568271
0.973958,0.828125,-4.576139
0.984375,0.828125,-4.584007
0.994792,0.828125,-4.591875
0.005208,0.838542,-4.190336
0.015625,0.838542,-5.545520
0.026042,0.838542,-4.378514
0.036458,0.838542,-3.883489
0.046875,0.838542,-3.664028
0.057292,0.838542,-3.444566
0.067708,0.838542,-3.364080
0.078125,0.838542,-3.422571
0.088542,0.838542,-3.481062
0.098958,0.838542,-3.539552
0.109375,0.838542,-3.598043
0.119792,0.838542,-3.656534
0.130208,0.838542,-3.703721
0.140625,0.838542,-3.739604
0.151042,0.838542,-3.775487
0.161458,0.838542,-3.811370
0.171875,0.838542,-3.847253
0.182292,0.838542,-3.883136
0.192708,0.838542,-3.919019
0.203125,0.838542,-3.954902
0.213542,0.838542,-3.990786
0.223958,0.838542,-4.026669
0.234375,0.838542,-4.062552
0.244792,0.838542,-4.098435
0.255208,0.838542,-4.118500
0.265625,0.838542,-4.122748
0.276042,0.838542,-4.126996
0.286458,0.838542,-4.131244
0.296875,0.838542,-4.135492
0.307292,0.838542,-4.139740
0.317708,0.838542,-4.143988
0.328125,0.838542,-4.148236
0.338542,0.838542,-4.152483
0.348958,0.838542,-4.156731
0.359375,0.838542,-4.160979
0.369792,0.838542,-4.165227
0.380208,0.838542,-4.169475
0.390625,0.838542,-4.173723
0.401042,0.838542,-4.177971
0.411458,0.838542,-4.182219
0.421875,0.838542,-4.186467
0.432292,0.838542,-4.190714
0.442708,0.838542,-4.194962
0.453125,0.838542,-4.199210
0.463542,0.838542,-4.203458
0.473958,0.838542,-4.207706
0.484375,0.838542,-4.211954
0.494792,0.838542,-4.216202
0.505208,0.838542,-4.222610
0.515625,0.838542,-4.231030
0.526042,0.838542,-4.239451
0.536458,0.838542,-4.247871
0.546875,0.838542,-4.256291
0.557292,0.838542,-4.264711
0.567708,0.838542,-4.273131
0.578125,0.838542,-4.281552
0.588542,0.838542,-4.289972
0.598958,0.838542,-4.298392
0.609375,0.838542,-4.306812
0.619792,0.838542,-4.315232
0.630208,0.838542,-4.323653
0.640625,0.838542,-4.332073
0.651042,0.838542,-4.340493
0.661458,0.838542,-4.348913
0.671875,0.838542,-4.357333
0.682292,0.838542,-4.365754
0.692708,0.838542,-4.374174
0.703125,0.838542,-4.382594
0.713542,0.838542,-4.391014
0.723958,0.838542,-4.399434
0.734375,0.838542,-4.407855
0.744792,0.838542,-4.416275
0.755208,0.838542,-4.424695
0.765625,0.838542,-4.433115
0.776042,0.838542,-4.441535
0.786458,0.838542,-4.449956
0.796875,0.838542,-4.458376
0.807292,0.838542,-4.466796
0.817708,0.838542,-4.475216
0.828125,0.838542,-4.483636
0.838542,0.838542,-4.492057
0.848958,0.838542,-4.500477
0.859375,0.838542,-4.508897
0.869792,0.838542,-4.517317
0.880208,0.838542,-4.525737
0.890625,0.838542,-4.534158
0.901042,0.838542,-4.542578
0.911458,0.838542,-4.550998
0.921875,0.838542,-4.559418
0.932292,0.838542,-4.567838
0.942708,0.838542,-4.576259
0.953125,0.838542,-4.584679
0.963542,0.838542,-4.593099
0.973958,0.838542,-4.601519
0.984375,0.838542,-4.609939
0.994792,0.838542,-4.618360
0.005208,0.848958,-4.183374
0.015625,0.848958,-5.648070
0.026042,0.848958,-4.513274
0.036458,0.848958,-3.836382
0.046875,0.848958,-3.617396
0.057292,0.848958,-3.401190
0.067708,0.848958,-3.330738
0.078125,0.848958,-3.406040
0.088542,0.848958,-3.481341
0.098958,0.848958,-3.556643
0.109375,0.848958,-3.631945
0.119792,0.848958,-3.707246
0.130208,0.848958,-3.760324
0.140625,0.848958,-3.791179
0.151042,0.848958,-3.822034
0.161458,0.848958,-3.852888
0.171875,0.848958,-3.883743
0.182292,0.848958,-3.914597
0.192708,0.848958,-3.945452
0.203125,0.848958,-3.976307
0.213542,0.848958,-4.007161
0.223958,0.848958,-4.038016
0.234375,0.848958,-4.068870
0.244792,0.848958,-4.099725
0.255208,0.848958,-4.117307
0.265625,0.848958,-4.121616
0.276042,0.848958,-4.125925
0.286458,0.848958,-4.130235
0.296875,0.848958,-4.134544
0.307292,0.848958,-4.138853
0.317708,0.848958,-4.143162
0.328125,0.848958,-4.147471
0.338542,0.848958,-4.151781
0.348958,0.848958,-4.156090
0.359375,0.848958,-4.160399
0.369792,0.848958,-4.164708
0.380208,0.848958,-4.169017
0.390625,0.848958,-4.173327
0.401042,0.848958,-4.177636
0.411458,0.848958,-4.181945
0.421875,0.848958,-4.186254
0.432292,0.848958,-4.190564
0.442708,0.848958,-4.194873
0.453125,0.848958,-4.199182
0.463542,0.848958,-4.203491
0.473958,0.848958,-4.207800
0.484375,0.848958,-4.212110
0.494792,0.848958,-4.216419
0.505208,0.848958,-4.223143
0.515625,0.848958,-4.232115
0.526042,0.848958,-4.241087
0.536458,0.848958,-4.250060
0.546875,0.848958,-4.259032
0.557292,0.848958,-4.268005
0.567708,0.848958,-4.276977
0.578125,0.848958,-4.285949
0.588542,0.848958,-4.294922
0.598958,0.848958,-4.303894
0.609375,0.848958,-4.312867
0.619792,0.848958,-4.321839
0.630208,0.848958,-4.330811
0.640625,0.848958,-4.339784
0.651042,0.848958,-4.348756
0.661458,0.848958,-4.357728
0.671875,0.848958,-4.366701
0.682292,0.848958,-4.375673
0.692708,0.848958,-4.384646
0.703125,0.848958,-4.393618
0.713542,0.848958,-4.402590
0.723958,0.848958,-4.411563
0.734375,0.848958,-4.420535
0.744792,0.848958,-4.429507
0.755208,0.848958,-4.438480
0.765625,0.848958,-4.447452
0.776042,0.848958,-4.456425
0.786458,0.848958,-4.465397
0.796875,0.848958,-4.474369
0.807292,0.848958,-4.483342
0.817708,0.848958,-4.492314
0.828125,0.848958,-4.501286
0.838542,0.848958,-4.510259
0.848958,0.848958,-4.519231
0.859375,0.848958,-4.528204
0.869792,0.848958,-4.537176
0.880208,0.848958,-4.546148
0.890625,0.848958,-4.555121
0.901042,0.848958,-4.564093
0.911458,0.848958,-4.573065
0.921875,0.848958,-4.582038
0.932292,0.848958,-4.591010
0.942708,0.848958,-4.599983
0.953125,0.848958,-4.608955
0.963542,0.848958,-4.617927
0.973958,0.848958,-4.626900
0.984375,0.848958,-4.635872
0.994792,0.848958,-4.644844
0.005208,0.859375,-3.952537
0.015625,0.859375,-5.078994
0.026042,0.859375,-4.143095
0.036458,0.859375,-3.604095
0.046875,0.859375,-3.461992
0.057292,0.859375,-3.321557
0.067708,0.859375,-3.297395
0.078125,0.859375,-3.389508
0.088542,0.859375,-3.481621
0.098958,0.859375,-3.573733
0.109375,0.859375,-3.665846
0.119792,0.859375,-3.757958
0.130208,0.859375,-3.816928
0.140625,0.859375,-3.842754
0.151042,0.859375,-3.868580
0.161458,0.859375,-3.894406
0.171875,0.859375,-3.920232
0.182292,0.859375,-3.946058
0.192708,0.859375,-3.971885
0.203125,0.859375,-3.997711
0.213542,0.859375,-4.023537
0.223958,0.859375,-4.049363
0.234375,0.859375,-4.075189
0.244792,0.859375,-4.101015
0.255208,0.859375,-4.116114
0.265625,0.859375,-4.120484
0.276042,0.859375,-4.124855
0.286458,0.859375,-4.129225
0.296875,0.859375,-4.133596
0.307292,0.859375,-4.137966
0.317708,0.859375,-4.142337
0.328125,0.859375,-4.146707
0.338542,0.859375,-4.151078
0.348958,0.859375,-4.155448
0.359375,0.859375,-4.159819
0.369792,0.859375,-4.164189
0.380208,0.859375,-4.168560
0.390625,0.859375,-4.172930
0.401042,0.859375,-4.177301
0.411458,0.859375,-4.181671
0.421875,0.859375,-4.186042
0.432292,0.859375,-4.190413
0.442708,0.859375,-4.194783
0.453125,0.859375,-4.199154
0.463542,0.859375,-4.203524
0.473958,0.859375,-4.207895
0.484375,0.859375,-4.212265
0.494792,0.859375,-4.216636
0.505208,0.859375,-4.223675
0.515625,0.859375,-4.233200
0.526042,0.859375,-4.242724
0.536458,0.859375,-4.252249
0.546875,0.859375,-4.261773
0.557292,0.859375,-4.271298
0.567708,0.859375,-4.280823
0.578125,0.859375,-4.290347
0.588542,0.859375,-4.299872
0.598958,0.859375,-4.309396
0.609375,0.859375,-4.318921
0.619792,0.859375,-4.328445
0.630208,0.859375,-4.337970
0.640625,0.859375,-4.347494
0.651042,0.859375,-4.357019
0.661458,0.859375,-4.366544
0.671875,0.859375,-4.376068
0.682292,0.859375,-4.385593
0.692708,0.859375,-4.395117
0.703125,0.859375,-4.404642
0.713542,0.859375,-4.414166
0.723958,0.859375,-4.423691
0.734375,0.859375,-4.433215
0.744792,0.859375,-4.442740
0.755208,0.859375,-4.452265
0.765625,0.859375,-4.461789
0.776042,0.859375,-4.471314
0.786458,0.859375,-4.480838
0.796875,0.859375,-4.490363
0.807292,0.859375,-4.499887
0.817708,0.859375,-4.509412
0.828125,0.859375,-4.518937
0.838542,0.859375,-4.528461
0.848958,0.859375,-4.537986
0.859375,0.859375,-4.547510
0.869792,0.859375,-4.557035
0.880208,0.859375,-4.566559
0.890625,0.859375,-4.576084
0.901042,0.859375,-4.585608
0.911458,0.859375,-4.595133
0.921875,0.859375,-4.604658
0.932292,0.859375,-4.614182
0.942708,0.859375,-4.623707
0.953125,0.859375,-4.633231
0.963542,0.859375,-4.642756
0.973958,0.859375,-4.652280
0.984375,0.859375,-4.661805
0.994792,0.859375,-4.671329
0.005208,0.869792,-3.721700
0.015625,0.869792,-4.509918
0.026042,0.869792,-3.772917
0.036458,0.869792,-3.371807
0.046875,0.869792,-3.306587
0.057292,0.869792,-3.241923
0.067708,0.869792,-3.264053
0.078125,0.869792,-3.372977
0.088542,0.869792,-3.481900
0.098958,0.869792,-3.590824
0.109375,0.869792,-3.699747
0.119792,0.869792,-3.808671
0.130208,0.869792,-3.873531
0.140625,0.869792,-3.894329
0.151042,0.869792,-3.915127
0.161458,0.869792,-3.935924
0.171875,0.869792,-3.956722
0.182292,0.869792,-3.977519
0.192708,0.869792,-3.998317
0.203125,0.869792,-4.019115
0.213542,0.869792,-4.039912
0.223958,0.869792,-4.060710
0.234375,0.869792,-4.081508
0.244792,0.869792,-4.102305
0.255208,0.869792,-4.114920
0.265625,0.869792,-4.119352
0.276042,0.869792,-4.123784
0.286458,0.869792,-4.128216
0.296875,0.869792,-4.132648
0.307292,0.869792,-4.137079
0.317708,0.869792,-4.141511
0.328125,0.869792,-4.145943
0.338542,0.869792,-4.150375
0.348958,0.869792,-4.154807
0.359375,0.869792,-4.159239
0.369792,0.869792,-4.163671
0.380208,0.869792,-4.168102
0.390625,0.869792,-4.172534
0.401042,0.869792,-4.176966
0.411458,0.869792,-4.181398
0.421875,0.869792,-4.185830
0.432292,0.869792,-4.190262
0.442708,0.869792,-4.194693
0.453125,0.869792,-4.199125
0.463542,0.869792,-4.203557
0.473958,0.869792,-4.207989
0.484375,0.869792,-4.212421
0.494792,0.869792,-4.216853
0.505208,0.869792,-4.224208
0.515625,0.869792,-4.234284
0.526042,0.869792,-4.244361
0.536458,0.869792,-4.254438
0.546875,0.869792,-4.264515
0.557292,0.869792,-4.274591
0.567708,0.869792,-4.284668
0.578125,0.869792,-4.294745
0.588542,0.869792,-4.304822
0.598958,0.869792,-4.314898
0.609375,0.869792,-4.324975
0.619792,0.869792,-4.335052
0.630208,0.869792,-4.345129
0.640625,0.869792,-4.355205
0.651042,0.869792,-4.365282
0.661458,0.869792,-4.375359
0.671875,0.869792,-4.385436
0.682292,0.869792,-4.395512
0.692708,0.869792,-4.405589
0.703125,0.869792,-4.415666
0.713542,0.869792,-4.425742
0.723958,0.869792,-4.435819
0.734375,0.869792,-4.445896
0.744792,0.869792,-4.455973
0.755208,0.869792,-4.466049
0.765625,0.869792,-4.476126
0.776042,0.869792,-4.486203
0.786458,0.869792,-4.496280
0.796875,0.869792,-4.506356
0.807292,0.869792,-4.516433
0.817708,0.869792,-4.526510
0.828125,0.869792,-4.536587
0.838542,0.869792,-4.546663
0.848958,0.869792,-4.556740
0.859375,0.869792,-4.566817
0.869792,0.869792,-4.576894
0.880208,0.869792,-4.586970
0.890625,0.869792,-4.597047
0.901042,0.869792,-4.607124
0.911458,0.869792,-4.617200
0.921875,0.869792,-4.627277
0.932292,0.869792,-4.637354
0.942708,0.869792,-4.647431
0.953125,0.869792,-4.657507
0.963542,0.869792,-4.667584
0.973958,0.869792,-4.677661
0.984375,0.869792,-4.687738
0.994792,0.869792,-4.697814
0.005208,0.880208,-3.598348
0.015625,0.880208,-4.192358
0.026042,0.880208,-3.582078
0.036458,0.880208,-3.264461
0.046875,0.880208,-3.239506
0.057292,0.880208,-3.214551
0.067708,0.880208,-3.258647
0.078125,0.880208,-3.371795
0.088542,0.880208,-3.484943
0.098958,0.880208,-3.598090
0.109375,0.880208,-3.711238
0.119792,0.880208,-3.824386
0.130208,0.880208,-3.890074
0.140625,0.880208,-3.908303
0.151042,0.880208,-3.926532
0.161458,0.880208,-3.944761
0.171875,0.880208,-3.962990
0.182292,0.880208,-3.981219
0.192708,0.880208,-3.999448
0.203125,0.880208,-4.017678
0.213542,0.880208,-4.035907
0.223958,0.880208,-4.054136
0.234375,0.880208,-4.072365
0.244792,0.880208,-4.090594
0.255208,0.880208,-4.102200
0.265625,0.880208,-4.107184
0.276042,0.880208,-4.112168
0.286458,0.880208,-4.117152
0.296875,0.880208,-4.122136
0.307292,0.880208,-4.127120
0.317708,0.880208,-4.132104
0.328125,0.880208,-4.137089
0.338542,0.880208,-4.142073
0.348958,0.880208,-4.147057
0.359375,0.880208,-4.152041
0.369792,0.880208,-4.157025
0.380208,0.880208,-4.162009
0.390625,0.880208,-4.166993
0.401042,0.880208,-4.171977
0.411458,0.880208,-4.176961
0.421875,0.880208,-4.181945
0.432292,0.880208,-4.186929
0.442708,0.880208,-4.191913
0.453125,0.880208,-4.196897
0.463542,0.880208,-4.201881
0.473958,0.880208,-4.206865
0.484375,0.880208,-4.211849
0.494792,0.880208,-4.216833
0.505208,0.880208,-4.224740
0.515625,0.880208,-4.235369
0.526042,0.880208,-4.245998
0.536458,0.880208,-4.256627
0.546875,0.880208,-4.267256
0.557292,0.880208,-4.277885
0.567708,0.880208,-4.288514
0.578125,0.880208,-4.299143
0.588542,0.880208,-4.309772
0.598958,0.880208,-4.320400
0.609375,0.880208,-4.331029
0.619792,0.880208,-4.341658
0.630208,0.880208,-4.352287
0.640625,0.880208,-4.362916
0.651042,0.880208,-4.373545
0.661458,0.880208,-4.384174
0.671875,0.880208,-4.394803
0.682292,0.880208,-4.405432
0.692708,0.880208,-4.416061
0.703125,0.880208,-4.426690
0.713542,0.880208,-4.437319
0.723958,0.880208,-4.447947
0.734375,0.880208,-4.458576
0.744792,0.880208,-4.469205
0.755208,0.880208,-4.479834
0.765625,0.880208,-4.490463
0.776042,0.880208,-4.501092
0.786458,0.880208,-4.511721
0.796875,0.880208,-4.522350
0.807292,0.880208,-4.532979
0.817708,0.880208,-4.543608
0.828125,0.880208,-4.554237
0.838542,0.880208,-4.564866
0.848958,0.880208,-4.575494
0.859375,0.880208,-4.586123
0.869792,0.880208,-4.596752
0.880208,0.880208,-4.607381
0.890625,0.880208,-4.618010
0.901042,0.880208,-4.628639
0.911458,0.880208,-4.639268
0.921875,0.880208,-4.649897
0.932292,0.880208,-4.660526
0.942708,0.880208,-4.671155
0.953125,0.880208,-4.681784
0.963542,0.880208,-4.692413
0.973958,0.880208,-4.703042
0.984375,0.880208,-4.713670
0.994792,0.880208,-4.724299
0.005208,0.890625,-3.582481
0.015625,0.890625,-4.126314
0.026042,0.890625,-3.570578
0.036458,0.890625,-3.282056
0.046875,0.890625,-3.260748
0.057292,0.890625,-3.239439
0.067708,0.890625,-3.281177
0.078125,0.890625,-3.385963
0.088542,0.890625,-3.490748
0.098958,0.890625,-3.595533
0.109375,0.890625,-3.700318
0.119792,0.890625,-3.805104
0.130208,0.890625,-3.866556
0.140625,0.890625,-3.884677
0.151042,0.890625,-3.902797
0.161458,0.890625,-3.920917
0.171875,0.890625,-3.939038
0.182292,0.890625,-3.957158
0.192708,0.890625,-3.975279
0.203125,0.890625,-3.993399
0.213542,0.890625,-4.011519
0.223958,0.890625,-4.029640
0.234375,0.890625,-4.047760
0.244792,0.890625,-4.065880
0.255208,0.890625,-4.077954
0.265625,0.890625,-4.083981
0.276042,0.890625,-4.090008
0.286458,0.890625,-4.096035
0.296875,0.890625,-4.102062
0.307292,0.890625,-4.108089
0.317708,0.890625,-4.114116
0.328125,0.890625,-4.120144
0.338542,0.890625,-4.126171
0.348958,0.890625,-4.132198
0.359375,0.890625,-4.138225
0.369792,0.890625,-4.144252
0.380208,0.890625,-4.150279
0.390625,0.890625,-4.156306
0.401042,0.890625,-4.162333
0.411458,0.890625,-4.168360
0.421875,0.890625,-4.174387
0.432292,0.890625,-4.180414
0.442708,0.890625,-4.186441
0.453125,0.890625,-4.192468
0.463542,0.890625,-4.198495
0.473958,0.890625,-4.204523
0.484375,0.890625,-4.210550
0.494792,0.890625,-4.216577
0.505208,0.890625,-4.225273
0.515625,0.890625,-4.236454
0.526042,0.890625,-4.247635
0.536458,0.890625,-4.258816
0.546875,0.890625,-4.269997
0.557292,0.890625,-4.281178
0.567708,0.890625,-4.292359
0.578125,0.890625,-4.303540
0.588542,0.890625,-4.314721
0.598958,0.890625,-4.325903
0.609375,0.890625,-4.337084
0.619792,0.890625,-4.348265
0.630208,0.890625,-4.359446
0.640625,0.890625,-4.370627
0.651042,0.890625,-4.381808
0.661458,0.890625,-4.392989
0.671875,0.890625,-4.404170
0.682292,0.890625,-4.415351
0.692708,0.890625,-4.426532
0.703125,0.890625,-4.437714
0.713542,0.890625,-4.448895
0.723958,0.890625,-4.460076
0.734375,0.890625,-4.471257
0.744792,0.890625,-4.482438
0.755208,0.890625,-4.493619
0.765625,0.890625,-4.504800
0.776042,0.890625,-4.515981
0.786458,0.890625,-4.527162
0.796875,0.890625,-4.538343
0.807292,0.890625,-4.549525
0.817708,0.890625,-4.560706
0.828125,0.890625,-4.571887
0.838542,0.890625,-4.583068
0.848958,0.890625,-4.594249
0.859375,0.890625,-4.605430
0.869792,0.890625,-4.616611
0.880208,0.890625,-4.627792
0.890625,0.890625,-4.638973
0.901042,0.890625,-4.650154
0.911458,0.890625,-4.661336
0.921875,0.890625,-4.672517
0.932292,0.890625,-4.683698
0.942708,0.890625,-4.694879
0.953125,0.890625,-4.706060
0.963542,0.890625,-4.717241
0.973958,0.890625,-4.728422
0.984375,0.890625,-4.739603
0.994792,0.890625,-4.750784
0.005208,0.901042,-3.566613
0.015625,0.901042,-4.060270
0.026042,0.901042,-3.559079
0.036458,0.901042,-3.299652
0.046875,0.901042,-3.281990
0.057292,0.901042,-3.264327
0.067708,0.901042,-3.303708
0.078125,0.901042,-3.400131
0.088542,0.901042,-3.496553
0.098958,0.901042,-3.592976
0.109375,0.901042,-3.689399
0.119792,0.901042,-3.785821
0.130208,0.901042,-3.843039
0.140625,0.901042,-3.861050
0.151042,0.901042,-3.879062
0.161458,0.901042,-3.897074
0.171875,0.901042,-3.915085
0.182292,0.901042,-3.933097
0.192708,0.901042,-3.951109
0.203125,0.901042,-3.969120
0.213542,0.901042,-3.987132
0.223958,0.901042,-4.005144
0.234375,0.901042,-4.023155
0.244792,0.901042,-4.041167
0.255208,0.901042,-4.053708
0.265625,0.901042,-4.060778
0.276042,0.901042,-4.067848
0.286458,0.901042,-4.074918
0.296875,0.901042,-4.081988
0.307292,0.901042,-4.089058
0.317708,0.901042,-4.096128
0.328125,0.901042,-4.103199
0.338542,0.901042,-4.110269
0.348958,0.901042,-4.117339
0.359375,0.901042,-4.124409
0.369792,0.901042,-4.131479
0.380208,0.901042,-4.138549
0.390625,0.901042,-4.145619
0.401042,0.901042,-4.152689
0.411458,0.901042,-4.159759
0.421875,0.901042,-4.166830
0.432292,0.901042,-4.173900
0.442708,0.901042,-4.180970
0.453125,0.901042,-4.188040
0.463542,0.901042,-4.195110
0.473958,0.901042,-4.202180
0.484375,0.901042,-4.209250
0.494792,0.901042,-4.216320
0.505208,0.901042,-4.225805
0.515625,0.901042,-4.237538
0.526042,0.901042,-4.249272
0.536458,0.901042,-4.261005
0.546875,0.901042,-4.272738
0.557292,0.901042,-4.284472
0.567708,0.901042,-4.296205
0.578125,0.901042,-4.307938
0.588542,0.901042,-4.319671
0.598958,0.901042,-4.331405
0.609375,0.901042,-4.343138
0.619792,0.901042,-4.354871
0.630208,0.901042,-4.366605
0.640625,0.901042,-4.378338
0.651042,0.901042,-4.390071
0.661458,0.901042,-4.401804
0.671875,0.901042,-4.413538
0.682292,0.901042,-4.425271
0.692708,0.901042,-4.437004
0.703125,0.901042,-4.448737
0.713542,0.901042,-4.460471
0.723958,0.901042,-4.472204
0.734375,0.901042,-4.483937
0.744792,0.901042,-4.495671
0.755208,0.901042,-4.507404
0.765625,0.901042,-4.519137
0.776042,0.901042,-4.530870
0.786458,0.901042,-4.542604
0.796875,0.901042,-4.554337
0.807292,0.901042,-4.566070
0.817708,0.901042,-4.577804
0.828125,0.901042,-4.589537
0.838542,0.901042,-4.601270
0.848958,0.901042,-4.613003
0.859375,0.901042,-4.624737
0.869792,0.901042,-4.636470
0.880208,0.901042,-4.648203
0.890625,0.901042,-4.659936
0.901042,0.901042,-4.671670
0.911458,0.901042,-4.683403
0.921875,0.901042,-4.695136
0.932292,0.901042,-4.706870
0.942708,0.901042,-4.718603
0.953125,0.901042,-4.730336
0.963542,0.901042,-4.742069
0.973958,0.901042,-4.753803
0.984375,0.901042,-4.765536
0.994792,0.901042,-4.777269
0.005208,0.911458,-3.550746
0.015625,0.911458,-3.994226
0.026042,0.911458,-3.547579
0.036458,0.911458,-3.317247
0.046875,0.911458,-3.303232
0.057292,0.911458,-3.289216
0.067708,0.911458,-3.326238
0.078125,0.911458,-3.414298
0.088542,0.911458,-3.502359
0.098958,0.911458,-3.590419
0.109375,0.911458,-3.678479
0.119792,0.911458,-3.766539
0.130208,0.911458,-3.819521
0.140625,0.911458,-3.837424
0.151042,0.911458,-3.855327
0.161458,0.911458,-3.873230
0.171875,0.911458,-3.891133
0.182292,0.911458,-3.909036
0.192708,0.911458,-3.926939
0.203125,0.911458,-3.944842
0.213542,0.911458,-3.962745
0.223958,0.911458,-3.980647
0.234375,0.911458,-3.998550
0.244792,0.911458,-4.016453
0.255208,0.911458,-4.029461
0.265625,0.911458,-4.037575
0.276042,0.911458,-4.045688
0.286458,0.911458,-4.053801
0.296875,0.911458,-4.061914
0.307292,0.911458,-4.070027
0.317708,0.911458,-4.078140
0.328125,0.911458,-4.086254
0.338542,0.911458,-4.094367
0.348958,0.911458,-4.102480
0.359375,0.911458,-4.110593
0.369792,0.911458,-4.118706
0.380208,0.911458,-4.126819
0.390625,0.911458,-4.134932
0.401042,0.911458,-4.143046
0.411458,0.911458,-4.151159
0.421875,0.911458,-4.159272
0.432292,0.911458,-4.167385
0.442708,0.911458,-4.175498
0.453125,0.911458,-4.183611
0.463542,0.911458,-4.191724
0.473958,0.911458,-4.199838
0.484375,0.911458,-4.207951
0.494792,0.911458,-4.216064
0.505208,0.911458,-4.226338
0.515625,0.911458,-4.238623
0.526042,0.911458,-4.250909
0.536458,0.911458,-4.263194
0.546875,0.911458,-4.275479
0.557292,0.911458,-4.287765
0.567708,0.911458,-4.300050
0.578125,0.911458,-4.312336
0.588542,0.911458,-4.324621
0.598958,0.911458,-4.336907
0.609375,0.911458,-4.349192
0.619792,0.911458,-4.361478
0.630208,0.911458,-4.373763
0.640625,0.911458,-4.386049
0.651042,0.911458,-4.398334
0.661458,0.911458,-4.410620
0.671875,0.911458,-4.422905
0.682292,0.911458,-4.435190
0.692708,0.911458,-4.447476
0.703125,0.911458,-4.459761
0.713542,0.911458,-4.472047
0.723958,0.911458,-4.484332
0.734375,0.911458,-4.496618
0.744792,0.911458,-4.508903
0.755208,0.911458,-4.521189
0.765625,0.911458,-4.533474
0.776042,0.911458,-4.545760
0.786458,0.911458,-4.558045
0.796875,0.911458,-4.570330
0.807292,0.911458,-4.582616
0.817708,0.911458,-4.594901
0.828125,0.911458,-4.607187
0.838542,0.911458,-4.619472
0.848958,0.911458,-4.631758
0.859375,0.911458,-4.644043
0.869792,0.911458,-4.656329
0.880208,0.911458,-4.668614
0.890625,0.911458,-4.680900
0.901042,0.911458,-4.693185
0.911458,0.911458,-4.705471
0.921875,0.911458,-4.717756
0.932292,0.911458,-4.730041
0.942708,0.911458,-4.742327
0.953125,0.911458,-4.754612
0.963542,0.911458,-4.766898
0.973958,0.911458,-4.779183
0.984375,0.911458,-4.791469
0.994792,0.911458,-4.803754
0.005208,0.921875,-3.534878
0.015625,0.921875,-3.928182
0.026042,0.921875,-3.536079
0.036458,0.921875,-3.334843
0.046875,0.921875,-3.324474
0.057292,0.921875,-3.314104
0.067708,0.921875,-3.348769
0.078125,0.921875,-3.428466
0.088542,0.921875,-3.508164
0.098958,0.921875,-3.587862
0.109375,0.921875,-3.667559
0.119792,0.921875,-3.747257
0.130208,0.921875,-3.796003
0.140625,0.921875,-3.813797
0.151042,0.921875,-3.831592
0.161458,0.921875,-3.849386
0.171875,0.921875,-3.867180
0.182292,0.921875,-3.884974
0.192708,0.921875,-3.902769
0.203125,0.921875,-3.920563
0.213542,0.921875,-3.938357
0.223958,0.921875,-3.956151
0.234375,0.921875,-3.973946
0.244792,0.921875,-3.991740
0.255208,0.921875,-4.005215
0.265625,0.921875,-4.014371
0.276042,0.921875,-4.023528
0.286458,0.921875,-4.032684
0.296875,0.921875,-4.041840
0.307292,0.921875,-4.050996
0.317708,0.921875,-4.060152
0.328125,0.921875,-4.069309
0.338542,0.921875,-4.078465
0.348958,0.921875,-4.087621
0.359375,0.921875,-4.096777
0.369792,0.921875,-4.105933
0.380208,0.921875,-4.115089
0.390625,0.921875,-4.124246
0.401042,0.921875,-4.133402
0.411458,0.921875,-4.142558
0.421875,0.921875,-4.151714
0.432292,0.921875,-4.160870
0.442708,0.921875,-4.170027
0.453125,0.921875,-4.179183
0.463542,0.921875,-4.188339
0.473958,0.921875,-4.197495
0.484375,0.921875,-4.206651
0.494792,0.921875,-4.215808
0.505208,0.921875,-4.226870
0.515625,0.921875,-4.239708
0.526042,0.921875,-4.252545
0.536458,0.921875,-4.265383
0.546875,0.921875,-4.278221
0.557292,0.921875,-4.291058
0.567708,0.921875,-4.303896
0.578125,0.921875,-4.316734
0.588542,0.921875,-4.329571
0.598958,0.921875,-4.342409
0.609375,0.921875,-4.355247
0.619792,0.921875,-4.368084
0.630208,0.921875,-4.380922
0.640625,0.921875,-4.393759
0.651042,0.921875,-4.406597
0.661458,0.921875,-4.419435
0.671875,0.921875,-4.432272
0.682292,0.921875,-4.445110
0.692708,0.921875,-4.457948
0.703125,0.921875,-4.470785
0.713542,0.921875,-4.483623
0.723958,0.921875,-4.496461
0.734375,0.921875,-4.509298
0.744792,0.921875,-4.522136
0.755208,0.921875,-4.534973
0.765625,0.921875,-4.547811
0.776042,0.921875,-4.560649
0.786458,0.921875,-4.573486
0.796875,0.921875,-4.586324
0.807292,0.921875,-4.599162
0.817708,0.921875,-4.611999
0.828125,0.921875,-4.624837
0.838542,0.921875,-4.637675
0.848958,0.921875,-4.650512
0.859375,0.921875,-4.663350
0.869792,0.921875,-4.676187
0.880208,0.921875,-4.689025
0.890625,0.921875,-4.701863
0.901042,0.921875,-4.714700
0.911458,0.921875,-4.727538
0.921875,0.921875,-4.740376
0.932292,0.921875,-4.753213
0.942708,0.921875,-4.766051
0.953125,0.921875,-4.778889
0.963542,0.921875,-4.791726
0.973958,0.921875,-4.804564
0.984375,0.921875,-4.817402
0.994792,0.921875,-4.830239
0.005208,0.932292,-3.519011
0.015625,0.932292,-3.862138
0.026042,0.932292,-3.524579
0.036458,0.932292,-3.352438
0.046875,0.932292,-3.345716
0.057292,0.932292,-3.338993
0.067708,0.932292,-3.371299
0.078125,0.932292,-3.442634
0.088542,0.932292,-3.513969
0.098958,0.932292,-3.585305
0.109375,0.932292,-3.656640
0.119792,0.932292,-3.727975
0.130208,0.932292,-3.772485
0.140625,0.932292,-3.790171
0.151042,0.932292,-3.807857
0.161458,0.932292,-3.825542
0.171875,0.932292,-3.843228
0.182292,0.932292,-3.860913
0.192708,0.932292,-3.878599
0.203125,0.932292,-3.896284
0.213542,0.932292,-3.913970
0.223958,0.932292,-3.931655
0.234375,0.932292,-3.949341
0.244792,0.932292,-3.967026
0.255208,0.932292,-3.980969
0.265625,0.932292,-3.991168
0.276042,0.932292,-4.001367
0.286458,0.932292,-4.011567
0.296875,0.932292,-4.021766
0.307292,0.932292,-4.031965
0.317708,0.932292,-4.042164
0.328125,0.932292,-4.052364
0.338542,0.932292,-4.062563
0.348958,0.932292,-4.072762
0.359375,0.932292,-4.082961
0.369792,0.932292,-4.093160
0.380208,0.932292,-4.103360
0.390625,0.932292,-4.113559
0.401042,0.932292,-4.123758
0.411458,0.932292,-4.133957
0.421875,0.932292,-4.144157
0.432292,0.932292,-4.154356
0.442708,0.932292,-4.164555
0.453125,0.932292,-4.174754
0.463542,0.932292,-4.184954
0.473958,0.932292,-4.195153
0.484375,0.932292,-4.205352
0.494792,0.932292,-4.215551
0.505208,0.932292,-4.227403
0.515625,0.932292,-4.240792
0.526042,0.932292,-4.254182
0.536458,0.932292,-4.267572
0.546875,0.932292,-4.280962
0.557292,0.932292,-4.294352
0.567708,0.932292,-4.307742
0.578125,0.932292,-4.321131
0.588542,0.932292,-4.334521
0.598958,0.932292,-4.347911
0.609375,0.932292,-4.361301
0.619792,0.932292,-4.374691
0.630208,0.932292,-4.388080
0.640625,0.932292,-4.401470
0.651042,0.932292,-4.414860
0.661458,0.932292,-4.428250
0.671875,0.932292,-4.441640
0.682292,0.932292,-4.455030
0.692708,0.932292,-4.468419
0.703125,0.932292,-4.481809
0.713542,0.932292,-4.495199
0.723958,0.932292,-4.508589
0.734375,0.932292,-4.521979
0.744792,0.932292,-4.535368
0.755208,0.932292,-4.548758
0.765625,0.932292,-4.562148
0.776042,0.932292,-4.575538
0.786458,0.932292,-4.588928
0.796875,0.932292,-4.602318
0.807292,0.932292,-4.615707
0.817708,0.932292,-4.629097
0.828125,0.932292,-4.642487
0.838542,0.932292,-4.655877
0.848958,0.932292,-4.669267
0.859375,0.932292,-4.682656
0.869792,0.932292,-4.696046
0.880208,0.932292,-4.709436
0.890625,0.932292,-4.722826
0.901042,0.932292,-4.736216
0.911458,0.932292,-4.749606
0.921875,0.932292,-4.762995
0.932292,0.932292,-4.776385
0.942708,0.932292,-4.789775
0.953125,0.932292,-4.803165
0.963542,0.932292,-4.816555
0.973958,0.932292,-4.829944
0.984375,0.932292,-4.843334
0.994792,0.932292,-4.856724
0.005208,0.942708,-3.503143
0.015625,0.942708,-3.796094
0.026042,0.942708,-3.513079
0.036458,0.942708,-3.370034
0.046875,0.942708,-3.366957
0.057292,0.942708,-3.363881
0.067708,0.942708,-3.393829
0.078125,0.942708,-3.456802
0.088542,0.942708,-3.519775
0.098958,0.942708,-3.582747
0.109375,0.942708,-3.645720
0.119792,0.942708,-3.708693
0.130208,0.942708,-3.748968
0.140625,0.942708,-3.766545
0.151042,0.942708,-3.784121
0.161458,0.942708,-3.801698
0.171875,0.942708,-3.819275
0.182292,0.942708,-3.836852
0.192708,0.942708,-3.854429
0.203125,0.942708,-3.872006
0.213542,0.942708,-3.889583
0.223958,0.942708,-3.907159
0.234375,0.942708,-3.924736
0.244792,0.942708,-3.942313
0.255208,0.942708,-3.956723
0.265625,0.942708,-3.967965
0.276042,0.942708,-3.979207
0.286458,0.942708,-3.990449
0.296875,0.942708,-4.001692
0.307292,0.942708,-4.012934
0.317708,0.942708,-4.024176
0.328125,0.942708,-4.035419
0.338542,0.942708,-4.046661
0.348958,0.942708,-4.057903
0.359375,0.942708,-4.069145
0.369792,0.942708,-4.080388
0.380208,0.942708,-4.091630
0.390625,0.942708,-4.102872
0.401042,0.942708,-4.114114
0.411458,0.942708,-4.125357
0.421875,0.942708,-4.136599
0.432292,0.942708,-4.147841
0.442708,0.942708,-4.159083
0.453125,0.942708,-4.170326
0.463542,0.942708,-4.181568
0.473958,0.942708,-4.192810
0.484375,0.942708,-4.204053
0.494792,0.942708,-4.215295
0.505208,0.942708,-4.227935
0.515625,0.942708,-4.241877
0.526042,0.942708,-4.255819
0.536458,0.942708,-4.269761
0.546875,0.942708,-4.283703
0.557292,0.942708,-4.297645
0.567708,0.942708,-4.311587
0.578125,0.942708,-4.325529
0.588542,0.942708,-4.339471
0.598958,0.942708,-4.353413
0.609375,0.942708,-4.367355
0.619792,0.942708,-4.381297
0.630208,0.942708,-4.395239
0.640625,0.942708,-4.409181
0.651042,0.942708,-4.423123
0.661458,0.942708,-4.437065
0.671875,0.942708,-4.451007
0.682292,0.942708,-4.464949
0.692708,0.942708,-4.478891
0.703125,0.942708,-4.492833
0.713542,0.942708,-4.506775
0.723958,0.942708,-4.520717
0.734375,0.942708,-4.534659
0.744792,0.942708,-4.548601
0.755208,0.942708,-4.562543
0.765625,0.942708,-4.576485
0.776042,0.942708,-4.590427
0.786458,0.942708,-4.604369
0.796875,0.942708,-4.618311
0.807292,0.942708,-4.632253
0.817708,0.942708,-4.646195
0.828125,0.942708,-4.660137
0.838542,0.942708,-4.674079
0.848958,0.942708,-4.688021
0.859375,0.942708,-4.701963
0.869792,0.942708,-4.715905
0.880208,0.942708,-4.729847
0.890625,0.942708,-4.743789
0.901042,0.942708,-4.757731
0.911458,0.942708,-4.771673
0.921875,0.942708,-4.785615
0.932292,0.942708,-4.799557
0.942708,0.942708,-4.813499
0.953125,0.942708,-4.827441
0.963542,0.942708,-4.841383
0.973958,0.942708,-4.855325
0.984375,0.942708,-4.869267
0.994792,0.942708,-4.883209
0.005208,0.953125,-3.487276
0.015625,0.953125,-3.730050
0.026042,0.953125,-3.501579
0.036458,0.953125,-3.387629
0.046875,0.953125,-3.388199
0.057292,0.953125,-3.388769
0.067708,0.953125,-3.416360
0.078125,0.953125,-3.470970
0.088542,0.953125,-3.525580
0.098958,0.953125,-3.580190
0.109375,0.953125,-3.634801
0.119792,0.953125,-3.689411
0.130208,0.953125,-3.725450
0.140625,0.953125,-3.742918
0.151042,0.953125,-3.760386
0.161458,0.953125,-3.777854
0.171875,0.953125,-3.795323
0.182292,0.953125,-3.812791
0.192708,0.953125,-3.830259
0.203125,0.953125,-3.847727
0.213542,0.953125,-3.865195
0.223958,0.953125,-3.882663
0.234375,0.953125,-3.900131
0.244792,0.953125,-3.917600
0.255208,0.953125,-3.932476
0.265625,0.953125,-3.944762
0.276042,0.953125,-3.957047
0.286458,0.953125,-3.969332
0.296875,0.953125,-3.981618
0.307292,0.953125,-3.993903
0.317708,0.953125,-4.006188
0.328125,0.953125,-4.018473
0.338542,0.953125,-4.030759
0.348958,0.953125,-4.043044
0.359375,0.953125,-4.055329
0.369792,0.953125,-4.067615
0.380208,0.953125,-4.079900
0.390625,0.953125,-4.092185
0.401042,0.953125,-4.104471
0.411458,0.953125,-4.116756
0.421875,0.953125,-4.129041
0.432292,0.953125,-4.141327
0.442708,0.953125,-4.153612
0.453125,0.953125,-4.165897
0.463542,0.953125,-4.178183
0.473958,0.953125,-4.190468
0.484375,0.953125,-4.202753
0.494792,0.953125,-4.215038
0.505208,0.953125,-4.228468
0.515625,0.953125,-4.242962
0.526042,0.953125,-4.257456
0.536458,0.953125,-4.271950
0.546875,0.953125,-4.286444
0.557292,0.953125,-4.300939
0.567708,0.953125,-4.315433
0.578125,0.953125,-4.329927
0.588542,0.953125,-4.344421
0.598958,0.953125,-4.358915
0.609375,0.953125,-4.373409
0.619792,0.953125,-4.387904
0.630208,0.953125,-4.402398
0.640625,0.953125,-4.416892
0.651042,0.953125,-4.431386
0.661458,0.953125,-4.445880
0.671875,0.953125,-4.460374
0.682292,0.953125,-4.474869
0.692708,0.953125,-4.489363
0.703125,0.953125,-4.503857
0.713542,0.953125,-4.518351
0.723958,0.953125,-4.532845
0.734375,0.953125,-4.547340
0.744792,0.953125,-4.561834
0.755208,0.953125,-4.576328
0.765625,0.953125,-4.590822
0.776042,0.953125,-4.605316
0.786458,0.953125,-4.619810
0.796875,0.953125,-4.634305
0.807292,0.953125,-4.648799
0.817708,0.953125,-4.663293
0.828125,0.953125,-4.677787
0.838542,0.953125,-4.692281
0.848958,0.953125,-4.706776
0.859375,0.953125,-4.721270
0.869792,0.953125,-4.735764
0.880208,0.953125,-4.750258
0.890625,0.953125,-4.764752
0.901042,0.953125,-4.779246
0.911458,0.953125,-4.793741
0.921875,0.953125,-4.808235
0.932292,0.953125,-4.822729
0.942708,0.953125,-4.837223
0.953125,0.953125,-4.851717
0.963542,0.953125,-4.866211
0.973958,0.953125,-4.880706
0.984375,0.953125,-4.895200
0.994792,0.953125,-4.909694
0.005208,0.963542,-3.471408
0.015625,0.963542,-3.664006
0.026042,0.963542,-3.490080
0.036458,0.963542,-3.405225
0.046875,0.963542,-3.409441
0.057292,0.963542,-3.413658
0.067708,0.963542,-3.438890
0.078125,0.963542,-3.485138
0.088542,0.963542,-3.531385
0.098958,0.963542,-3.577633
0.109375,0.963542,-3.623881
0.119792,0.963542,-3.670129
0.130208,0.963542,-3.701932
0.140625,0.963542,-3.719292
0.151042,0.963542,-3.736651
0.161458,0.963542,-3.754011
0.171875,0.963542,-3.771370
0.182292,0.963542,-3.788729
0.192708,0.963542,-3.806089
0.203125,0.963542,-3.823448
0.213542,0.963542,-3.840808
0.223958,0.963542,-3.858167
0.234375,0.963542,-3.875527
0.244792,0.963542,-3.892886
0.255208,0.963542,-3.908230
0.265625,0.963542,-3.921558
0.276042,0.963542,-3.934887
0.286458,0.963542,-3.948215
0.296875,0.963542,-3.961543
0.307292,0.963542,-3.974872
0.317708,0.963542,-3.988200
0.328125,0.963542,-4.001528
0.338542,0.963542,-4.014857
0.348958,0.963542,-4.028185
0.359375,0.963542,-4.041514
0.369792,0.963542,-4.054842
0.380208,0.963542,-4.068170
0.390625,0.963542,-4.081499
0.401042,0.963542,-4.094827
0.411458,0.963542,-4.108155
0.421875,0.963542,-4.121484
0.432292,0.963542,-4.134812
0.442708,0.963542,-4.148140
0.453125,0.963542,-4.161469
0.463542,0.963542,-4.174797
0.473958,0.963542,-4.188125
0.484375,0.963542,-4.201454
0.494792,0.963542,-4.214782
0.505208,0.963542,-4.229000
0.515625,0.963542,-4.244046
0.526042,0.963542,-4.259093
0.536458,0.963542,-4.274139
0.546875,0.963542,-4.289186
0.557292,0.963542,-4.304232
0.567708,0.963542,-4.319278
0.578125,0.963542,-4.334325
0.588542,0.963542,-4.349371
0.598958,0.963542,-4.364417
0.609375,0.963542,-4.379464
0.619792,0.963542,-4.394510
0.630208,0.963542,-4.409556
0.640625,0.963542,-4.424603
0.651042,0.963542,-4.439649
0.661458,0.963542,-4.454695
0.671875,0.963542,-4.469742
0.682292,0.963542,-4.484788
0.692708,0.963542,-4.499835
0.703125,0.963542,-4.514881
0.713542,0.963542,-4.529927
0.723958,0.963542,-4.544974
0.734375,0.963542,-4.560020
0.744792,0.963542,-4.575066
0.755208,0.963542,-4.590113
0.765625,0.963542,-4.605159
0.776042,0.963542,-4.620205
0.786458,0.963542,-4.635252
0.796875,0.963542,-4.650298
0.807292,0.963542,-4.665345
0.817708,0.963542,-4.680391
0.828125,0.963542,-4.695437
0.838542,0.963542,-4.710484
0.848958,0.963542,-4.725530
0.859375,0.963542,-4.740576
0.869792,0.963542,-4.755623
0.880208,0.963542,-4.770669
0.890625,0.963542,-4.785715
0.901042,0.963542,-4.800762
0.911458,0.963542,-4.815808
0.921875,0.963542,-4.830854
0.932292,0.963542,-4.845901
0.942708,0.963542,-4.860947
0.953125,0.963542,-4.875994
0.963542,0.963542,-4.891040
0.973958,0.963542,-4.906086
0.984375,0.963542,-4.921133
0.994792,0.963542,-4.936179
0.005208,0.973958,-3.455541
0.015625,0.973958,-3.597961
0.026042,0.973958,-3.478580
0.036458,0.973958,-3.422820
0.046875,0.973958,-3.430683
0.057292,0.973958,-3.438546
0.067708,0.973958,-3.461420
0.078125,0.973958,-3.499306
0.088542,0.973958,-3.537191
0.098958,0.973958,-3.575076
0.109375,0.973958,-3.612961
0.119792,0.973958,-3.650847
0.130208,0.973958,-3.678415
0.140625,0.973958,-3.695665
0.151042,0.973958,-3.712916
0.161458,0.973958,-3.730167
0.171875,0.973958,-3.747417
0.182292,0.973958,-3.764668
0.192708,0.973958,-3.781919
0.203125,0.973958,-3.799170
0.213542,0.973958,-3.816420
0.223958,0.973958,-3.833671
0.234375,0.973958,-3.850922
0.244792,0.973958,-3.868173
0.255208,0.973958,-3.883984
0.265625,0.973958,-3.898355
0.276042,0.973958,-3.912727
0.286458,0.973958,-3.927098
0.296875,0.973958,-3.941469
0.307292,0.973958,-3.955841
0.317708,0.973958,-3.970212
0.328125,0.973958,-3.984583
0.338542,0.973958,-3.998955
0.348958,0.973958,-4.013326
0.359375,0.973958,-4.027698
0.369792,0.973958,-4.042069
0.380208,0.973958,-4.056440
0.390625,0.973958,-4.070812
0.401042,0.973958,-4.085183
0.411458,0.973958,-4.099555
0.421875,0.973958,-4.113926
0.432292,0.973958,-4.128297
0.442708,0.973958,-4.142669
0.453125,0.973958,-4.157040
0.463542,0.973958,-4.171412
0.473958,0.973958,-4.185783
0.484375,0.973958,-4.200154
0.494792,0.973958,-4.214526
0.505208,0.973958,-4.229533
0.515625,0.973958,-4.245131
0.526042,0.973958,-4.260730
0.536458,0.973958,-4.276328
0.546875,0.973958,-4.291927
0.557292,0.973958,-4.307525
0.567708,0.973958,-4.323124
0.578125,0.973958,-4.338722
0.588542,0.973958,-4.354321
0.598958,0.973958,-4.369919
0.609375,0.973958,-4.385518
0.619792,0.973958,-4.401117
0.630208,0.973958,-4.416715
0.640625,0.973958,-4.432314
0.651042,0.973958,-4.447912
0.661458,0.973958,-4.463511
0.671875,0.973958,-4.479109
0.682292,0.973958,-4.494708
0.692708,0.973958,-4.510306
0.703125,0.973958,-4.525905
0.713542,0.973958,-4.541503
0.723958,0.973958,-4.557102
0.734375,0.973958,-4.572700
0.744792,0.973958,-4.588299
0.755208,0.973958,-4.603898
0.765625,0.973958,-4.619496
0.776042,0.973958,-4.635095
0.786458,0.973958,-4.650693
0.796875,0.973958,-4.666292
0.807292,0.973958,-4.681890
0.817708,0.973958,-4.697489
0.828125,0.973958,-4.713087
0.838542,0.973958,-4.728686
0.848958,0.973958,-4.744284
0.859375,0.973958,-4.759883
0.869792,0.973958,-4.775481
0.880208,0.973958,-4.791080
0.890625,0.973958,-4.806679
0.901042,0.973958,-4.822277
0.911458,0.973958,-4.837876
0.921875,0.973958,-4.853474
0.932292,0.973958,-4.869073
0.942708,0.973958,-4.884671
0.953125,0.973958,-4.900270
0.963542,0.973958,-4.915868
0.973958,0.973958,-4.931467
0.984375,0.973958,-4.947065
0.994792,0.973958,-4.962664
0.005208,0.984375,-3.439674
0.015625,0.984375,-3.531917
0.026042,0.984375,-3.467080
0.036458,0.984375,-3.440416
0.046875,0.984375,-3.451925
0.057292,0.984375,-3.463435
0.067708,0.984375,-3.483951
0.078125,0.984375,-3.513473
0.088542,0.984375,-3.542996
0.098958,0.984375,-3.572519
0.109375,0.984375,-3.602042
0.119792,0.984375,-3.631564
0.130208,0.984375,-3.654897
0.140625,0.984375,-3.672039
0.151042,0.984375,-3.689181
0.161458,0.984375,-3.706323
0.171875,0.984375,-3.723465
0.182292,0.984375,-3.740607
0.192708,0.984375,-3.757749
0.203125,0.984375,-3.774891
0.213542,0.984375,-3.792033
0.223958,0.984375,-3.809175
0.234375,0.984375,-3.826317
0.244792,0.984375,-3.843459
0.255208,0.984375,-3.859737
0.265625,0.984375,-3.875152
0.276042,0.984375,-3.890566
0.286458,0.984375,-3.905981
0.296875,0.984375,-3.921395
0.307292,0.984375,-3.936810
0.317708,0.984375,-3.952224
0.328125,0.984375,-3.967638
0.338542,0.984375,-3.983053
0.348958,0.984375,-3.998467
0.359375,0.984375,-4.013882
0.369792,0.984375,-4.029296
0.380208,0.984375,-4.044711
0.390625,0.984375,-4.060125
0.401042,0.984375,-4.075539
0.411458,0.984375,-4.090954
0.421875,0.984375,-4.106368
0.432292,0.984375,-4.121783
0.442708,0.984375,-4.137197
0.453125,0.984375,-4.152612
0.463542,0.984375,-4.168026
0.473958,0.984375,-4.183441
0.484375,0.984375,-4.198855
0.494792,0.984375,-4.214269
0.505208,0.984375,-4.230065
0.515625,0.984375,-4.246216
0.526042,0.984375,-4.262367
0.536458,0.984375,-4.278517
0.546875,0.984375,-4.294668
0.557292,0.984375,-4.310819
0.567708,0.984375,-4.326969
0.578125,0.984375,-4.343120
0.588542,0.984375,-4.359271
0.598958,0.984375,-4.375422
0.609375,0.984375,-4.391572
0.619792,0.984375,-4.407723
0.630208,0.984375,-4.423874
0.640625,0.984375,-4.440024
0.651042,0.984375,-4.456175
0.661458,0.984375,-4.472326
0.671875,0.984375,-4.488477
0.682292,0.984375,-4.504627
0.692708,0.984375,-4.520778
0.703125,0.984375,-4.536929
0.713542,0.984375,-4.553079
0.723958,0.984375,-4.569230
0.734375,0.984375,-4.585381
0.744792,0.984375,-4.601532
0.755208,0.984375,-4.617682
0.765625,0.984375,-4.633833
0.776042,0.984375,-4.649984
0.786458,0.984375,-4.666134
0.796875,0.984375,-4.682285
0.807292,0.984375,-4.698436
0.817708,0.984375,-4.714587
0.828125,0.984375,-4.730737
0.838542,0.984375,-4.746888
0.848958,0.984375,-4.763039
0.859375,0.984375,-4.779190
0.869792,0.984375,-4.795340
0.880208,0.984375,-4.811491
0.890625,0.984375,-4.827642
0.901042,0.984375,-4.843792
0.911458,0.984375,-4.859943
0.921875,0.984375,-4.876094
0.932292,0.984375,-4.892245
0.942708,0.984375,-4.908395
0.953125,0.984375,-4.924546
0.963542,0.984375,-4.940697
0.973958,0.984375,-4.956847
0.984375,0.984375,-4.972998
0.994792,0.984375,-4.989149
0.005208,0.994792,-3.423806
0.015625,0.994792,-3.465873
0.026042,0.994792,-3.455580
0.036458,0.994792,-3.458012
0.046875,0.994792,-3.473167
0.057292,0.994792,-3.488323
0.067708,0.994792,-3.506481
0.078125,0.994792,-3.527641
0.088542,0.994792,-3.548802
0.098958,0.994792,-3.569962
0.109375,0.994792,-3.591122
0.119792,0.994792,-3.612282
0.130208,0.994792,-3.631379
0.140625,0.994792,-3.648412
0.151042,0.994792,-3.665446
0.161458,0.994792,-3.682479
0.171875,0.994792,-3.699512
0.182292,0.994792,-3.716546
0.192708,0.994792,-3.733579
0.203125,0.994792,-3.750612
0.213542,0.994792,-3.767646
0.223958,0.994792,-3.784679
0.234375,0.994792,-3.801712
0.244792,0.994792,-3.818746
0.255208,0.994792,-3.835491
0.265625,0.994792,-3.851949
0.276042,0.994792,-3.868406
0.286458,0.994792,-3.884864
0.296875,0.994792,-3.901321
0.307292,0.994792,-3.917779
0.317708,0.994792,-3.934236
0.328125,0.994792,-3.950693
0.338542,0.994792,-3.967151
0.348958,0.994792,-3.983608
0.359375,0.994792,-4.000066
0.369792,0.994792,-4.016523
0.380208,0.994792,-4.032981
0.390625,0.994792,-4.049438
0.401042,0.994792,-4.065896
0.411458,0.994792,-4.082353
0.421875,0.994792,-4.098811
0.432292,0.994792,-4.115268
0.442708,0.994792,-4.131726
0.453125,0.994792,-4.148183
0.463542,0.994792,-4.164641
0.473958,0.994792,-4.181098
0.484375,0.994792,-4.197556
0.494792,0.994792,-4.214013
0.505208,0.994792,-4.230598
0.515625,0.994792,-4.247300
0.526042,0.994792,-4.264003
0.536458,0.994792,-4.280706
0.546875,0.994792,-4.297409
0.557292,0.994792,-4.314112
0.567708,0.994792,-4.330815
0.578125,0.994792,-4.347518
0.588542,0.994792,-4.364221
0.598958,0.994792,-4.380924
0.609375,0.994792,-4.397627
0.619792,0.994792,-4.414329
0.630208,0.994792,-4.431032
0.640625,0.994792,-4.447735
0.651042,0.994792,-4.464438
0.661458,0.994792,-4.481141
0.671875,0.994792,-4.497844
0.682292,0.994792,-4.514547
0.692708,0.994792,-4.531250
0.703125,0.994792,-4.547953
0.713542,0.994792,-4.564656
0.723958,0.994792,-4.581358
0.734375,0.994792,-4.598061
0.744792,0.994792,-4.614764
0.755208,0.994792,-4.631467
0.765625,0.994792,-4.648170
0.776042,0.994792,-4.664873
0.786458,0.994792,-4.681576
0.796875,0.994792,-4.698279
0.807292,0.994792,-4.714982
0.817708,0.994792,-4.731685
0.828125,0.994792,-4.748387
0.838542,0.994792,-4.765090
0.848958,0.994792,-4.781793
0.859375,0.994792,-4.798496
0.869792,0.994792,-4.815199
0.880208,0.994792,-4.831902
0.890625,0.994792,-4.848605
0.901042,0.994792,-4.865308
0.911458,0.994792,-4.882011
0.921875,0.994792,-4.898714
0.932292,0.994792,-4.915416
0.942708,0.994792,-4.932119
0.953125,0.994792,-4.948822
0.963542,0.994792,-4.965525
0.973958,0.994792,-4.982228
0.984375,0.994792,-4.998931
0.994792,0.994792,-5.015634
